ISO-10303-21;
HEADER;
FILE_DESCRIPTION(('Open CASCADE Model'),'2;1');
FILE_NAME('Open CASCADE Shape Model','2026-10-06T16:18:26',('Author'),(
    'Open CASCADE'),'Open CASCADE STEP processor 7.9','Open CASCADE 7.9'
  ,'Unknown');
FILE_SCHEMA(('AUTOMOTIVE_DESIGN { 1 0 10303 214 1 1 1 1 }'));
ENDSEC;
DATA;
#1 = APPLICATION_PROTOCOL_DEFINITION('international standard',
  'automotive_design',2000,#2);
#2 = APPLICATION_CONTEXT(
  'core data for automotive mechanical design processes');
#3 = SHAPE_DEFINITION_REPRESENTATION(#4,#10);
#4 = PRODUCT_DEFINITION_SHAPE('','',#5);
#5 = PRODUCT_DEFINITION('design','',#6,#9);
#6 = PRODUCT_DEFINITION_FORMATION('','',#7);
#7 = PRODUCT('Electronics Enclosure','Electronics Enclosure','',(#8));
#8 = PRODUCT_CONTEXT('',#2,'mechanical');
#9 = PRODUCT_DEFINITION_CONTEXT('part definition',#2,'design');
#10 = ADVANCED_BREP_SHAPE_REPRESENTATION('',(#11,#15),#2675);
#11 = AXIS2_PLACEMENT_3D('',#12,#13,#14);
#12 = CARTESIAN_POINT('',(0.,0.,0.));
#13 = DIRECTION('',(0.,0.,1.));
#14 = DIRECTION('',(1.,0.,-0.));
#15 = MANIFOLD_SOLID_BREP('',#16);
#16 = CLOSED_SHELL('',(#17,#168,#244,#782,#841,#894,#953,#1006,#1081,
    #1136,#1181,#1262,#1347,#1743,#2088,#2133,#2208,#2263,#2299,#2326,
    #2342,#2369,#2396,#2472,#2569,#2603,#2634,#2666));
#17 = ADVANCED_FACE('',(#18),#32,.F.);
#18 = FACE_BOUND('',#19,.F.);
#19 = EDGE_LOOP('',(#20,#55,#83,#111,#138));
#20 = ORIENTED_EDGE('',*,*,#21,.F.);
#21 = EDGE_CURVE('',#22,#24,#26,.T.);
#22 = VERTEX_POINT('',#23);
#23 = CARTESIAN_POINT('',(20.,-45.,120.));
#24 = VERTEX_POINT('',#25);
#25 = CARTESIAN_POINT('',(20.,-43.56096115697,120.));
#26 = SURFACE_CURVE('',#27,(#31,#43),.PCURVE_S1.);
#27 = LINE('',#28,#29);
#28 = CARTESIAN_POINT('',(20.,-45.,120.));
#29 = VECTOR('',#30,1.);
#30 = DIRECTION('',(0.,1.,0.));
#31 = PCURVE('',#32,#37);
#32 = PLANE('',#33);
#33 = AXIS2_PLACEMENT_3D('',#34,#35,#36);
#34 = CARTESIAN_POINT('',(20.,-45.,50.));
#35 = DIRECTION('',(1.,0.,0.));
#36 = DIRECTION('',(0.,0.,1.));
#37 = DEFINITIONAL_REPRESENTATION('',(#38),#42);
#38 = LINE('',#39,#40);
#39 = CARTESIAN_POINT('',(70.,0.));
#40 = VECTOR('',#41,1.);
#41 = DIRECTION('',(0.,-1.));
#42 = ( GEOMETRIC_REPRESENTATION_CONTEXT(2) 
PARAMETRIC_REPRESENTATION_CONTEXT() REPRESENTATION_CONTEXT('2D SPACE',''
  ) );
#43 = PCURVE('',#44,#49);
#44 = PLANE('',#45);
#45 = AXIS2_PLACEMENT_3D('',#46,#47,#48);
#46 = CARTESIAN_POINT('',(20.,-45.,120.));
#47 = DIRECTION('',(0.,0.,1.));
#48 = DIRECTION('',(1.,0.,-0.));
#49 = DEFINITIONAL_REPRESENTATION('',(#50),#54);
#50 = LINE('',#51,#52);
#51 = CARTESIAN_POINT('',(0.,0.));
#52 = VECTOR('',#53,1.);
#53 = DIRECTION('',(0.,1.));
#54 = ( GEOMETRIC_REPRESENTATION_CONTEXT(2) 
PARAMETRIC_REPRESENTATION_CONTEXT() REPRESENTATION_CONTEXT('2D SPACE',''
  ) );
#55 = ORIENTED_EDGE('',*,*,#56,.F.);
#56 = EDGE_CURVE('',#57,#22,#59,.T.);
#57 = VERTEX_POINT('',#58);
#58 = CARTESIAN_POINT('',(20.,-45.,50.));
#59 = SURFACE_CURVE('',#60,(#64,#71),.PCURVE_S1.);
#60 = LINE('',#61,#62);
#61 = CARTESIAN_POINT('',(20.,-45.,50.));
#62 = VECTOR('',#63,1.);
#63 = DIRECTION('',(0.,0.,1.));
#64 = PCURVE('',#32,#65);
#65 = DEFINITIONAL_REPRESENTATION('',(#66),#70);
#66 = LINE('',#67,#68);
#67 = CARTESIAN_POINT('',(0.,0.));
#68 = VECTOR('',#69,1.);
#69 = DIRECTION('',(1.,0.));
#70 = ( GEOMETRIC_REPRESENTATION_CONTEXT(2) 
PARAMETRIC_REPRESENTATION_CONTEXT() REPRESENTATION_CONTEXT('2D SPACE',''
  ) );
#71 = PCURVE('',#72,#77);
#72 = PLANE('',#73);
#73 = AXIS2_PLACEMENT_3D('',#74,#75,#76);
#74 = CARTESIAN_POINT('',(20.,-45.,50.));
#75 = DIRECTION('',(0.,1.,0.));
#76 = DIRECTION('',(0.,-0.,1.));
#77 = DEFINITIONAL_REPRESENTATION('',(#78),#82);
#78 = LINE('',#79,#80);
#79 = CARTESIAN_POINT('',(0.,0.));
#80 = VECTOR('',#81,1.);
#81 = DIRECTION('',(1.,0.));
#82 = ( GEOMETRIC_REPRESENTATION_CONTEXT(2) 
PARAMETRIC_REPRESENTATION_CONTEXT() REPRESENTATION_CONTEXT('2D SPACE',''
  ) );
#83 = ORIENTED_EDGE('',*,*,#84,.T.);
#84 = EDGE_CURVE('',#57,#85,#87,.T.);
#85 = VERTEX_POINT('',#86);
#86 = CARTESIAN_POINT('',(20.,-41.87458608817,50.));
#87 = SURFACE_CURVE('',#88,(#92,#99),.PCURVE_S1.);
#88 = LINE('',#89,#90);
#89 = CARTESIAN_POINT('',(20.,-45.,50.));
#90 = VECTOR('',#91,1.);
#91 = DIRECTION('',(0.,1.,0.));
#92 = PCURVE('',#32,#93);
#93 = DEFINITIONAL_REPRESENTATION('',(#94),#98);
#94 = LINE('',#95,#96);
#95 = CARTESIAN_POINT('',(0.,0.));
#96 = VECTOR('',#97,1.);
#97 = DIRECTION('',(0.,-1.));
#98 = ( GEOMETRIC_REPRESENTATION_CONTEXT(2) 
PARAMETRIC_REPRESENTATION_CONTEXT() REPRESENTATION_CONTEXT('2D SPACE',''
  ) );
#99 = PCURVE('',#100,#105);
#100 = PLANE('',#101);
#101 = AXIS2_PLACEMENT_3D('',#102,#103,#104);
#102 = CARTESIAN_POINT('',(20.,-45.,50.));
#103 = DIRECTION('',(0.,0.,1.));
#104 = DIRECTION('',(1.,0.,-0.));
#105 = DEFINITIONAL_REPRESENTATION('',(#106),#110);
#106 = LINE('',#107,#108);
#107 = CARTESIAN_POINT('',(0.,0.));
#108 = VECTOR('',#109,1.);
#109 = DIRECTION('',(0.,1.));
#110 = ( GEOMETRIC_REPRESENTATION_CONTEXT(2) 
PARAMETRIC_REPRESENTATION_CONTEXT() REPRESENTATION_CONTEXT('2D SPACE',''
  ) );
#111 = ORIENTED_EDGE('',*,*,#112,.T.);
#112 = EDGE_CURVE('',#85,#113,#115,.T.);
#113 = VERTEX_POINT('',#114);
#114 = CARTESIAN_POINT('',(20.,-41.87458608817,112.));
#115 = SURFACE_CURVE('',#116,(#120,#127),.PCURVE_S1.);
#116 = LINE('',#117,#118);
#117 = CARTESIAN_POINT('',(20.,-41.87458608817,47.3));
#118 = VECTOR('',#119,1.);
#119 = DIRECTION('',(0.,0.,1.));
#120 = PCURVE('',#32,#121);
#121 = DEFINITIONAL_REPRESENTATION('',(#122),#126);
#122 = LINE('',#123,#124);
#123 = CARTESIAN_POINT('',(-2.7,-3.12541391183));
#124 = VECTOR('',#125,1.);
#125 = DIRECTION('',(1.,0.));
#126 = ( GEOMETRIC_REPRESENTATION_CONTEXT(2) 
PARAMETRIC_REPRESENTATION_CONTEXT() REPRESENTATION_CONTEXT('2D SPACE',''
  ) );
#127 = PCURVE('',#128,#133);
#128 = CYLINDRICAL_SURFACE('',#129,27.5);
#129 = AXIS2_PLACEMENT_3D('',#130,#131,#132);
#130 = CARTESIAN_POINT('',(0.,-23.,47.3));
#131 = DIRECTION('',(0.,0.,1.));
#132 = DIRECTION('',(1.,0.,-0.));
#133 = DEFINITIONAL_REPRESENTATION('',(#134),#137);
#134 = B_SPLINE_CURVE_WITH_KNOTS('',1,(#135,#136),.UNSPECIFIED.,.F.,.F.,
  (2,2),(2.7,64.7),.PIECEWISE_BEZIER_KNOTS.);
#135 = CARTESIAN_POINT('',(5.526728922511,2.7));
#136 = CARTESIAN_POINT('',(5.526728922511,64.7));
#137 = ( GEOMETRIC_REPRESENTATION_CONTEXT(2) 
PARAMETRIC_REPRESENTATION_CONTEXT() REPRESENTATION_CONTEXT('2D SPACE',''
  ) );
#138 = ORIENTED_EDGE('',*,*,#139,.T.);
#139 = EDGE_CURVE('',#113,#24,#140,.T.);
#140 = SURFACE_CURVE('',#141,(#146,#153),.PCURVE_S1.);
#141 = HYPERBOLA('',#142,135.1724137931,20.);
#142 = AXIS2_PLACEMENT_3D('',#143,#144,#145);
#143 = CARTESIAN_POINT('',(20.,-23.,-73.86206896551));
#144 = DIRECTION('',(1.,0.,0.));
#145 = DIRECTION('',(-0.,0.,1.));
#146 = PCURVE('',#32,#147);
#147 = DEFINITIONAL_REPRESENTATION('',(#148),#152);
#148 = HYPERBOLA('',#149,135.1724137931,20.);
#149 = AXIS2_PLACEMENT_2D('',#150,#151);
#150 = CARTESIAN_POINT('',(-123.8620689655,-22.));
#151 = DIRECTION('',(1.,0.));
#152 = ( GEOMETRIC_REPRESENTATION_CONTEXT(2) 
PARAMETRIC_REPRESENTATION_CONTEXT() REPRESENTATION_CONTEXT('2D SPACE',''
  ) );
#153 = PCURVE('',#154,#159);
#154 = CONICAL_SURFACE('',#155,27.5,0.146893444148);
#155 = AXIS2_PLACEMENT_3D('',#156,#157,#158);
#156 = CARTESIAN_POINT('',(0.,-23.,112.));
#157 = DIRECTION('',(0.,0.,1.));
#158 = DIRECTION('',(1.,0.,-0.));
#159 = DEFINITIONAL_REPRESENTATION('',(#160),#167);
#160 = B_SPLINE_CURVE_WITH_KNOTS('',5,(#161,#162,#163,#164,#165,#166),
  .UNSPECIFIED.,.F.,.F.,(6,6),(0.841019322011,0.901068146533),
  .PIECEWISE_BEZIER_KNOTS.);
#161 = CARTESIAN_POINT('',(5.526728922511,0.));
#162 = CARTESIAN_POINT('',(5.517994548035,1.532039687949));
#163 = CARTESIAN_POINT('',(5.509350169111,3.097589015276));
#164 = CARTESIAN_POINT('',(5.500795937597,4.697108352872));
#165 = CARTESIAN_POINT('',(5.492331887722,6.331078183864));
#166 = CARTESIAN_POINT('',(5.483957949901,8.000000000771));
#167 = ( GEOMETRIC_REPRESENTATION_CONTEXT(2) 
PARAMETRIC_REPRESENTATION_CONTEXT() REPRESENTATION_CONTEXT('2D SPACE',''
  ) );
#168 = ADVANCED_FACE('',(#169),#72,.F.);
#169 = FACE_BOUND('',#170,.F.);
#170 = EDGE_LOOP('',(#171,#194,#195,#218));
#171 = ORIENTED_EDGE('',*,*,#172,.F.);
#172 = EDGE_CURVE('',#57,#173,#175,.T.);
#173 = VERTEX_POINT('',#174);
#174 = CARTESIAN_POINT('',(52.,-45.,50.));
#175 = SURFACE_CURVE('',#176,(#180,#187),.PCURVE_S1.);
#176 = LINE('',#177,#178);
#177 = CARTESIAN_POINT('',(20.,-45.,50.));
#178 = VECTOR('',#179,1.);
#179 = DIRECTION('',(1.,0.,0.));
#180 = PCURVE('',#72,#181);
#181 = DEFINITIONAL_REPRESENTATION('',(#182),#186);
#182 = LINE('',#183,#184);
#183 = CARTESIAN_POINT('',(0.,0.));
#184 = VECTOR('',#185,1.);
#185 = DIRECTION('',(0.,1.));
#186 = ( GEOMETRIC_REPRESENTATION_CONTEXT(2) 
PARAMETRIC_REPRESENTATION_CONTEXT() REPRESENTATION_CONTEXT('2D SPACE',''
  ) );
#187 = PCURVE('',#100,#188);
#188 = DEFINITIONAL_REPRESENTATION('',(#189),#193);
#189 = LINE('',#190,#191);
#190 = CARTESIAN_POINT('',(0.,0.));
#191 = VECTOR('',#192,1.);
#192 = DIRECTION('',(1.,0.));
#193 = ( GEOMETRIC_REPRESENTATION_CONTEXT(2) 
PARAMETRIC_REPRESENTATION_CONTEXT() REPRESENTATION_CONTEXT('2D SPACE',''
  ) );
#194 = ORIENTED_EDGE('',*,*,#56,.T.);
#195 = ORIENTED_EDGE('',*,*,#196,.T.);
#196 = EDGE_CURVE('',#22,#197,#199,.T.);
#197 = VERTEX_POINT('',#198);
#198 = CARTESIAN_POINT('',(52.,-45.,120.));
#199 = SURFACE_CURVE('',#200,(#204,#211),.PCURVE_S1.);
#200 = LINE('',#201,#202);
#201 = CARTESIAN_POINT('',(20.,-45.,120.));
#202 = VECTOR('',#203,1.);
#203 = DIRECTION('',(1.,0.,0.));
#204 = PCURVE('',#72,#205);
#205 = DEFINITIONAL_REPRESENTATION('',(#206),#210);
#206 = LINE('',#207,#208);
#207 = CARTESIAN_POINT('',(70.,0.));
#208 = VECTOR('',#209,1.);
#209 = DIRECTION('',(0.,1.));
#210 = ( GEOMETRIC_REPRESENTATION_CONTEXT(2) 
PARAMETRIC_REPRESENTATION_CONTEXT() REPRESENTATION_CONTEXT('2D SPACE',''
  ) );
#211 = PCURVE('',#44,#212);
#212 = DEFINITIONAL_REPRESENTATION('',(#213),#217);
#213 = LINE('',#214,#215);
#214 = CARTESIAN_POINT('',(0.,0.));
#215 = VECTOR('',#216,1.);
#216 = DIRECTION('',(1.,0.));
#217 = ( GEOMETRIC_REPRESENTATION_CONTEXT(2) 
PARAMETRIC_REPRESENTATION_CONTEXT() REPRESENTATION_CONTEXT('2D SPACE',''
  ) );
#218 = ORIENTED_EDGE('',*,*,#219,.F.);
#219 = EDGE_CURVE('',#173,#197,#220,.T.);
#220 = SURFACE_CURVE('',#221,(#225,#232),.PCURVE_S1.);
#221 = LINE('',#222,#223);
#222 = CARTESIAN_POINT('',(52.,-45.,50.));
#223 = VECTOR('',#224,1.);
#224 = DIRECTION('',(0.,0.,1.));
#225 = PCURVE('',#72,#226);
#226 = DEFINITIONAL_REPRESENTATION('',(#227),#231);
#227 = LINE('',#228,#229);
#228 = CARTESIAN_POINT('',(0.,32.));
#229 = VECTOR('',#230,1.);
#230 = DIRECTION('',(1.,0.));
#231 = ( GEOMETRIC_REPRESENTATION_CONTEXT(2) 
PARAMETRIC_REPRESENTATION_CONTEXT() REPRESENTATION_CONTEXT('2D SPACE',''
  ) );
#232 = PCURVE('',#233,#238);
#233 = PLANE('',#234);
#234 = AXIS2_PLACEMENT_3D('',#235,#236,#237);
#235 = CARTESIAN_POINT('',(52.,-45.,50.));
#236 = DIRECTION('',(1.,0.,0.));
#237 = DIRECTION('',(0.,0.,1.));
#238 = DEFINITIONAL_REPRESENTATION('',(#239),#243);
#239 = LINE('',#240,#241);
#240 = CARTESIAN_POINT('',(0.,0.));
#241 = VECTOR('',#242,1.);
#242 = DIRECTION('',(1.,0.));
#243 = ( GEOMETRIC_REPRESENTATION_CONTEXT(2) 
PARAMETRIC_REPRESENTATION_CONTEXT() REPRESENTATION_CONTEXT('2D SPACE',''
  ) );
#244 = ADVANCED_FACE('',(#245,#320,#355,#390,#712,#747),#233,.T.);
#245 = FACE_BOUND('',#246,.T.);
#246 = EDGE_LOOP('',(#247,#248,#271,#299));
#247 = ORIENTED_EDGE('',*,*,#219,.F.);
#248 = ORIENTED_EDGE('',*,*,#249,.T.);
#249 = EDGE_CURVE('',#173,#250,#252,.T.);
#250 = VERTEX_POINT('',#251);
#251 = CARTESIAN_POINT('',(52.,-1.,50.));
#252 = SURFACE_CURVE('',#253,(#257,#264),.PCURVE_S1.);
#253 = LINE('',#254,#255);
#254 = CARTESIAN_POINT('',(52.,-45.,50.));
#255 = VECTOR('',#256,1.);
#256 = DIRECTION('',(0.,1.,0.));
#257 = PCURVE('',#233,#258);
#258 = DEFINITIONAL_REPRESENTATION('',(#259),#263);
#259 = LINE('',#260,#261);
#260 = CARTESIAN_POINT('',(0.,0.));
#261 = VECTOR('',#262,1.);
#262 = DIRECTION('',(0.,-1.));
#263 = ( GEOMETRIC_REPRESENTATION_CONTEXT(2) 
PARAMETRIC_REPRESENTATION_CONTEXT() REPRESENTATION_CONTEXT('2D SPACE',''
  ) );
#264 = PCURVE('',#100,#265);
#265 = DEFINITIONAL_REPRESENTATION('',(#266),#270);
#266 = LINE('',#267,#268);
#267 = CARTESIAN_POINT('',(32.,0.));
#268 = VECTOR('',#269,1.);
#269 = DIRECTION('',(0.,1.));
#270 = ( GEOMETRIC_REPRESENTATION_CONTEXT(2) 
PARAMETRIC_REPRESENTATION_CONTEXT() REPRESENTATION_CONTEXT('2D SPACE',''
  ) );
#271 = ORIENTED_EDGE('',*,*,#272,.T.);
#272 = EDGE_CURVE('',#250,#273,#275,.T.);
#273 = VERTEX_POINT('',#274);
#274 = CARTESIAN_POINT('',(52.,-1.,120.));
#275 = SURFACE_CURVE('',#276,(#280,#287),.PCURVE_S1.);
#276 = LINE('',#277,#278);
#277 = CARTESIAN_POINT('',(52.,-1.,50.));
#278 = VECTOR('',#279,1.);
#279 = DIRECTION('',(0.,0.,1.));
#280 = PCURVE('',#233,#281);
#281 = DEFINITIONAL_REPRESENTATION('',(#282),#286);
#282 = LINE('',#283,#284);
#283 = CARTESIAN_POINT('',(0.,-44.));
#284 = VECTOR('',#285,1.);
#285 = DIRECTION('',(1.,0.));
#286 = ( GEOMETRIC_REPRESENTATION_CONTEXT(2) 
PARAMETRIC_REPRESENTATION_CONTEXT() REPRESENTATION_CONTEXT('2D SPACE',''
  ) );
#287 = PCURVE('',#288,#293);
#288 = PLANE('',#289);
#289 = AXIS2_PLACEMENT_3D('',#290,#291,#292);
#290 = CARTESIAN_POINT('',(20.,-1.,50.));
#291 = DIRECTION('',(0.,1.,0.));
#292 = DIRECTION('',(0.,-0.,1.));
#293 = DEFINITIONAL_REPRESENTATION('',(#294),#298);
#294 = LINE('',#295,#296);
#295 = CARTESIAN_POINT('',(0.,32.));
#296 = VECTOR('',#297,1.);
#297 = DIRECTION('',(1.,0.));
#298 = ( GEOMETRIC_REPRESENTATION_CONTEXT(2) 
PARAMETRIC_REPRESENTATION_CONTEXT() REPRESENTATION_CONTEXT('2D SPACE',''
  ) );
#299 = ORIENTED_EDGE('',*,*,#300,.F.);
#300 = EDGE_CURVE('',#197,#273,#301,.T.);
#301 = SURFACE_CURVE('',#302,(#306,#313),.PCURVE_S1.);
#302 = LINE('',#303,#304);
#303 = CARTESIAN_POINT('',(52.,-45.,120.));
#304 = VECTOR('',#305,1.);
#305 = DIRECTION('',(0.,1.,0.));
#306 = PCURVE('',#233,#307);
#307 = DEFINITIONAL_REPRESENTATION('',(#308),#312);
#308 = LINE('',#309,#310);
#309 = CARTESIAN_POINT('',(70.,0.));
#310 = VECTOR('',#311,1.);
#311 = DIRECTION('',(0.,-1.));
#312 = ( GEOMETRIC_REPRESENTATION_CONTEXT(2) 
PARAMETRIC_REPRESENTATION_CONTEXT() REPRESENTATION_CONTEXT('2D SPACE',''
  ) );
#313 = PCURVE('',#44,#314);
#314 = DEFINITIONAL_REPRESENTATION('',(#315),#319);
#315 = LINE('',#316,#317);
#316 = CARTESIAN_POINT('',(32.,0.));
#317 = VECTOR('',#318,1.);
#318 = DIRECTION('',(0.,1.));
#319 = ( GEOMETRIC_REPRESENTATION_CONTEXT(2) 
PARAMETRIC_REPRESENTATION_CONTEXT() REPRESENTATION_CONTEXT('2D SPACE',''
  ) );
#320 = FACE_BOUND('',#321,.T.);
#321 = EDGE_LOOP('',(#322));
#322 = ORIENTED_EDGE('',*,*,#323,.T.);
#323 = EDGE_CURVE('',#324,#324,#326,.T.);
#324 = VERTEX_POINT('',#325);
#325 = CARTESIAN_POINT('',(52.,-4.9,56.));
#326 = SURFACE_CURVE('',#327,(#332,#343),.PCURVE_S1.);
#327 = CIRCLE('',#328,1.1);
#328 = AXIS2_PLACEMENT_3D('',#329,#330,#331);
#329 = CARTESIAN_POINT('',(52.,-6.,56.));
#330 = DIRECTION('',(-1.,0.,0.));
#331 = DIRECTION('',(0.,1.,0.));
#332 = PCURVE('',#233,#333);
#333 = DEFINITIONAL_REPRESENTATION('',(#334),#342);
#334 = ( BOUNDED_CURVE() B_SPLINE_CURVE(2,(#335,#336,#337,#338,#339,#340
,#341),.UNSPECIFIED.,.T.,.F.) B_SPLINE_CURVE_WITH_KNOTS((1,2,2,2,2,1),(
    -2.094395102393,0.,2.094395102393,4.188790204786,6.28318530718,
8.377580409573),.UNSPECIFIED.) CURVE() GEOMETRIC_REPRESENTATION_ITEM() 
RATIONAL_B_SPLINE_CURVE((1.,0.5,1.,0.5,1.,0.5,1.)) REPRESENTATION_ITEM(
  '') );
#335 = CARTESIAN_POINT('',(6.,-40.1));
#336 = CARTESIAN_POINT('',(4.094744111674,-40.1));
#337 = CARTESIAN_POINT('',(5.047372055837,-38.45));
#338 = CARTESIAN_POINT('',(6.,-36.8));
#339 = CARTESIAN_POINT('',(6.952627944163,-38.45));
#340 = CARTESIAN_POINT('',(7.905255888326,-40.1));
#341 = CARTESIAN_POINT('',(6.,-40.1));
#342 = ( GEOMETRIC_REPRESENTATION_CONTEXT(2) 
PARAMETRIC_REPRESENTATION_CONTEXT() REPRESENTATION_CONTEXT('2D SPACE',''
  ) );
#343 = PCURVE('',#344,#349);
#344 = CYLINDRICAL_SURFACE('',#345,1.1);
#345 = AXIS2_PLACEMENT_3D('',#346,#347,#348);
#346 = CARTESIAN_POINT('',(40.,-6.,56.));
#347 = DIRECTION('',(-1.,-0.,-0.));
#348 = DIRECTION('',(0.,1.,0.));
#349 = DEFINITIONAL_REPRESENTATION('',(#350),#354);
#350 = LINE('',#351,#352);
#351 = CARTESIAN_POINT('',(-4.138911435803E-13,-12.));
#352 = VECTOR('',#353,1.);
#353 = DIRECTION('',(1.,-0.));
#354 = ( GEOMETRIC_REPRESENTATION_CONTEXT(2) 
PARAMETRIC_REPRESENTATION_CONTEXT() REPRESENTATION_CONTEXT('2D SPACE',''
  ) );
#355 = FACE_BOUND('',#356,.T.);
#356 = EDGE_LOOP('',(#357));
#357 = ORIENTED_EDGE('',*,*,#358,.T.);
#358 = EDGE_CURVE('',#359,#359,#361,.T.);
#359 = VERTEX_POINT('',#360);
#360 = CARTESIAN_POINT('',(52.,-38.9,56.));
#361 = SURFACE_CURVE('',#362,(#367,#378),.PCURVE_S1.);
#362 = CIRCLE('',#363,1.1);
#363 = AXIS2_PLACEMENT_3D('',#364,#365,#366);
#364 = CARTESIAN_POINT('',(52.,-40.,56.));
#365 = DIRECTION('',(-1.,0.,0.));
#366 = DIRECTION('',(0.,1.,0.));
#367 = PCURVE('',#233,#368);
#368 = DEFINITIONAL_REPRESENTATION('',(#369),#377);
#369 = ( BOUNDED_CURVE() B_SPLINE_CURVE(2,(#370,#371,#372,#373,#374,#375
,#376),.UNSPECIFIED.,.T.,.F.) B_SPLINE_CURVE_WITH_KNOTS((1,2,2,2,2,1),(
    -2.094395102393,0.,2.094395102393,4.188790204786,6.28318530718,
8.377580409573),.UNSPECIFIED.) CURVE() GEOMETRIC_REPRESENTATION_ITEM() 
RATIONAL_B_SPLINE_CURVE((1.,0.5,1.,0.5,1.,0.5,1.)) REPRESENTATION_ITEM(
  '') );
#370 = CARTESIAN_POINT('',(6.,-6.1));
#371 = CARTESIAN_POINT('',(4.094744111674,-6.1));
#372 = CARTESIAN_POINT('',(5.047372055837,-4.45));
#373 = CARTESIAN_POINT('',(6.,-2.8));
#374 = CARTESIAN_POINT('',(6.952627944163,-4.45));
#375 = CARTESIAN_POINT('',(7.905255888326,-6.1));
#376 = CARTESIAN_POINT('',(6.,-6.1));
#377 = ( GEOMETRIC_REPRESENTATION_CONTEXT(2) 
PARAMETRIC_REPRESENTATION_CONTEXT() REPRESENTATION_CONTEXT('2D SPACE',''
  ) );
#378 = PCURVE('',#379,#384);
#379 = CYLINDRICAL_SURFACE('',#380,1.1);
#380 = AXIS2_PLACEMENT_3D('',#381,#382,#383);
#381 = CARTESIAN_POINT('',(40.,-40.,56.));
#382 = DIRECTION('',(-1.,-0.,-0.));
#383 = DIRECTION('',(0.,1.,0.));
#384 = DEFINITIONAL_REPRESENTATION('',(#385),#389);
#385 = LINE('',#386,#387);
#386 = CARTESIAN_POINT('',(-4.138911435803E-13,-12.));
#387 = VECTOR('',#388,1.);
#388 = DIRECTION('',(1.,-0.));
#389 = ( GEOMETRIC_REPRESENTATION_CONTEXT(2) 
PARAMETRIC_REPRESENTATION_CONTEXT() REPRESENTATION_CONTEXT('2D SPACE',''
  ) );
#390 = FACE_BOUND('',#391,.T.);
#391 = EDGE_LOOP('',(#392,#422,#450,#478,#507,#530,#559,#582,#610,#633,
    #662,#685));
#392 = ORIENTED_EDGE('',*,*,#393,.F.);
#393 = EDGE_CURVE('',#394,#396,#398,.T.);
#394 = VERTEX_POINT('',#395);
#395 = CARTESIAN_POINT('',(52.,-3.,52.));
#396 = VERTEX_POINT('',#397);
#397 = CARTESIAN_POINT('',(52.,-3.,54.197224362268));
#398 = SURFACE_CURVE('',#399,(#403,#410),.PCURVE_S1.);
#399 = LINE('',#400,#401);
#400 = CARTESIAN_POINT('',(52.,-3.,51.));
#401 = VECTOR('',#402,1.);
#402 = DIRECTION('',(0.,0.,1.));
#403 = PCURVE('',#233,#404);
#404 = DEFINITIONAL_REPRESENTATION('',(#405),#409);
#405 = LINE('',#406,#407);
#406 = CARTESIAN_POINT('',(1.,-42.));
#407 = VECTOR('',#408,1.);
#408 = DIRECTION('',(1.,0.));
#409 = ( GEOMETRIC_REPRESENTATION_CONTEXT(2) 
PARAMETRIC_REPRESENTATION_CONTEXT() REPRESENTATION_CONTEXT('2D SPACE',''
  ) );
#410 = PCURVE('',#411,#416);
#411 = PLANE('',#412);
#412 = AXIS2_PLACEMENT_3D('',#413,#414,#415);
#413 = CARTESIAN_POINT('',(20.,-3.,52.));
#414 = DIRECTION('',(0.,1.,0.));
#415 = DIRECTION('',(0.,-0.,1.));
#416 = DEFINITIONAL_REPRESENTATION('',(#417),#421);
#417 = LINE('',#418,#419);
#418 = CARTESIAN_POINT('',(-1.,32.));
#419 = VECTOR('',#420,1.);
#420 = DIRECTION('',(1.,0.));
#421 = ( GEOMETRIC_REPRESENTATION_CONTEXT(2) 
PARAMETRIC_REPRESENTATION_CONTEXT() REPRESENTATION_CONTEXT('2D SPACE',''
  ) );
#422 = ORIENTED_EDGE('',*,*,#423,.T.);
#423 = EDGE_CURVE('',#394,#424,#426,.T.);
#424 = VERTEX_POINT('',#425);
#425 = CARTESIAN_POINT('',(52.,-43.,52.));
#426 = SURFACE_CURVE('',#427,(#431,#438),.PCURVE_S1.);
#427 = LINE('',#428,#429);
#428 = CARTESIAN_POINT('',(52.,-44.,52.));
#429 = VECTOR('',#430,1.);
#430 = DIRECTION('',(0.,-1.,0.));
#431 = PCURVE('',#233,#432);
#432 = DEFINITIONAL_REPRESENTATION('',(#433),#437);
#433 = LINE('',#434,#435);
#434 = CARTESIAN_POINT('',(2.,-1.));
#435 = VECTOR('',#436,1.);
#436 = DIRECTION('',(0.,1.));
#437 = ( GEOMETRIC_REPRESENTATION_CONTEXT(2) 
PARAMETRIC_REPRESENTATION_CONTEXT() REPRESENTATION_CONTEXT('2D SPACE',''
  ) );
#438 = PCURVE('',#439,#444);
#439 = PLANE('',#440);
#440 = AXIS2_PLACEMENT_3D('',#441,#442,#443);
#441 = CARTESIAN_POINT('',(20.,-43.,52.));
#442 = DIRECTION('',(0.,0.,1.));
#443 = DIRECTION('',(1.,0.,-0.));
#444 = DEFINITIONAL_REPRESENTATION('',(#445),#449);
#445 = LINE('',#446,#447);
#446 = CARTESIAN_POINT('',(32.,-1.));
#447 = VECTOR('',#448,1.);
#448 = DIRECTION('',(0.,-1.));
#449 = ( GEOMETRIC_REPRESENTATION_CONTEXT(2) 
PARAMETRIC_REPRESENTATION_CONTEXT() REPRESENTATION_CONTEXT('2D SPACE',''
  ) );
#450 = ORIENTED_EDGE('',*,*,#451,.T.);
#451 = EDGE_CURVE('',#424,#452,#454,.T.);
#452 = VERTEX_POINT('',#453);
#453 = CARTESIAN_POINT('',(52.,-43.,54.197224362268));
#454 = SURFACE_CURVE('',#455,(#459,#466),.PCURVE_S1.);
#455 = LINE('',#456,#457);
#456 = CARTESIAN_POINT('',(52.,-43.,51.));
#457 = VECTOR('',#458,1.);
#458 = DIRECTION('',(0.,0.,1.));
#459 = PCURVE('',#233,#460);
#460 = DEFINITIONAL_REPRESENTATION('',(#461),#465);
#461 = LINE('',#462,#463);
#462 = CARTESIAN_POINT('',(1.,-2.));
#463 = VECTOR('',#464,1.);
#464 = DIRECTION('',(1.,0.));
#465 = ( GEOMETRIC_REPRESENTATION_CONTEXT(2) 
PARAMETRIC_REPRESENTATION_CONTEXT() REPRESENTATION_CONTEXT('2D SPACE',''
  ) );
#466 = PCURVE('',#467,#472);
#467 = PLANE('',#468);
#468 = AXIS2_PLACEMENT_3D('',#469,#470,#471);
#469 = CARTESIAN_POINT('',(20.,-43.,52.));
#470 = DIRECTION('',(0.,1.,0.));
#471 = DIRECTION('',(0.,-0.,1.));
#472 = DEFINITIONAL_REPRESENTATION('',(#473),#477);
#473 = LINE('',#474,#475);
#474 = CARTESIAN_POINT('',(-1.,32.));
#475 = VECTOR('',#476,1.);
#476 = DIRECTION('',(1.,0.));
#477 = ( GEOMETRIC_REPRESENTATION_CONTEXT(2) 
PARAMETRIC_REPRESENTATION_CONTEXT() REPRESENTATION_CONTEXT('2D SPACE',''
  ) );
#478 = ORIENTED_EDGE('',*,*,#479,.T.);
#479 = EDGE_CURVE('',#452,#480,#482,.T.);
#480 = VERTEX_POINT('',#481);
#481 = CARTESIAN_POINT('',(52.,-43.,57.802775637732));
#482 = SURFACE_CURVE('',#483,(#488,#495),.PCURVE_S1.);
#483 = CIRCLE('',#484,3.5);
#484 = AXIS2_PLACEMENT_3D('',#485,#486,#487);
#485 = CARTESIAN_POINT('',(52.,-40.,56.));
#486 = DIRECTION('',(1.,0.,0.));
#487 = DIRECTION('',(0.,-0.857142857143,-0.515078753638));
#488 = PCURVE('',#233,#489);
#489 = DEFINITIONAL_REPRESENTATION('',(#490),#494);
#490 = CIRCLE('',#491,3.5);
#491 = AXIS2_PLACEMENT_2D('',#492,#493);
#492 = CARTESIAN_POINT('',(6.,-5.));
#493 = DIRECTION('',(-0.515078753638,0.857142857143));
#494 = ( GEOMETRIC_REPRESENTATION_CONTEXT(2) 
PARAMETRIC_REPRESENTATION_CONTEXT() REPRESENTATION_CONTEXT('2D SPACE',''
  ) );
#495 = PCURVE('',#496,#501);
#496 = CYLINDRICAL_SURFACE('',#497,3.5);
#497 = AXIS2_PLACEMENT_3D('',#498,#499,#500);
#498 = CARTESIAN_POINT('',(42.,-40.,56.));
#499 = DIRECTION('',(-1.,-0.,-0.));
#500 = DIRECTION('',(0.,1.,0.));
#501 = DEFINITIONAL_REPRESENTATION('',(#502),#506);
#502 = LINE('',#503,#504);
#503 = CARTESIAN_POINT('',(2.600493127633,-10.));
#504 = VECTOR('',#505,1.);
#505 = DIRECTION('',(-1.,0.));
#506 = ( GEOMETRIC_REPRESENTATION_CONTEXT(2) 
PARAMETRIC_REPRESENTATION_CONTEXT() REPRESENTATION_CONTEXT('2D SPACE',''
  ) );
#507 = ORIENTED_EDGE('',*,*,#508,.T.);
#508 = EDGE_CURVE('',#480,#509,#511,.T.);
#509 = VERTEX_POINT('',#510);
#510 = CARTESIAN_POINT('',(52.,-43.,112.19722436226));
#511 = SURFACE_CURVE('',#512,(#516,#523),.PCURVE_S1.);
#512 = LINE('',#513,#514);
#513 = CARTESIAN_POINT('',(52.,-43.,51.));
#514 = VECTOR('',#515,1.);
#515 = DIRECTION('',(0.,0.,1.));
#516 = PCURVE('',#233,#517);
#517 = DEFINITIONAL_REPRESENTATION('',(#518),#522);
#518 = LINE('',#519,#520);
#519 = CARTESIAN_POINT('',(1.,-2.));
#520 = VECTOR('',#521,1.);
#521 = DIRECTION('',(1.,0.));
#522 = ( GEOMETRIC_REPRESENTATION_CONTEXT(2) 
PARAMETRIC_REPRESENTATION_CONTEXT() REPRESENTATION_CONTEXT('2D SPACE',''
  ) );
#523 = PCURVE('',#467,#524);
#524 = DEFINITIONAL_REPRESENTATION('',(#525),#529);
#525 = LINE('',#526,#527);
#526 = CARTESIAN_POINT('',(-1.,32.));
#527 = VECTOR('',#528,1.);
#528 = DIRECTION('',(1.,0.));
#529 = ( GEOMETRIC_REPRESENTATION_CONTEXT(2) 
PARAMETRIC_REPRESENTATION_CONTEXT() REPRESENTATION_CONTEXT('2D SPACE',''
  ) );
#530 = ORIENTED_EDGE('',*,*,#531,.T.);
#531 = EDGE_CURVE('',#509,#532,#534,.T.);
#532 = VERTEX_POINT('',#533);
#533 = CARTESIAN_POINT('',(52.,-43.,115.80277563773));
#534 = SURFACE_CURVE('',#535,(#540,#547),.PCURVE_S1.);
#535 = CIRCLE('',#536,3.5);
#536 = AXIS2_PLACEMENT_3D('',#537,#538,#539);
#537 = CARTESIAN_POINT('',(52.,-40.,114.));
#538 = DIRECTION('',(1.,0.,0.));
#539 = DIRECTION('',(0.,-0.857142857143,-0.515078753638));
#540 = PCURVE('',#233,#541);
#541 = DEFINITIONAL_REPRESENTATION('',(#542),#546);
#542 = CIRCLE('',#543,3.5);
#543 = AXIS2_PLACEMENT_2D('',#544,#545);
#544 = CARTESIAN_POINT('',(64.,-5.));
#545 = DIRECTION('',(-0.515078753638,0.857142857143));
#546 = ( GEOMETRIC_REPRESENTATION_CONTEXT(2) 
PARAMETRIC_REPRESENTATION_CONTEXT() REPRESENTATION_CONTEXT('2D SPACE',''
  ) );
#547 = PCURVE('',#548,#553);
#548 = CYLINDRICAL_SURFACE('',#549,3.5);
#549 = AXIS2_PLACEMENT_3D('',#550,#551,#552);
#550 = CARTESIAN_POINT('',(42.,-40.,114.));
#551 = DIRECTION('',(-1.,-0.,-0.));
#552 = DIRECTION('',(0.,1.,0.));
#553 = DEFINITIONAL_REPRESENTATION('',(#554),#558);
#554 = LINE('',#555,#556);
#555 = CARTESIAN_POINT('',(8.883678434812,-10.));
#556 = VECTOR('',#557,1.);
#557 = DIRECTION('',(-1.,0.));
#558 = ( GEOMETRIC_REPRESENTATION_CONTEXT(2) 
PARAMETRIC_REPRESENTATION_CONTEXT() REPRESENTATION_CONTEXT('2D SPACE',''
  ) );
#559 = ORIENTED_EDGE('',*,*,#560,.T.);
#560 = EDGE_CURVE('',#532,#561,#563,.T.);
#561 = VERTEX_POINT('',#562);
#562 = CARTESIAN_POINT('',(52.,-43.,118.));
#563 = SURFACE_CURVE('',#564,(#568,#575),.PCURVE_S1.);
#564 = LINE('',#565,#566);
#565 = CARTESIAN_POINT('',(52.,-43.,51.));
#566 = VECTOR('',#567,1.);
#567 = DIRECTION('',(0.,0.,1.));
#568 = PCURVE('',#233,#569);
#569 = DEFINITIONAL_REPRESENTATION('',(#570),#574);
#570 = LINE('',#571,#572);
#571 = CARTESIAN_POINT('',(1.,-2.));
#572 = VECTOR('',#573,1.);
#573 = DIRECTION('',(1.,0.));
#574 = ( GEOMETRIC_REPRESENTATION_CONTEXT(2) 
PARAMETRIC_REPRESENTATION_CONTEXT() REPRESENTATION_CONTEXT('2D SPACE',''
  ) );
#575 = PCURVE('',#467,#576);
#576 = DEFINITIONAL_REPRESENTATION('',(#577),#581);
#577 = LINE('',#578,#579);
#578 = CARTESIAN_POINT('',(-1.,32.));
#579 = VECTOR('',#580,1.);
#580 = DIRECTION('',(1.,0.));
#581 = ( GEOMETRIC_REPRESENTATION_CONTEXT(2) 
PARAMETRIC_REPRESENTATION_CONTEXT() REPRESENTATION_CONTEXT('2D SPACE',''
  ) );
#582 = ORIENTED_EDGE('',*,*,#583,.F.);
#583 = EDGE_CURVE('',#584,#561,#586,.T.);
#584 = VERTEX_POINT('',#585);
#585 = CARTESIAN_POINT('',(52.,-3.,118.));
#586 = SURFACE_CURVE('',#587,(#591,#598),.PCURVE_S1.);
#587 = LINE('',#588,#589);
#588 = CARTESIAN_POINT('',(52.,-44.,118.));
#589 = VECTOR('',#590,1.);
#590 = DIRECTION('',(0.,-1.,0.));
#591 = PCURVE('',#233,#592);
#592 = DEFINITIONAL_REPRESENTATION('',(#593),#597);
#593 = LINE('',#594,#595);
#594 = CARTESIAN_POINT('',(68.,-1.));
#595 = VECTOR('',#596,1.);
#596 = DIRECTION('',(0.,1.));
#597 = ( GEOMETRIC_REPRESENTATION_CONTEXT(2) 
PARAMETRIC_REPRESENTATION_CONTEXT() REPRESENTATION_CONTEXT('2D SPACE',''
  ) );
#598 = PCURVE('',#599,#604);
#599 = PLANE('',#600);
#600 = AXIS2_PLACEMENT_3D('',#601,#602,#603);
#601 = CARTESIAN_POINT('',(20.,-43.,118.));
#602 = DIRECTION('',(0.,0.,1.));
#603 = DIRECTION('',(1.,0.,-0.));
#604 = DEFINITIONAL_REPRESENTATION('',(#605),#609);
#605 = LINE('',#606,#607);
#606 = CARTESIAN_POINT('',(32.,-1.));
#607 = VECTOR('',#608,1.);
#608 = DIRECTION('',(0.,-1.));
#609 = ( GEOMETRIC_REPRESENTATION_CONTEXT(2) 
PARAMETRIC_REPRESENTATION_CONTEXT() REPRESENTATION_CONTEXT('2D SPACE',''
  ) );
#610 = ORIENTED_EDGE('',*,*,#611,.F.);
#611 = EDGE_CURVE('',#612,#584,#614,.T.);
#612 = VERTEX_POINT('',#613);
#613 = CARTESIAN_POINT('',(52.,-3.,115.80277563773));
#614 = SURFACE_CURVE('',#615,(#619,#626),.PCURVE_S1.);
#615 = LINE('',#616,#617);
#616 = CARTESIAN_POINT('',(52.,-3.,51.));
#617 = VECTOR('',#618,1.);
#618 = DIRECTION('',(0.,0.,1.));
#619 = PCURVE('',#233,#620);
#620 = DEFINITIONAL_REPRESENTATION('',(#621),#625);
#621 = LINE('',#622,#623);
#622 = CARTESIAN_POINT('',(1.,-42.));
#623 = VECTOR('',#624,1.);
#624 = DIRECTION('',(1.,0.));
#625 = ( GEOMETRIC_REPRESENTATION_CONTEXT(2) 
PARAMETRIC_REPRESENTATION_CONTEXT() REPRESENTATION_CONTEXT('2D SPACE',''
  ) );
#626 = PCURVE('',#411,#627);
#627 = DEFINITIONAL_REPRESENTATION('',(#628),#632);
#628 = LINE('',#629,#630);
#629 = CARTESIAN_POINT('',(-1.,32.));
#630 = VECTOR('',#631,1.);
#631 = DIRECTION('',(1.,0.));
#632 = ( GEOMETRIC_REPRESENTATION_CONTEXT(2) 
PARAMETRIC_REPRESENTATION_CONTEXT() REPRESENTATION_CONTEXT('2D SPACE',''
  ) );
#633 = ORIENTED_EDGE('',*,*,#634,.T.);
#634 = EDGE_CURVE('',#612,#635,#637,.T.);
#635 = VERTEX_POINT('',#636);
#636 = CARTESIAN_POINT('',(52.,-3.,112.19722436226));
#637 = SURFACE_CURVE('',#638,(#643,#650),.PCURVE_S1.);
#638 = CIRCLE('',#639,3.5);
#639 = AXIS2_PLACEMENT_3D('',#640,#641,#642);
#640 = CARTESIAN_POINT('',(52.,-6.,114.));
#641 = DIRECTION('',(1.,0.,0.));
#642 = DIRECTION('',(-0.,1.,0.));
#643 = PCURVE('',#233,#644);
#644 = DEFINITIONAL_REPRESENTATION('',(#645),#649);
#645 = CIRCLE('',#646,3.5);
#646 = AXIS2_PLACEMENT_2D('',#647,#648);
#647 = CARTESIAN_POINT('',(64.,-39.));
#648 = DIRECTION('',(0.,-1.));
#649 = ( GEOMETRIC_REPRESENTATION_CONTEXT(2) 
PARAMETRIC_REPRESENTATION_CONTEXT() REPRESENTATION_CONTEXT('2D SPACE',''
  ) );
#650 = PCURVE('',#651,#656);
#651 = CYLINDRICAL_SURFACE('',#652,3.5);
#652 = AXIS2_PLACEMENT_3D('',#653,#654,#655);
#653 = CARTESIAN_POINT('',(42.,-6.,114.));
#654 = DIRECTION('',(-1.,-0.,-0.));
#655 = DIRECTION('',(0.,1.,0.));
#656 = DEFINITIONAL_REPRESENTATION('',(#657),#661);
#657 = LINE('',#658,#659);
#658 = CARTESIAN_POINT('',(6.28318530718,-10.));
#659 = VECTOR('',#660,1.);
#660 = DIRECTION('',(-1.,0.));
#661 = ( GEOMETRIC_REPRESENTATION_CONTEXT(2) 
PARAMETRIC_REPRESENTATION_CONTEXT() REPRESENTATION_CONTEXT('2D SPACE',''
  ) );
#662 = ORIENTED_EDGE('',*,*,#663,.F.);
#663 = EDGE_CURVE('',#664,#635,#666,.T.);
#664 = VERTEX_POINT('',#665);
#665 = CARTESIAN_POINT('',(52.,-3.,57.802775637732));
#666 = SURFACE_CURVE('',#667,(#671,#678),.PCURVE_S1.);
#667 = LINE('',#668,#669);
#668 = CARTESIAN_POINT('',(52.,-3.,51.));
#669 = VECTOR('',#670,1.);
#670 = DIRECTION('',(0.,0.,1.));
#671 = PCURVE('',#233,#672);
#672 = DEFINITIONAL_REPRESENTATION('',(#673),#677);
#673 = LINE('',#674,#675);
#674 = CARTESIAN_POINT('',(1.,-42.));
#675 = VECTOR('',#676,1.);
#676 = DIRECTION('',(1.,0.));
#677 = ( GEOMETRIC_REPRESENTATION_CONTEXT(2) 
PARAMETRIC_REPRESENTATION_CONTEXT() REPRESENTATION_CONTEXT('2D SPACE',''
  ) );
#678 = PCURVE('',#411,#679);
#679 = DEFINITIONAL_REPRESENTATION('',(#680),#684);
#680 = LINE('',#681,#682);
#681 = CARTESIAN_POINT('',(-1.,32.));
#682 = VECTOR('',#683,1.);
#683 = DIRECTION('',(1.,0.));
#684 = ( GEOMETRIC_REPRESENTATION_CONTEXT(2) 
PARAMETRIC_REPRESENTATION_CONTEXT() REPRESENTATION_CONTEXT('2D SPACE',''
  ) );
#685 = ORIENTED_EDGE('',*,*,#686,.T.);
#686 = EDGE_CURVE('',#664,#396,#687,.T.);
#687 = SURFACE_CURVE('',#688,(#693,#700),.PCURVE_S1.);
#688 = CIRCLE('',#689,3.5);
#689 = AXIS2_PLACEMENT_3D('',#690,#691,#692);
#690 = CARTESIAN_POINT('',(52.,-6.,56.));
#691 = DIRECTION('',(1.,0.,0.));
#692 = DIRECTION('',(-0.,1.,0.));
#693 = PCURVE('',#233,#694);
#694 = DEFINITIONAL_REPRESENTATION('',(#695),#699);
#695 = CIRCLE('',#696,3.5);
#696 = AXIS2_PLACEMENT_2D('',#697,#698);
#697 = CARTESIAN_POINT('',(6.,-39.));
#698 = DIRECTION('',(0.,-1.));
#699 = ( GEOMETRIC_REPRESENTATION_CONTEXT(2) 
PARAMETRIC_REPRESENTATION_CONTEXT() REPRESENTATION_CONTEXT('2D SPACE',''
  ) );
#700 = PCURVE('',#701,#706);
#701 = CYLINDRICAL_SURFACE('',#702,3.5);
#702 = AXIS2_PLACEMENT_3D('',#703,#704,#705);
#703 = CARTESIAN_POINT('',(42.,-6.,56.));
#704 = DIRECTION('',(-1.,-0.,-0.));
#705 = DIRECTION('',(0.,1.,0.));
#706 = DEFINITIONAL_REPRESENTATION('',(#707),#711);
#707 = LINE('',#708,#709);
#708 = CARTESIAN_POINT('',(6.28318530718,-10.));
#709 = VECTOR('',#710,1.);
#710 = DIRECTION('',(-1.,0.));
#711 = ( GEOMETRIC_REPRESENTATION_CONTEXT(2) 
PARAMETRIC_REPRESENTATION_CONTEXT() REPRESENTATION_CONTEXT('2D SPACE',''
  ) );
#712 = FACE_BOUND('',#713,.T.);
#713 = EDGE_LOOP('',(#714));
#714 = ORIENTED_EDGE('',*,*,#715,.T.);
#715 = EDGE_CURVE('',#716,#716,#718,.T.);
#716 = VERTEX_POINT('',#717);
#717 = CARTESIAN_POINT('',(52.,-38.9,114.));
#718 = SURFACE_CURVE('',#719,(#724,#735),.PCURVE_S1.);
#719 = CIRCLE('',#720,1.1);
#720 = AXIS2_PLACEMENT_3D('',#721,#722,#723);
#721 = CARTESIAN_POINT('',(52.,-40.,114.));
#722 = DIRECTION('',(-1.,0.,0.));
#723 = DIRECTION('',(0.,1.,0.));
#724 = PCURVE('',#233,#725);
#725 = DEFINITIONAL_REPRESENTATION('',(#726),#734);
#726 = ( BOUNDED_CURVE() B_SPLINE_CURVE(2,(#727,#728,#729,#730,#731,#732
,#733),.UNSPECIFIED.,.T.,.F.) B_SPLINE_CURVE_WITH_KNOTS((1,2,2,2,2,1),(
    -2.094395102393,0.,2.094395102393,4.188790204786,6.28318530718,
8.377580409573),.UNSPECIFIED.) CURVE() GEOMETRIC_REPRESENTATION_ITEM() 
RATIONAL_B_SPLINE_CURVE((1.,0.5,1.,0.5,1.,0.5,1.)) REPRESENTATION_ITEM(
  '') );
#727 = CARTESIAN_POINT('',(64.,-6.1));
#728 = CARTESIAN_POINT('',(62.094744111674,-6.1));
#729 = CARTESIAN_POINT('',(63.047372055837,-4.45));
#730 = CARTESIAN_POINT('',(64.,-2.8));
#731 = CARTESIAN_POINT('',(64.952627944163,-4.45));
#732 = CARTESIAN_POINT('',(65.905255888326,-6.1));
#733 = CARTESIAN_POINT('',(64.,-6.1));
#734 = ( GEOMETRIC_REPRESENTATION_CONTEXT(2) 
PARAMETRIC_REPRESENTATION_CONTEXT() REPRESENTATION_CONTEXT('2D SPACE',''
  ) );
#735 = PCURVE('',#736,#741);
#736 = CYLINDRICAL_SURFACE('',#737,1.1);
#737 = AXIS2_PLACEMENT_3D('',#738,#739,#740);
#738 = CARTESIAN_POINT('',(40.,-40.,114.));
#739 = DIRECTION('',(-1.,-0.,-0.));
#740 = DIRECTION('',(0.,1.,0.));
#741 = DEFINITIONAL_REPRESENTATION('',(#742),#746);
#742 = LINE('',#743,#744);
#743 = CARTESIAN_POINT('',(-4.138911435803E-13,-12.));
#744 = VECTOR('',#745,1.);
#745 = DIRECTION('',(1.,-0.));
#746 = ( GEOMETRIC_REPRESENTATION_CONTEXT(2) 
PARAMETRIC_REPRESENTATION_CONTEXT() REPRESENTATION_CONTEXT('2D SPACE',''
  ) );
#747 = FACE_BOUND('',#748,.T.);
#748 = EDGE_LOOP('',(#749));
#749 = ORIENTED_EDGE('',*,*,#750,.T.);
#750 = EDGE_CURVE('',#751,#751,#753,.T.);
#751 = VERTEX_POINT('',#752);
#752 = CARTESIAN_POINT('',(52.,-4.9,114.));
#753 = SURFACE_CURVE('',#754,(#759,#770),.PCURVE_S1.);
#754 = CIRCLE('',#755,1.1);
#755 = AXIS2_PLACEMENT_3D('',#756,#757,#758);
#756 = CARTESIAN_POINT('',(52.,-6.,114.));
#757 = DIRECTION('',(-1.,0.,0.));
#758 = DIRECTION('',(0.,1.,0.));
#759 = PCURVE('',#233,#760);
#760 = DEFINITIONAL_REPRESENTATION('',(#761),#769);
#761 = ( BOUNDED_CURVE() B_SPLINE_CURVE(2,(#762,#763,#764,#765,#766,#767
,#768),.UNSPECIFIED.,.T.,.F.) B_SPLINE_CURVE_WITH_KNOTS((1,2,2,2,2,1),(
    -2.094395102393,0.,2.094395102393,4.188790204786,6.28318530718,
8.377580409573),.UNSPECIFIED.) CURVE() GEOMETRIC_REPRESENTATION_ITEM() 
RATIONAL_B_SPLINE_CURVE((1.,0.5,1.,0.5,1.,0.5,1.)) REPRESENTATION_ITEM(
  '') );
#762 = CARTESIAN_POINT('',(64.,-40.1));
#763 = CARTESIAN_POINT('',(62.094744111674,-40.1));
#764 = CARTESIAN_POINT('',(63.047372055837,-38.45));
#765 = CARTESIAN_POINT('',(64.,-36.8));
#766 = CARTESIAN_POINT('',(64.952627944163,-38.45));
#767 = CARTESIAN_POINT('',(65.905255888326,-40.1));
#768 = CARTESIAN_POINT('',(64.,-40.1));
#769 = ( GEOMETRIC_REPRESENTATION_CONTEXT(2) 
PARAMETRIC_REPRESENTATION_CONTEXT() REPRESENTATION_CONTEXT('2D SPACE',''
  ) );
#770 = PCURVE('',#771,#776);
#771 = CYLINDRICAL_SURFACE('',#772,1.1);
#772 = AXIS2_PLACEMENT_3D('',#773,#774,#775);
#773 = CARTESIAN_POINT('',(40.,-6.,114.));
#774 = DIRECTION('',(-1.,-0.,-0.));
#775 = DIRECTION('',(0.,1.,0.));
#776 = DEFINITIONAL_REPRESENTATION('',(#777),#781);
#777 = LINE('',#778,#779);
#778 = CARTESIAN_POINT('',(-4.138911435803E-13,-12.));
#779 = VECTOR('',#780,1.);
#780 = DIRECTION('',(1.,-0.));
#781 = ( GEOMETRIC_REPRESENTATION_CONTEXT(2) 
PARAMETRIC_REPRESENTATION_CONTEXT() REPRESENTATION_CONTEXT('2D SPACE',''
  ) );
#782 = ADVANCED_FACE('',(#783),#771,.F.);
#783 = FACE_BOUND('',#784,.F.);
#784 = EDGE_LOOP('',(#785,#808,#809,#810));
#785 = ORIENTED_EDGE('',*,*,#786,.T.);
#786 = EDGE_CURVE('',#787,#751,#789,.T.);
#787 = VERTEX_POINT('',#788);
#788 = CARTESIAN_POINT('',(42.,-4.9,114.));
#789 = SEAM_CURVE('',#790,(#794,#801),.PCURVE_S1.);
#790 = LINE('',#791,#792);
#791 = CARTESIAN_POINT('',(40.,-4.9,114.));
#792 = VECTOR('',#793,1.);
#793 = DIRECTION('',(1.,0.,0.));
#794 = PCURVE('',#771,#795);
#795 = DEFINITIONAL_REPRESENTATION('',(#796),#800);
#796 = LINE('',#797,#798);
#797 = CARTESIAN_POINT('',(-4.138911435803E-13,0.));
#798 = VECTOR('',#799,1.);
#799 = DIRECTION('',(-0.,-1.));
#800 = ( GEOMETRIC_REPRESENTATION_CONTEXT(2) 
PARAMETRIC_REPRESENTATION_CONTEXT() REPRESENTATION_CONTEXT('2D SPACE',''
  ) );
#801 = PCURVE('',#771,#802);
#802 = DEFINITIONAL_REPRESENTATION('',(#803),#807);
#803 = LINE('',#804,#805);
#804 = CARTESIAN_POINT('',(6.28318530718,0.));
#805 = VECTOR('',#806,1.);
#806 = DIRECTION('',(-0.,-1.));
#807 = ( GEOMETRIC_REPRESENTATION_CONTEXT(2) 
PARAMETRIC_REPRESENTATION_CONTEXT() REPRESENTATION_CONTEXT('2D SPACE',''
  ) );
#808 = ORIENTED_EDGE('',*,*,#750,.T.);
#809 = ORIENTED_EDGE('',*,*,#786,.F.);
#810 = ORIENTED_EDGE('',*,*,#811,.F.);
#811 = EDGE_CURVE('',#787,#787,#812,.T.);
#812 = SURFACE_CURVE('',#813,(#818,#825),.PCURVE_S1.);
#813 = CIRCLE('',#814,1.1);
#814 = AXIS2_PLACEMENT_3D('',#815,#816,#817);
#815 = CARTESIAN_POINT('',(42.,-6.,114.));
#816 = DIRECTION('',(-1.,0.,0.));
#817 = DIRECTION('',(0.,1.,0.));
#818 = PCURVE('',#771,#819);
#819 = DEFINITIONAL_REPRESENTATION('',(#820),#824);
#820 = LINE('',#821,#822);
#821 = CARTESIAN_POINT('',(-4.138911435803E-13,-2.));
#822 = VECTOR('',#823,1.);
#823 = DIRECTION('',(1.,-0.));
#824 = ( GEOMETRIC_REPRESENTATION_CONTEXT(2) 
PARAMETRIC_REPRESENTATION_CONTEXT() REPRESENTATION_CONTEXT('2D SPACE',''
  ) );
#825 = PCURVE('',#826,#831);
#826 = PLANE('',#827);
#827 = AXIS2_PLACEMENT_3D('',#828,#829,#830);
#828 = CARTESIAN_POINT('',(42.,-6.,114.));
#829 = DIRECTION('',(1.,0.,0.));
#830 = DIRECTION('',(-0.,0.,1.));
#831 = DEFINITIONAL_REPRESENTATION('',(#832),#840);
#832 = ( BOUNDED_CURVE() B_SPLINE_CURVE(2,(#833,#834,#835,#836,#837,#838
,#839),.UNSPECIFIED.,.T.,.F.) B_SPLINE_CURVE_WITH_KNOTS((1,2,2,2,2,1),(
    -2.094395102393,0.,2.094395102393,4.188790204786,6.28318530718,
8.377580409573),.UNSPECIFIED.) CURVE() GEOMETRIC_REPRESENTATION_ITEM() 
RATIONAL_B_SPLINE_CURVE((1.,0.5,1.,0.5,1.,0.5,1.)) REPRESENTATION_ITEM(
  '') );
#833 = CARTESIAN_POINT('',(0.,-1.1));
#834 = CARTESIAN_POINT('',(-1.905255888326,-1.1));
#835 = CARTESIAN_POINT('',(-0.952627944163,0.55));
#836 = CARTESIAN_POINT('',(-2.694222958124E-16,2.2));
#837 = CARTESIAN_POINT('',(0.952627944163,0.55));
#838 = CARTESIAN_POINT('',(1.905255888326,-1.1));
#839 = CARTESIAN_POINT('',(0.,-1.1));
#840 = ( GEOMETRIC_REPRESENTATION_CONTEXT(2) 
PARAMETRIC_REPRESENTATION_CONTEXT() REPRESENTATION_CONTEXT('2D SPACE',''
  ) );
#841 = ADVANCED_FACE('',(#842,#891),#826,.F.);
#842 = FACE_BOUND('',#843,.F.);
#843 = EDGE_LOOP('',(#844,#869));
#844 = ORIENTED_EDGE('',*,*,#845,.F.);
#845 = EDGE_CURVE('',#846,#848,#850,.T.);
#846 = VERTEX_POINT('',#847);
#847 = CARTESIAN_POINT('',(42.,-3.,115.80277563773));
#848 = VERTEX_POINT('',#849);
#849 = CARTESIAN_POINT('',(42.,-3.,112.19722436226));
#850 = SURFACE_CURVE('',#851,(#855,#862),.PCURVE_S1.);
#851 = LINE('',#852,#853);
#852 = CARTESIAN_POINT('',(42.,-3.,83.));
#853 = VECTOR('',#854,1.);
#854 = DIRECTION('',(0.,0.,-1.));
#855 = PCURVE('',#826,#856);
#856 = DEFINITIONAL_REPRESENTATION('',(#857),#861);
#857 = LINE('',#858,#859);
#858 = CARTESIAN_POINT('',(-31.,-3.));
#859 = VECTOR('',#860,1.);
#860 = DIRECTION('',(-1.,0.));
#861 = ( GEOMETRIC_REPRESENTATION_CONTEXT(2) 
PARAMETRIC_REPRESENTATION_CONTEXT() REPRESENTATION_CONTEXT('2D SPACE',''
  ) );
#862 = PCURVE('',#411,#863);
#863 = DEFINITIONAL_REPRESENTATION('',(#864),#868);
#864 = LINE('',#865,#866);
#865 = CARTESIAN_POINT('',(31.,22.));
#866 = VECTOR('',#867,1.);
#867 = DIRECTION('',(-1.,0.));
#868 = ( GEOMETRIC_REPRESENTATION_CONTEXT(2) 
PARAMETRIC_REPRESENTATION_CONTEXT() REPRESENTATION_CONTEXT('2D SPACE',''
  ) );
#869 = ORIENTED_EDGE('',*,*,#870,.T.);
#870 = EDGE_CURVE('',#846,#848,#871,.T.);
#871 = SURFACE_CURVE('',#872,(#877,#884),.PCURVE_S1.);
#872 = CIRCLE('',#873,3.5);
#873 = AXIS2_PLACEMENT_3D('',#874,#875,#876);
#874 = CARTESIAN_POINT('',(42.,-6.,114.));
#875 = DIRECTION('',(1.,0.,0.));
#876 = DIRECTION('',(-0.,1.,0.));
#877 = PCURVE('',#826,#878);
#878 = DEFINITIONAL_REPRESENTATION('',(#879),#883);
#879 = CIRCLE('',#880,3.5);
#880 = AXIS2_PLACEMENT_2D('',#881,#882);
#881 = CARTESIAN_POINT('',(0.,0.));
#882 = DIRECTION('',(0.,-1.));
#883 = ( GEOMETRIC_REPRESENTATION_CONTEXT(2) 
PARAMETRIC_REPRESENTATION_CONTEXT() REPRESENTATION_CONTEXT('2D SPACE',''
  ) );
#884 = PCURVE('',#651,#885);
#885 = DEFINITIONAL_REPRESENTATION('',(#886),#890);
#886 = LINE('',#887,#888);
#887 = CARTESIAN_POINT('',(6.28318530718,0.));
#888 = VECTOR('',#889,1.);
#889 = DIRECTION('',(-1.,0.));
#890 = ( GEOMETRIC_REPRESENTATION_CONTEXT(2) 
PARAMETRIC_REPRESENTATION_CONTEXT() REPRESENTATION_CONTEXT('2D SPACE',''
  ) );
#891 = FACE_BOUND('',#892,.F.);
#892 = EDGE_LOOP('',(#893));
#893 = ORIENTED_EDGE('',*,*,#811,.T.);
#894 = ADVANCED_FACE('',(#895),#736,.F.);
#895 = FACE_BOUND('',#896,.F.);
#896 = EDGE_LOOP('',(#897,#920,#921,#922));
#897 = ORIENTED_EDGE('',*,*,#898,.T.);
#898 = EDGE_CURVE('',#899,#716,#901,.T.);
#899 = VERTEX_POINT('',#900);
#900 = CARTESIAN_POINT('',(42.,-38.9,114.));
#901 = SEAM_CURVE('',#902,(#906,#913),.PCURVE_S1.);
#902 = LINE('',#903,#904);
#903 = CARTESIAN_POINT('',(40.,-38.9,114.));
#904 = VECTOR('',#905,1.);
#905 = DIRECTION('',(1.,0.,0.));
#906 = PCURVE('',#736,#907);
#907 = DEFINITIONAL_REPRESENTATION('',(#908),#912);
#908 = LINE('',#909,#910);
#909 = CARTESIAN_POINT('',(-4.138911435803E-13,0.));
#910 = VECTOR('',#911,1.);
#911 = DIRECTION('',(-0.,-1.));
#912 = ( GEOMETRIC_REPRESENTATION_CONTEXT(2) 
PARAMETRIC_REPRESENTATION_CONTEXT() REPRESENTATION_CONTEXT('2D SPACE',''
  ) );
#913 = PCURVE('',#736,#914);
#914 = DEFINITIONAL_REPRESENTATION('',(#915),#919);
#915 = LINE('',#916,#917);
#916 = CARTESIAN_POINT('',(6.28318530718,0.));
#917 = VECTOR('',#918,1.);
#918 = DIRECTION('',(-0.,-1.));
#919 = ( GEOMETRIC_REPRESENTATION_CONTEXT(2) 
PARAMETRIC_REPRESENTATION_CONTEXT() REPRESENTATION_CONTEXT('2D SPACE',''
  ) );
#920 = ORIENTED_EDGE('',*,*,#715,.T.);
#921 = ORIENTED_EDGE('',*,*,#898,.F.);
#922 = ORIENTED_EDGE('',*,*,#923,.F.);
#923 = EDGE_CURVE('',#899,#899,#924,.T.);
#924 = SURFACE_CURVE('',#925,(#930,#937),.PCURVE_S1.);
#925 = CIRCLE('',#926,1.1);
#926 = AXIS2_PLACEMENT_3D('',#927,#928,#929);
#927 = CARTESIAN_POINT('',(42.,-40.,114.));
#928 = DIRECTION('',(-1.,0.,0.));
#929 = DIRECTION('',(0.,1.,0.));
#930 = PCURVE('',#736,#931);
#931 = DEFINITIONAL_REPRESENTATION('',(#932),#936);
#932 = LINE('',#933,#934);
#933 = CARTESIAN_POINT('',(-4.138911435803E-13,-2.));
#934 = VECTOR('',#935,1.);
#935 = DIRECTION('',(1.,-0.));
#936 = ( GEOMETRIC_REPRESENTATION_CONTEXT(2) 
PARAMETRIC_REPRESENTATION_CONTEXT() REPRESENTATION_CONTEXT('2D SPACE',''
  ) );
#937 = PCURVE('',#938,#943);
#938 = PLANE('',#939);
#939 = AXIS2_PLACEMENT_3D('',#940,#941,#942);
#940 = CARTESIAN_POINT('',(42.,-40.,114.));
#941 = DIRECTION('',(1.,0.,0.));
#942 = DIRECTION('',(-0.,0.,1.));
#943 = DEFINITIONAL_REPRESENTATION('',(#944),#952);
#944 = ( BOUNDED_CURVE() B_SPLINE_CURVE(2,(#945,#946,#947,#948,#949,#950
,#951),.UNSPECIFIED.,.T.,.F.) B_SPLINE_CURVE_WITH_KNOTS((1,2,2,2,2,1),(
    -2.094395102393,0.,2.094395102393,4.188790204786,6.28318530718,
8.377580409573),.UNSPECIFIED.) CURVE() GEOMETRIC_REPRESENTATION_ITEM() 
RATIONAL_B_SPLINE_CURVE((1.,0.5,1.,0.5,1.,0.5,1.)) REPRESENTATION_ITEM(
  '') );
#945 = CARTESIAN_POINT('',(0.,-1.1));
#946 = CARTESIAN_POINT('',(-1.905255888326,-1.1));
#947 = CARTESIAN_POINT('',(-0.952627944163,0.55));
#948 = CARTESIAN_POINT('',(-2.694222958124E-16,2.2));
#949 = CARTESIAN_POINT('',(0.952627944163,0.55));
#950 = CARTESIAN_POINT('',(1.905255888326,-1.1));
#951 = CARTESIAN_POINT('',(0.,-1.1));
#952 = ( GEOMETRIC_REPRESENTATION_CONTEXT(2) 
PARAMETRIC_REPRESENTATION_CONTEXT() REPRESENTATION_CONTEXT('2D SPACE',''
  ) );
#953 = ADVANCED_FACE('',(#954,#1003),#938,.F.);
#954 = FACE_BOUND('',#955,.F.);
#955 = EDGE_LOOP('',(#956,#982));
#956 = ORIENTED_EDGE('',*,*,#957,.T.);
#957 = EDGE_CURVE('',#958,#960,#962,.T.);
#958 = VERTEX_POINT('',#959);
#959 = CARTESIAN_POINT('',(42.,-43.,112.19722436226));
#960 = VERTEX_POINT('',#961);
#961 = CARTESIAN_POINT('',(42.,-43.,115.80277563773));
#962 = SURFACE_CURVE('',#963,(#968,#975),.PCURVE_S1.);
#963 = CIRCLE('',#964,3.5);
#964 = AXIS2_PLACEMENT_3D('',#965,#966,#967);
#965 = CARTESIAN_POINT('',(42.,-40.,114.));
#966 = DIRECTION('',(1.,0.,0.));
#967 = DIRECTION('',(0.,-0.857142857143,-0.515078753638));
#968 = PCURVE('',#938,#969);
#969 = DEFINITIONAL_REPRESENTATION('',(#970),#974);
#970 = CIRCLE('',#971,3.5);
#971 = AXIS2_PLACEMENT_2D('',#972,#973);
#972 = CARTESIAN_POINT('',(0.,0.));
#973 = DIRECTION('',(-0.515078753638,0.857142857143));
#974 = ( GEOMETRIC_REPRESENTATION_CONTEXT(2) 
PARAMETRIC_REPRESENTATION_CONTEXT() REPRESENTATION_CONTEXT('2D SPACE',''
  ) );
#975 = PCURVE('',#548,#976);
#976 = DEFINITIONAL_REPRESENTATION('',(#977),#981);
#977 = LINE('',#978,#979);
#978 = CARTESIAN_POINT('',(8.883678434812,0.));
#979 = VECTOR('',#980,1.);
#980 = DIRECTION('',(-1.,0.));
#981 = ( GEOMETRIC_REPRESENTATION_CONTEXT(2) 
PARAMETRIC_REPRESENTATION_CONTEXT() REPRESENTATION_CONTEXT('2D SPACE',''
  ) );
#982 = ORIENTED_EDGE('',*,*,#983,.T.);
#983 = EDGE_CURVE('',#960,#958,#984,.T.);
#984 = SURFACE_CURVE('',#985,(#989,#996),.PCURVE_S1.);
#985 = LINE('',#986,#987);
#986 = CARTESIAN_POINT('',(42.,-43.,83.));
#987 = VECTOR('',#988,1.);
#988 = DIRECTION('',(0.,0.,-1.));
#989 = PCURVE('',#938,#990);
#990 = DEFINITIONAL_REPRESENTATION('',(#991),#995);
#991 = LINE('',#992,#993);
#992 = CARTESIAN_POINT('',(-31.,3.));
#993 = VECTOR('',#994,1.);
#994 = DIRECTION('',(-1.,0.));
#995 = ( GEOMETRIC_REPRESENTATION_CONTEXT(2) 
PARAMETRIC_REPRESENTATION_CONTEXT() REPRESENTATION_CONTEXT('2D SPACE',''
  ) );
#996 = PCURVE('',#467,#997);
#997 = DEFINITIONAL_REPRESENTATION('',(#998),#1002);
#998 = LINE('',#999,#1000);
#999 = CARTESIAN_POINT('',(31.,22.));
#1000 = VECTOR('',#1001,1.);
#1001 = DIRECTION('',(-1.,0.));
#1002 = ( GEOMETRIC_REPRESENTATION_CONTEXT(2) 
PARAMETRIC_REPRESENTATION_CONTEXT() REPRESENTATION_CONTEXT('2D SPACE',''
  ) );
#1003 = FACE_BOUND('',#1004,.F.);
#1004 = EDGE_LOOP('',(#1005));
#1005 = ORIENTED_EDGE('',*,*,#923,.T.);
#1006 = ADVANCED_FACE('',(#1007),#701,.T.);
#1007 = FACE_BOUND('',#1008,.T.);
#1008 = EDGE_LOOP('',(#1009,#1031,#1032,#1054));
#1009 = ORIENTED_EDGE('',*,*,#1010,.F.);
#1010 = EDGE_CURVE('',#396,#1011,#1013,.T.);
#1011 = VERTEX_POINT('',#1012);
#1012 = CARTESIAN_POINT('',(42.,-3.,54.197224362268));
#1013 = SURFACE_CURVE('',#1014,(#1018,#1024),.PCURVE_S1.);
#1014 = LINE('',#1015,#1016);
#1015 = CARTESIAN_POINT('',(42.,-3.,54.197224362268));
#1016 = VECTOR('',#1017,1.);
#1017 = DIRECTION('',(-1.,-0.,-0.));
#1018 = PCURVE('',#701,#1019);
#1019 = DEFINITIONAL_REPRESENTATION('',(#1020),#1023);
#1020 = B_SPLINE_CURVE_WITH_KNOTS('',1,(#1021,#1022),.UNSPECIFIED.,.F.,
  .F.,(2,2),(-10.0000006,5.999999999062E-07),.PIECEWISE_BEZIER_KNOTS.);
#1021 = CARTESIAN_POINT('',(0.541099525958,-10.0000006));
#1022 = CARTESIAN_POINT('',(0.541099525958,5.999999999062E-07));
#1023 = ( GEOMETRIC_REPRESENTATION_CONTEXT(2) 
PARAMETRIC_REPRESENTATION_CONTEXT() REPRESENTATION_CONTEXT('2D SPACE',''
  ) );
#1024 = PCURVE('',#411,#1025);
#1025 = DEFINITIONAL_REPRESENTATION('',(#1026),#1030);
#1026 = LINE('',#1027,#1028);
#1027 = CARTESIAN_POINT('',(2.197224362268,22.));
#1028 = VECTOR('',#1029,1.);
#1029 = DIRECTION('',(0.,-1.));
#1030 = ( GEOMETRIC_REPRESENTATION_CONTEXT(2) 
PARAMETRIC_REPRESENTATION_CONTEXT() REPRESENTATION_CONTEXT('2D SPACE',''
  ) );
#1031 = ORIENTED_EDGE('',*,*,#686,.F.);
#1032 = ORIENTED_EDGE('',*,*,#1033,.T.);
#1033 = EDGE_CURVE('',#664,#1034,#1036,.T.);
#1034 = VERTEX_POINT('',#1035);
#1035 = CARTESIAN_POINT('',(42.,-3.,57.802775637732));
#1036 = SURFACE_CURVE('',#1037,(#1041,#1047),.PCURVE_S1.);
#1037 = LINE('',#1038,#1039);
#1038 = CARTESIAN_POINT('',(42.,-3.,57.802775637732));
#1039 = VECTOR('',#1040,1.);
#1040 = DIRECTION('',(-1.,-0.,-0.));
#1041 = PCURVE('',#701,#1042);
#1042 = DEFINITIONAL_REPRESENTATION('',(#1043),#1046);
#1043 = B_SPLINE_CURVE_WITH_KNOTS('',1,(#1044,#1045),.UNSPECIFIED.,.F.,
  .F.,(2,2),(-10.0000006,5.999999999062E-07),.PIECEWISE_BEZIER_KNOTS.);
#1044 = CARTESIAN_POINT('',(5.742085781223,-10.0000006));
#1045 = CARTESIAN_POINT('',(5.742085781223,5.999999999062E-07));
#1046 = ( GEOMETRIC_REPRESENTATION_CONTEXT(2) 
PARAMETRIC_REPRESENTATION_CONTEXT() REPRESENTATION_CONTEXT('2D SPACE',''
  ) );
#1047 = PCURVE('',#411,#1048);
#1048 = DEFINITIONAL_REPRESENTATION('',(#1049),#1053);
#1049 = LINE('',#1050,#1051);
#1050 = CARTESIAN_POINT('',(5.802775637732,22.));
#1051 = VECTOR('',#1052,1.);
#1052 = DIRECTION('',(0.,-1.));
#1053 = ( GEOMETRIC_REPRESENTATION_CONTEXT(2) 
PARAMETRIC_REPRESENTATION_CONTEXT() REPRESENTATION_CONTEXT('2D SPACE',''
  ) );
#1054 = ORIENTED_EDGE('',*,*,#1055,.T.);
#1055 = EDGE_CURVE('',#1034,#1011,#1056,.T.);
#1056 = SURFACE_CURVE('',#1057,(#1062,#1069),.PCURVE_S1.);
#1057 = CIRCLE('',#1058,3.5);
#1058 = AXIS2_PLACEMENT_3D('',#1059,#1060,#1061);
#1059 = CARTESIAN_POINT('',(42.,-6.,56.));
#1060 = DIRECTION('',(1.,0.,0.));
#1061 = DIRECTION('',(-0.,1.,0.));
#1062 = PCURVE('',#701,#1063);
#1063 = DEFINITIONAL_REPRESENTATION('',(#1064),#1068);
#1064 = LINE('',#1065,#1066);
#1065 = CARTESIAN_POINT('',(6.28318530718,0.));
#1066 = VECTOR('',#1067,1.);
#1067 = DIRECTION('',(-1.,0.));
#1068 = ( GEOMETRIC_REPRESENTATION_CONTEXT(2) 
PARAMETRIC_REPRESENTATION_CONTEXT() REPRESENTATION_CONTEXT('2D SPACE',''
  ) );
#1069 = PCURVE('',#1070,#1075);
#1070 = PLANE('',#1071);
#1071 = AXIS2_PLACEMENT_3D('',#1072,#1073,#1074);
#1072 = CARTESIAN_POINT('',(42.,-6.,56.));
#1073 = DIRECTION('',(1.,0.,0.));
#1074 = DIRECTION('',(-0.,0.,1.));
#1075 = DEFINITIONAL_REPRESENTATION('',(#1076),#1080);
#1076 = CIRCLE('',#1077,3.5);
#1077 = AXIS2_PLACEMENT_2D('',#1078,#1079);
#1078 = CARTESIAN_POINT('',(0.,0.));
#1079 = DIRECTION('',(0.,-1.));
#1080 = ( GEOMETRIC_REPRESENTATION_CONTEXT(2) 
PARAMETRIC_REPRESENTATION_CONTEXT() REPRESENTATION_CONTEXT('2D SPACE',''
  ) );
#1081 = ADVANCED_FACE('',(#1082,#1106),#1070,.F.);
#1082 = FACE_BOUND('',#1083,.F.);
#1083 = EDGE_LOOP('',(#1084,#1105));
#1084 = ORIENTED_EDGE('',*,*,#1085,.F.);
#1085 = EDGE_CURVE('',#1034,#1011,#1086,.T.);
#1086 = SURFACE_CURVE('',#1087,(#1091,#1098),.PCURVE_S1.);
#1087 = LINE('',#1088,#1089);
#1088 = CARTESIAN_POINT('',(42.,-3.,54.));
#1089 = VECTOR('',#1090,1.);
#1090 = DIRECTION('',(0.,0.,-1.));
#1091 = PCURVE('',#1070,#1092);
#1092 = DEFINITIONAL_REPRESENTATION('',(#1093),#1097);
#1093 = LINE('',#1094,#1095);
#1094 = CARTESIAN_POINT('',(-2.,-3.));
#1095 = VECTOR('',#1096,1.);
#1096 = DIRECTION('',(-1.,0.));
#1097 = ( GEOMETRIC_REPRESENTATION_CONTEXT(2) 
PARAMETRIC_REPRESENTATION_CONTEXT() REPRESENTATION_CONTEXT('2D SPACE',''
  ) );
#1098 = PCURVE('',#411,#1099);
#1099 = DEFINITIONAL_REPRESENTATION('',(#1100),#1104);
#1100 = LINE('',#1101,#1102);
#1101 = CARTESIAN_POINT('',(2.,22.));
#1102 = VECTOR('',#1103,1.);
#1103 = DIRECTION('',(-1.,0.));
#1104 = ( GEOMETRIC_REPRESENTATION_CONTEXT(2) 
PARAMETRIC_REPRESENTATION_CONTEXT() REPRESENTATION_CONTEXT('2D SPACE',''
  ) );
#1105 = ORIENTED_EDGE('',*,*,#1055,.T.);
#1106 = FACE_BOUND('',#1107,.F.);
#1107 = EDGE_LOOP('',(#1108));
#1108 = ORIENTED_EDGE('',*,*,#1109,.T.);
#1109 = EDGE_CURVE('',#1110,#1110,#1112,.T.);
#1110 = VERTEX_POINT('',#1111);
#1111 = CARTESIAN_POINT('',(42.,-4.9,56.));
#1112 = SURFACE_CURVE('',#1113,(#1118,#1129),.PCURVE_S1.);
#1113 = CIRCLE('',#1114,1.1);
#1114 = AXIS2_PLACEMENT_3D('',#1115,#1116,#1117);
#1115 = CARTESIAN_POINT('',(42.,-6.,56.));
#1116 = DIRECTION('',(-1.,0.,0.));
#1117 = DIRECTION('',(0.,1.,0.));
#1118 = PCURVE('',#1070,#1119);
#1119 = DEFINITIONAL_REPRESENTATION('',(#1120),#1128);
#1120 = ( BOUNDED_CURVE() B_SPLINE_CURVE(2,(#1121,#1122,#1123,#1124,
#1125,#1126,#1127),.UNSPECIFIED.,.T.,.F.) B_SPLINE_CURVE_WITH_KNOTS((1,2
    ,2,2,2,1),(-2.094395102393,0.,2.094395102393,4.188790204786,
6.28318530718,8.377580409573),.UNSPECIFIED.) CURVE() 
GEOMETRIC_REPRESENTATION_ITEM() RATIONAL_B_SPLINE_CURVE((1.,0.5,1.,0.5,
1.,0.5,1.)) REPRESENTATION_ITEM('') );
#1121 = CARTESIAN_POINT('',(0.,-1.1));
#1122 = CARTESIAN_POINT('',(-1.905255888326,-1.1));
#1123 = CARTESIAN_POINT('',(-0.952627944163,0.55));
#1124 = CARTESIAN_POINT('',(-2.694222958124E-16,2.2));
#1125 = CARTESIAN_POINT('',(0.952627944163,0.55));
#1126 = CARTESIAN_POINT('',(1.905255888326,-1.1));
#1127 = CARTESIAN_POINT('',(0.,-1.1));
#1128 = ( GEOMETRIC_REPRESENTATION_CONTEXT(2) 
PARAMETRIC_REPRESENTATION_CONTEXT() REPRESENTATION_CONTEXT('2D SPACE',''
  ) );
#1129 = PCURVE('',#344,#1130);
#1130 = DEFINITIONAL_REPRESENTATION('',(#1131),#1135);
#1131 = LINE('',#1132,#1133);
#1132 = CARTESIAN_POINT('',(-4.138911435803E-13,-2.));
#1133 = VECTOR('',#1134,1.);
#1134 = DIRECTION('',(1.,-0.));
#1135 = ( GEOMETRIC_REPRESENTATION_CONTEXT(2) 
PARAMETRIC_REPRESENTATION_CONTEXT() REPRESENTATION_CONTEXT('2D SPACE',''
  ) );
#1136 = ADVANCED_FACE('',(#1137),#651,.T.);
#1137 = FACE_BOUND('',#1138,.T.);
#1138 = EDGE_LOOP('',(#1139,#1159,#1160,#1180));
#1139 = ORIENTED_EDGE('',*,*,#1140,.F.);
#1140 = EDGE_CURVE('',#635,#848,#1141,.T.);
#1141 = SURFACE_CURVE('',#1142,(#1146,#1152),.PCURVE_S1.);
#1142 = LINE('',#1143,#1144);
#1143 = CARTESIAN_POINT('',(42.,-3.,112.19722436226));
#1144 = VECTOR('',#1145,1.);
#1145 = DIRECTION('',(-1.,-0.,-0.));
#1146 = PCURVE('',#651,#1147);
#1147 = DEFINITIONAL_REPRESENTATION('',(#1148),#1151);
#1148 = B_SPLINE_CURVE_WITH_KNOTS('',1,(#1149,#1150),.UNSPECIFIED.,.F.,
  .F.,(2,2),(-10.0000006,5.999999999062E-07),.PIECEWISE_BEZIER_KNOTS.);
#1149 = CARTESIAN_POINT('',(0.541099525958,-10.0000006));
#1150 = CARTESIAN_POINT('',(0.541099525958,5.999999999062E-07));
#1151 = ( GEOMETRIC_REPRESENTATION_CONTEXT(2) 
PARAMETRIC_REPRESENTATION_CONTEXT() REPRESENTATION_CONTEXT('2D SPACE',''
  ) );
#1152 = PCURVE('',#411,#1153);
#1153 = DEFINITIONAL_REPRESENTATION('',(#1154),#1158);
#1154 = LINE('',#1155,#1156);
#1155 = CARTESIAN_POINT('',(60.19722436226,22.));
#1156 = VECTOR('',#1157,1.);
#1157 = DIRECTION('',(0.,-1.));
#1158 = ( GEOMETRIC_REPRESENTATION_CONTEXT(2) 
PARAMETRIC_REPRESENTATION_CONTEXT() REPRESENTATION_CONTEXT('2D SPACE',''
  ) );
#1159 = ORIENTED_EDGE('',*,*,#634,.F.);
#1160 = ORIENTED_EDGE('',*,*,#1161,.T.);
#1161 = EDGE_CURVE('',#612,#846,#1162,.T.);
#1162 = SURFACE_CURVE('',#1163,(#1167,#1173),.PCURVE_S1.);
#1163 = LINE('',#1164,#1165);
#1164 = CARTESIAN_POINT('',(42.,-3.,115.80277563773));
#1165 = VECTOR('',#1166,1.);
#1166 = DIRECTION('',(-1.,-0.,-0.));
#1167 = PCURVE('',#651,#1168);
#1168 = DEFINITIONAL_REPRESENTATION('',(#1169),#1172);
#1169 = B_SPLINE_CURVE_WITH_KNOTS('',1,(#1170,#1171),.UNSPECIFIED.,.F.,
  .F.,(2,2),(-10.0000006,5.999999999062E-07),.PIECEWISE_BEZIER_KNOTS.);
#1170 = CARTESIAN_POINT('',(5.742085781223,-10.0000006));
#1171 = CARTESIAN_POINT('',(5.742085781223,5.999999999062E-07));
#1172 = ( GEOMETRIC_REPRESENTATION_CONTEXT(2) 
PARAMETRIC_REPRESENTATION_CONTEXT() REPRESENTATION_CONTEXT('2D SPACE',''
  ) );
#1173 = PCURVE('',#411,#1174);
#1174 = DEFINITIONAL_REPRESENTATION('',(#1175),#1179);
#1175 = LINE('',#1176,#1177);
#1176 = CARTESIAN_POINT('',(63.80277563773,22.));
#1177 = VECTOR('',#1178,1.);
#1178 = DIRECTION('',(0.,-1.));
#1179 = ( GEOMETRIC_REPRESENTATION_CONTEXT(2) 
PARAMETRIC_REPRESENTATION_CONTEXT() REPRESENTATION_CONTEXT('2D SPACE',''
  ) );
#1180 = ORIENTED_EDGE('',*,*,#870,.T.);
#1181 = ADVANCED_FACE('',(#1182),#599,.F.);
#1182 = FACE_BOUND('',#1183,.F.);
#1183 = EDGE_LOOP('',(#1184,#1207,#1240,#1261));
#1184 = ORIENTED_EDGE('',*,*,#1185,.F.);
#1185 = EDGE_CURVE('',#1186,#584,#1188,.T.);
#1186 = VERTEX_POINT('',#1187);
#1187 = CARTESIAN_POINT('',(22.878279221602,-3.,118.));
#1188 = SURFACE_CURVE('',#1189,(#1193,#1200),.PCURVE_S1.);
#1189 = LINE('',#1190,#1191);
#1190 = CARTESIAN_POINT('',(20.,-3.,118.));
#1191 = VECTOR('',#1192,1.);
#1192 = DIRECTION('',(1.,0.,0.));
#1193 = PCURVE('',#599,#1194);
#1194 = DEFINITIONAL_REPRESENTATION('',(#1195),#1199);
#1195 = LINE('',#1196,#1197);
#1196 = CARTESIAN_POINT('',(0.,40.));
#1197 = VECTOR('',#1198,1.);
#1198 = DIRECTION('',(1.,0.));
#1199 = ( GEOMETRIC_REPRESENTATION_CONTEXT(2) 
PARAMETRIC_REPRESENTATION_CONTEXT() REPRESENTATION_CONTEXT('2D SPACE',''
  ) );
#1200 = PCURVE('',#411,#1201);
#1201 = DEFINITIONAL_REPRESENTATION('',(#1202),#1206);
#1202 = LINE('',#1203,#1204);
#1203 = CARTESIAN_POINT('',(66.,0.));
#1204 = VECTOR('',#1205,1.);
#1205 = DIRECTION('',(0.,1.));
#1206 = ( GEOMETRIC_REPRESENTATION_CONTEXT(2) 
PARAMETRIC_REPRESENTATION_CONTEXT() REPRESENTATION_CONTEXT('2D SPACE',''
  ) );
#1207 = ORIENTED_EDGE('',*,*,#1208,.T.);
#1208 = EDGE_CURVE('',#1186,#1209,#1211,.T.);
#1209 = VERTEX_POINT('',#1210);
#1210 = CARTESIAN_POINT('',(22.878279221602,-43.,118.));
#1211 = SURFACE_CURVE('',#1212,(#1217,#1228),.PCURVE_S1.);
#1212 = CIRCLE('',#1213,30.387755102041);
#1213 = AXIS2_PLACEMENT_3D('',#1214,#1215,#1216);
#1214 = CARTESIAN_POINT('',(0.,-23.,118.));
#1215 = DIRECTION('',(0.,0.,-1.));
#1216 = DIRECTION('',(0.752878228246,0.658159838818,0.));
#1217 = PCURVE('',#599,#1218);
#1218 = DEFINITIONAL_REPRESENTATION('',(#1219),#1227);
#1219 = ( BOUNDED_CURVE() B_SPLINE_CURVE(2,(#1220,#1221,#1222,#1223,
#1224,#1225,#1226),.UNSPECIFIED.,.T.,.F.) B_SPLINE_CURVE_WITH_KNOTS((1,2
    ,2,2,2,1),(-2.094395102393,0.,2.094395102393,4.188790204786,
6.28318530718,8.377580409573),.UNSPECIFIED.) CURVE() 
GEOMETRIC_REPRESENTATION_ITEM() RATIONAL_B_SPLINE_CURVE((1.,0.5,1.,0.5,
1.,0.5,1.)) REPRESENTATION_ITEM('') );
#1220 = CARTESIAN_POINT('',(2.878279221601,40.000000000002));
#1221 = CARTESIAN_POINT('',(37.519295372982,0.373657998443));
#1222 = CARTESIAN_POINT('',(-14.1186315351,-9.813171000781));
#1223 = CARTESIAN_POINT('',(-65.7565584432,-20.));
#1224 = CARTESIAN_POINT('',(-48.75964768649,29.813171000779));
#1225 = CARTESIAN_POINT('',(-31.76273692978,79.626342001562));
#1226 = CARTESIAN_POINT('',(2.878279221601,40.000000000002));
#1227 = ( GEOMETRIC_REPRESENTATION_CONTEXT(2) 
PARAMETRIC_REPRESENTATION_CONTEXT() REPRESENTATION_CONTEXT('2D SPACE',''
  ) );
#1228 = PCURVE('',#1229,#1234);
#1229 = CONICAL_SURFACE('',#1230,29.5,0.146893444148);
#1230 = AXIS2_PLACEMENT_3D('',#1231,#1232,#1233);
#1231 = CARTESIAN_POINT('',(0.,-23.,112.));
#1232 = DIRECTION('',(0.,0.,1.));
#1233 = DIRECTION('',(1.,0.,-0.));
#1234 = DEFINITIONAL_REPRESENTATION('',(#1235),#1239);
#1235 = LINE('',#1236,#1237);
#1236 = CARTESIAN_POINT('',(7.001557280408,6.));
#1237 = VECTOR('',#1238,1.);
#1238 = DIRECTION('',(-1.,-0.));
#1239 = ( GEOMETRIC_REPRESENTATION_CONTEXT(2) 
PARAMETRIC_REPRESENTATION_CONTEXT() REPRESENTATION_CONTEXT('2D SPACE',''
  ) );
#1240 = ORIENTED_EDGE('',*,*,#1241,.T.);
#1241 = EDGE_CURVE('',#1209,#561,#1242,.T.);
#1242 = SURFACE_CURVE('',#1243,(#1247,#1254),.PCURVE_S1.);
#1243 = LINE('',#1244,#1245);
#1244 = CARTESIAN_POINT('',(20.,-43.,118.));
#1245 = VECTOR('',#1246,1.);
#1246 = DIRECTION('',(1.,0.,0.));
#1247 = PCURVE('',#599,#1248);
#1248 = DEFINITIONAL_REPRESENTATION('',(#1249),#1253);
#1249 = LINE('',#1250,#1251);
#1250 = CARTESIAN_POINT('',(0.,0.));
#1251 = VECTOR('',#1252,1.);
#1252 = DIRECTION('',(1.,0.));
#1253 = ( GEOMETRIC_REPRESENTATION_CONTEXT(2) 
PARAMETRIC_REPRESENTATION_CONTEXT() REPRESENTATION_CONTEXT('2D SPACE',''
  ) );
#1254 = PCURVE('',#467,#1255);
#1255 = DEFINITIONAL_REPRESENTATION('',(#1256),#1260);
#1256 = LINE('',#1257,#1258);
#1257 = CARTESIAN_POINT('',(66.,0.));
#1258 = VECTOR('',#1259,1.);
#1259 = DIRECTION('',(0.,1.));
#1260 = ( GEOMETRIC_REPRESENTATION_CONTEXT(2) 
PARAMETRIC_REPRESENTATION_CONTEXT() REPRESENTATION_CONTEXT('2D SPACE',''
  ) );
#1261 = ORIENTED_EDGE('',*,*,#583,.F.);
#1262 = ADVANCED_FACE('',(#1263),#1229,.T.);
#1263 = FACE_BOUND('',#1264,.T.);
#1264 = EDGE_LOOP('',(#1265,#1296,#1321,#1322));
#1265 = ORIENTED_EDGE('',*,*,#1266,.F.);
#1266 = EDGE_CURVE('',#1267,#1269,#1271,.T.);
#1267 = VERTEX_POINT('',#1268);
#1268 = CARTESIAN_POINT('',(21.685248442201,-3.,112.));
#1269 = VERTEX_POINT('',#1270);
#1270 = CARTESIAN_POINT('',(21.685248442201,-43.,112.));
#1271 = SURFACE_CURVE('',#1272,(#1277,#1284),.PCURVE_S1.);
#1272 = CIRCLE('',#1273,29.5);
#1273 = AXIS2_PLACEMENT_3D('',#1274,#1275,#1276);
#1274 = CARTESIAN_POINT('',(0.,-23.,112.));
#1275 = DIRECTION('',(0.,0.,-1.));
#1276 = DIRECTION('',(0.735093167532,0.677966101695,0.));
#1277 = PCURVE('',#1229,#1278);
#1278 = DEFINITIONAL_REPRESENTATION('',(#1279),#1283);
#1279 = LINE('',#1280,#1281);
#1280 = CARTESIAN_POINT('',(7.028177541115,0.));
#1281 = VECTOR('',#1282,1.);
#1282 = DIRECTION('',(-1.,-0.));
#1283 = ( GEOMETRIC_REPRESENTATION_CONTEXT(2) 
PARAMETRIC_REPRESENTATION_CONTEXT() REPRESENTATION_CONTEXT('2D SPACE',''
  ) );
#1284 = PCURVE('',#1285,#1290);
#1285 = CYLINDRICAL_SURFACE('',#1286,29.5);
#1286 = AXIS2_PLACEMENT_3D('',#1287,#1288,#1289);
#1287 = CARTESIAN_POINT('',(0.,-23.,47.3));
#1288 = DIRECTION('',(0.,0.,1.));
#1289 = DIRECTION('',(1.,0.,-0.));
#1290 = DEFINITIONAL_REPRESENTATION('',(#1291),#1295);
#1291 = LINE('',#1292,#1293);
#1292 = CARTESIAN_POINT('',(7.028177541115,64.7));
#1293 = VECTOR('',#1294,1.);
#1294 = DIRECTION('',(-1.,-0.));
#1295 = ( GEOMETRIC_REPRESENTATION_CONTEXT(2) 
PARAMETRIC_REPRESENTATION_CONTEXT() REPRESENTATION_CONTEXT('2D SPACE',''
  ) );
#1296 = ORIENTED_EDGE('',*,*,#1297,.T.);
#1297 = EDGE_CURVE('',#1267,#1186,#1298,.T.);
#1298 = SURFACE_CURVE('',#1299,(#1304,#1314),.PCURVE_S1.);
#1299 = HYPERBOLA('',#1300,135.1724137931,20.);
#1300 = AXIS2_PLACEMENT_3D('',#1301,#1302,#1303);
#1301 = CARTESIAN_POINT('',(0.,-3.,-87.37931034482));
#1302 = DIRECTION('',(0.,1.,0.));
#1303 = DIRECTION('',(0.,-0.,1.));
#1304 = PCURVE('',#1229,#1305);
#1305 = DEFINITIONAL_REPRESENTATION('',(#1306),#1313);
#1306 = B_SPLINE_CURVE_WITH_KNOTS('',5,(#1307,#1308,#1309,#1310,#1311,
    #1312),.UNSPECIFIED.,.F.,.F.,(6,6),(0.939719100615,0.979566599769),
  .PIECEWISE_BEZIER_KNOTS.);
#1307 = CARTESIAN_POINT('',(7.028177541115,-5.143955103625E-16));
#1308 = CARTESIAN_POINT('',(7.022774490382,1.168028773211));
#1309 = CARTESIAN_POINT('',(7.017411005685,2.351886500606));
#1310 = CARTESIAN_POINT('',(7.012087029304,3.551727735507));
#1311 = CARTESIAN_POINT('',(7.006802485131,4.767711217124));
#1312 = CARTESIAN_POINT('',(7.001557280407,6.00000000016));
#1313 = ( GEOMETRIC_REPRESENTATION_CONTEXT(2) 
PARAMETRIC_REPRESENTATION_CONTEXT() REPRESENTATION_CONTEXT('2D SPACE',''
  ) );
#1314 = PCURVE('',#411,#1315);
#1315 = DEFINITIONAL_REPRESENTATION('',(#1316),#1320);
#1316 = HYPERBOLA('',#1317,135.1724137931,20.);
#1317 = AXIS2_PLACEMENT_2D('',#1318,#1319);
#1318 = CARTESIAN_POINT('',(-139.3793103448,-20.));
#1319 = DIRECTION('',(1.,0.));
#1320 = ( GEOMETRIC_REPRESENTATION_CONTEXT(2) 
PARAMETRIC_REPRESENTATION_CONTEXT() REPRESENTATION_CONTEXT('2D SPACE',''
  ) );
#1321 = ORIENTED_EDGE('',*,*,#1208,.T.);
#1322 = ORIENTED_EDGE('',*,*,#1323,.F.);
#1323 = EDGE_CURVE('',#1269,#1209,#1324,.T.);
#1324 = SURFACE_CURVE('',#1325,(#1330,#1340),.PCURVE_S1.);
#1325 = HYPERBOLA('',#1326,135.1724137931,20.);
#1326 = AXIS2_PLACEMENT_3D('',#1327,#1328,#1329);
#1327 = CARTESIAN_POINT('',(0.,-43.,-87.37931034482));
#1328 = DIRECTION('',(0.,1.,0.));
#1329 = DIRECTION('',(0.,-0.,1.));
#1330 = PCURVE('',#1229,#1331);
#1331 = DEFINITIONAL_REPRESENTATION('',(#1332),#1339);
#1332 = B_SPLINE_CURVE_WITH_KNOTS('',5,(#1333,#1334,#1335,#1336,#1337,
    #1338),.UNSPECIFIED.,.F.,.F.,(6,6),(0.939719100615,0.979566599769),
  .PIECEWISE_BEZIER_KNOTS.);
#1333 = CARTESIAN_POINT('',(5.538193073244,-2.884162413274E-14));
#1334 = CARTESIAN_POINT('',(5.543596123977,1.168028773211));
#1335 = CARTESIAN_POINT('',(5.548959608674,2.351886500606));
#1336 = CARTESIAN_POINT('',(5.554283585055,3.551727735507));
#1337 = CARTESIAN_POINT('',(5.559568129228,4.767711217124));
#1338 = CARTESIAN_POINT('',(5.564813333952,6.00000000016));
#1339 = ( GEOMETRIC_REPRESENTATION_CONTEXT(2) 
PARAMETRIC_REPRESENTATION_CONTEXT() REPRESENTATION_CONTEXT('2D SPACE',''
  ) );
#1340 = PCURVE('',#467,#1341);
#1341 = DEFINITIONAL_REPRESENTATION('',(#1342),#1346);
#1342 = HYPERBOLA('',#1343,135.1724137931,20.);
#1343 = AXIS2_PLACEMENT_2D('',#1344,#1345);
#1344 = CARTESIAN_POINT('',(-139.3793103448,-20.));
#1345 = DIRECTION('',(1.,0.));
#1346 = ( GEOMETRIC_REPRESENTATION_CONTEXT(2) 
PARAMETRIC_REPRESENTATION_CONTEXT() REPRESENTATION_CONTEXT('2D SPACE',''
  ) );
#1347 = ADVANCED_FACE('',(#1348,#1417),#1285,.T.);
#1348 = FACE_BOUND('',#1349,.T.);
#1349 = EDGE_LOOP('',(#1350,#1376,#1396,#1397));
#1350 = ORIENTED_EDGE('',*,*,#1351,.T.);
#1351 = EDGE_CURVE('',#1352,#1354,#1356,.T.);
#1352 = VERTEX_POINT('',#1353);
#1353 = CARTESIAN_POINT('',(21.685248442201,-43.,52.));
#1354 = VERTEX_POINT('',#1355);
#1355 = CARTESIAN_POINT('',(21.685248442201,-3.,52.));
#1356 = SURFACE_CURVE('',#1357,(#1362,#1369),.PCURVE_S1.);
#1357 = CIRCLE('',#1358,29.5);
#1358 = AXIS2_PLACEMENT_3D('',#1359,#1360,#1361);
#1359 = CARTESIAN_POINT('',(0.,-23.,52.));
#1360 = DIRECTION('',(0.,0.,1.));
#1361 = DIRECTION('',(0.735093167532,-0.677966101695,0.));
#1362 = PCURVE('',#1285,#1363);
#1363 = DEFINITIONAL_REPRESENTATION('',(#1364),#1368);
#1364 = LINE('',#1365,#1366);
#1365 = CARTESIAN_POINT('',(5.538193073244,4.7));
#1366 = VECTOR('',#1367,1.);
#1367 = DIRECTION('',(1.,0.));
#1368 = ( GEOMETRIC_REPRESENTATION_CONTEXT(2) 
PARAMETRIC_REPRESENTATION_CONTEXT() REPRESENTATION_CONTEXT('2D SPACE',''
  ) );
#1369 = PCURVE('',#439,#1370);
#1370 = DEFINITIONAL_REPRESENTATION('',(#1371),#1375);
#1371 = CIRCLE('',#1372,29.5);
#1372 = AXIS2_PLACEMENT_2D('',#1373,#1374);
#1373 = CARTESIAN_POINT('',(-20.,20.));
#1374 = DIRECTION('',(0.735093167532,-0.677966101695));
#1375 = ( GEOMETRIC_REPRESENTATION_CONTEXT(2) 
PARAMETRIC_REPRESENTATION_CONTEXT() REPRESENTATION_CONTEXT('2D SPACE',''
  ) );
#1376 = ORIENTED_EDGE('',*,*,#1377,.T.);
#1377 = EDGE_CURVE('',#1354,#1267,#1378,.T.);
#1378 = SURFACE_CURVE('',#1379,(#1383,#1389),.PCURVE_S1.);
#1379 = LINE('',#1380,#1381);
#1380 = CARTESIAN_POINT('',(21.685248442201,-3.,47.3));
#1381 = VECTOR('',#1382,1.);
#1382 = DIRECTION('',(0.,0.,1.));
#1383 = PCURVE('',#1285,#1384);
#1384 = DEFINITIONAL_REPRESENTATION('',(#1385),#1388);
#1385 = B_SPLINE_CURVE_WITH_KNOTS('',1,(#1386,#1387),.UNSPECIFIED.,.F.,
  .F.,(2,2),(4.7,64.7),.PIECEWISE_BEZIER_KNOTS.);
#1386 = CARTESIAN_POINT('',(7.028177541115,4.7));
#1387 = CARTESIAN_POINT('',(7.028177541115,64.7));
#1388 = ( GEOMETRIC_REPRESENTATION_CONTEXT(2) 
PARAMETRIC_REPRESENTATION_CONTEXT() REPRESENTATION_CONTEXT('2D SPACE',''
  ) );
#1389 = PCURVE('',#411,#1390);
#1390 = DEFINITIONAL_REPRESENTATION('',(#1391),#1395);
#1391 = LINE('',#1392,#1393);
#1392 = CARTESIAN_POINT('',(-4.7,1.685248442201));
#1393 = VECTOR('',#1394,1.);
#1394 = DIRECTION('',(1.,0.));
#1395 = ( GEOMETRIC_REPRESENTATION_CONTEXT(2) 
PARAMETRIC_REPRESENTATION_CONTEXT() REPRESENTATION_CONTEXT('2D SPACE',''
  ) );
#1396 = ORIENTED_EDGE('',*,*,#1266,.T.);
#1397 = ORIENTED_EDGE('',*,*,#1398,.F.);
#1398 = EDGE_CURVE('',#1352,#1269,#1399,.T.);
#1399 = SURFACE_CURVE('',#1400,(#1404,#1410),.PCURVE_S1.);
#1400 = LINE('',#1401,#1402);
#1401 = CARTESIAN_POINT('',(21.685248442201,-43.,47.3));
#1402 = VECTOR('',#1403,1.);
#1403 = DIRECTION('',(0.,0.,1.));
#1404 = PCURVE('',#1285,#1405);
#1405 = DEFINITIONAL_REPRESENTATION('',(#1406),#1409);
#1406 = B_SPLINE_CURVE_WITH_KNOTS('',1,(#1407,#1408),.UNSPECIFIED.,.F.,
  .F.,(2,2),(4.7,64.7),.PIECEWISE_BEZIER_KNOTS.);
#1407 = CARTESIAN_POINT('',(5.538193073244,4.7));
#1408 = CARTESIAN_POINT('',(5.538193073244,64.7));
#1409 = ( GEOMETRIC_REPRESENTATION_CONTEXT(2) 
PARAMETRIC_REPRESENTATION_CONTEXT() REPRESENTATION_CONTEXT('2D SPACE',''
  ) );
#1410 = PCURVE('',#467,#1411);
#1411 = DEFINITIONAL_REPRESENTATION('',(#1412),#1416);
#1412 = LINE('',#1413,#1414);
#1413 = CARTESIAN_POINT('',(-4.7,1.685248442201));
#1414 = VECTOR('',#1415,1.);
#1415 = DIRECTION('',(1.,0.));
#1416 = ( GEOMETRIC_REPRESENTATION_CONTEXT(2) 
PARAMETRIC_REPRESENTATION_CONTEXT() REPRESENTATION_CONTEXT('2D SPACE',''
  ) );
#1417 = FACE_BOUND('',#1418,.T.);
#1418 = EDGE_LOOP('',(#1419));
#1419 = ORIENTED_EDGE('',*,*,#1420,.F.);
#1420 = EDGE_CURVE('',#1421,#1421,#1423,.T.);
#1421 = VERTEX_POINT('',#1422);
#1422 = CARTESIAN_POINT('',(29.227555491351,-19.,100.));
#1423 = SURFACE_CURVE('',#1424,(#1504,#1621),.PCURVE_S1.);
#1424 = B_SPLINE_CURVE_WITH_KNOTS('',8,(#1425,#1426,#1427,#1428,#1429,
    #1430,#1431,#1432,#1433,#1434,#1435,#1436,#1437,#1438,#1439,#1440,
    #1441,#1442,#1443,#1444,#1445,#1446,#1447,#1448,#1449,#1450,#1451,
    #1452,#1453,#1454,#1455,#1456,#1457,#1458,#1459,#1460,#1461,#1462,
    #1463,#1464,#1465,#1466,#1467,#1468,#1469,#1470,#1471,#1472,#1473,
    #1474,#1475,#1476,#1477,#1478,#1479,#1480,#1481,#1482,#1483,#1484,
    #1485,#1486,#1487,#1488,#1489,#1490,#1491,#1492,#1493,#1494,#1495,
    #1496,#1497,#1498,#1499,#1500,#1501,#1502,#1503),.UNSPECIFIED.,.T.,
  .F.,(1,8,7,7,7,7,7,7,7,7,7,7,8,1),(-0.69079921934,0.,0.526820500141,
    0.810494517755,1.,1.314998361524,1.607659569329,2.005724803601,
    2.403790034193,2.696451236435,3.011449589344,3.326447942332,
    4.017247161672,4.544067661813),.UNSPECIFIED.);
#1425 = CARTESIAN_POINT('',(29.227555491351,-19.,100.));
#1426 = CARTESIAN_POINT('',(29.227555491351,-19.,100.35817473411));
#1427 = CARTESIAN_POINT('',(29.232571796695,-19.03665416505,
    100.71592213407));
#1428 = CARTESIAN_POINT('',(29.242583795326,-19.10980855015,
    101.07128758331));
#1429 = CARTESIAN_POINT('',(29.257411776327,-19.22007404821,
    101.4221858368));
#1430 = CARTESIAN_POINT('',(29.276703775335,-19.36866333455,
    101.76603096309));
#1431 = CARTESIAN_POINT('',(29.299857940235,-19.55727571757,
    102.09945916045));
#1432 = CARTESIAN_POINT('',(29.325908574357,-19.78793806348,
    102.41795641668));
#1433 = CARTESIAN_POINT('',(29.368209326575,-20.21066481297,
    102.87525963789));
#1434 = CARTESIAN_POINT('',(29.383472355994,-20.3717959887,
    103.02957300388));
#1435 = CARTESIAN_POINT('',(29.398941056434,-20.54625074617,
    103.17678646329));
#1436 = CARTESIAN_POINT('',(29.414316839068,-20.73407653402,
    103.31546525652));
#1437 = CARTESIAN_POINT('',(29.429255300726,-20.93520393255,
    103.44408575715));
#1438 = CARTESIAN_POINT('',(29.443372807808,-21.14942750299,
    103.56102340183));
#1439 = CARTESIAN_POINT('',(29.456258935885,-21.37638454635,
    103.66453927436));
#1440 = CARTESIAN_POINT('',(29.475000743971,-21.77529159265,
    103.8117038533));
#1441 = CARTESIAN_POINT('',(29.481768886944,-21.94046306348,
    103.86380821929));
#1442 = CARTESIAN_POINT('',(29.487648103294,-22.11030992287,
    103.90831440783));
#1443 = CARTESIAN_POINT('',(29.492503973914,-22.28402879115,
    103.94459824734));
#1444 = CARTESIAN_POINT('',(29.496227306487,-22.46076322761,
    103.9721766536));
#1445 = CARTESIAN_POINT('',(29.498740254505,-22.63961797257,
    103.99070919534));
#1446 = CARTESIAN_POINT('',(29.5,-22.81967337415,104.));
#1447 = CARTESIAN_POINT('',(29.5,-23.29974115265,104.));
#1448 = CARTESIAN_POINT('',(29.496519302966,-23.5970237196,
    103.97433013623));
#1449 = CARTESIAN_POINT('',(29.489658013029,-23.88848690355,
    103.92372696639));
#1450 = CARTESIAN_POINT('',(29.479730637688,-24.17090296537,
    103.84960909606));
#1451 = CARTESIAN_POINT('',(29.467247169526,-24.44129568124,
    103.75404924213));
#1452 = CARTESIAN_POINT('',(29.452850445889,-24.69704972588,
    103.63975399593));
#1453 = CARTESIAN_POINT('',(29.437234498586,-24.93600792139,
    103.51004921031));
#1454 = CARTESIAN_POINT('',(29.40604906806,-25.36145935566,
    103.23770003058));
#1455 = CARTESIAN_POINT('',(29.390429940234,-25.55217429438,
    103.09553562976));
#1456 = CARTESIAN_POINT('',(29.374596287276,-25.72882616198,
    102.94403182397));
#1457 = CARTESIAN_POINT('',(29.358882584788,-25.89163623845,
    102.78461819233));
#1458 = CARTESIAN_POINT('',(29.343571854639,-26.04088991976,
    102.61852449154));
#1459 = CARTESIAN_POINT('',(29.328897934785,-26.1769091677,
    102.44680629461));
#1460 = CARTESIAN_POINT('',(29.315050883184,-26.30002651954,
    102.27036957824));
#1461 = CARTESIAN_POINT('',(29.284686594357,-26.56090445534,
    101.84465547855));
#1462 = CARTESIAN_POINT('',(29.268987488649,-26.68810755563,
    101.59180525484));
#1463 = CARTESIAN_POINT('',(29.255476252144,-26.79295589858,
    101.33329092707));
#1464 = CARTESIAN_POINT('',(29.24442602147,-26.87612195389,
    101.07059161897));
#1465 = CARTESIAN_POINT('',(29.236021672194,-26.93813775973,
    100.80492057305));
#1466 = CARTESIAN_POINT('',(29.230378866299,-26.97937041145,
    100.53731426219));
#1467 = CARTESIAN_POINT('',(29.227555491351,-27.,100.26870827858));
#1468 = CARTESIAN_POINT('',(29.227555491351,-27.,99.731291723903));
#1469 = CARTESIAN_POINT('',(29.230378866406,-26.97937041057,
    99.462685733597));
#1470 = CARTESIAN_POINT('',(29.236021672118,-26.93813776038,
    99.195079426882));
#1471 = CARTESIAN_POINT('',(29.244426021332,-26.87612195504,
    98.929408384932));
#1472 = CARTESIAN_POINT('',(29.255476252218,-26.79295589794,
    98.666709073017));
#1473 = CARTESIAN_POINT('',(29.268987488835,-26.68810755407,
    98.408194741016));
#1474 = CARTESIAN_POINT('',(29.284686594192,-26.56090445676,
    98.155344523754));
#1475 = CARTESIAN_POINT('',(29.315050883179,-26.30002651957,
    97.729630421818));
#1476 = CARTESIAN_POINT('',(29.328897934788,-26.17690916769,
    97.553193705343));
#1477 = CARTESIAN_POINT('',(29.343571854644,-26.04088991971,
    97.381475508398));
#1478 = CARTESIAN_POINT('',(29.358882584788,-25.89163623844,
    97.21538180767));
#1479 = CARTESIAN_POINT('',(29.374596287271,-25.72882616204,
    97.055968176075));
#1480 = CARTESIAN_POINT('',(29.390429940231,-25.55217429443,
    96.904464370256));
#1481 = CARTESIAN_POINT('',(29.406049068065,-25.36145935559,
    96.762299969369));
#1482 = CARTESIAN_POINT('',(29.437234498445,-24.9360079233,
    96.489950790913));
#1483 = CARTESIAN_POINT('',(29.452850446173,-24.6970497228,
    96.360246001612));
#1484 = CARTESIAN_POINT('',(29.467247169384,-24.44129568065,
    96.245950759107));
#1485 = CARTESIAN_POINT('',(29.479730637572,-24.17090296889,
    96.150390904921));
#1486 = CARTESIAN_POINT('',(29.48965801317,-23.88848690411,
    96.076273032368));
#1487 = CARTESIAN_POINT('',(29.496519302929,-23.59702371509,
    96.025669864113));
#1488 = CARTESIAN_POINT('',(29.5,-23.29974115523,96.));
#1489 = CARTESIAN_POINT('',(29.5,-22.70025884468,96.));
#1490 = CARTESIAN_POINT('',(29.496519302927,-22.40297628485,
    96.025669864126));
#1491 = CARTESIAN_POINT('',(29.489658013169,-22.11151309591,
    96.076273032376));
#1492 = CARTESIAN_POINT('',(29.479730637575,-21.82909703118,
    96.150390904901));
#1493 = CARTESIAN_POINT('',(29.467247169388,-21.5587043194,
    96.24595075907));
#1494 = CARTESIAN_POINT('',(29.452850446173,-21.30295027717,
    96.360246001607));
#1495 = CARTESIAN_POINT('',(29.437234498438,-21.06399207659,
    96.489950790975));
#1496 = CARTESIAN_POINT('',(29.385616400967,-20.35978523278,
    96.940742916278));
#1497 = CARTESIAN_POINT('',(29.346859147464,-19.95567469153,
    97.311306290289));
#1498 = CARTESIAN_POINT('',(29.309830989773,-19.62860611055,
    97.721168534267));
#1499 = CARTESIAN_POINT('',(29.27794535074,-19.37369314504,
    98.156359637642));
#1500 = CARTESIAN_POINT('',(29.253032540078,-19.18617043523,
    98.60732668847));
#1501 = CARTESIAN_POINT('',(29.236080282452,-19.06228717783,
    99.067654343499));
#1502 = CARTESIAN_POINT('',(29.227555491351,-19.,99.533092638664));
#1503 = CARTESIAN_POINT('',(29.227555491351,-19.,100.));
#1504 = PCURVE('',#1285,#1505);
#1505 = DEFINITIONAL_REPRESENTATION('',(#1506),#1620);
#1506 = B_SPLINE_CURVE_WITH_KNOTS('',3,(#1507,#1508,#1509,#1510,#1511,
    #1512,#1513,#1514,#1515,#1516,#1517,#1518,#1519,#1520,#1521,#1522,
    #1523,#1524,#1525,#1526,#1527,#1528,#1529,#1530,#1531,#1532,#1533,
    #1534,#1535,#1536,#1537,#1538,#1539,#1540,#1541,#1542,#1543,#1544,
    #1545,#1546,#1547,#1548,#1549,#1550,#1551,#1552,#1553,#1554,#1555,
    #1556,#1557,#1558,#1559,#1560,#1561,#1562,#1563,#1564,#1565,#1566,
    #1567,#1568,#1569,#1570,#1571,#1572,#1573,#1574,#1575,#1576,#1577,
    #1578,#1579,#1580,#1581,#1582,#1583,#1584,#1585,#1586,#1587,#1588,
    #1589,#1590,#1591,#1592,#1593,#1594,#1595,#1596,#1597,#1598,#1599,
    #1600,#1601,#1602,#1603,#1604,#1605,#1606,#1607,#1608,#1609,#1610,
    #1611,#1612,#1613,#1614,#1615,#1616,#1617,#1618,#1619),
  .UNSPECIFIED.,.T.,.F.,(1,3,1,1,1,1,1,1,1,1,1,1,1,1,1,1,1,1,1,1,1,1,1,1
    ,1,1,1,1,1,1,1,1,1,1,1,1,1,1,1,1,1,1,1,1,1,1,1,1,1,1,1,1,1,1,1,1,1,1
    ,1,1,1,1,1,1,1,1,1,1,1,1,1,1,1,1,1,1,1,1,1,1,1,1,1,1,1,1,1,1,1,1,1,1
    ,1,1,1,1,1,1,1,1,1,1,1,1,1,1,1,1,1,1,1,3,1),(-3.6520428743E-02,0.,
    3.652042874247E-02,7.304085748494E-02,0.109561286227,0.14608171497,
    0.182602143712,0.219122572455,0.255643001197,0.29216342994,
    0.328683858682,0.365204287425,0.401724716167,0.43824514491,
    0.474765573652,0.511286002395,0.547806431137,0.58432685988,
    0.620847288622,0.657367717364,0.693888146107,0.730408574849,
    0.766929003592,0.803449432334,0.839969861077,0.876490289819,
    0.913010718562,0.949531147304,0.986051576047,1.022572004789,
    1.059092433532,1.095612862274,1.132133291017,1.168653719759,
    1.205174148501,1.241694577244,1.278215005986,1.314735434729,
    1.351255863471,1.387776292214,1.424296720956,1.460817149699,
    1.497337578441,1.533858007184,1.570378435926,1.606898864669,
    1.643419293411,1.679939722154,1.716460150896,1.752980579639,
    1.789501008381,1.826021437123,1.862541865866,1.899062294608,
    1.935582723351,1.972103152093,2.008623580836,2.045144009578,
    2.081664438321,2.118184867063,2.154705295806,2.191225724548,
    2.227746153291,2.264266582033,2.300787010776,2.337307439518,
    2.373827868261,2.410348297003,2.446868725745,2.483389154488,
    2.51990958323,2.556430011973,2.592950440715,2.629470869458,
    2.6659912982,2.702511726943,2.739032155685,2.775552584428,
    2.81207301317,2.848593441913,2.885113870655,2.921634299398,
    2.95815472814,2.994675156882,3.031195585625,3.067716014367,
    3.10423644311,3.140756871852,3.177277300595,3.213797729337,
    3.25031815808,3.286838586822,3.323359015565,3.359879444307,
    3.39639987305,3.432920301792,3.469440730535,3.505961159277,
    3.54248158802,3.579002016762,3.615522445504,3.652042874247,
    3.688563302989,3.725083731732,3.761604160474,3.798124589217,
    3.834645017959,3.871165446702,3.907685875444,3.944206304187,
    3.980726732929,4.017247161672,4.053767590414),.UNSPECIFIED.);
#1507 = CARTESIAN_POINT('',(6.419197495191,52.7));
#1508 = CARTESIAN_POINT('',(6.419197420251,52.766211218455));
#1509 = CARTESIAN_POINT('',(6.419085058719,52.898598287472));
#1510 = CARTESIAN_POINT('',(6.418579005614,53.096840389975));
#1511 = CARTESIAN_POINT('',(6.417734905822,53.294516263574));
#1512 = CARTESIAN_POINT('',(6.416551033556,53.491381837261));
#1513 = CARTESIAN_POINT('',(6.415024951532,53.687177679436));
#1514 = CARTESIAN_POINT('',(6.413153449964,53.881624143981));
#1515 = CARTESIAN_POINT('',(6.410932629894,54.074418063932));
#1516 = CARTESIAN_POINT('',(6.408357948687,54.265228938128));
#1517 = CARTESIAN_POINT('',(6.405424277655,54.453695095328));
#1518 = CARTESIAN_POINT('',(6.402125959098,54.639419602485));
#1519 = CARTESIAN_POINT('',(6.398456868477,54.82196601597));
#1520 = CARTESIAN_POINT('',(6.394410476457,55.000853463943));
#1521 = CARTESIAN_POINT('',(6.389979930909,55.175552658334));
#1522 = CARTESIAN_POINT('',(6.385158088496,55.345476604406));
#1523 = CARTESIAN_POINT('',(6.379937761959,55.509988987642));
#1524 = CARTESIAN_POINT('',(6.374299925437,55.668679341219));
#1525 = CARTESIAN_POINT('',(6.368245663225,55.820445582876));
#1526 = CARTESIAN_POINT('',(6.361774734656,55.964258625123));
#1527 = CARTESIAN_POINT('',(6.354889590445,56.099016127656));
#1528 = CARTESIAN_POINT('',(6.347594569509,56.223577436431));
#1529 = CARTESIAN_POINT('',(6.339895912607,56.336752503919));
#1530 = CARTESIAN_POINT('',(6.331803363978,56.437292956736));
#1531 = CARTESIAN_POINT('',(6.32332464486,56.523919851313));
#1532 = CARTESIAN_POINT('',(6.314515707875,56.594937416402));
#1533 = CARTESIAN_POINT('',(6.305443834281,56.648923772653));
#1534 = CARTESIAN_POINT('',(6.296178137767,56.684794968599));
#1535 = CARTESIAN_POINT('',(6.286790371512,56.7018122805));
#1536 = CARTESIAN_POINT('',(6.277356134457,56.699508206832));
#1537 = CARTESIAN_POINT('',(6.268034253386,56.678109465317));
#1538 = CARTESIAN_POINT('',(6.2588647587,56.638272524806));
#1539 = CARTESIAN_POINT('',(6.249907066975,56.580802134255));
#1540 = CARTESIAN_POINT('',(6.241212227462,56.506716088033));
#1541 = CARTESIAN_POINT('',(6.232829499861,56.417219771537));
#1542 = CARTESIAN_POINT('',(6.224804881776,56.313725953858));
#1543 = CARTESIAN_POINT('',(6.217177552682,56.197785562302));
#1544 = CARTESIAN_POINT('',(6.209992752524,56.07133089137));
#1545 = CARTESIAN_POINT('',(6.203251063914,55.935759559627));
#1546 = CARTESIAN_POINT('',(6.196916503348,55.791509635812));
#1547 = CARTESIAN_POINT('',(6.190993713227,55.639690644092));
#1548 = CARTESIAN_POINT('',(6.185475317195,55.481127423131));
#1549 = CARTESIAN_POINT('',(6.180356235935,55.31662245332));
#1550 = CARTESIAN_POINT('',(6.175630108939,55.146893907299));
#1551 = CARTESIAN_POINT('',(6.171290328382,54.972592006386));
#1552 = CARTESIAN_POINT('',(6.167330508004,54.79432594991));
#1553 = CARTESIAN_POINT('',(6.163742589836,54.612569766829));
#1554 = CARTESIAN_POINT('',(6.160518726523,54.427710140423));
#1555 = CARTESIAN_POINT('',(6.157653479995,54.240185443945));
#1556 = CARTESIAN_POINT('',(6.155141395558,54.050374357379));
#1557 = CARTESIAN_POINT('',(6.152977695835,53.858630875107));
#1558 = CARTESIAN_POINT('',(6.151158139084,53.665279975632));
#1559 = CARTESIAN_POINT('',(6.149679100904,53.470623436069));
#1560 = CARTESIAN_POINT('',(6.148537595125,53.274943451745));
#1561 = CARTESIAN_POINT('',(6.147731311089,53.078503936812));
#1562 = CARTESIAN_POINT('',(6.147258642158,52.881562341888));
#1563 = CARTESIAN_POINT('',(6.147118728568,52.684340768803));
#1564 = CARTESIAN_POINT('',(6.147311446699,52.487150248828));
#1565 = CARTESIAN_POINT('',(6.14783699733,52.290271316177));
#1566 = CARTESIAN_POINT('',(6.148696371978,52.093935411419));
#1567 = CARTESIAN_POINT('',(6.149891288238,51.898399744286));
#1568 = CARTESIAN_POINT('',(6.151424166833,51.703931196234));
#1569 = CARTESIAN_POINT('',(6.153298097849,51.510814735716));
#1570 = CARTESIAN_POINT('',(6.155516803841,51.319355694987));
#1571 = CARTESIAN_POINT('',(6.158084621974,51.129883040206));
#1572 = CARTESIAN_POINT('',(6.16100640923,50.942755758945));
#1573 = CARTESIAN_POINT('',(6.164287732947,50.758356736913));
#1574 = CARTESIAN_POINT('',(6.167933994173,50.577134512574));
#1575 = CARTESIAN_POINT('',(6.171953748876,50.399456901872));
#1576 = CARTESIAN_POINT('',(6.176354394531,50.225840920948));
#1577 = CARTESIAN_POINT('',(6.181142483357,50.056895914885));
#1578 = CARTESIAN_POINT('',(6.186324523337,49.893284850611));
#1579 = CARTESIAN_POINT('',(6.191906851243,49.735735806724));
#1580 = CARTESIAN_POINT('',(6.1978943218,49.585064723043));
#1581 = CARTESIAN_POINT('',(6.204294650254,49.4421033945));
#1582 = CARTESIAN_POINT('',(6.211101314393,49.307995708085));
#1583 = CARTESIAN_POINT('',(6.218360578202,49.183042050197));
#1584 = CARTESIAN_POINT('',(6.226053037518,49.068974650738));
#1585 = CARTESIAN_POINT('',(6.234137521946,48.967598531763));
#1586 = CARTESIAN_POINT('',(6.24257289035,48.880460656848));
#1587 = CARTESIAN_POINT('',(6.251312851186,48.808936594628));
#1588 = CARTESIAN_POINT('',(6.260307654841,48.754202064285));
#1589 = CARTESIAN_POINT('',(6.269505330304,48.71724594417));
#1590 = CARTESIAN_POINT('',(6.278847922176,48.698830912442));
#1591 = CARTESIAN_POINT('',(6.28828822853,48.699620324355));
#1592 = CARTESIAN_POINT('',(6.297619601336,48.71956869418));
#1593 = CARTESIAN_POINT('',(6.306803216399,48.758003337769));
#1594 = CARTESIAN_POINT('',(6.315779106886,48.81414343287));
#1595 = CARTESIAN_POINT('',(6.324496112947,48.886984400267));
#1596 = CARTESIAN_POINT('',(6.332904634465,48.97533535989));
#1597 = CARTESIAN_POINT('',(6.340958589219,49.077802327381));
#1598 = CARTESIAN_POINT('',(6.34861769965,49.192833612965));
#1599 = CARTESIAN_POINT('',(6.355839209685,49.318569048435));
#1600 = CARTESIAN_POINT('',(6.362611494718,49.453410215744));
#1601 = CARTESIAN_POINT('',(6.36897558444,49.596974004721));
#1602 = CARTESIAN_POINT('',(6.374927040766,49.74815054036));
#1603 = CARTESIAN_POINT('',(6.380474165254,49.906129521144));
#1604 = CARTESIAN_POINT('',(6.385622454655,50.070120944033));
#1605 = CARTESIAN_POINT('',(6.390378568465,50.239421490097));
#1606 = CARTESIAN_POINT('',(6.394749086144,50.413389049341));
#1607 = CARTESIAN_POINT('',(6.398740676044,50.591442529513));
#1608 = CARTESIAN_POINT('',(6.402359899561,50.773055473751));
#1609 = CARTESIAN_POINT('',(6.405613124515,50.957751836936));
#1610 = CARTESIAN_POINT('',(6.408506418834,51.145101602253));
#1611 = CARTESIAN_POINT('',(6.411045457385,51.334716779383));
#1612 = CARTESIAN_POINT('',(6.413235431163,51.526247566171));
#1613 = CARTESIAN_POINT('',(6.415080961163,51.719378645487));
#1614 = CARTESIAN_POINT('',(6.416586010878,51.913825600828));
#1615 = CARTESIAN_POINT('',(6.417753812068,52.109331208506));
#1616 = CARTESIAN_POINT('',(6.418586744342,52.305662266966));
#1617 = CARTESIAN_POINT('',(6.41908638504,52.502604250194));
#1618 = CARTESIAN_POINT('',(6.419197406054,52.634177200397));
#1619 = CARTESIAN_POINT('',(6.419197495191,52.7));
#1620 = ( GEOMETRIC_REPRESENTATION_CONTEXT(2) 
PARAMETRIC_REPRESENTATION_CONTEXT() REPRESENTATION_CONTEXT('2D SPACE',''
  ) );
#1621 = PCURVE('',#1622,#1627);
#1622 = CYLINDRICAL_SURFACE('',#1623,4.);
#1623 = AXIS2_PLACEMENT_3D('',#1624,#1625,#1626);
#1624 = CARTESIAN_POINT('',(15.,-23.,100.));
#1625 = DIRECTION('',(-1.,-0.,-0.));
#1626 = DIRECTION('',(0.,1.,0.));
#1627 = DEFINITIONAL_REPRESENTATION('',(#1628),#1742);
#1628 = B_SPLINE_CURVE_WITH_KNOTS('',3,(#1629,#1630,#1631,#1632,#1633,
    #1634,#1635,#1636,#1637,#1638,#1639,#1640,#1641,#1642,#1643,#1644,
    #1645,#1646,#1647,#1648,#1649,#1650,#1651,#1652,#1653,#1654,#1655,
    #1656,#1657,#1658,#1659,#1660,#1661,#1662,#1663,#1664,#1665,#1666,
    #1667,#1668,#1669,#1670,#1671,#1672,#1673,#1674,#1675,#1676,#1677,
    #1678,#1679,#1680,#1681,#1682,#1683,#1684,#1685,#1686,#1687,#1688,
    #1689,#1690,#1691,#1692,#1693,#1694,#1695,#1696,#1697,#1698,#1699,
    #1700,#1701,#1702,#1703,#1704,#1705,#1706,#1707,#1708,#1709,#1710,
    #1711,#1712,#1713,#1714,#1715,#1716,#1717,#1718,#1719,#1720,#1721,
    #1722,#1723,#1724,#1725,#1726,#1727,#1728,#1729,#1730,#1731,#1732,
    #1733,#1734,#1735,#1736,#1737,#1738,#1739,#1740,#1741),
  .UNSPECIFIED.,.F.,.F.,(4,1,1,1,1,1,1,1,1,1,1,1,1,1,1,1,1,1,1,1,1,1,1,1
    ,1,1,1,1,1,1,1,1,1,1,1,1,1,1,1,1,1,1,1,1,1,1,1,1,1,1,1,1,1,1,1,1,1,1
    ,1,1,1,1,1,1,1,1,1,1,1,1,1,1,1,1,1,1,1,1,1,1,1,1,1,1,1,1,1,1,1,1,1,1
    ,1,1,1,1,1,1,1,1,1,1,1,1,1,1,1,1,1,1,4),(0.,3.652042874247E-02,
    7.304085748494E-02,0.109561286227,0.14608171497,0.182602143712,
    0.219122572455,0.255643001197,0.29216342994,0.328683858682,
    0.365204287425,0.401724716167,0.43824514491,0.474765573652,
    0.511286002395,0.547806431137,0.58432685988,0.620847288622,
    0.657367717364,0.693888146107,0.730408574849,0.766929003592,
    0.803449432334,0.839969861077,0.876490289819,0.913010718562,
    0.949531147304,0.986051576047,1.022572004789,1.059092433532,
    1.095612862274,1.132133291017,1.168653719759,1.205174148501,
    1.241694577244,1.278215005986,1.314735434729,1.351255863471,
    1.387776292214,1.424296720956,1.460817149699,1.497337578441,
    1.533858007184,1.570378435926,1.606898864669,1.643419293411,
    1.679939722154,1.716460150896,1.752980579639,1.789501008381,
    1.826021437123,1.862541865866,1.899062294608,1.935582723351,
    1.972103152093,2.008623580836,2.045144009578,2.081664438321,
    2.118184867063,2.154705295806,2.191225724548,2.227746153291,
    2.264266582033,2.300787010776,2.337307439518,2.373827868261,
    2.410348297003,2.446868725745,2.483389154488,2.51990958323,
    2.556430011973,2.592950440715,2.629470869458,2.6659912982,
    2.702511726943,2.739032155685,2.775552584428,2.81207301317,
    2.848593441913,2.885113870655,2.921634299398,2.95815472814,
    2.994675156882,3.031195585625,3.067716014367,3.10423644311,
    3.140756871852,3.177277300595,3.213797729337,3.25031815808,
    3.286838586822,3.323359015565,3.359879444307,3.39639987305,
    3.432920301792,3.469440730535,3.505961159277,3.54248158802,
    3.579002016762,3.615522445504,3.652042874247,3.688563302989,
    3.725083731732,3.761604160474,3.798124589217,3.834645017959,
    3.871165446702,3.907685875444,3.944206304187,3.980726732929,
    4.017247161672),.UNSPECIFIED.);
#1629 = CARTESIAN_POINT('',(6.28318530718,-14.22755549135));
#1630 = CARTESIAN_POINT('',(6.266632404845,-14.2275549531));
#1631 = CARTESIAN_POINT('',(6.233535777605,-14.22800589746));
#1632 = CARTESIAN_POINT('',(6.183852786171,-14.23002587535));
#1633 = CARTESIAN_POINT('',(6.134065753974,-14.23337952583));
#1634 = CARTESIAN_POINT('',(6.08411011647,-14.2380478168));
#1635 = CARTESIAN_POINT('',(6.033921788285,-14.24400515508));
#1636 = CARTESIAN_POINT('',(5.983436959289,-14.25121797481));
#1637 = CARTESIAN_POINT('',(5.932591683014,-14.25964425494));
#1638 = CARTESIAN_POINT('',(5.881321506861,-14.26923265801));
#1639 = CARTESIAN_POINT('',(5.829561070653,-14.27992165159));
#1640 = CARTESIAN_POINT('',(5.777243689438,-14.2916385261));
#1641 = CARTESIAN_POINT('',(5.724300892901,-14.30429834622));
#1642 = CARTESIAN_POINT('',(5.670661962782,-14.31780282487));
#1643 = CARTESIAN_POINT('',(5.616253254682,-14.33203917954));
#1644 = CARTESIAN_POINT('',(5.560998012347,-14.34687879511));
#1645 = CARTESIAN_POINT('',(5.504813915237,-14.36217638926));
#1646 = CARTESIAN_POINT('',(5.447500772025,-14.3777992802));
#1647 = CARTESIAN_POINT('',(5.389064286244,-14.39353617041));
#1648 = CARTESIAN_POINT('',(5.329467849772,-14.40916496923));
#1649 = CARTESIAN_POINT('',(5.2686780232,-14.42444173816));
#1650 = CARTESIAN_POINT('',(5.206652701122,-14.43910574553));
#1651 = CARTESIAN_POINT('',(5.143340723823,-14.45288125647));
#1652 = CARTESIAN_POINT('',(5.078691329536,-14.46547949691));
#1653 = CARTESIAN_POINT('',(5.012610700073,-14.47660641141));
#1654 = CARTESIAN_POINT('',(4.945340165422,-14.48591639946));
#1655 = CARTESIAN_POINT('',(4.877150058276,-14.49310684586));
#1656 = CARTESIAN_POINT('',(4.808280263159,-14.49793856867));
#1657 = CARTESIAN_POINT('',(4.738958413598,-14.50024583117));
#1658 = CARTESIAN_POINT('',(4.669419675298,-14.49993286409));
#1659 = CARTESIAN_POINT('',(4.600507194048,-14.49703483783));
#1660 = CARTESIAN_POINT('',(4.532204874993,-14.49168065464));
#1661 = CARTESIAN_POINT('',(4.464662460516,-14.48405018168));
#1662 = CARTESIAN_POINT('',(4.397997029836,-14.47437693471));
#1663 = CARTESIAN_POINT('',(4.332347384174,-14.46293712978));
#1664 = CARTESIAN_POINT('',(4.267870797852,-14.45004329884));
#1665 = CARTESIAN_POINT('',(4.204718901048,-14.43602652785));
#1666 = CARTESIAN_POINT('',(4.143156325632,-14.42125457057));
#1667 = CARTESIAN_POINT('',(4.083130839933,-14.40601444987));
#1668 = CARTESIAN_POINT('',(4.024266942929,-14.39047794447));
#1669 = CARTESIAN_POINT('',(3.96655562228,-14.37488423666));
#1670 = CARTESIAN_POINT('',(3.909896615046,-14.35942843731));
#1671 = CARTESIAN_POINT('',(3.854219330837,-14.34429188325));
#1672 = CARTESIAN_POINT('',(3.799449805177,-14.32963491974));
#1673 = CARTESIAN_POINT('',(3.745516735459,-14.31559941854));
#1674 = CARTESIAN_POINT('',(3.692356600986,-14.3023113));
#1675 = CARTESIAN_POINT('',(3.639884455403,-14.28987473483));
#1676 = CARTESIAN_POINT('',(3.588009155136,-14.27837867778));
#1677 = CARTESIAN_POINT('',(3.536669296734,-14.26790617376));
#1678 = CARTESIAN_POINT('',(3.485798582447,-14.25852692996));
#1679 = CARTESIAN_POINT('',(3.435334417898,-14.25030051677));
#1680 = CARTESIAN_POINT('',(3.38521505462,-14.24327660731));
#1681 = CARTESIAN_POINT('',(3.335379826472,-14.23749589477));
#1682 = CARTESIAN_POINT('',(3.285768780851,-14.23299071115));
#1683 = CARTESIAN_POINT('',(3.236321811203,-14.22978561396));
#1684 = CARTESIAN_POINT('',(3.186980435215,-14.22789785063));
#1685 = CARTESIAN_POINT('',(3.137679420118,-14.22733779541));
#1686 = CARTESIAN_POINT('',(3.088376662399,-14.22810906878));
#1687 = CARTESIAN_POINT('',(3.039022366593,-14.23020681359));
#1688 = CARTESIAN_POINT('',(2.989553381751,-14.2336196348));
#1689 = CARTESIAN_POINT('',(2.939910728278,-14.23832914008));
#1690 = CARTESIAN_POINT('',(2.890034419546,-14.24430957513));
#1691 = CARTESIAN_POINT('',(2.839864385633,-14.25152732218));
#1692 = CARTESIAN_POINT('',(2.789339846117,-14.25994030204));
#1693 = CARTESIAN_POINT('',(2.738398835775,-14.26949735041));
#1694 = CARTESIAN_POINT('',(2.686978603968,-14.28013724453));
#1695 = CARTESIAN_POINT('',(2.635012169901,-14.29178860564));
#1696 = CARTESIAN_POINT('',(2.582439041865,-14.30436609903));
#1697 = CARTESIAN_POINT('',(2.529159657429,-14.31778076126));
#1698 = CARTESIAN_POINT('',(2.475098704761,-14.33192361162));
#1699 = CARTESIAN_POINT('',(2.420189695233,-14.34666669537));
#1700 = CARTESIAN_POINT('',(2.364361745784,-14.36186508714));
#1701 = CARTESIAN_POINT('',(2.307539995383,-14.37735551289));
#1702 = CARTESIAN_POINT('',(2.249654315357,-14.39295327789));
#1703 = CARTESIAN_POINT('',(2.19060006331,-14.40846078297));
#1704 = CARTESIAN_POINT('',(2.130380867682,-14.42363281367));
#1705 = CARTESIAN_POINT('',(2.068534473995,-14.43831312702));
#1706 = CARTESIAN_POINT('',(2.005164775415,-14.45217353259));
#1707 = CARTESIAN_POINT('',(1.940489785725,-14.46485878119));
#1708 = CARTESIAN_POINT('',(1.874669484934,-14.47603807215));
#1709 = CARTESIAN_POINT('',(1.807855744536,-14.48540447595));
#1710 = CARTESIAN_POINT('',(1.740185123687,-14.49268801579));
#1711 = CARTESIAN_POINT('',(1.671776420264,-14.4976625443));
#1712 = CARTESIAN_POINT('',(1.60276469137,-14.50015844332));
#1713 = CARTESIAN_POINT('',(1.533183200948,-14.50005121544));
#1714 = CARTESIAN_POINT('',(1.464227782806,-14.49734853851));
#1715 = CARTESIAN_POINT('',(1.395871692067,-14.49217893565));
#1716 = CARTESIAN_POINT('',(1.32826680946,-14.48471683024));
#1717 = CARTESIAN_POINT('',(1.261528529545,-14.47519229122));
#1718 = CARTESIAN_POINT('',(1.19579530497,-14.4638785099));
#1719 = CARTESIAN_POINT('',(1.13122126784,-14.45108524607));
#1720 = CARTESIAN_POINT('',(1.06796334904,-14.43714378133));
#1721 = CARTESIAN_POINT('',(1.006258977985,-14.42241467373));
#1722 = CARTESIAN_POINT('',(0.946148641186,-14.40720928338));
#1723 = CARTESIAN_POINT('',(0.887216149138,-14.39169263933));
#1724 = CARTESIAN_POINT('',(0.829449862555,-14.37610459183));
#1725 = CARTESIAN_POINT('',(0.772740529862,-14.36063931913));
#1726 = CARTESIAN_POINT('',(0.717011975831,-14.34547787226));
#1727 = CARTESIAN_POINT('',(0.662184843726,-14.33078052098));
#1728 = CARTESIAN_POINT('',(0.608185277578,-14.31669004813));
#1729 = CARTESIAN_POINT('',(0.554941715735,-14.3033322393));
#1730 = CARTESIAN_POINT('',(0.502384981532,-14.29081720898));
#1731 = CARTESIAN_POINT('',(0.450447571403,-14.2792405479));
#1732 = CARTESIAN_POINT('',(0.399063216982,-14.26868452808));
#1733 = CARTESIAN_POINT('',(0.348166417802,-14.25921927153));
#1734 = CARTESIAN_POINT('',(0.297692015026,-14.25090387947));
#1735 = CARTESIAN_POINT('',(0.247574782473,-14.24378750564));
#1736 = CARTESIAN_POINT('',(0.197749027345,-14.23791034007));
#1737 = CARTESIAN_POINT('',(0.148148228592,-14.23330457191));
#1738 = CARTESIAN_POINT('',(9.870458205459E-02,-14.22999502818));
#1739 = CARTESIAN_POINT('',(4.934891528659E-02,-14.22800059102));
#1740 = CARTESIAN_POINT('',(1.645577702059E-02,-14.22755503962));
#1741 = CARTESIAN_POINT('',(-4.138911435803E-13,-14.22755549135));
#1742 = ( GEOMETRIC_REPRESENTATION_CONTEXT(2) 
PARAMETRIC_REPRESENTATION_CONTEXT() REPRESENTATION_CONTEXT('2D SPACE',''
  ) );
#1743 = ADVANCED_FACE('',(#1744),#1622,.F.);
#1744 = FACE_BOUND('',#1745,.F.);
#1745 = EDGE_LOOP('',(#1746,#1769,#1770,#1771));
#1746 = ORIENTED_EDGE('',*,*,#1747,.T.);
#1747 = EDGE_CURVE('',#1748,#1421,#1750,.T.);
#1748 = VERTEX_POINT('',#1749);
#1749 = CARTESIAN_POINT('',(27.207535720826,-19.,100.));
#1750 = SEAM_CURVE('',#1751,(#1755,#1762),.PCURVE_S1.);
#1751 = LINE('',#1752,#1753);
#1752 = CARTESIAN_POINT('',(15.,-19.,100.));
#1753 = VECTOR('',#1754,1.);
#1754 = DIRECTION('',(1.,0.,0.));
#1755 = PCURVE('',#1622,#1756);
#1756 = DEFINITIONAL_REPRESENTATION('',(#1757),#1761);
#1757 = LINE('',#1758,#1759);
#1758 = CARTESIAN_POINT('',(-4.138911435803E-13,0.));
#1759 = VECTOR('',#1760,1.);
#1760 = DIRECTION('',(-0.,-1.));
#1761 = ( GEOMETRIC_REPRESENTATION_CONTEXT(2) 
PARAMETRIC_REPRESENTATION_CONTEXT() REPRESENTATION_CONTEXT('2D SPACE',''
  ) );
#1762 = PCURVE('',#1622,#1763);
#1763 = DEFINITIONAL_REPRESENTATION('',(#1764),#1768);
#1764 = LINE('',#1765,#1766);
#1765 = CARTESIAN_POINT('',(6.28318530718,0.));
#1766 = VECTOR('',#1767,1.);
#1767 = DIRECTION('',(-0.,-1.));
#1768 = ( GEOMETRIC_REPRESENTATION_CONTEXT(2) 
PARAMETRIC_REPRESENTATION_CONTEXT() REPRESENTATION_CONTEXT('2D SPACE',''
  ) );
#1769 = ORIENTED_EDGE('',*,*,#1420,.F.);
#1770 = ORIENTED_EDGE('',*,*,#1747,.F.);
#1771 = ORIENTED_EDGE('',*,*,#1772,.T.);
#1772 = EDGE_CURVE('',#1748,#1748,#1773,.T.);
#1773 = SURFACE_CURVE('',#1774,(#1854,#1971),.PCURVE_S1.);
#1774 = B_SPLINE_CURVE_WITH_KNOTS('',8,(#1775,#1776,#1777,#1778,#1779,
    #1780,#1781,#1782,#1783,#1784,#1785,#1786,#1787,#1788,#1789,#1790,
    #1791,#1792,#1793,#1794,#1795,#1796,#1797,#1798,#1799,#1800,#1801,
    #1802,#1803,#1804,#1805,#1806,#1807,#1808,#1809,#1810,#1811,#1812,
    #1813,#1814,#1815,#1816,#1817,#1818,#1819,#1820,#1821,#1822,#1823,
    #1824,#1825,#1826,#1827,#1828,#1829,#1830,#1831,#1832,#1833,#1834,
    #1835,#1836,#1837,#1838,#1839,#1840,#1841,#1842,#1843,#1844,#1845,
    #1846,#1847,#1848,#1849,#1850,#1851,#1852,#1853),.UNSPECIFIED.,.T.,
  .F.,(1,8,7,7,7,7,7,7,7,7,7,7,8,1),(-0.690813411335,0.,0.526779153702,
    0.810511098016,1.,1.315012456686,1.607751857864,2.005787972709,
    2.403824087554,2.696563488731,3.011575944814,3.326588403328,
    4.017401814663,4.544180968365),.UNSPECIFIED.);
#1775 = CARTESIAN_POINT('',(27.207535720826,-19.,100.));
#1776 = CARTESIAN_POINT('',(27.207535720826,-19.,100.35824565535));
#1777 = CARTESIAN_POINT('',(27.212926597874,-19.03666868315,
    100.71606087503));
#1778 = CARTESIAN_POINT('',(27.223686026916,-19.10985095735,
    101.07147786965));
#1779 = CARTESIAN_POINT('',(27.239618878513,-19.2201503052,
    101.42239990819));
#1780 = CARTESIAN_POINT('',(27.260343205642,-19.36876696938,
    101.76623434974));
#1781 = CARTESIAN_POINT('',(27.28520829731,-19.55738521682,
    102.09961727248));
#1782 = CARTESIAN_POINT('',(27.313174342579,-19.78801707853,
    102.41804189468));
#1783 = CARTESIAN_POINT('',(27.358577232321,-20.210664082,
    102.87525884714));
#1784 = CARTESIAN_POINT('',(27.374960484312,-20.3717878182,
    103.02956436146));
#1785 = CARTESIAN_POINT('',(27.391562657851,-20.54623060765,
    103.17676840598));
#1786 = CARTESIAN_POINT('',(27.40806365701,-20.7340432837,
    103.31544037336));
#1787 = CARTESIAN_POINT('',(27.424094359634,-20.93516081037,
    103.44405930669));
#1788 = CARTESIAN_POINT('',(27.439243575765,-21.14938288299,
    103.56100162177));
#1789 = CARTESIAN_POINT('',(27.453071241503,-21.37635239509,
    103.66452741313));
#1790 = CARTESIAN_POINT('',(27.473179790427,-21.77526647325,
    103.81169458626));
#1791 = CARTESIAN_POINT('',(27.480440563953,-21.94042232706,
    103.86379596759));
#1792 = CARTESIAN_POINT('',(27.486747913673,-22.11026174074,
    103.90830302738));
#1793 = CARTESIAN_POINT('',(27.491957532939,-22.28398016475,
    103.94458976566));
#1794 = CARTESIAN_POINT('',(27.495952209823,-22.46072011766,
    103.97217170668));
#1795 = CARTESIAN_POINT('',(27.498648367658,-22.63958539399,
    103.99070734876));
#1796 = CARTESIAN_POINT('',(27.5,-22.81965545468,104.));
#1797 = CARTESIAN_POINT('',(27.5,-23.29981058348,104.));
#1798 = CARTESIAN_POINT('',(27.496264431186,-23.59713756168,
    103.97431824356));
#1799 = CARTESIAN_POINT('',(27.488901794791,-23.88862293768,
    103.92369895543));
#1800 = CARTESIAN_POINT('',(27.478250046344,-24.17104221415,
    103.84956642496));
#1801 = CARTESIAN_POINT('',(27.464856223578,-24.44142187317,
    103.75399758635));
#1802 = CARTESIAN_POINT('',(27.449409719947,-24.69714821806,
    103.6397028839));
#1803 = CARTESIAN_POINT('',(27.432655182436,-24.93606450484,
    103.51001298888));
#1804 = CARTESIAN_POINT('',(27.399193167177,-25.36145234894,
    103.23770451588));
#1805 = CARTESIAN_POINT('',(27.382430686369,-25.55215866647,
    103.09554700567));
#1806 = CARTESIAN_POINT('',(27.365436446474,-25.72880270653,
    102.94405166864));
#1807 = CARTESIAN_POINT('',(27.348569135427,-25.89160782055,
    102.78464631127));
#1808 = CARTESIAN_POINT('',(27.332132379634,-26.04086094059,
    102.61855814783));
#1809 = CARTESIAN_POINT('',(27.316377209329,-26.17688486969,
    102.44683959456));
#1810 = CARTESIAN_POINT('',(27.301507862113,-26.30001217127,
    102.27039299248));
#1811 = CARTESIAN_POINT('',(27.268904112733,-26.56087281133,
    101.8447071169));
#1812 = CARTESIAN_POINT('',(27.252045804911,-26.688065269,
    101.59189331618));
#1813 = CARTESIAN_POINT('',(27.237533669498,-26.79291715256,
    101.33339748062));
#1814 = CARTESIAN_POINT('',(27.225662582784,-26.87609421906,
    101.07069871433));
#1815 = CARTESIAN_POINT('',(27.216632689784,-26.93812269033,
    100.8050125859));
#1816 = CARTESIAN_POINT('',(27.210569457514,-26.97936536316,
    100.53737974294));
#1817 = CARTESIAN_POINT('',(27.207535720826,-27.,100.26874115721));
#1818 = CARTESIAN_POINT('',(27.207535720826,-27.,99.731258842785));
#1819 = CARTESIAN_POINT('',(27.210569457514,-26.97936536316,
    99.462620257052));
#1820 = CARTESIAN_POINT('',(27.216632689784,-26.93812269033,
    99.194987414097));
#1821 = CARTESIAN_POINT('',(27.225662582784,-26.87609421906,
    98.929301285662));
#1822 = CARTESIAN_POINT('',(27.237533669498,-26.79291715256,
    98.66660251938));
#1823 = CARTESIAN_POINT('',(27.252045804911,-26.688065269,
    98.408106683816));
#1824 = CARTESIAN_POINT('',(27.268904112733,-26.56087281133,
    98.155292883098));
#1825 = CARTESIAN_POINT('',(27.301507862113,-26.30001217127,
    97.729607007513));
#1826 = CARTESIAN_POINT('',(27.316377209329,-26.17688486969,
    97.553160405438));
#1827 = CARTESIAN_POINT('',(27.332132379634,-26.04086094059,
    97.381441852161));
#1828 = CARTESIAN_POINT('',(27.348569135427,-25.89160782055,
    97.215353688721));
#1829 = CARTESIAN_POINT('',(27.365436446474,-25.72880270653,
    97.055948331355));
#1830 = CARTESIAN_POINT('',(27.382430686369,-25.55215866647,
    96.904452994321));
#1831 = CARTESIAN_POINT('',(27.399193167177,-25.36145234894,
    96.762295484119));
#1832 = CARTESIAN_POINT('',(27.432655182402,-24.93606450527,
    96.489987011383));
#1833 = CARTESIAN_POINT('',(27.449409719942,-24.69714821823,
    96.360297116118));
#1834 = CARTESIAN_POINT('',(27.4648562236,-24.44142187293,
    96.246002413482));
#1835 = CARTESIAN_POINT('',(27.478250046364,-24.17104221371,
    96.15043357491));
#1836 = CARTESIAN_POINT('',(27.488901794789,-23.88862293743,
    96.076301044584));
#1837 = CARTESIAN_POINT('',(27.496264431173,-23.59713756188,
    96.025681756521));
#1838 = CARTESIAN_POINT('',(27.5,-23.29981058398,96.));
#1839 = CARTESIAN_POINT('',(27.5,-22.7001894137,96.));
#1840 = CARTESIAN_POINT('',(27.496264431139,-22.40286244251,
    96.025681756824));
#1841 = CARTESIAN_POINT('',(27.488901794935,-22.11137706192,
    96.07630104339));
#1842 = CARTESIAN_POINT('',(27.478250046236,-21.82895778274,
    96.150433575909));
#1843 = CARTESIAN_POINT('',(27.464856223446,-21.55857812757,
    96.246002414724));
#1844 = CARTESIAN_POINT('',(27.449409720239,-21.3028517848,
    96.360297113731));
#1845 = CARTESIAN_POINT('',(27.432655182267,-21.063935493,
    96.489987012488));
#1846 = CARTESIAN_POINT('',(27.377275738098,-20.35992104019,
    96.940655980302));
#1847 = CARTESIAN_POINT('',(27.335685867096,-19.95587879635,
    97.311112837049));
#1848 = CARTESIAN_POINT('',(27.295935211273,-19.62881555575,
    97.720883976032));
#1849 = CARTESIAN_POINT('',(27.261687845029,-19.37385917455,
    98.15602672998));
#1850 = CARTESIAN_POINT('',(27.234918970262,-19.1862699989,
    98.607004089848));
#1851 = CARTESIAN_POINT('',(27.21669885245,-19.06232406561,
    99.067401324113));
#1852 = CARTESIAN_POINT('',(27.207535720826,-19.,99.532954346666));
#1853 = CARTESIAN_POINT('',(27.207535720826,-19.,100.));
#1854 = PCURVE('',#1622,#1855);
#1855 = DEFINITIONAL_REPRESENTATION('',(#1856),#1970);
#1856 = B_SPLINE_CURVE_WITH_KNOTS('',3,(#1857,#1858,#1859,#1860,#1861,
    #1862,#1863,#1864,#1865,#1866,#1867,#1868,#1869,#1870,#1871,#1872,
    #1873,#1874,#1875,#1876,#1877,#1878,#1879,#1880,#1881,#1882,#1883,
    #1884,#1885,#1886,#1887,#1888,#1889,#1890,#1891,#1892,#1893,#1894,
    #1895,#1896,#1897,#1898,#1899,#1900,#1901,#1902,#1903,#1904,#1905,
    #1906,#1907,#1908,#1909,#1910,#1911,#1912,#1913,#1914,#1915,#1916,
    #1917,#1918,#1919,#1920,#1921,#1922,#1923,#1924,#1925,#1926,#1927,
    #1928,#1929,#1930,#1931,#1932,#1933,#1934,#1935,#1936,#1937,#1938,
    #1939,#1940,#1941,#1942,#1943,#1944,#1945,#1946,#1947,#1948,#1949,
    #1950,#1951,#1952,#1953,#1954,#1955,#1956,#1957,#1958,#1959,#1960,
    #1961,#1962,#1963,#1964,#1965,#1966,#1967,#1968,#1969),
  .UNSPECIFIED.,.F.,.F.,(4,1,1,1,1,1,1,1,1,1,1,1,1,1,1,1,1,1,1,1,1,1,1,1
    ,1,1,1,1,1,1,1,1,1,1,1,1,1,1,1,1,1,1,1,1,1,1,1,1,1,1,1,1,1,1,1,1,1,1
    ,1,1,1,1,1,1,1,1,1,1,1,1,1,1,1,1,1,1,1,1,1,1,1,1,1,1,1,1,1,1,1,1,1,1
    ,1,1,1,1,1,1,1,1,1,1,1,1,1,1,1,1,1,1,4),(0.,3.652183467875E-02,
    7.30436693575E-02,0.109565504036,0.146087338715,0.182609173394,
    0.219131008073,0.255652842751,0.29217467743,0.328696512109,
    0.365218346788,0.401740181466,0.438262016145,0.474783850824,
    0.511305685503,0.547827520181,0.58434935486,0.620871189539,
    0.657393024218,0.693914858896,0.730436693575,0.766958528254,
    0.803480362933,0.840002197611,0.87652403229,0.913045866969,
    0.949567701648,0.986089536326,1.022611371005,1.059133205684,
    1.095655040363,1.132176875041,1.16869870972,1.205220544399,
    1.241742379078,1.278264213756,1.314786048435,1.351307883114,
    1.387829717793,1.424351552471,1.46087338715,1.497395221829,
    1.533917056508,1.570438891186,1.606960725865,1.643482560544,
    1.680004395223,1.716526229901,1.75304806458,1.789569899259,
    1.826091733938,1.862613568616,1.899135403295,1.935657237974,
    1.972179072653,2.008700907331,2.04522274201,2.081744576689,
    2.118266411368,2.154788246046,2.191310080725,2.227831915404,
    2.264353750083,2.300875584761,2.33739741944,2.373919254119,
    2.410441088798,2.446962923476,2.483484758155,2.520006592834,
    2.556528427513,2.593050262191,2.62957209687,2.666093931549,
    2.702615766228,2.739137600906,2.775659435585,2.812181270264,
    2.848703104943,2.885224939621,2.9217467743,2.958268608979,
    2.994790443658,3.031312278336,3.067834113015,3.104355947694,
    3.140877782373,3.177399617051,3.21392145173,3.250443286409,
    3.286965121088,3.323486955766,3.360008790445,3.396530625124,
    3.433052459803,3.469574294481,3.50609612916,3.542617963839,
    3.579139798518,3.615661633196,3.652183467875,3.688705302554,
    3.725227137233,3.761748971911,3.79827080659,3.834792641269,
    3.871314475948,3.907836310626,3.944358145305,3.980879979984,
    4.017401814663),.UNSPECIFIED.);
#1857 = CARTESIAN_POINT('',(6.28318530718,-12.20753572082));
#1858 = CARTESIAN_POINT('',(6.266627189149,-12.20753513654));
#1859 = CARTESIAN_POINT('',(6.233520206731,-12.20801987705));
#1860 = CARTESIAN_POINT('',(6.183822161621,-12.21019114617));
#1861 = CARTESIAN_POINT('',(6.134020811073,-12.2137958386));
#1862 = CARTESIAN_POINT('',(6.084051826503,-12.21881330118));
#1863 = CARTESIAN_POINT('',(6.033851343872,-12.2252157788));
#1864 = CARTESIAN_POINT('',(5.983355757213,-12.23296689864));
#1865 = CARTESIAN_POINT('',(5.932501306966,-12.24202116643));
#1866 = CARTESIAN_POINT('',(5.881223709724,-12.25232305427));
#1867 = CARTESIAN_POINT('',(5.829457756611,-12.26380607261));
#1868 = CARTESIAN_POINT('',(5.777136896427,-12.27639173173));
#1869 = CARTESIAN_POINT('',(5.724192774367,-12.28998843369));
#1870 = CARTESIAN_POINT('',(5.67055477384,-12.30449028053));
#1871 = CARTESIAN_POINT('',(5.616149325007,-12.31977586973));
#1872 = CARTESIAN_POINT('',(5.56089977328,-12.3357068621));
#1873 = CARTESIAN_POINT('',(5.504723731096,-12.35212716549));
#1874 = CARTESIAN_POINT('',(5.447420658194,-12.36889439812));
#1875 = CARTESIAN_POINT('',(5.388995355144,-12.38578205825));
#1876 = CARTESIAN_POINT('',(5.329410334066,-12.40255215455));
#1877 = CARTESIAN_POINT('',(5.268631314561,-12.41894330354));
#1878 = CARTESIAN_POINT('',(5.206615390771,-12.4346761257));
#1879 = CARTESIAN_POINT('',(5.14331055264,-12.44945514738));
#1880 = CARTESIAN_POINT('',(5.078665426732,-12.4629708115));
#1881 = CARTESIAN_POINT('',(5.012584678193,-12.47490797798));
#1882 = CARTESIAN_POINT('',(4.945308701056,-12.48489587056));
#1883 = CARTESIAN_POINT('',(4.877109451687,-12.4926093979));
#1884 = CARTESIAN_POINT('',(4.808227582915,-12.49779175039));
#1885 = CARTESIAN_POINT('',(4.738891233298,-12.50026496459));
#1886 = CARTESIAN_POINT('',(4.669336962269,-12.4999260853));
#1887 = CARTESIAN_POINT('',(4.600414666949,-12.49681328421));
#1888 = CARTESIAN_POINT('',(4.53210617838,-12.49106535265));
#1889 = CARTESIAN_POINT('',(4.464561317099,-12.48287553091));
#1890 = CARTESIAN_POINT('',(4.397896830489,-12.47249449936));
#1891 = CARTESIAN_POINT('',(4.33225144637,-12.46021864564));
#1892 = CARTESIAN_POINT('',(4.2677825736,-12.44638330239));
#1893 = CARTESIAN_POINT('',(4.204641796809,-12.43134361365));
#1894 = CARTESIAN_POINT('',(4.143095221006,-12.41549447303));
#1895 = CARTESIAN_POINT('',(4.083087311315,-12.39914287215));
#1896 = CARTESIAN_POINT('',(4.024240102058,-12.38247216447));
#1897 = CARTESIAN_POINT('',(3.966544822381,-12.36573884934));
#1898 = CARTESIAN_POINT('',(3.909900693727,-12.34915201107));
#1899 = CARTESIAN_POINT('',(3.854236789014,-12.33290609232));
#1900 = CARTESIAN_POINT('',(3.799478722,-12.31717308103));
#1901 = CARTESIAN_POINT('',(3.745554799059,-12.30210524538));
#1902 = CARTESIAN_POINT('',(3.692400931309,-12.2878377855));
#1903 = CARTESIAN_POINT('',(3.639932129429,-12.27448279266));
#1904 = CARTESIAN_POINT('',(3.588057792548,-12.2621362211));
#1905 = CARTESIAN_POINT('',(3.536716584848,-12.25088758967));
#1906 = CARTESIAN_POINT('',(3.485842425583,-12.24081215178));
#1907 = CARTESIAN_POINT('',(3.435372918455,-12.23197426845));
#1908 = CARTESIAN_POINT('',(3.385246538851,-12.22442766035));
#1909 = CARTESIAN_POINT('',(3.335402857584,-12.21821637435));
#1910 = CARTESIAN_POINT('',(3.285782175362,-12.21337543518));
#1911 = CARTESIAN_POINT('',(3.236324651628,-12.2099314638));
#1912 = CARTESIAN_POINT('',(3.186972090228,-12.20790316626));
#1913 = CARTESIAN_POINT('',(3.137659533895,-12.20730179554));
#1914 = CARTESIAN_POINT('',(3.088345260369,-12.20813127216));
#1915 = CARTESIAN_POINT('',(3.038979794677,-12.21038632782));
#1916 = CARTESIAN_POINT('',(2.989500273785,-12.21405459617));
#1917 = CARTESIAN_POINT('',(2.939847998491,-12.21911612473));
#1918 = CARTESIAN_POINT('',(2.889963246908,-12.22554299161));
#1919 = CARTESIAN_POINT('',(2.839786199494,-12.23329877682));
#1920 = CARTESIAN_POINT('',(2.789256309589,-12.24233793221));
#1921 = CARTESIAN_POINT('',(2.738311832594,-12.25260512442));
#1922 = CARTESIAN_POINT('',(2.686890210438,-12.26403420919));
#1923 = CARTESIAN_POINT('',(2.634924680739,-12.27654812927));
#1924 = CARTESIAN_POINT('',(2.582354793881,-12.29005490836));
#1925 = CARTESIAN_POINT('',(2.529081615547,-12.30445855443));
#1926 = CARTESIAN_POINT('',(2.475029577569,-12.31964186893));
#1927 = CARTESIAN_POINT('',(2.420131683447,-12.33546745444));
#1928 = CARTESIAN_POINT('',(2.364316647702,-12.35177976871));
#1929 = CARTESIAN_POINT('',(2.307509185072,-12.36840368027));
#1930 = CARTESIAN_POINT('',(2.24963885947,-12.38514113363));
#1931 = CARTESIAN_POINT('',(2.190600401688,-12.4017803973));
#1932 = CARTESIAN_POINT('',(2.1303980954,-12.41805839352));
#1933 = CARTESIAN_POINT('',(2.068565382514,-12.43380888311));
#1934 = CARTESIAN_POINT('',(2.005205234581,-12.44868003427));
#1935 = CARTESIAN_POINT('',(1.940536436983,-12.46229057103));
#1936 = CARTESIAN_POINT('',(1.874719055959,-12.47428562724));
#1937 = CARTESIAN_POINT('',(1.807905016464,-12.48433591578));
#1938 = CARTESIAN_POINT('',(1.740230772443,-12.49215176267));
#1939 = CARTESIAN_POINT('',(1.671814800007,-12.4974904103));
#1940 = CARTESIAN_POINT('',(1.60279205022,-12.50016965384));
#1941 = CARTESIAN_POINT('',(1.53319428505,-12.50005538069));
#1942 = CARTESIAN_POINT('',(1.464227887984,-12.49715581839));
#1943 = CARTESIAN_POINT('',(1.395864432208,-12.4916093434));
#1944 = CARTESIAN_POINT('',(1.328255746993,-12.48360327028));
#1945 = CARTESIAN_POINT('',(1.261516897897,-12.47338452519));
#1946 = CARTESIAN_POINT('',(1.19578623473,-12.46124619961));
#1947 = CARTESIAN_POINT('',(1.131217964051,-12.44752060217));
#1948 = CARTESIAN_POINT('',(1.067969035181,-12.43256308572));
#1949 = CARTESIAN_POINT('',(1.006277914578,-12.41676069306));
#1950 = CARTESIAN_POINT('',(0.946183187842,-12.40044694035));
#1951 = CARTESIAN_POINT('',(0.887263526705,-12.38379723674));
#1952 = CARTESIAN_POINT('',(0.829508589294,-12.36706909229));
#1953 = CARTESIAN_POINT('',(0.772808745892,-12.35047068548));
#1954 = CARTESIAN_POINT('',(0.717087891923,-12.33419633431));
#1955 = CARTESIAN_POINT('',(0.662266625165,-12.31841812344));
#1956 = CARTESIAN_POINT('',(0.608271082706,-12.30328946676));
#1957 = CARTESIAN_POINT('',(0.555029695636,-12.28894560847));
#1958 = CARTESIAN_POINT('',(0.50247329219,-12.27550503452));
#1959 = CARTESIAN_POINT('',(0.450534384185,-12.26307068837));
#1960 = CARTESIAN_POINT('',(0.399146730974,-12.25173124967));
#1961 = CARTESIAN_POINT('',(0.348244872808,-12.24156237416));
#1962 = CARTESIAN_POINT('',(0.297763705347,-12.23262789198));
#1963 = CARTESIAN_POINT('',(0.247638071197,-12.22498094691));
#1964 = CARTESIAN_POINT('',(0.19780236099,-12.21866504034));
#1965 = CARTESIAN_POINT('',(0.148190151716,-12.21371505469));
#1966 = CARTESIAN_POINT('',(9.873375206059E-02,-12.21015792723));
#1967 = CARTESIAN_POINT('',(4.936411515059E-02,-12.20801417078));
#1968 = CARTESIAN_POINT('',(1.646094759859E-02,-12.2075352307));
#1969 = CARTESIAN_POINT('',(-4.138911435803E-13,-12.20753572082));
#1970 = ( GEOMETRIC_REPRESENTATION_CONTEXT(2) 
PARAMETRIC_REPRESENTATION_CONTEXT() REPRESENTATION_CONTEXT('2D SPACE',''
  ) );
#1971 = PCURVE('',#128,#1972);
#1972 = DEFINITIONAL_REPRESENTATION('',(#1973),#2087);
#1973 = B_SPLINE_CURVE_WITH_KNOTS('',3,(#1974,#1975,#1976,#1977,#1978,
    #1979,#1980,#1981,#1982,#1983,#1984,#1985,#1986,#1987,#1988,#1989,
    #1990,#1991,#1992,#1993,#1994,#1995,#1996,#1997,#1998,#1999,#2000,
    #2001,#2002,#2003,#2004,#2005,#2006,#2007,#2008,#2009,#2010,#2011,
    #2012,#2013,#2014,#2015,#2016,#2017,#2018,#2019,#2020,#2021,#2022,
    #2023,#2024,#2025,#2026,#2027,#2028,#2029,#2030,#2031,#2032,#2033,
    #2034,#2035,#2036,#2037,#2038,#2039,#2040,#2041,#2042,#2043,#2044,
    #2045,#2046,#2047,#2048,#2049,#2050,#2051,#2052,#2053,#2054,#2055,
    #2056,#2057,#2058,#2059,#2060,#2061,#2062,#2063,#2064,#2065,#2066,
    #2067,#2068,#2069,#2070,#2071,#2072,#2073,#2074,#2075,#2076,#2077,
    #2078,#2079,#2080,#2081,#2082,#2083,#2084,#2085,#2086),
  .UNSPECIFIED.,.T.,.F.,(1,3,1,1,1,1,1,1,1,1,1,1,1,1,1,1,1,1,1,1,1,1,1,1
    ,1,1,1,1,1,1,1,1,1,1,1,1,1,1,1,1,1,1,1,1,1,1,1,1,1,1,1,1,1,1,1,1,1,1
    ,1,1,1,1,1,1,1,1,1,1,1,1,1,1,1,1,1,1,1,1,1,1,1,1,1,1,1,1,1,1,1,1,1,1
    ,1,1,1,1,1,1,1,1,1,1,1,1,1,1,1,1,1,1,1,3,1),(-3.6521834679E-02,0.,
    3.652183467875E-02,7.30436693575E-02,0.109565504036,0.146087338715,
    0.182609173394,0.219131008073,0.255652842751,0.29217467743,
    0.328696512109,0.365218346788,0.401740181466,0.438262016145,
    0.474783850824,0.511305685503,0.547827520181,0.58434935486,
    0.620871189539,0.657393024218,0.693914858896,0.730436693575,
    0.766958528254,0.803480362933,0.840002197611,0.87652403229,
    0.913045866969,0.949567701648,0.986089536326,1.022611371005,
    1.059133205684,1.095655040363,1.132176875041,1.16869870972,
    1.205220544399,1.241742379078,1.278264213756,1.314786048435,
    1.351307883114,1.387829717793,1.424351552471,1.46087338715,
    1.497395221829,1.533917056508,1.570438891186,1.606960725865,
    1.643482560544,1.680004395223,1.716526229901,1.75304806458,
    1.789569899259,1.826091733938,1.862613568616,1.899135403295,
    1.935657237974,1.972179072653,2.008700907331,2.04522274201,
    2.081744576689,2.118266411368,2.154788246046,2.191310080725,
    2.227831915404,2.264353750083,2.300875584761,2.33739741944,
    2.373919254119,2.410441088798,2.446962923476,2.483484758155,
    2.520006592834,2.556528427513,2.593050262191,2.62957209687,
    2.666093931549,2.702615766228,2.739137600906,2.775659435585,
    2.812181270264,2.848703104943,2.885224939621,2.9217467743,
    2.958268608979,2.994790443658,3.031312278336,3.067834113015,
    3.104355947694,3.140877782373,3.177399617051,3.21392145173,
    3.250443286409,3.286965121088,3.323486955766,3.360008790445,
    3.396530625124,3.433052459803,3.469574294481,3.50609612916,
    3.542617963839,3.579139798518,3.615661633196,3.652183467875,
    3.688705302554,3.725227137233,3.761748971911,3.79827080659,
    3.834792641269,3.871314475948,3.907836310626,3.944358145305,
    3.980879979984,4.017401814663,4.053923649342),.UNSPECIFIED.);
#1974 = CARTESIAN_POINT('',(6.429157695724,52.7));
#1975 = CARTESIAN_POINT('',(6.429157616517,52.766232084728));
#1976 = CARTESIAN_POINT('',(6.429036834219,52.898660568803));
#1977 = CARTESIAN_POINT('',(6.428492878323,53.096962432096));
#1978 = CARTESIAN_POINT('',(6.42758558844,53.29469425068));
#1979 = CARTESIAN_POINT('',(6.426313155626,53.491610655909));
#1980 = CARTESIAN_POINT('',(6.424673019349,53.68745105247));
#1981 = CARTESIAN_POINT('',(6.42266180308,53.881934798521));
#1982 = CARTESIAN_POINT('',(6.420275402324,54.074757914982));
#1983 = CARTESIAN_POINT('',(6.417509032575,54.265589289363));
#1984 = CARTESIAN_POINT('',(6.414357289967,54.454066853625));
#1985 = CARTESIAN_POINT('',(6.410814211262,54.639793502903));
#1986 = CARTESIAN_POINT('',(6.406873339038,54.822332858451));
#1987 = CARTESIAN_POINT('',(6.402527787061,55.001204344722));
#1988 = CARTESIAN_POINT('',(6.397770325105,55.175879247749));
#1989 = CARTESIAN_POINT('',(6.392593416122,55.345771266406));
#1990 = CARTESIAN_POINT('',(6.386989459892,55.510245493292));
#1991 = CARTESIAN_POINT('',(6.380938113517,55.668893754844));
#1992 = CARTESIAN_POINT('',(6.374440548026,55.820617633811));
#1993 = CARTESIAN_POINT('',(6.36749648327,55.964391090783));
#1994 = CARTESIAN_POINT('',(6.360108503006,56.099114127807));
#1995 = CARTESIAN_POINT('',(6.352281192695,56.223647660591));
#1996 = CARTESIAN_POINT('',(6.344021142439,56.336802494051));
#1997 = CARTESIAN_POINT('',(6.335338705176,56.437329896607));
#1998 = CARTESIAN_POINT('',(6.326241913383,56.523950896954));
#1999 = CARTESIAN_POINT('',(6.316790590632,56.594967152604));
#2000 = CARTESIAN_POINT('',(6.30705705601,56.648951396856));
#2001 = CARTESIAN_POINT('',(6.297115469624,56.684816372395));
#2002 = CARTESIAN_POINT('',(6.287042775905,56.701820893219));
#2003 = CARTESIAN_POINT('',(6.276920171757,56.699495182694));
#2004 = CARTESIAN_POINT('',(6.266918910577,56.678068783905));
#2005 = CARTESIAN_POINT('',(6.257081516452,56.638202092148));
#2006 = CARTESIAN_POINT('',(6.247471625092,56.580702894578));
#2007 = CARTESIAN_POINT('',(6.23814384683,56.50659181962));
#2008 = CARTESIAN_POINT('',(6.229150926177,56.417076809051));
#2009 = CARTESIAN_POINT('',(6.220542154794,56.313573372368));
#2010 = CARTESIAN_POINT('',(6.212359508679,56.197634523256));
#2011 = CARTESIAN_POINT('',(6.204651673184,56.071197873543));
#2012 = CARTESIAN_POINT('',(6.197418839577,55.935655917583));
#2013 = CARTESIAN_POINT('',(6.190622131579,55.791440430278));
#2014 = CARTESIAN_POINT('',(6.184266619115,55.639660442958));
#2015 = CARTESIAN_POINT('',(6.178344399654,55.481138424129));
#2016 = CARTESIAN_POINT('',(6.172850073252,55.316674718516));
#2017 = CARTESIAN_POINT('',(6.167776869774,55.146985020717));
#2018 = CARTESIAN_POINT('',(6.163117769227,54.972717073874));
#2019 = CARTESIAN_POINT('',(6.158865987538,54.794476945012));
#2020 = CARTESIAN_POINT('',(6.155012998321,54.612737279996));
#2021 = CARTESIAN_POINT('',(6.151550535454,54.427885707348));
#2022 = CARTESIAN_POINT('',(6.148472874949,54.240360164899));
#2023 = CARTESIAN_POINT('',(6.145774277191,54.050539614514));
#2024 = CARTESIAN_POINT('',(6.143449717415,53.858778463951));
#2025 = CARTESIAN_POINT('',(6.141494735727,53.665402369872));
#2026 = CARTESIAN_POINT('',(6.139905522709,53.470713989847));
#2027 = CARTESIAN_POINT('',(6.138678941047,53.274996592246));
#2028 = CARTESIAN_POINT('',(6.1378125646,53.078515320525));
#2029 = CARTESIAN_POINT('',(6.13730470821,52.881529017027));
#2030 = CARTESIAN_POINT('',(6.137154473174,52.684261189311));
#2031 = CARTESIAN_POINT('',(6.137361734703,52.487024727689));
#2032 = CARTESIAN_POINT('',(6.137926698018,52.290101781035));
#2033 = CARTESIAN_POINT('',(6.138850401507,52.093725243203));
#2034 = CARTESIAN_POINT('',(6.140134647592,51.898153689898));
#2035 = CARTESIAN_POINT('',(6.141781978854,51.703655223895));
#2036 = CARTESIAN_POINT('',(6.143795642541,51.510515872008));
#2037 = CARTESIAN_POINT('',(6.14617955197,51.319041831746));
#2038 = CARTESIAN_POINT('',(6.148938268111,51.129562732497));
#2039 = CARTESIAN_POINT('',(6.152076900164,50.94243795394));
#2040 = CARTESIAN_POINT('',(6.155601307201,50.758050666049));
#2041 = CARTESIAN_POINT('',(6.159517174585,50.576848890544));
#2042 = CARTESIAN_POINT('',(6.163833520925,50.399201667397));
#2043 = CARTESIAN_POINT('',(6.168558180632,50.225623936639));
#2044 = CARTESIAN_POINT('',(6.173698113285,50.056722179263));
#2045 = CARTESIAN_POINT('',(6.179260233974,49.893156908421));
#2046 = CARTESIAN_POINT('',(6.185251289547,49.735653806284));
#2047 = CARTESIAN_POINT('',(6.191676436679,49.585026818354));
#2048 = CARTESIAN_POINT('',(6.198543957483,49.442105260962));
#2049 = CARTESIAN_POINT('',(6.205846713072,49.308033407262));
#2050 = CARTESIAN_POINT('',(6.213634848851,49.183101966382));
#2051 = CARTESIAN_POINT('',(6.221887684198,49.069043413304));
#2052 = CARTESIAN_POINT('',(6.230560982221,48.967666382012));
#2053 = CARTESIAN_POINT('',(6.239610644274,48.880520146222));
#2054 = CARTESIAN_POINT('',(6.24898707216,48.80898275683));
#2055 = CARTESIAN_POINT('',(6.258636999323,48.75423237965));
#2056 = CARTESIAN_POINT('',(6.268504823667,48.717260646381));
#2057 = CARTESIAN_POINT('',(6.278528502069,48.698833057742));
#2058 = CARTESIAN_POINT('',(6.288657730846,48.699617304359));
#2059 = CARTESIAN_POINT('',(6.298669403803,48.719567860271));
#2060 = CARTESIAN_POINT('',(6.308522229135,48.758007888827));
#2061 = CARTESIAN_POINT('',(6.318151995422,48.814153886801));
#2062 = CARTESIAN_POINT('',(6.327503968087,48.886998655192));
#2063 = CARTESIAN_POINT('',(6.336525035919,48.975348998846));
#2064 = CARTESIAN_POINT('',(6.34516581734,49.077808517588));
#2065 = CARTESIAN_POINT('',(6.353383143001,49.192823455937));
#2066 = CARTESIAN_POINT('',(6.361131035487,49.318529543451));
#2067 = CARTESIAN_POINT('',(6.368397277906,49.453330293571));
#2068 = CARTESIAN_POINT('',(6.375226474794,49.596854964747));
#2069 = CARTESIAN_POINT('',(6.381613622436,49.747992422074));
#2070 = CARTESIAN_POINT('',(6.387567585575,49.905934500091));
#2071 = CARTESIAN_POINT('',(6.393094155109,50.069892269081));
#2072 = CARTESIAN_POINT('',(6.398200378961,50.239163602323));
#2073 = CARTESIAN_POINT('',(6.402893211734,50.413107372225));
#2074 = CARTESIAN_POINT('',(6.407179703113,50.591143336336));
#2075 = CARTESIAN_POINT('',(6.411066788148,50.772745724907));
#2076 = CARTESIAN_POINT('',(6.414561196284,50.957439017529));
#2077 = CARTESIAN_POINT('',(6.417669338588,51.144793553726));
#2078 = CARTESIAN_POINT('',(6.420397209041,51.33442152889));
#2079 = CARTESIAN_POINT('',(6.422750288183,51.525973154947));
#2080 = CARTESIAN_POINT('',(6.424733451637,51.71913295838));
#2081 = CARTESIAN_POINT('',(6.426350877094,51.913616198703));
#2082 = CARTESIAN_POINT('',(6.427605965311,52.109165167105));
#2083 = CARTESIAN_POINT('',(6.42850121195,52.305546019464));
#2084 = CARTESIAN_POINT('',(6.429038260368,52.502543455067));
#2085 = CARTESIAN_POINT('',(6.429157600962,52.634156512253));
#2086 = CARTESIAN_POINT('',(6.429157695724,52.7));
#2087 = ( GEOMETRIC_REPRESENTATION_CONTEXT(2) 
PARAMETRIC_REPRESENTATION_CONTEXT() REPRESENTATION_CONTEXT('2D SPACE',''
  ) );
#2088 = ADVANCED_FACE('',(#2089),#548,.T.);
#2089 = FACE_BOUND('',#2090,.T.);
#2090 = EDGE_LOOP('',(#2091,#2111,#2112,#2132));
#2091 = ORIENTED_EDGE('',*,*,#2092,.T.);
#2092 = EDGE_CURVE('',#509,#958,#2093,.T.);
#2093 = SURFACE_CURVE('',#2094,(#2098,#2104),.PCURVE_S1.);
#2094 = LINE('',#2095,#2096);
#2095 = CARTESIAN_POINT('',(42.,-43.,112.19722436226));
#2096 = VECTOR('',#2097,1.);
#2097 = DIRECTION('',(-1.,-0.,-0.));
#2098 = PCURVE('',#548,#2099);
#2099 = DEFINITIONAL_REPRESENTATION('',(#2100),#2103);
#2100 = B_SPLINE_CURVE_WITH_KNOTS('',1,(#2101,#2102),.UNSPECIFIED.,.F.,
  .F.,(2,2),(-10.,-0.),.PIECEWISE_BEZIER_KNOTS.);
#2101 = CARTESIAN_POINT('',(8.883678434812,-10.));
#2102 = CARTESIAN_POINT('',(8.883678434812,0.));
#2103 = ( GEOMETRIC_REPRESENTATION_CONTEXT(2) 
PARAMETRIC_REPRESENTATION_CONTEXT() REPRESENTATION_CONTEXT('2D SPACE',''
  ) );
#2104 = PCURVE('',#467,#2105);
#2105 = DEFINITIONAL_REPRESENTATION('',(#2106),#2110);
#2106 = LINE('',#2107,#2108);
#2107 = CARTESIAN_POINT('',(60.19722436226,22.));
#2108 = VECTOR('',#2109,1.);
#2109 = DIRECTION('',(0.,-1.));
#2110 = ( GEOMETRIC_REPRESENTATION_CONTEXT(2) 
PARAMETRIC_REPRESENTATION_CONTEXT() REPRESENTATION_CONTEXT('2D SPACE',''
  ) );
#2111 = ORIENTED_EDGE('',*,*,#957,.T.);
#2112 = ORIENTED_EDGE('',*,*,#2113,.F.);
#2113 = EDGE_CURVE('',#532,#960,#2114,.T.);
#2114 = SURFACE_CURVE('',#2115,(#2119,#2125),.PCURVE_S1.);
#2115 = LINE('',#2116,#2117);
#2116 = CARTESIAN_POINT('',(42.,-43.,115.80277563773));
#2117 = VECTOR('',#2118,1.);
#2118 = DIRECTION('',(-1.,-0.,-0.));
#2119 = PCURVE('',#548,#2120);
#2120 = DEFINITIONAL_REPRESENTATION('',(#2121),#2124);
#2121 = B_SPLINE_CURVE_WITH_KNOTS('',1,(#2122,#2123),.UNSPECIFIED.,.F.,
  .F.,(2,2),(-10.,-0.),.PIECEWISE_BEZIER_KNOTS.);
#2122 = CARTESIAN_POINT('',(3.682692179547,-10.));
#2123 = CARTESIAN_POINT('',(3.682692179547,0.));
#2124 = ( GEOMETRIC_REPRESENTATION_CONTEXT(2) 
PARAMETRIC_REPRESENTATION_CONTEXT() REPRESENTATION_CONTEXT('2D SPACE',''
  ) );
#2125 = PCURVE('',#467,#2126);
#2126 = DEFINITIONAL_REPRESENTATION('',(#2127),#2131);
#2127 = LINE('',#2128,#2129);
#2128 = CARTESIAN_POINT('',(63.80277563773,22.));
#2129 = VECTOR('',#2130,1.);
#2130 = DIRECTION('',(0.,-1.));
#2131 = ( GEOMETRIC_REPRESENTATION_CONTEXT(2) 
PARAMETRIC_REPRESENTATION_CONTEXT() REPRESENTATION_CONTEXT('2D SPACE',''
  ) );
#2132 = ORIENTED_EDGE('',*,*,#531,.F.);
#2133 = ADVANCED_FACE('',(#2134),#496,.T.);
#2134 = FACE_BOUND('',#2135,.T.);
#2135 = EDGE_LOOP('',(#2136,#2158,#2187,#2207));
#2136 = ORIENTED_EDGE('',*,*,#2137,.T.);
#2137 = EDGE_CURVE('',#452,#2138,#2140,.T.);
#2138 = VERTEX_POINT('',#2139);
#2139 = CARTESIAN_POINT('',(42.,-43.,54.197224362268));
#2140 = SURFACE_CURVE('',#2141,(#2145,#2151),.PCURVE_S1.);
#2141 = LINE('',#2142,#2143);
#2142 = CARTESIAN_POINT('',(42.,-43.,54.197224362268));
#2143 = VECTOR('',#2144,1.);
#2144 = DIRECTION('',(-1.,-0.,-0.));
#2145 = PCURVE('',#496,#2146);
#2146 = DEFINITIONAL_REPRESENTATION('',(#2147),#2150);
#2147 = B_SPLINE_CURVE_WITH_KNOTS('',1,(#2148,#2149),.UNSPECIFIED.,.F.,
  .F.,(2,2),(-10.,-0.),.PIECEWISE_BEZIER_KNOTS.);
#2148 = CARTESIAN_POINT('',(2.600493127633,-10.));
#2149 = CARTESIAN_POINT('',(2.600493127633,0.));
#2150 = ( GEOMETRIC_REPRESENTATION_CONTEXT(2) 
PARAMETRIC_REPRESENTATION_CONTEXT() REPRESENTATION_CONTEXT('2D SPACE',''
  ) );
#2151 = PCURVE('',#467,#2152);
#2152 = DEFINITIONAL_REPRESENTATION('',(#2153),#2157);
#2153 = LINE('',#2154,#2155);
#2154 = CARTESIAN_POINT('',(2.197224362268,22.));
#2155 = VECTOR('',#2156,1.);
#2156 = DIRECTION('',(0.,-1.));
#2157 = ( GEOMETRIC_REPRESENTATION_CONTEXT(2) 
PARAMETRIC_REPRESENTATION_CONTEXT() REPRESENTATION_CONTEXT('2D SPACE',''
  ) );
#2158 = ORIENTED_EDGE('',*,*,#2159,.T.);
#2159 = EDGE_CURVE('',#2138,#2160,#2162,.T.);
#2160 = VERTEX_POINT('',#2161);
#2161 = CARTESIAN_POINT('',(42.,-43.,57.802775637732));
#2162 = SURFACE_CURVE('',#2163,(#2168,#2175),.PCURVE_S1.);
#2163 = CIRCLE('',#2164,3.5);
#2164 = AXIS2_PLACEMENT_3D('',#2165,#2166,#2167);
#2165 = CARTESIAN_POINT('',(42.,-40.,56.));
#2166 = DIRECTION('',(1.,0.,0.));
#2167 = DIRECTION('',(0.,-0.857142857143,-0.515078753638));
#2168 = PCURVE('',#496,#2169);
#2169 = DEFINITIONAL_REPRESENTATION('',(#2170),#2174);
#2170 = LINE('',#2171,#2172);
#2171 = CARTESIAN_POINT('',(2.600493127633,0.));
#2172 = VECTOR('',#2173,1.);
#2173 = DIRECTION('',(-1.,0.));
#2174 = ( GEOMETRIC_REPRESENTATION_CONTEXT(2) 
PARAMETRIC_REPRESENTATION_CONTEXT() REPRESENTATION_CONTEXT('2D SPACE',''
  ) );
#2175 = PCURVE('',#2176,#2181);
#2176 = PLANE('',#2177);
#2177 = AXIS2_PLACEMENT_3D('',#2178,#2179,#2180);
#2178 = CARTESIAN_POINT('',(42.,-40.,56.));
#2179 = DIRECTION('',(1.,0.,0.));
#2180 = DIRECTION('',(-0.,0.,1.));
#2181 = DEFINITIONAL_REPRESENTATION('',(#2182),#2186);
#2182 = CIRCLE('',#2183,3.5);
#2183 = AXIS2_PLACEMENT_2D('',#2184,#2185);
#2184 = CARTESIAN_POINT('',(0.,0.));
#2185 = DIRECTION('',(-0.515078753638,0.857142857143));
#2186 = ( GEOMETRIC_REPRESENTATION_CONTEXT(2) 
PARAMETRIC_REPRESENTATION_CONTEXT() REPRESENTATION_CONTEXT('2D SPACE',''
  ) );
#2187 = ORIENTED_EDGE('',*,*,#2188,.F.);
#2188 = EDGE_CURVE('',#480,#2160,#2189,.T.);
#2189 = SURFACE_CURVE('',#2190,(#2194,#2200),.PCURVE_S1.);
#2190 = LINE('',#2191,#2192);
#2191 = CARTESIAN_POINT('',(42.,-43.,57.802775637732));
#2192 = VECTOR('',#2193,1.);
#2193 = DIRECTION('',(-1.,-0.,-0.));
#2194 = PCURVE('',#496,#2195);
#2195 = DEFINITIONAL_REPRESENTATION('',(#2196),#2199);
#2196 = B_SPLINE_CURVE_WITH_KNOTS('',1,(#2197,#2198),.UNSPECIFIED.,.F.,
  .F.,(2,2),(-10.,-0.),.PIECEWISE_BEZIER_KNOTS.);
#2197 = CARTESIAN_POINT('',(-2.600493127632,-10.));
#2198 = CARTESIAN_POINT('',(-2.600493127632,0.));
#2199 = ( GEOMETRIC_REPRESENTATION_CONTEXT(2) 
PARAMETRIC_REPRESENTATION_CONTEXT() REPRESENTATION_CONTEXT('2D SPACE',''
  ) );
#2200 = PCURVE('',#467,#2201);
#2201 = DEFINITIONAL_REPRESENTATION('',(#2202),#2206);
#2202 = LINE('',#2203,#2204);
#2203 = CARTESIAN_POINT('',(5.802775637732,22.));
#2204 = VECTOR('',#2205,1.);
#2205 = DIRECTION('',(0.,-1.));
#2206 = ( GEOMETRIC_REPRESENTATION_CONTEXT(2) 
PARAMETRIC_REPRESENTATION_CONTEXT() REPRESENTATION_CONTEXT('2D SPACE',''
  ) );
#2207 = ORIENTED_EDGE('',*,*,#479,.F.);
#2208 = ADVANCED_FACE('',(#2209,#2233),#2176,.F.);
#2209 = FACE_BOUND('',#2210,.F.);
#2210 = EDGE_LOOP('',(#2211,#2212));
#2211 = ORIENTED_EDGE('',*,*,#2159,.T.);
#2212 = ORIENTED_EDGE('',*,*,#2213,.T.);
#2213 = EDGE_CURVE('',#2160,#2138,#2214,.T.);
#2214 = SURFACE_CURVE('',#2215,(#2219,#2226),.PCURVE_S1.);
#2215 = LINE('',#2216,#2217);
#2216 = CARTESIAN_POINT('',(42.,-43.,54.));
#2217 = VECTOR('',#2218,1.);
#2218 = DIRECTION('',(0.,0.,-1.));
#2219 = PCURVE('',#2176,#2220);
#2220 = DEFINITIONAL_REPRESENTATION('',(#2221),#2225);
#2221 = LINE('',#2222,#2223);
#2222 = CARTESIAN_POINT('',(-2.,3.));
#2223 = VECTOR('',#2224,1.);
#2224 = DIRECTION('',(-1.,0.));
#2225 = ( GEOMETRIC_REPRESENTATION_CONTEXT(2) 
PARAMETRIC_REPRESENTATION_CONTEXT() REPRESENTATION_CONTEXT('2D SPACE',''
  ) );
#2226 = PCURVE('',#467,#2227);
#2227 = DEFINITIONAL_REPRESENTATION('',(#2228),#2232);
#2228 = LINE('',#2229,#2230);
#2229 = CARTESIAN_POINT('',(2.,22.));
#2230 = VECTOR('',#2231,1.);
#2231 = DIRECTION('',(-1.,0.));
#2232 = ( GEOMETRIC_REPRESENTATION_CONTEXT(2) 
PARAMETRIC_REPRESENTATION_CONTEXT() REPRESENTATION_CONTEXT('2D SPACE',''
  ) );
#2233 = FACE_BOUND('',#2234,.F.);
#2234 = EDGE_LOOP('',(#2235));
#2235 = ORIENTED_EDGE('',*,*,#2236,.T.);
#2236 = EDGE_CURVE('',#2237,#2237,#2239,.T.);
#2237 = VERTEX_POINT('',#2238);
#2238 = CARTESIAN_POINT('',(42.,-38.9,56.));
#2239 = SURFACE_CURVE('',#2240,(#2245,#2256),.PCURVE_S1.);
#2240 = CIRCLE('',#2241,1.1);
#2241 = AXIS2_PLACEMENT_3D('',#2242,#2243,#2244);
#2242 = CARTESIAN_POINT('',(42.,-40.,56.));
#2243 = DIRECTION('',(-1.,0.,0.));
#2244 = DIRECTION('',(0.,1.,0.));
#2245 = PCURVE('',#2176,#2246);
#2246 = DEFINITIONAL_REPRESENTATION('',(#2247),#2255);
#2247 = ( BOUNDED_CURVE() B_SPLINE_CURVE(2,(#2248,#2249,#2250,#2251,
#2252,#2253,#2254),.UNSPECIFIED.,.T.,.F.) B_SPLINE_CURVE_WITH_KNOTS((1,2
    ,2,2,2,1),(-2.094395102393,0.,2.094395102393,4.188790204786,
6.28318530718,8.377580409573),.UNSPECIFIED.) CURVE() 
GEOMETRIC_REPRESENTATION_ITEM() RATIONAL_B_SPLINE_CURVE((1.,0.5,1.,0.5,
1.,0.5,1.)) REPRESENTATION_ITEM('') );
#2248 = CARTESIAN_POINT('',(0.,-1.1));
#2249 = CARTESIAN_POINT('',(-1.905255888326,-1.1));
#2250 = CARTESIAN_POINT('',(-0.952627944163,0.55));
#2251 = CARTESIAN_POINT('',(-2.694222958124E-16,2.2));
#2252 = CARTESIAN_POINT('',(0.952627944163,0.55));
#2253 = CARTESIAN_POINT('',(1.905255888326,-1.1));
#2254 = CARTESIAN_POINT('',(0.,-1.1));
#2255 = ( GEOMETRIC_REPRESENTATION_CONTEXT(2) 
PARAMETRIC_REPRESENTATION_CONTEXT() REPRESENTATION_CONTEXT('2D SPACE',''
  ) );
#2256 = PCURVE('',#379,#2257);
#2257 = DEFINITIONAL_REPRESENTATION('',(#2258),#2262);
#2258 = LINE('',#2259,#2260);
#2259 = CARTESIAN_POINT('',(-4.138911435803E-13,-2.));
#2260 = VECTOR('',#2261,1.);
#2261 = DIRECTION('',(1.,-0.));
#2262 = ( GEOMETRIC_REPRESENTATION_CONTEXT(2) 
PARAMETRIC_REPRESENTATION_CONTEXT() REPRESENTATION_CONTEXT('2D SPACE',''
  ) );
#2263 = ADVANCED_FACE('',(#2264),#467,.T.);
#2264 = FACE_BOUND('',#2265,.T.);
#2265 = EDGE_LOOP('',(#2266,#2287,#2288,#2289,#2290,#2291,#2292,#2293,
    #2294,#2295,#2296,#2297,#2298));
#2266 = ORIENTED_EDGE('',*,*,#2267,.F.);
#2267 = EDGE_CURVE('',#1352,#424,#2268,.T.);
#2268 = SURFACE_CURVE('',#2269,(#2273,#2280),.PCURVE_S1.);
#2269 = LINE('',#2270,#2271);
#2270 = CARTESIAN_POINT('',(20.,-43.,52.));
#2271 = VECTOR('',#2272,1.);
#2272 = DIRECTION('',(1.,0.,0.));
#2273 = PCURVE('',#467,#2274);
#2274 = DEFINITIONAL_REPRESENTATION('',(#2275),#2279);
#2275 = LINE('',#2276,#2277);
#2276 = CARTESIAN_POINT('',(0.,0.));
#2277 = VECTOR('',#2278,1.);
#2278 = DIRECTION('',(0.,1.));
#2279 = ( GEOMETRIC_REPRESENTATION_CONTEXT(2) 
PARAMETRIC_REPRESENTATION_CONTEXT() REPRESENTATION_CONTEXT('2D SPACE',''
  ) );
#2280 = PCURVE('',#439,#2281);
#2281 = DEFINITIONAL_REPRESENTATION('',(#2282),#2286);
#2282 = LINE('',#2283,#2284);
#2283 = CARTESIAN_POINT('',(0.,0.));
#2284 = VECTOR('',#2285,1.);
#2285 = DIRECTION('',(1.,0.));
#2286 = ( GEOMETRIC_REPRESENTATION_CONTEXT(2) 
PARAMETRIC_REPRESENTATION_CONTEXT() REPRESENTATION_CONTEXT('2D SPACE',''
  ) );
#2287 = ORIENTED_EDGE('',*,*,#1398,.T.);
#2288 = ORIENTED_EDGE('',*,*,#1323,.T.);
#2289 = ORIENTED_EDGE('',*,*,#1241,.T.);
#2290 = ORIENTED_EDGE('',*,*,#560,.F.);
#2291 = ORIENTED_EDGE('',*,*,#2113,.T.);
#2292 = ORIENTED_EDGE('',*,*,#983,.T.);
#2293 = ORIENTED_EDGE('',*,*,#2092,.F.);
#2294 = ORIENTED_EDGE('',*,*,#508,.F.);
#2295 = ORIENTED_EDGE('',*,*,#2188,.T.);
#2296 = ORIENTED_EDGE('',*,*,#2213,.T.);
#2297 = ORIENTED_EDGE('',*,*,#2137,.F.);
#2298 = ORIENTED_EDGE('',*,*,#451,.F.);
#2299 = ADVANCED_FACE('',(#2300),#439,.T.);
#2300 = FACE_BOUND('',#2301,.T.);
#2301 = EDGE_LOOP('',(#2302,#2323,#2324,#2325));
#2302 = ORIENTED_EDGE('',*,*,#2303,.F.);
#2303 = EDGE_CURVE('',#1354,#394,#2304,.T.);
#2304 = SURFACE_CURVE('',#2305,(#2309,#2316),.PCURVE_S1.);
#2305 = LINE('',#2306,#2307);
#2306 = CARTESIAN_POINT('',(20.,-3.,52.));
#2307 = VECTOR('',#2308,1.);
#2308 = DIRECTION('',(1.,0.,0.));
#2309 = PCURVE('',#439,#2310);
#2310 = DEFINITIONAL_REPRESENTATION('',(#2311),#2315);
#2311 = LINE('',#2312,#2313);
#2312 = CARTESIAN_POINT('',(0.,40.));
#2313 = VECTOR('',#2314,1.);
#2314 = DIRECTION('',(1.,0.));
#2315 = ( GEOMETRIC_REPRESENTATION_CONTEXT(2) 
PARAMETRIC_REPRESENTATION_CONTEXT() REPRESENTATION_CONTEXT('2D SPACE',''
  ) );
#2316 = PCURVE('',#411,#2317);
#2317 = DEFINITIONAL_REPRESENTATION('',(#2318),#2322);
#2318 = LINE('',#2319,#2320);
#2319 = CARTESIAN_POINT('',(0.,0.));
#2320 = VECTOR('',#2321,1.);
#2321 = DIRECTION('',(0.,1.));
#2322 = ( GEOMETRIC_REPRESENTATION_CONTEXT(2) 
PARAMETRIC_REPRESENTATION_CONTEXT() REPRESENTATION_CONTEXT('2D SPACE',''
  ) );
#2323 = ORIENTED_EDGE('',*,*,#1351,.F.);
#2324 = ORIENTED_EDGE('',*,*,#2267,.T.);
#2325 = ORIENTED_EDGE('',*,*,#423,.F.);
#2326 = ADVANCED_FACE('',(#2327),#411,.F.);
#2327 = FACE_BOUND('',#2328,.F.);
#2328 = EDGE_LOOP('',(#2329,#2330,#2331,#2332,#2333,#2334,#2335,#2336,
    #2337,#2338,#2339,#2340,#2341));
#2329 = ORIENTED_EDGE('',*,*,#2303,.F.);
#2330 = ORIENTED_EDGE('',*,*,#1377,.T.);
#2331 = ORIENTED_EDGE('',*,*,#1297,.T.);
#2332 = ORIENTED_EDGE('',*,*,#1185,.T.);
#2333 = ORIENTED_EDGE('',*,*,#611,.F.);
#2334 = ORIENTED_EDGE('',*,*,#1161,.T.);
#2335 = ORIENTED_EDGE('',*,*,#845,.T.);
#2336 = ORIENTED_EDGE('',*,*,#1140,.F.);
#2337 = ORIENTED_EDGE('',*,*,#663,.F.);
#2338 = ORIENTED_EDGE('',*,*,#1033,.T.);
#2339 = ORIENTED_EDGE('',*,*,#1085,.T.);
#2340 = ORIENTED_EDGE('',*,*,#1010,.F.);
#2341 = ORIENTED_EDGE('',*,*,#393,.F.);
#2342 = ADVANCED_FACE('',(#2343),#379,.F.);
#2343 = FACE_BOUND('',#2344,.F.);
#2344 = EDGE_LOOP('',(#2345,#2366,#2367,#2368));
#2345 = ORIENTED_EDGE('',*,*,#2346,.T.);
#2346 = EDGE_CURVE('',#2237,#359,#2347,.T.);
#2347 = SEAM_CURVE('',#2348,(#2352,#2359),.PCURVE_S1.);
#2348 = LINE('',#2349,#2350);
#2349 = CARTESIAN_POINT('',(40.,-38.9,56.));
#2350 = VECTOR('',#2351,1.);
#2351 = DIRECTION('',(1.,0.,0.));
#2352 = PCURVE('',#379,#2353);
#2353 = DEFINITIONAL_REPRESENTATION('',(#2354),#2358);
#2354 = LINE('',#2355,#2356);
#2355 = CARTESIAN_POINT('',(-4.138911435803E-13,0.));
#2356 = VECTOR('',#2357,1.);
#2357 = DIRECTION('',(-0.,-1.));
#2358 = ( GEOMETRIC_REPRESENTATION_CONTEXT(2) 
PARAMETRIC_REPRESENTATION_CONTEXT() REPRESENTATION_CONTEXT('2D SPACE',''
  ) );
#2359 = PCURVE('',#379,#2360);
#2360 = DEFINITIONAL_REPRESENTATION('',(#2361),#2365);
#2361 = LINE('',#2362,#2363);
#2362 = CARTESIAN_POINT('',(6.28318530718,0.));
#2363 = VECTOR('',#2364,1.);
#2364 = DIRECTION('',(-0.,-1.));
#2365 = ( GEOMETRIC_REPRESENTATION_CONTEXT(2) 
PARAMETRIC_REPRESENTATION_CONTEXT() REPRESENTATION_CONTEXT('2D SPACE',''
  ) );
#2366 = ORIENTED_EDGE('',*,*,#358,.T.);
#2367 = ORIENTED_EDGE('',*,*,#2346,.F.);
#2368 = ORIENTED_EDGE('',*,*,#2236,.F.);
#2369 = ADVANCED_FACE('',(#2370),#344,.F.);
#2370 = FACE_BOUND('',#2371,.F.);
#2371 = EDGE_LOOP('',(#2372,#2393,#2394,#2395));
#2372 = ORIENTED_EDGE('',*,*,#2373,.T.);
#2373 = EDGE_CURVE('',#1110,#324,#2374,.T.);
#2374 = SEAM_CURVE('',#2375,(#2379,#2386),.PCURVE_S1.);
#2375 = LINE('',#2376,#2377);
#2376 = CARTESIAN_POINT('',(40.,-4.9,56.));
#2377 = VECTOR('',#2378,1.);
#2378 = DIRECTION('',(1.,0.,0.));
#2379 = PCURVE('',#344,#2380);
#2380 = DEFINITIONAL_REPRESENTATION('',(#2381),#2385);
#2381 = LINE('',#2382,#2383);
#2382 = CARTESIAN_POINT('',(-4.138911435803E-13,0.));
#2383 = VECTOR('',#2384,1.);
#2384 = DIRECTION('',(-0.,-1.));
#2385 = ( GEOMETRIC_REPRESENTATION_CONTEXT(2) 
PARAMETRIC_REPRESENTATION_CONTEXT() REPRESENTATION_CONTEXT('2D SPACE',''
  ) );
#2386 = PCURVE('',#344,#2387);
#2387 = DEFINITIONAL_REPRESENTATION('',(#2388),#2392);
#2388 = LINE('',#2389,#2390);
#2389 = CARTESIAN_POINT('',(6.28318530718,0.));
#2390 = VECTOR('',#2391,1.);
#2391 = DIRECTION('',(-0.,-1.));
#2392 = ( GEOMETRIC_REPRESENTATION_CONTEXT(2) 
PARAMETRIC_REPRESENTATION_CONTEXT() REPRESENTATION_CONTEXT('2D SPACE',''
  ) );
#2393 = ORIENTED_EDGE('',*,*,#323,.T.);
#2394 = ORIENTED_EDGE('',*,*,#2373,.F.);
#2395 = ORIENTED_EDGE('',*,*,#1109,.F.);
#2396 = ADVANCED_FACE('',(#2397),#288,.T.);
#2397 = FACE_BOUND('',#2398,.T.);
#2398 = EDGE_LOOP('',(#2399,#2422,#2450,#2471));
#2399 = ORIENTED_EDGE('',*,*,#2400,.F.);
#2400 = EDGE_CURVE('',#2401,#250,#2403,.T.);
#2401 = VERTEX_POINT('',#2402);
#2402 = CARTESIAN_POINT('',(20.,-1.,50.));
#2403 = SURFACE_CURVE('',#2404,(#2408,#2415),.PCURVE_S1.);
#2404 = LINE('',#2405,#2406);
#2405 = CARTESIAN_POINT('',(20.,-1.,50.));
#2406 = VECTOR('',#2407,1.);
#2407 = DIRECTION('',(1.,0.,0.));
#2408 = PCURVE('',#288,#2409);
#2409 = DEFINITIONAL_REPRESENTATION('',(#2410),#2414);
#2410 = LINE('',#2411,#2412);
#2411 = CARTESIAN_POINT('',(0.,0.));
#2412 = VECTOR('',#2413,1.);
#2413 = DIRECTION('',(0.,1.));
#2414 = ( GEOMETRIC_REPRESENTATION_CONTEXT(2) 
PARAMETRIC_REPRESENTATION_CONTEXT() REPRESENTATION_CONTEXT('2D SPACE',''
  ) );
#2415 = PCURVE('',#100,#2416);
#2416 = DEFINITIONAL_REPRESENTATION('',(#2417),#2421);
#2417 = LINE('',#2418,#2419);
#2418 = CARTESIAN_POINT('',(0.,44.));
#2419 = VECTOR('',#2420,1.);
#2420 = DIRECTION('',(1.,0.));
#2421 = ( GEOMETRIC_REPRESENTATION_CONTEXT(2) 
PARAMETRIC_REPRESENTATION_CONTEXT() REPRESENTATION_CONTEXT('2D SPACE',''
  ) );
#2422 = ORIENTED_EDGE('',*,*,#2423,.T.);
#2423 = EDGE_CURVE('',#2401,#2424,#2426,.T.);
#2424 = VERTEX_POINT('',#2425);
#2425 = CARTESIAN_POINT('',(20.,-1.,120.));
#2426 = SURFACE_CURVE('',#2427,(#2431,#2438),.PCURVE_S1.);
#2427 = LINE('',#2428,#2429);
#2428 = CARTESIAN_POINT('',(20.,-1.,50.));
#2429 = VECTOR('',#2430,1.);
#2430 = DIRECTION('',(0.,0.,1.));
#2431 = PCURVE('',#288,#2432);
#2432 = DEFINITIONAL_REPRESENTATION('',(#2433),#2437);
#2433 = LINE('',#2434,#2435);
#2434 = CARTESIAN_POINT('',(0.,0.));
#2435 = VECTOR('',#2436,1.);
#2436 = DIRECTION('',(1.,0.));
#2437 = ( GEOMETRIC_REPRESENTATION_CONTEXT(2) 
PARAMETRIC_REPRESENTATION_CONTEXT() REPRESENTATION_CONTEXT('2D SPACE',''
  ) );
#2438 = PCURVE('',#2439,#2444);
#2439 = PLANE('',#2440);
#2440 = AXIS2_PLACEMENT_3D('',#2441,#2442,#2443);
#2441 = CARTESIAN_POINT('',(20.,-45.,50.));
#2442 = DIRECTION('',(1.,0.,0.));
#2443 = DIRECTION('',(0.,0.,1.));
#2444 = DEFINITIONAL_REPRESENTATION('',(#2445),#2449);
#2445 = LINE('',#2446,#2447);
#2446 = CARTESIAN_POINT('',(0.,-44.));
#2447 = VECTOR('',#2448,1.);
#2448 = DIRECTION('',(1.,0.));
#2449 = ( GEOMETRIC_REPRESENTATION_CONTEXT(2) 
PARAMETRIC_REPRESENTATION_CONTEXT() REPRESENTATION_CONTEXT('2D SPACE',''
  ) );
#2450 = ORIENTED_EDGE('',*,*,#2451,.T.);
#2451 = EDGE_CURVE('',#2424,#273,#2452,.T.);
#2452 = SURFACE_CURVE('',#2453,(#2457,#2464),.PCURVE_S1.);
#2453 = LINE('',#2454,#2455);
#2454 = CARTESIAN_POINT('',(20.,-1.,120.));
#2455 = VECTOR('',#2456,1.);
#2456 = DIRECTION('',(1.,0.,0.));
#2457 = PCURVE('',#288,#2458);
#2458 = DEFINITIONAL_REPRESENTATION('',(#2459),#2463);
#2459 = LINE('',#2460,#2461);
#2460 = CARTESIAN_POINT('',(70.,0.));
#2461 = VECTOR('',#2462,1.);
#2462 = DIRECTION('',(0.,1.));
#2463 = ( GEOMETRIC_REPRESENTATION_CONTEXT(2) 
PARAMETRIC_REPRESENTATION_CONTEXT() REPRESENTATION_CONTEXT('2D SPACE',''
  ) );
#2464 = PCURVE('',#44,#2465);
#2465 = DEFINITIONAL_REPRESENTATION('',(#2466),#2470);
#2466 = LINE('',#2467,#2468);
#2467 = CARTESIAN_POINT('',(0.,44.));
#2468 = VECTOR('',#2469,1.);
#2469 = DIRECTION('',(1.,0.));
#2470 = ( GEOMETRIC_REPRESENTATION_CONTEXT(2) 
PARAMETRIC_REPRESENTATION_CONTEXT() REPRESENTATION_CONTEXT('2D SPACE',''
  ) );
#2471 = ORIENTED_EDGE('',*,*,#272,.F.);
#2472 = ADVANCED_FACE('',(#2473),#2439,.F.);
#2473 = FACE_BOUND('',#2474,.F.);
#2474 = EDGE_LOOP('',(#2475,#2498,#2525,#2547,#2568));
#2475 = ORIENTED_EDGE('',*,*,#2476,.F.);
#2476 = EDGE_CURVE('',#2477,#2424,#2479,.T.);
#2477 = VERTEX_POINT('',#2478);
#2478 = CARTESIAN_POINT('',(20.,-2.439038843029,120.));
#2479 = SURFACE_CURVE('',#2480,(#2484,#2491),.PCURVE_S1.);
#2480 = LINE('',#2481,#2482);
#2481 = CARTESIAN_POINT('',(20.,-45.,120.));
#2482 = VECTOR('',#2483,1.);
#2483 = DIRECTION('',(0.,1.,0.));
#2484 = PCURVE('',#2439,#2485);
#2485 = DEFINITIONAL_REPRESENTATION('',(#2486),#2490);
#2486 = LINE('',#2487,#2488);
#2487 = CARTESIAN_POINT('',(70.,0.));
#2488 = VECTOR('',#2489,1.);
#2489 = DIRECTION('',(0.,-1.));
#2490 = ( GEOMETRIC_REPRESENTATION_CONTEXT(2) 
PARAMETRIC_REPRESENTATION_CONTEXT() REPRESENTATION_CONTEXT('2D SPACE',''
  ) );
#2491 = PCURVE('',#44,#2492);
#2492 = DEFINITIONAL_REPRESENTATION('',(#2493),#2497);
#2493 = LINE('',#2494,#2495);
#2494 = CARTESIAN_POINT('',(0.,0.));
#2495 = VECTOR('',#2496,1.);
#2496 = DIRECTION('',(0.,1.));
#2497 = ( GEOMETRIC_REPRESENTATION_CONTEXT(2) 
PARAMETRIC_REPRESENTATION_CONTEXT() REPRESENTATION_CONTEXT('2D SPACE',''
  ) );
#2498 = ORIENTED_EDGE('',*,*,#2499,.T.);
#2499 = EDGE_CURVE('',#2477,#2500,#2502,.T.);
#2500 = VERTEX_POINT('',#2501);
#2501 = CARTESIAN_POINT('',(20.,-4.125413911823,112.));
#2502 = SURFACE_CURVE('',#2503,(#2508,#2515),.PCURVE_S1.);
#2503 = HYPERBOLA('',#2504,135.1724137931,20.);
#2504 = AXIS2_PLACEMENT_3D('',#2505,#2506,#2507);
#2505 = CARTESIAN_POINT('',(20.,-23.,-73.86206896551));
#2506 = DIRECTION('',(1.,0.,0.));
#2507 = DIRECTION('',(-0.,0.,1.));
#2508 = PCURVE('',#2439,#2509);
#2509 = DEFINITIONAL_REPRESENTATION('',(#2510),#2514);
#2510 = HYPERBOLA('',#2511,135.1724137931,20.);
#2511 = AXIS2_PLACEMENT_2D('',#2512,#2513);
#2512 = CARTESIAN_POINT('',(-123.8620689655,-22.));
#2513 = DIRECTION('',(1.,0.));
#2514 = ( GEOMETRIC_REPRESENTATION_CONTEXT(2) 
PARAMETRIC_REPRESENTATION_CONTEXT() REPRESENTATION_CONTEXT('2D SPACE',''
  ) );
#2515 = PCURVE('',#154,#2516);
#2516 = DEFINITIONAL_REPRESENTATION('',(#2517),#2524);
#2517 = B_SPLINE_CURVE_WITH_KNOTS('',5,(#2518,#2519,#2520,#2521,#2522,
    #2523),.UNSPECIFIED.,.F.,.F.,(6,6),(-0.901068146533,-0.841019322011)
  ,.PIECEWISE_BEZIER_KNOTS.);
#2518 = CARTESIAN_POINT('',(7.082412664458,8.000000000771));
#2519 = CARTESIAN_POINT('',(7.074038726637,6.331078183864));
#2520 = CARTESIAN_POINT('',(7.065574676762,4.697108352872));
#2521 = CARTESIAN_POINT('',(7.057020445248,3.097589015276));
#2522 = CARTESIAN_POINT('',(7.048376066324,1.532039687949));
#2523 = CARTESIAN_POINT('',(7.039641691848,2.781283311202E-14));
#2524 = ( GEOMETRIC_REPRESENTATION_CONTEXT(2) 
PARAMETRIC_REPRESENTATION_CONTEXT() REPRESENTATION_CONTEXT('2D SPACE',''
  ) );
#2525 = ORIENTED_EDGE('',*,*,#2526,.F.);
#2526 = EDGE_CURVE('',#2527,#2500,#2529,.T.);
#2527 = VERTEX_POINT('',#2528);
#2528 = CARTESIAN_POINT('',(20.,-4.125413911823,50.));
#2529 = SURFACE_CURVE('',#2530,(#2534,#2541),.PCURVE_S1.);
#2530 = LINE('',#2531,#2532);
#2531 = CARTESIAN_POINT('',(20.,-4.125413911823,47.3));
#2532 = VECTOR('',#2533,1.);
#2533 = DIRECTION('',(0.,0.,1.));
#2534 = PCURVE('',#2439,#2535);
#2535 = DEFINITIONAL_REPRESENTATION('',(#2536),#2540);
#2536 = LINE('',#2537,#2538);
#2537 = CARTESIAN_POINT('',(-2.7,-40.87458608817));
#2538 = VECTOR('',#2539,1.);
#2539 = DIRECTION('',(1.,0.));
#2540 = ( GEOMETRIC_REPRESENTATION_CONTEXT(2) 
PARAMETRIC_REPRESENTATION_CONTEXT() REPRESENTATION_CONTEXT('2D SPACE',''
  ) );
#2541 = PCURVE('',#128,#2542);
#2542 = DEFINITIONAL_REPRESENTATION('',(#2543),#2546);
#2543 = B_SPLINE_CURVE_WITH_KNOTS('',1,(#2544,#2545),.UNSPECIFIED.,.F.,
  .F.,(2,2),(2.7,64.7),.PIECEWISE_BEZIER_KNOTS.);
#2544 = CARTESIAN_POINT('',(7.039641691848,2.7));
#2545 = CARTESIAN_POINT('',(7.039641691848,64.7));
#2546 = ( GEOMETRIC_REPRESENTATION_CONTEXT(2) 
PARAMETRIC_REPRESENTATION_CONTEXT() REPRESENTATION_CONTEXT('2D SPACE',''
  ) );
#2547 = ORIENTED_EDGE('',*,*,#2548,.T.);
#2548 = EDGE_CURVE('',#2527,#2401,#2549,.T.);
#2549 = SURFACE_CURVE('',#2550,(#2554,#2561),.PCURVE_S1.);
#2550 = LINE('',#2551,#2552);
#2551 = CARTESIAN_POINT('',(20.,-45.,50.));
#2552 = VECTOR('',#2553,1.);
#2553 = DIRECTION('',(0.,1.,0.));
#2554 = PCURVE('',#2439,#2555);
#2555 = DEFINITIONAL_REPRESENTATION('',(#2556),#2560);
#2556 = LINE('',#2557,#2558);
#2557 = CARTESIAN_POINT('',(0.,0.));
#2558 = VECTOR('',#2559,1.);
#2559 = DIRECTION('',(0.,-1.));
#2560 = ( GEOMETRIC_REPRESENTATION_CONTEXT(2) 
PARAMETRIC_REPRESENTATION_CONTEXT() REPRESENTATION_CONTEXT('2D SPACE',''
  ) );
#2561 = PCURVE('',#100,#2562);
#2562 = DEFINITIONAL_REPRESENTATION('',(#2563),#2567);
#2563 = LINE('',#2564,#2565);
#2564 = CARTESIAN_POINT('',(0.,0.));
#2565 = VECTOR('',#2566,1.);
#2566 = DIRECTION('',(0.,1.));
#2567 = ( GEOMETRIC_REPRESENTATION_CONTEXT(2) 
PARAMETRIC_REPRESENTATION_CONTEXT() REPRESENTATION_CONTEXT('2D SPACE',''
  ) );
#2568 = ORIENTED_EDGE('',*,*,#2423,.T.);
#2569 = ADVANCED_FACE('',(#2570),#100,.F.);
#2570 = FACE_BOUND('',#2571,.F.);
#2571 = EDGE_LOOP('',(#2572,#2573,#2574,#2575,#2576,#2577));
#2572 = ORIENTED_EDGE('',*,*,#84,.F.);
#2573 = ORIENTED_EDGE('',*,*,#172,.T.);
#2574 = ORIENTED_EDGE('',*,*,#249,.T.);
#2575 = ORIENTED_EDGE('',*,*,#2400,.F.);
#2576 = ORIENTED_EDGE('',*,*,#2548,.F.);
#2577 = ORIENTED_EDGE('',*,*,#2578,.T.);
#2578 = EDGE_CURVE('',#2527,#85,#2579,.T.);
#2579 = SURFACE_CURVE('',#2580,(#2585,#2596),.PCURVE_S1.);
#2580 = CIRCLE('',#2581,27.5);
#2581 = AXIS2_PLACEMENT_3D('',#2582,#2583,#2584);
#2582 = CARTESIAN_POINT('',(0.,-23.,50.));
#2583 = DIRECTION('',(0.,0.,-1.));
#2584 = DIRECTION('',(0.727272727273,0.686348585025,0.));
#2585 = PCURVE('',#100,#2586);
#2586 = DEFINITIONAL_REPRESENTATION('',(#2587),#2595);
#2587 = ( BOUNDED_CURVE() B_SPLINE_CURVE(2,(#2588,#2589,#2590,#2591,
#2592,#2593,#2594),.UNSPECIFIED.,.T.,.F.) B_SPLINE_CURVE_WITH_KNOTS((1,2
    ,2,2,2,1),(-2.094395102393,0.,2.094395102393,4.188790204786,
6.28318530718,8.377580409573),.UNSPECIFIED.) CURVE() 
GEOMETRIC_REPRESENTATION_ITEM() RATIONAL_B_SPLINE_CURVE((1.,0.5,1.,0.5,
1.,0.5,1.)) REPRESENTATION_ITEM('') );
#2588 = CARTESIAN_POINT('',(-1.769251412043E-12,40.874586088179));
#2589 = CARTESIAN_POINT('',(32.691742076557,6.233569936804));
#2590 = CARTESIAN_POINT('',(-13.65412896172,-4.757801119777));
#2591 = CARTESIAN_POINT('',(-59.99999999999,-15.74917217635));
#2592 = CARTESIAN_POINT('',(-46.34587103827,29.883215031598));
#2593 = CARTESIAN_POINT('',(-32.69174207656,75.515602239553));
#2594 = CARTESIAN_POINT('',(-1.769251412043E-12,40.874586088179));
#2595 = ( GEOMETRIC_REPRESENTATION_CONTEXT(2) 
PARAMETRIC_REPRESENTATION_CONTEXT() REPRESENTATION_CONTEXT('2D SPACE',''
  ) );
#2596 = PCURVE('',#128,#2597);
#2597 = DEFINITIONAL_REPRESENTATION('',(#2598),#2602);
#2598 = LINE('',#2599,#2600);
#2599 = CARTESIAN_POINT('',(7.039641691848,2.7));
#2600 = VECTOR('',#2601,1.);
#2601 = DIRECTION('',(-1.,-0.));
#2602 = ( GEOMETRIC_REPRESENTATION_CONTEXT(2) 
PARAMETRIC_REPRESENTATION_CONTEXT() REPRESENTATION_CONTEXT('2D SPACE',''
  ) );
#2603 = ADVANCED_FACE('',(#2604,#2631),#128,.F.);
#2604 = FACE_BOUND('',#2605,.F.);
#2605 = EDGE_LOOP('',(#2606,#2607,#2608,#2630));
#2606 = ORIENTED_EDGE('',*,*,#2578,.F.);
#2607 = ORIENTED_EDGE('',*,*,#2526,.T.);
#2608 = ORIENTED_EDGE('',*,*,#2609,.T.);
#2609 = EDGE_CURVE('',#2500,#113,#2610,.T.);
#2610 = SURFACE_CURVE('',#2611,(#2616,#2623),.PCURVE_S1.);
#2611 = CIRCLE('',#2612,27.5);
#2612 = AXIS2_PLACEMENT_3D('',#2613,#2614,#2615);
#2613 = CARTESIAN_POINT('',(0.,-23.,112.));
#2614 = DIRECTION('',(0.,0.,-1.));
#2615 = DIRECTION('',(0.727272727273,0.686348585025,0.));
#2616 = PCURVE('',#128,#2617);
#2617 = DEFINITIONAL_REPRESENTATION('',(#2618),#2622);
#2618 = LINE('',#2619,#2620);
#2619 = CARTESIAN_POINT('',(7.039641691848,64.7));
#2620 = VECTOR('',#2621,1.);
#2621 = DIRECTION('',(-1.,-0.));
#2622 = ( GEOMETRIC_REPRESENTATION_CONTEXT(2) 
PARAMETRIC_REPRESENTATION_CONTEXT() REPRESENTATION_CONTEXT('2D SPACE',''
  ) );
#2623 = PCURVE('',#154,#2624);
#2624 = DEFINITIONAL_REPRESENTATION('',(#2625),#2629);
#2625 = LINE('',#2626,#2627);
#2626 = CARTESIAN_POINT('',(7.039641691848,0.));
#2627 = VECTOR('',#2628,1.);
#2628 = DIRECTION('',(-1.,-0.));
#2629 = ( GEOMETRIC_REPRESENTATION_CONTEXT(2) 
PARAMETRIC_REPRESENTATION_CONTEXT() REPRESENTATION_CONTEXT('2D SPACE',''
  ) );
#2630 = ORIENTED_EDGE('',*,*,#112,.F.);
#2631 = FACE_BOUND('',#2632,.F.);
#2632 = EDGE_LOOP('',(#2633));
#2633 = ORIENTED_EDGE('',*,*,#1772,.F.);
#2634 = ADVANCED_FACE('',(#2635),#154,.F.);
#2635 = FACE_BOUND('',#2636,.F.);
#2636 = EDGE_LOOP('',(#2637,#2638,#2639,#2665));
#2637 = ORIENTED_EDGE('',*,*,#2609,.F.);
#2638 = ORIENTED_EDGE('',*,*,#2499,.F.);
#2639 = ORIENTED_EDGE('',*,*,#2640,.T.);
#2640 = EDGE_CURVE('',#2477,#24,#2641,.T.);
#2641 = SURFACE_CURVE('',#2642,(#2647,#2654),.PCURVE_S1.);
#2642 = CIRCLE('',#2643,28.683673469388);
#2643 = AXIS2_PLACEMENT_3D('',#2644,#2645,#2646);
#2644 = CARTESIAN_POINT('',(0.,-23.,120.));
#2645 = DIRECTION('',(0.,0.,-1.));
#2646 = DIRECTION('',(0.697260761295,0.716817571463,0.));
#2647 = PCURVE('',#154,#2648);
#2648 = DEFINITIONAL_REPRESENTATION('',(#2649),#2653);
#2649 = LINE('',#2650,#2651);
#2650 = CARTESIAN_POINT('',(7.082412664459,8.));
#2651 = VECTOR('',#2652,1.);
#2652 = DIRECTION('',(-1.,-0.));
#2653 = ( GEOMETRIC_REPRESENTATION_CONTEXT(2) 
PARAMETRIC_REPRESENTATION_CONTEXT() REPRESENTATION_CONTEXT('2D SPACE',''
  ) );
#2654 = PCURVE('',#44,#2655);
#2655 = DEFINITIONAL_REPRESENTATION('',(#2656),#2664);
#2656 = ( BOUNDED_CURVE() B_SPLINE_CURVE(2,(#2657,#2658,#2659,#2660,
#2661,#2662,#2663),.UNSPECIFIED.,.T.,.F.) B_SPLINE_CURVE_WITH_KNOTS((1,2
    ,2,2,2,1),(-2.094395102393,0.,2.094395102393,4.188790204786,
6.28318530718,8.377580409573),.UNSPECIFIED.) CURVE() 
GEOMETRIC_REPRESENTATION_ITEM() RATIONAL_B_SPLINE_CURVE((1.,0.5,1.,0.5,
1.,0.5,1.)) REPRESENTATION_ITEM('') );
#2657 = CARTESIAN_POINT('',(4.714451051768E-12,42.560961156966));
#2658 = CARTESIAN_POINT('',(35.612629376321,7.919945005581));
#2659 = CARTESIAN_POINT('',(-12.19368531184,-5.600988654176));
#2660 = CARTESIAN_POINT('',(-60.,-19.12192231393));
#2661 = CARTESIAN_POINT('',(-47.80631468816,29.04002749721));
#2662 = CARTESIAN_POINT('',(-35.61262937631,77.201977308352));
#2663 = CARTESIAN_POINT('',(4.714451051768E-12,42.560961156966));
#2664 = ( GEOMETRIC_REPRESENTATION_CONTEXT(2) 
PARAMETRIC_REPRESENTATION_CONTEXT() REPRESENTATION_CONTEXT('2D SPACE',''
  ) );
#2665 = ORIENTED_EDGE('',*,*,#139,.F.);
#2666 = ADVANCED_FACE('',(#2667),#44,.T.);
#2667 = FACE_BOUND('',#2668,.T.);
#2668 = EDGE_LOOP('',(#2669,#2670,#2671,#2672,#2673,#2674));
#2669 = ORIENTED_EDGE('',*,*,#21,.F.);
#2670 = ORIENTED_EDGE('',*,*,#196,.T.);
#2671 = ORIENTED_EDGE('',*,*,#300,.T.);
#2672 = ORIENTED_EDGE('',*,*,#2451,.F.);
#2673 = ORIENTED_EDGE('',*,*,#2476,.F.);
#2674 = ORIENTED_EDGE('',*,*,#2640,.T.);
#2675 = ( GEOMETRIC_REPRESENTATION_CONTEXT(3) 
GLOBAL_UNCERTAINTY_ASSIGNED_CONTEXT((#2679)) 
GLOBAL_UNIT_ASSIGNED_CONTEXT((#2676,#2677,#2678)) REPRESENTATION_CONTEXT
('Context #1','3D Context with UNIT and UNCERTAINTY') );
#2676 = ( LENGTH_UNIT() NAMED_UNIT(*) SI_UNIT(.MILLI.,.METRE.) );
#2677 = ( NAMED_UNIT(*) PLANE_ANGLE_UNIT() SI_UNIT($,.RADIAN.) );
#2678 = ( NAMED_UNIT(*) SI_UNIT($,.STERADIAN.) SOLID_ANGLE_UNIT() );
#2679 = UNCERTAINTY_MEASURE_WITH_UNIT(LENGTH_MEASURE(1.E-07),#2676,
  'distance_accuracy_value','confusion accuracy');
#2680 = PRODUCT_RELATED_PRODUCT_CATEGORY('part',$,(#7));
#2681 = MECHANICAL_DESIGN_GEOMETRIC_PRESENTATION_REPRESENTATION('',(
    #2682),#2675);
#2682 = STYLED_ITEM('color',(#2683),#15);
#2683 = PRESENTATION_STYLE_ASSIGNMENT((#2684));
#2684 = SURFACE_STYLE_USAGE(.BOTH.,#2685);
#2685 = SURFACE_SIDE_STYLE('',(#2686));
#2686 = SURFACE_STYLE_FILL_AREA(#2687);
#2687 = FILL_AREA_STYLE('',(#2688));
#2688 = FILL_AREA_STYLE_COLOUR('',#2689);
#2689 = COLOUR_RGB('',0.626209676391,0.626209676391,0.649956451329);
ENDSEC;
END-ISO-10303-21;
