ISO-10303-21;
HEADER;
FILE_DESCRIPTION(('Open CASCADE Model'),'2;1');
FILE_NAME('Open CASCADE Shape Model','2026-10-06T16:18:26',('Author'),(
    'Open CASCADE'),'Open CASCADE STEP processor 7.9','Open CASCADE 7.9'
  ,'Unknown');
FILE_SCHEMA(('AUTOMOTIVE_DESIGN { 1 0 10303 214 1 1 1 1 }'));
ENDSEC;
DATA;
#1 = APPLICATION_PROTOCOL_DEFINITION('international standard',
  'automotive_design',2000,#2);
#2 = APPLICATION_CONTEXT(
  'core data for automotive mechanical design processes');
#3 = SHAPE_DEFINITION_REPRESENTATION(#4,#10);
#4 = PRODUCT_DEFINITION_SHAPE('','',#5);
#5 = PRODUCT_DEFINITION('design','',#6,#9);
#6 = PRODUCT_DEFINITION_FORMATION('','',#7);
#7 = PRODUCT('Forearm Socket','Forearm Socket','',(#8));
#8 = PRODUCT_CONTEXT('',#2,'mechanical');
#9 = PRODUCT_DEFINITION_CONTEXT('part definition',#2,'design');
#10 = ADVANCED_BREP_SHAPE_REPRESENTATION('',(#11,#15),#3225);
#11 = AXIS2_PLACEMENT_3D('',#12,#13,#14);
#12 = CARTESIAN_POINT('',(0.,0.,0.));
#13 = DIRECTION('',(0.,0.,1.));
#14 = DIRECTION('',(1.,0.,-0.));
#15 = MANIFOLD_SOLID_BREP('',#16);
#16 = CLOSED_SHELL('',(#17,#194,#540,#599,#658,#717,#776,#1073,#1781,
    #1816,#1851,#1976,#2006,#2086,#2116,#2172,#2273,#2407,#2485,#2558,
    #2585,#2612,#2639,#3018,#3045,#3051,#3078,#3084,#3159,#3165,#3191,
    #3219));
#17 = ADVANCED_FACE('',(#18,#54,#89,#124,#159),#31,.F.);
#18 = FACE_BOUND('',#19,.T.);
#19 = EDGE_LOOP('',(#20));
#20 = ORIENTED_EDGE('',*,*,#21,.F.);
#21 = EDGE_CURVE('',#22,#22,#24,.T.);
#22 = VERTEX_POINT('',#23);
#23 = CARTESIAN_POINT('',(27.5,-23.,47.3));
#24 = SURFACE_CURVE('',#25,(#30,#42),.PCURVE_S1.);
#25 = CIRCLE('',#26,27.5);
#26 = AXIS2_PLACEMENT_3D('',#27,#28,#29);
#27 = CARTESIAN_POINT('',(0.,-23.,47.3));
#28 = DIRECTION('',(0.,0.,1.));
#29 = DIRECTION('',(1.,0.,-0.));
#30 = PCURVE('',#31,#36);
#31 = PLANE('',#32);
#32 = AXIS2_PLACEMENT_3D('',#33,#34,#35);
#33 = CARTESIAN_POINT('',(0.,-23.,47.3));
#34 = DIRECTION('',(0.,0.,1.));
#35 = DIRECTION('',(1.,0.,-0.));
#36 = DEFINITIONAL_REPRESENTATION('',(#37),#41);
#37 = CIRCLE('',#38,27.5);
#38 = AXIS2_PLACEMENT_2D('',#39,#40);
#39 = CARTESIAN_POINT('',(0.,0.));
#40 = DIRECTION('',(1.,0.));
#41 = ( GEOMETRIC_REPRESENTATION_CONTEXT(2) 
PARAMETRIC_REPRESENTATION_CONTEXT() REPRESENTATION_CONTEXT('2D SPACE',''
  ) );
#42 = PCURVE('',#43,#48);
#43 = CYLINDRICAL_SURFACE('',#44,27.5);
#44 = AXIS2_PLACEMENT_3D('',#45,#46,#47);
#45 = CARTESIAN_POINT('',(0.,-23.,47.3));
#46 = DIRECTION('',(0.,0.,1.));
#47 = DIRECTION('',(1.,0.,-0.));
#48 = DEFINITIONAL_REPRESENTATION('',(#49),#53);
#49 = LINE('',#50,#51);
#50 = CARTESIAN_POINT('',(0.,0.));
#51 = VECTOR('',#52,1.);
#52 = DIRECTION('',(1.,0.));
#53 = ( GEOMETRIC_REPRESENTATION_CONTEXT(2) 
PARAMETRIC_REPRESENTATION_CONTEXT() REPRESENTATION_CONTEXT('2D SPACE',''
  ) );
#54 = FACE_BOUND('',#55,.T.);
#55 = EDGE_LOOP('',(#56));
#56 = ORIENTED_EDGE('',*,*,#57,.F.);
#57 = EDGE_CURVE('',#58,#58,#60,.T.);
#58 = VERTEX_POINT('',#59);
#59 = CARTESIAN_POINT('',(1.8,-37.5,47.3));
#60 = SURFACE_CURVE('',#61,(#66,#77),.PCURVE_S1.);
#61 = CIRCLE('',#62,1.8);
#62 = AXIS2_PLACEMENT_3D('',#63,#64,#65);
#63 = CARTESIAN_POINT('',(-2.663606788145E-15,-37.5,47.3));
#64 = DIRECTION('',(0.,0.,-1.));
#65 = DIRECTION('',(1.,0.,0.));
#66 = PCURVE('',#31,#67);
#67 = DEFINITIONAL_REPRESENTATION('',(#68),#76);
#68 = ( BOUNDED_CURVE() B_SPLINE_CURVE(2,(#69,#70,#71,#72,#73,#74,#75),
.UNSPECIFIED.,.T.,.F.) B_SPLINE_CURVE_WITH_KNOTS((1,2,2,2,2,1),(
    -2.094395102393,0.,2.094395102393,4.188790204786,6.28318530718,
8.377580409573),.UNSPECIFIED.) CURVE() GEOMETRIC_REPRESENTATION_ITEM() 
RATIONAL_B_SPLINE_CURVE((1.,0.5,1.,0.5,1.,0.5,1.)) REPRESENTATION_ITEM(
  '') );
#69 = CARTESIAN_POINT('',(1.8,-14.5));
#70 = CARTESIAN_POINT('',(1.8,-17.61769145362));
#71 = CARTESIAN_POINT('',(-0.9,-16.05884572681));
#72 = CARTESIAN_POINT('',(-3.6,-14.5));
#73 = CARTESIAN_POINT('',(-0.9,-12.94115427318));
#74 = CARTESIAN_POINT('',(1.8,-11.38230854637));
#75 = CARTESIAN_POINT('',(1.8,-14.5));
#76 = ( GEOMETRIC_REPRESENTATION_CONTEXT(2) 
PARAMETRIC_REPRESENTATION_CONTEXT() REPRESENTATION_CONTEXT('2D SPACE',''
  ) );
#77 = PCURVE('',#78,#83);
#78 = CYLINDRICAL_SURFACE('',#79,1.8);
#79 = AXIS2_PLACEMENT_3D('',#80,#81,#82);
#80 = CARTESIAN_POINT('',(-2.663606788145E-15,-37.5,40.));
#81 = DIRECTION('',(-0.,-0.,-1.));
#82 = DIRECTION('',(1.,0.,0.));
#83 = DEFINITIONAL_REPRESENTATION('',(#84),#88);
#84 = LINE('',#85,#86);
#85 = CARTESIAN_POINT('',(-4.138911435803E-13,-7.3));
#86 = VECTOR('',#87,1.);
#87 = DIRECTION('',(1.,-0.));
#88 = ( GEOMETRIC_REPRESENTATION_CONTEXT(2) 
PARAMETRIC_REPRESENTATION_CONTEXT() REPRESENTATION_CONTEXT('2D SPACE',''
  ) );
#89 = FACE_BOUND('',#90,.T.);
#90 = EDGE_LOOP('',(#91));
#91 = ORIENTED_EDGE('',*,*,#92,.F.);
#92 = EDGE_CURVE('',#93,#93,#95,.T.);
#93 = VERTEX_POINT('',#94);
#94 = CARTESIAN_POINT('',(14.357368354874,-15.75,47.3));
#95 = SURFACE_CURVE('',#96,(#101,#112),.PCURVE_S1.);
#96 = CIRCLE('',#97,1.8);
#97 = AXIS2_PLACEMENT_3D('',#98,#99,#100);
#98 = CARTESIAN_POINT('',(12.557368354874,-15.75,47.3));
#99 = DIRECTION('',(0.,0.,-1.));
#100 = DIRECTION('',(1.,0.,0.));
#101 = PCURVE('',#31,#102);
#102 = DEFINITIONAL_REPRESENTATION('',(#103),#111);
#103 = ( BOUNDED_CURVE() B_SPLINE_CURVE(2,(#104,#105,#106,#107,#108,#109
,#110),.UNSPECIFIED.,.T.,.F.) B_SPLINE_CURVE_WITH_KNOTS((1,2,2,2,2,1),(
    -2.094395102393,0.,2.094395102393,4.188790204786,6.28318530718,
8.377580409573),.UNSPECIFIED.) CURVE() GEOMETRIC_REPRESENTATION_ITEM() 
RATIONAL_B_SPLINE_CURVE((1.,0.5,1.,0.5,1.,0.5,1.)) REPRESENTATION_ITEM(
  '') );
#104 = CARTESIAN_POINT('',(14.357368354874,7.25));
#105 = CARTESIAN_POINT('',(14.357368354874,4.132308546376));
#106 = CARTESIAN_POINT('',(11.657368354874,5.691154273188));
#107 = CARTESIAN_POINT('',(8.957368354874,7.25));
#108 = CARTESIAN_POINT('',(11.657368354874,8.808845726812));
#109 = CARTESIAN_POINT('',(14.357368354874,10.367691453624));
#110 = CARTESIAN_POINT('',(14.357368354874,7.25));
#111 = ( GEOMETRIC_REPRESENTATION_CONTEXT(2) 
PARAMETRIC_REPRESENTATION_CONTEXT() REPRESENTATION_CONTEXT('2D SPACE',''
  ) );
#112 = PCURVE('',#113,#118);
#113 = CYLINDRICAL_SURFACE('',#114,1.8);
#114 = AXIS2_PLACEMENT_3D('',#115,#116,#117);
#115 = CARTESIAN_POINT('',(12.557368354874,-15.75,40.));
#116 = DIRECTION('',(-0.,-0.,-1.));
#117 = DIRECTION('',(1.,0.,0.));
#118 = DEFINITIONAL_REPRESENTATION('',(#119),#123);
#119 = LINE('',#120,#121);
#120 = CARTESIAN_POINT('',(-4.138911435803E-13,-7.3));
#121 = VECTOR('',#122,1.);
#122 = DIRECTION('',(1.,-0.));
#123 = ( GEOMETRIC_REPRESENTATION_CONTEXT(2) 
PARAMETRIC_REPRESENTATION_CONTEXT() REPRESENTATION_CONTEXT('2D SPACE',''
  ) );
#124 = FACE_BOUND('',#125,.T.);
#125 = EDGE_LOOP('',(#126));
#126 = ORIENTED_EDGE('',*,*,#127,.F.);
#127 = EDGE_CURVE('',#128,#128,#130,.T.);
#128 = VERTEX_POINT('',#129);
#129 = CARTESIAN_POINT('',(9.1,-23.,47.3));
#130 = SURFACE_CURVE('',#131,(#136,#147),.PCURVE_S1.);
#131 = CIRCLE('',#132,9.1);
#132 = AXIS2_PLACEMENT_3D('',#133,#134,#135);
#133 = CARTESIAN_POINT('',(0.,-23.,47.3));
#134 = DIRECTION('',(0.,0.,-1.));
#135 = DIRECTION('',(1.,0.,0.));
#136 = PCURVE('',#31,#137);
#137 = DEFINITIONAL_REPRESENTATION('',(#138),#146);
#138 = ( BOUNDED_CURVE() B_SPLINE_CURVE(2,(#139,#140,#141,#142,#143,#144
,#145),.UNSPECIFIED.,.T.,.F.) B_SPLINE_CURVE_WITH_KNOTS((1,2,2,2,2,1),(
    -2.094395102393,0.,2.094395102393,4.188790204786,6.28318530718,
8.377580409573),.UNSPECIFIED.) CURVE() GEOMETRIC_REPRESENTATION_ITEM() 
RATIONAL_B_SPLINE_CURVE((1.,0.5,1.,0.5,1.,0.5,1.)) REPRESENTATION_ITEM(
  '') );
#139 = CARTESIAN_POINT('',(9.1,0.));
#140 = CARTESIAN_POINT('',(9.1,-15.76166234887));
#141 = CARTESIAN_POINT('',(-4.55,-7.880831174438));
#142 = CARTESIAN_POINT('',(-18.2,-2.228857174448E-15));
#143 = CARTESIAN_POINT('',(-4.55,7.880831174438));
#144 = CARTESIAN_POINT('',(9.1,15.761662348877));
#145 = CARTESIAN_POINT('',(9.1,0.));
#146 = ( GEOMETRIC_REPRESENTATION_CONTEXT(2) 
PARAMETRIC_REPRESENTATION_CONTEXT() REPRESENTATION_CONTEXT('2D SPACE',''
  ) );
#147 = PCURVE('',#148,#153);
#148 = CYLINDRICAL_SURFACE('',#149,9.1);
#149 = AXIS2_PLACEMENT_3D('',#150,#151,#152);
#150 = CARTESIAN_POINT('',(0.,-23.,40.));
#151 = DIRECTION('',(-0.,-0.,-1.));
#152 = DIRECTION('',(1.,0.,0.));
#153 = DEFINITIONAL_REPRESENTATION('',(#154),#158);
#154 = LINE('',#155,#156);
#155 = CARTESIAN_POINT('',(-4.138911435803E-13,-7.3));
#156 = VECTOR('',#157,1.);
#157 = DIRECTION('',(1.,-0.));
#158 = ( GEOMETRIC_REPRESENTATION_CONTEXT(2) 
PARAMETRIC_REPRESENTATION_CONTEXT() REPRESENTATION_CONTEXT('2D SPACE',''
  ) );
#159 = FACE_BOUND('',#160,.T.);
#160 = EDGE_LOOP('',(#161));
#161 = ORIENTED_EDGE('',*,*,#162,.F.);
#162 = EDGE_CURVE('',#163,#163,#165,.T.);
#163 = VERTEX_POINT('',#164);
#164 = CARTESIAN_POINT('',(-10.75736835487,-15.75,47.3));
#165 = SURFACE_CURVE('',#166,(#171,#182),.PCURVE_S1.);
#166 = CIRCLE('',#167,1.8);
#167 = AXIS2_PLACEMENT_3D('',#168,#169,#170);
#168 = CARTESIAN_POINT('',(-12.55736835487,-15.75,47.3));
#169 = DIRECTION('',(0.,0.,-1.));
#170 = DIRECTION('',(1.,0.,0.));
#171 = PCURVE('',#31,#172);
#172 = DEFINITIONAL_REPRESENTATION('',(#173),#181);
#173 = ( BOUNDED_CURVE() B_SPLINE_CURVE(2,(#174,#175,#176,#177,#178,#179
,#180),.UNSPECIFIED.,.T.,.F.) B_SPLINE_CURVE_WITH_KNOTS((1,2,2,2,2,1),(
    -2.094395102393,0.,2.094395102393,4.188790204786,6.28318530718,
8.377580409573),.UNSPECIFIED.) CURVE() GEOMETRIC_REPRESENTATION_ITEM() 
RATIONAL_B_SPLINE_CURVE((1.,0.5,1.,0.5,1.,0.5,1.)) REPRESENTATION_ITEM(
  '') );
#174 = CARTESIAN_POINT('',(-10.75736835487,7.25));
#175 = CARTESIAN_POINT('',(-10.75736835487,4.132308546376));
#176 = CARTESIAN_POINT('',(-13.45736835487,5.691154273188));
#177 = CARTESIAN_POINT('',(-16.15736835487,7.25));
#178 = CARTESIAN_POINT('',(-13.45736835487,8.808845726812));
#179 = CARTESIAN_POINT('',(-10.75736835487,10.367691453624));
#180 = CARTESIAN_POINT('',(-10.75736835487,7.25));
#181 = ( GEOMETRIC_REPRESENTATION_CONTEXT(2) 
PARAMETRIC_REPRESENTATION_CONTEXT() REPRESENTATION_CONTEXT('2D SPACE',''
  ) );
#182 = PCURVE('',#183,#188);
#183 = CYLINDRICAL_SURFACE('',#184,1.8);
#184 = AXIS2_PLACEMENT_3D('',#185,#186,#187);
#185 = CARTESIAN_POINT('',(-12.55736835487,-15.75,40.));
#186 = DIRECTION('',(-0.,-0.,-1.));
#187 = DIRECTION('',(1.,0.,0.));
#188 = DEFINITIONAL_REPRESENTATION('',(#189),#193);
#189 = LINE('',#190,#191);
#190 = CARTESIAN_POINT('',(-4.138911435803E-13,-7.3));
#191 = VECTOR('',#192,1.);
#192 = DIRECTION('',(1.,-0.));
#193 = ( GEOMETRIC_REPRESENTATION_CONTEXT(2) 
PARAMETRIC_REPRESENTATION_CONTEXT() REPRESENTATION_CONTEXT('2D SPACE',''
  ) );
#194 = ADVANCED_FACE('',(#195),#43,.T.);
#195 = FACE_BOUND('',#196,.T.);
#196 = EDGE_LOOP('',(#197,#220,#221,#222,#355,#378,#405,#406,#480));
#197 = ORIENTED_EDGE('',*,*,#198,.F.);
#198 = EDGE_CURVE('',#22,#199,#201,.T.);
#199 = VERTEX_POINT('',#200);
#200 = CARTESIAN_POINT('',(27.5,-23.,96.));
#201 = SEAM_CURVE('',#202,(#206,#213),.PCURVE_S1.);
#202 = LINE('',#203,#204);
#203 = CARTESIAN_POINT('',(27.5,-23.,47.3));
#204 = VECTOR('',#205,1.);
#205 = DIRECTION('',(0.,0.,1.));
#206 = PCURVE('',#43,#207);
#207 = DEFINITIONAL_REPRESENTATION('',(#208),#212);
#208 = LINE('',#209,#210);
#209 = CARTESIAN_POINT('',(0.,0.));
#210 = VECTOR('',#211,1.);
#211 = DIRECTION('',(0.,1.));
#212 = ( GEOMETRIC_REPRESENTATION_CONTEXT(2) 
PARAMETRIC_REPRESENTATION_CONTEXT() REPRESENTATION_CONTEXT('2D SPACE',''
  ) );
#213 = PCURVE('',#43,#214);
#214 = DEFINITIONAL_REPRESENTATION('',(#215),#219);
#215 = LINE('',#216,#217);
#216 = CARTESIAN_POINT('',(6.28318530718,0.));
#217 = VECTOR('',#218,1.);
#218 = DIRECTION('',(0.,1.));
#219 = ( GEOMETRIC_REPRESENTATION_CONTEXT(2) 
PARAMETRIC_REPRESENTATION_CONTEXT() REPRESENTATION_CONTEXT('2D SPACE',''
  ) );
#220 = ORIENTED_EDGE('',*,*,#21,.T.);
#221 = ORIENTED_EDGE('',*,*,#198,.T.);
#222 = ORIENTED_EDGE('',*,*,#223,.F.);
#223 = EDGE_CURVE('',#224,#199,#226,.T.);
#224 = VERTEX_POINT('',#225);
#225 = CARTESIAN_POINT('',(27.5,-23.,104.));
#226 = SURFACE_CURVE('',#227,(#266,#308),.PCURVE_S1.);
#227 = B_SPLINE_CURVE_WITH_KNOTS('',7,(#228,#229,#230,#231,#232,#233,
    #234,#235,#236,#237,#238,#239,#240,#241,#242,#243,#244,#245,#246,
    #247,#248,#249,#250,#251,#252,#253,#254,#255,#256,#257,#258,#259,
    #260,#261,#262,#263,#264,#265),.UNSPECIFIED.,.F.,.F.,(8,6,6,6,6,6,8)
  ,(0.,0.15659983266,0.302127224708,0.500000000019,0.69787277533,
    0.843400167427,1.),.UNSPECIFIED.);
#228 = CARTESIAN_POINT('',(27.5,-23.,104.));
#229 = CARTESIAN_POINT('',(27.5,-23.34264066724,104.));
#230 = CARTESIAN_POINT('',(27.495019241569,-23.68196986001,103.965757658
    ));
#231 = CARTESIAN_POINT('',(27.485231326721,-24.012614784,103.89846373387
    ));
#232 = CARTESIAN_POINT('',(27.471268765995,-24.32946964367,
    103.80066911623));
#233 = CARTESIAN_POINT('',(27.454168652924,-24.62800892189,
    103.67621170353));
#234 = CARTESIAN_POINT('',(27.435132921001,-24.90456610707,
    103.53017642495));
#235 = CARTESIAN_POINT('',(27.396890617882,-25.39072364276,
    103.21896674179));
#236 = CARTESIAN_POINT('',(27.377610709193,-25.6059703411,
    103.05440709361));
#237 = CARTESIAN_POINT('',(27.358131888834,-25.80250212587,
    102.87783841357));
#238 = CARTESIAN_POINT('',(27.33900638202,-25.98071351521,
    102.69145420896));
#239 = CARTESIAN_POINT('',(27.320675709005,-26.14110664942,
    102.49706471277));
#240 = CARTESIAN_POINT('',(27.303481710309,-26.28421953043,
    102.29616424007));
#241 = CARTESIAN_POINT('',(27.266220282452,-26.58234597617,
    101.80966609662));
#242 = CARTESIAN_POINT('',(27.247320979065,-26.72330503328,
    101.51930238937));
#243 = CARTESIAN_POINT('',(27.231661283759,-26.83468442412,
    101.22185453536));
#244 = CARTESIAN_POINT('',(27.219663881809,-26.917504014,100.9195428933)
  );
#245 = CARTESIAN_POINT('',(27.211580703076,-26.97248715089,
    100.61412874023));
#246 = CARTESIAN_POINT('',(27.207535720826,-27.,100.3071327511));
#247 = CARTESIAN_POINT('',(27.207535720826,-27.,99.692867248896));
#248 = CARTESIAN_POINT('',(27.211580703076,-26.97248715089,
    99.38587125977));
#249 = CARTESIAN_POINT('',(27.219663881809,-26.917504014,99.080457106694
    ));
#250 = CARTESIAN_POINT('',(27.231661283759,-26.83468442412,
    98.77814546463));
#251 = CARTESIAN_POINT('',(27.247320979065,-26.72330503328,
    98.480697610628));
#252 = CARTESIAN_POINT('',(27.266220282452,-26.58234597617,
    98.190333903378));
#253 = CARTESIAN_POINT('',(27.303481710314,-26.28421953039,
    97.703835759853));
#254 = CARTESIAN_POINT('',(27.320675709,-26.14110664945,97.5029352873));
#255 = CARTESIAN_POINT('',(27.339006382015,-25.98071351527,
    97.308545791078));
#256 = CARTESIAN_POINT('',(27.358131888839,-25.80250212584,
    97.122161586364));
#257 = CARTESIAN_POINT('',(27.3776107092,-25.60597034101,96.945592906341
    ));
#258 = CARTESIAN_POINT('',(27.396890617876,-25.39072364284,
    96.78103325826));
#259 = CARTESIAN_POINT('',(27.435132920991,-24.90456610721,
    96.469823575133));
#260 = CARTESIAN_POINT('',(27.454168652925,-24.6280089219,
    96.323788296446));
#261 = CARTESIAN_POINT('',(27.471268766004,-24.32946964354,
    96.199330883703));
#262 = CARTESIAN_POINT('',(27.485231326723,-24.01261478387,
    96.101536266117));
#263 = CARTESIAN_POINT('',(27.495019241564,-23.68196986003,
    96.034242342028));
#264 = CARTESIAN_POINT('',(27.5,-23.34264066741,96.));
#265 = CARTESIAN_POINT('',(27.5,-23.,96.));
#266 = PCURVE('',#43,#267);
#267 = DEFINITIONAL_REPRESENTATION('',(#268),#307);
#268 = B_SPLINE_CURVE_WITH_KNOTS('',7,(#269,#270,#271,#272,#273,#274,
    #275,#276,#277,#278,#279,#280,#281,#282,#283,#284,#285,#286,#287,
    #288,#289,#290,#291,#292,#293,#294,#295,#296,#297,#298,#299,#300,
    #301,#302,#303,#304,#305,#306),.UNSPECIFIED.,.F.,.F.,(8,6,6,6,6,6,8)
  ,(0.,0.15659983266,0.302127224708,0.500000000019,0.69787277533,
    0.843400167427,1.),.UNSPECIFIED.);
#269 = CARTESIAN_POINT('',(6.28318530718,56.7));
#270 = CARTESIAN_POINT('',(6.270725646552,56.7));
#271 = CARTESIAN_POINT('',(6.258386401906,56.665757658005));
#272 = CARTESIAN_POINT('',(6.246359797704,56.598463733871));
#273 = CARTESIAN_POINT('',(6.234828580155,56.500669116234));
#274 = CARTESIAN_POINT('',(6.223956000128,56.376211703532));
#275 = CARTESIAN_POINT('',(6.213876063748,56.230176424955));
#276 = CARTESIAN_POINT('',(6.19614299716,55.918966741791));
#277 = CARTESIAN_POINT('',(6.188284969864,55.754407093615));
#278 = CARTESIAN_POINT('',(6.181103802701,55.577838413579));
#279 = CARTESIAN_POINT('',(6.174586488269,55.391454208962));
#280 = CARTESIAN_POINT('',(6.168716208136,55.197064712777));
#281 = CARTESIAN_POINT('',(6.163474738996,54.996164240078));
#282 = CARTESIAN_POINT('',(6.152549430345,54.509666096622));
#283 = CARTESIAN_POINT('',(6.147377984607,54.219302389371));
#284 = CARTESIAN_POINT('',(6.143288070395,53.921854535369));
#285 = CARTESIAN_POINT('',(6.140245014435,53.619542893306));
#286 = CARTESIAN_POINT('',(6.138224142326,53.314128740231));
#287 = CARTESIAN_POINT('',(6.137212918635,53.007132751103));
#288 = CARTESIAN_POINT('',(6.137212918635,52.392867248896));
#289 = CARTESIAN_POINT('',(6.138224142326,52.08587125977));
#290 = CARTESIAN_POINT('',(6.140245014435,51.780457106694));
#291 = CARTESIAN_POINT('',(6.143288070395,51.47814546463));
#292 = CARTESIAN_POINT('',(6.147377984607,51.180697610628));
#293 = CARTESIAN_POINT('',(6.152549430345,50.890333903378));
#294 = CARTESIAN_POINT('',(6.163474738998,50.403835759853));
#295 = CARTESIAN_POINT('',(6.168716208135,50.2029352873));
#296 = CARTESIAN_POINT('',(6.174586488266,50.008545791078));
#297 = CARTESIAN_POINT('',(6.181103802703,49.822161586364));
#298 = CARTESIAN_POINT('',(6.188284969867,49.645592906341));
#299 = CARTESIAN_POINT('',(6.196142997158,49.48103325826));
#300 = CARTESIAN_POINT('',(6.213876063742,49.169823575133));
#301 = CARTESIAN_POINT('',(6.223956000127,49.023788296446));
#302 = CARTESIAN_POINT('',(6.234828580159,48.899330883703));
#303 = CARTESIAN_POINT('',(6.246359797709,48.801536266117));
#304 = CARTESIAN_POINT('',(6.258386401906,48.734242342028));
#305 = CARTESIAN_POINT('',(6.270725646546,48.7));
#306 = CARTESIAN_POINT('',(6.28318530718,48.7));
#307 = ( GEOMETRIC_REPRESENTATION_CONTEXT(2) 
PARAMETRIC_REPRESENTATION_CONTEXT() REPRESENTATION_CONTEXT('2D SPACE',''
  ) );
#308 = PCURVE('',#309,#314);
#309 = CYLINDRICAL_SURFACE('',#310,4.);
#310 = AXIS2_PLACEMENT_3D('',#311,#312,#313);
#311 = CARTESIAN_POINT('',(15.,-23.,100.));
#312 = DIRECTION('',(-1.,-0.,-0.));
#313 = DIRECTION('',(0.,1.,0.));
#314 = DEFINITIONAL_REPRESENTATION('',(#315),#354);
#315 = B_SPLINE_CURVE_WITH_KNOTS('',7,(#316,#317,#318,#319,#320,#321,
    #322,#323,#324,#325,#326,#327,#328,#329,#330,#331,#332,#333,#334,
    #335,#336,#337,#338,#339,#340,#341,#342,#343,#344,#345,#346,#347,
    #348,#349,#350,#351,#352,#353),.UNSPECIFIED.,.F.,.F.,(8,6,6,6,6,6,8)
  ,(0.,0.15659983266,0.302127224708,0.500000000019,0.69787277533,
    0.843400167427,1.),.UNSPECIFIED.);
#316 = CARTESIAN_POINT('',(4.712388980385,-12.5));
#317 = CARTESIAN_POINT('',(4.626728813573,-12.5));
#318 = CARTESIAN_POINT('',(4.541896553371,-12.49501924156));
#319 = CARTESIAN_POINT('',(4.458208503643,-12.48523132672));
#320 = CARTESIAN_POINT('',(4.376004707439,-12.47126876599));
#321 = CARTESIAN_POINT('',(4.295687706882,-12.45416865292));
#322 = CARTESIAN_POINT('',(4.217774061721,-12.435132921));
#323 = CARTESIAN_POINT('',(4.073465231344,-12.39689061788));
#324 = CARTESIAN_POINT('',(4.005963902682,-12.37761070919));
#325 = CARTESIAN_POINT('',(3.94023641474,-12.35813188883));
#326 = CARTESIAN_POINT('',(3.876087767517,-12.33900638202));
#327 = CARTESIAN_POINT('',(3.813339974579,-12.320675709));
#328 = CARTESIAN_POINT('',(3.751821834013,-12.3034817103));
#329 = CARTESIAN_POINT('',(3.609177209764,-12.26622028245));
#330 = CARTESIAN_POINT('',(3.528870176277,-12.24732097906));
#331 = CARTESIAN_POINT('',(3.450011647773,-12.23166128375));
#332 = CARTESIAN_POINT('',(3.372216955394,-12.2196638818));
#333 = CARTESIAN_POINT('',(3.295125171625,-12.21158070307));
#334 = CARTESIAN_POINT('',(3.218375841366,-12.20753572082));
#335 = CARTESIAN_POINT('',(3.064809465814,-12.20753572082));
#336 = CARTESIAN_POINT('',(2.988060135556,-12.21158070307));
#337 = CARTESIAN_POINT('',(2.910968351787,-12.2196638818));
#338 = CARTESIAN_POINT('',(2.833173659407,-12.23166128375));
#339 = CARTESIAN_POINT('',(2.754315130904,-12.24732097906));
#340 = CARTESIAN_POINT('',(2.674008097417,-12.26622028245));
#341 = CARTESIAN_POINT('',(2.531363473147,-12.30348171031));
#342 = CARTESIAN_POINT('',(2.469845332621,-12.320675709));
#343 = CARTESIAN_POINT('',(2.407097539682,-12.33900638201));
#344 = CARTESIAN_POINT('',(2.342948892424,-12.35813188883));
#345 = CARTESIAN_POINT('',(2.277221404475,-12.3776107092));
#346 = CARTESIAN_POINT('',(2.209720075861,-12.39689061787));
#347 = CARTESIAN_POINT('',(2.0654112455,-12.43513292099));
#348 = CARTESIAN_POINT('',(1.987497600299,-12.45416865292));
#349 = CARTESIAN_POINT('',(1.907180599708,-12.471268766));
#350 = CARTESIAN_POINT('',(1.824976803507,-12.48523132672));
#351 = CARTESIAN_POINT('',(1.741288753814,-12.49501924156));
#352 = CARTESIAN_POINT('',(1.656456493648,-12.5));
#353 = CARTESIAN_POINT('',(1.570796326795,-12.5));
#354 = ( GEOMETRIC_REPRESENTATION_CONTEXT(2) 
PARAMETRIC_REPRESENTATION_CONTEXT() REPRESENTATION_CONTEXT('2D SPACE',''
  ) );
#355 = ORIENTED_EDGE('',*,*,#356,.T.);
#356 = EDGE_CURVE('',#224,#357,#359,.T.);
#357 = VERTEX_POINT('',#358);
#358 = CARTESIAN_POINT('',(27.5,-23.,112.));
#359 = SEAM_CURVE('',#360,(#364,#371),.PCURVE_S1.);
#360 = LINE('',#361,#362);
#361 = CARTESIAN_POINT('',(27.5,-23.,47.3));
#362 = VECTOR('',#363,1.);
#363 = DIRECTION('',(0.,0.,1.));
#364 = PCURVE('',#43,#365);
#365 = DEFINITIONAL_REPRESENTATION('',(#366),#370);
#366 = LINE('',#367,#368);
#367 = CARTESIAN_POINT('',(6.28318530718,0.));
#368 = VECTOR('',#369,1.);
#369 = DIRECTION('',(0.,1.));
#370 = ( GEOMETRIC_REPRESENTATION_CONTEXT(2) 
PARAMETRIC_REPRESENTATION_CONTEXT() REPRESENTATION_CONTEXT('2D SPACE',''
  ) );
#371 = PCURVE('',#43,#372);
#372 = DEFINITIONAL_REPRESENTATION('',(#373),#377);
#373 = LINE('',#374,#375);
#374 = CARTESIAN_POINT('',(4.138911435803E-13,0.));
#375 = VECTOR('',#376,1.);
#376 = DIRECTION('',(0.,1.));
#377 = ( GEOMETRIC_REPRESENTATION_CONTEXT(2) 
PARAMETRIC_REPRESENTATION_CONTEXT() REPRESENTATION_CONTEXT('2D SPACE',''
  ) );
#378 = ORIENTED_EDGE('',*,*,#379,.F.);
#379 = EDGE_CURVE('',#357,#357,#380,.T.);
#380 = SURFACE_CURVE('',#381,(#386,#393),.PCURVE_S1.);
#381 = CIRCLE('',#382,27.5);
#382 = AXIS2_PLACEMENT_3D('',#383,#384,#385);
#383 = CARTESIAN_POINT('',(0.,-23.,112.));
#384 = DIRECTION('',(0.,0.,1.));
#385 = DIRECTION('',(1.,0.,-0.));
#386 = PCURVE('',#43,#387);
#387 = DEFINITIONAL_REPRESENTATION('',(#388),#392);
#388 = LINE('',#389,#390);
#389 = CARTESIAN_POINT('',(0.,64.7));
#390 = VECTOR('',#391,1.);
#391 = DIRECTION('',(1.,0.));
#392 = ( GEOMETRIC_REPRESENTATION_CONTEXT(2) 
PARAMETRIC_REPRESENTATION_CONTEXT() REPRESENTATION_CONTEXT('2D SPACE',''
  ) );
#393 = PCURVE('',#394,#399);
#394 = CONICAL_SURFACE('',#395,27.5,0.146893444148);
#395 = AXIS2_PLACEMENT_3D('',#396,#397,#398);
#396 = CARTESIAN_POINT('',(0.,-23.,112.));
#397 = DIRECTION('',(0.,0.,1.));
#398 = DIRECTION('',(1.,0.,-0.));
#399 = DEFINITIONAL_REPRESENTATION('',(#400),#404);
#400 = LINE('',#401,#402);
#401 = CARTESIAN_POINT('',(0.,0.));
#402 = VECTOR('',#403,1.);
#403 = DIRECTION('',(1.,0.));
#404 = ( GEOMETRIC_REPRESENTATION_CONTEXT(2) 
PARAMETRIC_REPRESENTATION_CONTEXT() REPRESENTATION_CONTEXT('2D SPACE',''
  ) );
#405 = ORIENTED_EDGE('',*,*,#356,.F.);
#406 = ORIENTED_EDGE('',*,*,#407,.F.);
#407 = EDGE_CURVE('',#408,#224,#410,.T.);
#408 = VERTEX_POINT('',#409);
#409 = CARTESIAN_POINT('',(27.207535720826,-19.,100.));
#410 = SURFACE_CURVE('',#411,(#432,#456),.PCURVE_S1.);
#411 = B_SPLINE_CURVE_WITH_KNOTS('',7,(#412,#413,#414,#415,#416,#417,
    #418,#419,#420,#421,#422,#423,#424,#425,#426,#427,#428,#429,#430,
    #431),.UNSPECIFIED.,.F.,.F.,(8,6,6,8),(0.,0.526779153732,
    0.810511098036,1.),.UNSPECIFIED.);
#412 = CARTESIAN_POINT('',(27.207535720826,-19.,100.));
#413 = CARTESIAN_POINT('',(27.207535720826,-19.,100.40942360612));
#414 = CARTESIAN_POINT('',(27.21472355689,-19.04889157753,
    100.81827329801));
#415 = CARTESIAN_POINT('',(27.229063508932,-19.14642658524,
    101.22340061264));
#416 = CARTESIAN_POINT('',(27.250174248094,-19.29387402515,
    101.62139920375));
#417 = CARTESIAN_POINT('',(27.277291468222,-19.4935885431,
    102.00762625973));
#418 = CARTESIAN_POINT('',(27.308958784573,-19.74877523799,
    102.37559031076));
#419 = CARTESIAN_POINT('',(27.36084780142,-20.23180038481,
    102.89812397069));
#420 = CARTESIAN_POINT('',(27.379664711942,-20.41845029598,
    103.07337782504));
#421 = CARTESIAN_POINT('',(27.398701425398,-20.62289879467,
    103.23880275455));
#422 = CARTESIAN_POINT('',(27.417425888624,-20.84518777276,
    103.39207799219));
#423 = CARTESIAN_POINT('',(27.435208477986,-21.08511587307,
    103.53069483087));
#424 = CARTESIAN_POINT('',(27.451348869099,-21.34218391269,
    103.65192199448));
#425 = CARTESIAN_POINT('',(27.47433006787,-21.79808571633,
    103.82011304949));
#426 = CARTESIAN_POINT('',(27.482477395981,-21.98786786397,
    103.87835694029));
#427 = CARTESIAN_POINT('',(27.489310224288,-22.18369806681,
    103.92627067964));
#428 = CARTESIAN_POINT('',(27.49460484159,-22.3842622627,103.96290885169
    ));
#429 = CARTESIAN_POINT('',(27.498197823544,-22.58814987592,
    103.98760979834));
#430 = CARTESIAN_POINT('',(27.5,-22.79389194821,104.));
#431 = CARTESIAN_POINT('',(27.5,-23.,104.));
#432 = PCURVE('',#43,#433);
#433 = DEFINITIONAL_REPRESENTATION('',(#434),#455);
#434 = B_SPLINE_CURVE_WITH_KNOTS('',7,(#435,#436,#437,#438,#439,#440,
    #441,#442,#443,#444,#445,#446,#447,#448,#449,#450,#451,#452,#453,
    #454),.UNSPECIFIED.,.F.,.F.,(8,6,6,8),(0.,0.526779153732,
    0.810511098036,1.),.UNSPECIFIED.);
#435 = CARTESIAN_POINT('',(0.145972388544,52.7));
#436 = CARTESIAN_POINT('',(0.145972388544,53.109423606121));
#437 = CARTESIAN_POINT('',(0.144175403622,53.518273298011));
#438 = CARTESIAN_POINT('',(0.14059054175,53.923400612642));
#439 = CARTESIAN_POINT('',(0.135174198453,54.321399203754));
#440 = CARTESIAN_POINT('',(0.12784560622,54.70762625973));
#441 = CARTESIAN_POINT('',(0.118496177092,55.075590310765));
#442 = CARTESIAN_POINT('',(0.100830568255,55.598123970699));
#443 = CARTESIAN_POINT('',(9.400904234679E-02,55.773377825046));
#444 = CARTESIAN_POINT('',(8.654275088728E-02,55.938802754555));
#445 = CARTESIAN_POINT('',(7.843151955778E-02,56.092077992194));
#446 = CARTESIAN_POINT('',(6.96837544339E-02,56.230694830871));
#447 = CARTESIAN_POINT('',(6.031813292932E-02,56.351921994482));
#448 = CARTESIAN_POINT('',(4.37188363175E-02,56.520113049493));
#449 = CARTESIAN_POINT('',(3.681150279403E-02,56.578356940295));
#450 = CARTESIAN_POINT('',(2.968644750857E-02,56.626270679642));
#451 = CARTESIAN_POINT('',(2.239114972015E-02,56.662908851695));
#452 = CARTESIAN_POINT('',(1.497636856025E-02,56.687609798346));
#453 = CARTESIAN_POINT('',(7.494838246674E-03,56.7));
#454 = CARTESIAN_POINT('',(0.,56.7));
#455 = ( GEOMETRIC_REPRESENTATION_CONTEXT(2) 
PARAMETRIC_REPRESENTATION_CONTEXT() REPRESENTATION_CONTEXT('2D SPACE',''
  ) );
#456 = PCURVE('',#309,#457);
#457 = DEFINITIONAL_REPRESENTATION('',(#458),#479);
#458 = B_SPLINE_CURVE_WITH_KNOTS('',7,(#459,#460,#461,#462,#463,#464,
    #465,#466,#467,#468,#469,#470,#471,#472,#473,#474,#475,#476,#477,
    #478),.UNSPECIFIED.,.F.,.F.,(8,6,6,8),(0.,0.526779153732,
    0.810511098036,1.),.UNSPECIFIED.);
#459 = CARTESIAN_POINT('',(6.28318530718,-12.20753572082));
#460 = CARTESIAN_POINT('',(6.18082940565,-12.20753572082));
#461 = CARTESIAN_POINT('',(6.078617171405,-12.21472355689));
#462 = CARTESIAN_POINT('',(5.975582909782,-12.22906350893));
#463 = CARTESIAN_POINT('',(5.870852935753,-12.25017424809));
#464 = CARTESIAN_POINT('',(5.763534738157,-12.27729146822));
#465 = CARTESIAN_POINT('',(5.65267814044,-12.30895878457));
#466 = CARTESIAN_POINT('',(5.474781625891,-12.36084780142));
#467 = CARTESIAN_POINT('',(5.410933776407,-12.37966471194));
#468 = CARTESIAN_POINT('',(5.345475892449,-12.39870142539));
#469 = CARTESIAN_POINT('',(5.278341592608,-12.41742588862));
#470 = CARTESIAN_POINT('',(5.209441749893,-12.43520847798));
#471 = CARTESIAN_POINT('',(5.138657202977,-12.45134886909));
#472 = CARTESIAN_POINT('',(5.01717297418,-12.47433006787));
#473 = CARTESIAN_POINT('',(4.967620186602,-12.48247739598));
#474 = CARTESIAN_POINT('',(4.917354666369,-12.48931022428));
#475 = CARTESIAN_POINT('',(4.866546878487,-12.49460484159));
#476 = CARTESIAN_POINT('',(4.81535150716,-12.49819782354));
#477 = CARTESIAN_POINT('',(4.763915993331,-12.5));
#478 = CARTESIAN_POINT('',(4.712388980385,-12.5));
#479 = ( GEOMETRIC_REPRESENTATION_CONTEXT(2) 
PARAMETRIC_REPRESENTATION_CONTEXT() REPRESENTATION_CONTEXT('2D SPACE',''
  ) );
#480 = ORIENTED_EDGE('',*,*,#481,.F.);
#481 = EDGE_CURVE('',#199,#408,#482,.T.);
#482 = SURFACE_CURVE('',#483,(#500,#520),.PCURVE_S1.);
#483 = B_SPLINE_CURVE_WITH_KNOTS('',8,(#484,#485,#486,#487,#488,#489,
    #490,#491,#492,#493,#494,#495,#496,#497,#498,#499),.UNSPECIFIED.,.F.
  ,.F.,(9,7,9),(0.,0.313187866664,1.),.UNSPECIFIED.);
#484 = CARTESIAN_POINT('',(27.5,-23.,96.));
#485 = CARTESIAN_POINT('',(27.5,-22.70018941358,96.));
#486 = CARTESIAN_POINT('',(27.496264431136,-22.40286244247,
    96.025681756845));
#487 = CARTESIAN_POINT('',(27.488901794934,-22.11137706198,
    96.076301043394));
#488 = CARTESIAN_POINT('',(27.478250046241,-21.82895778285,
    96.150433575877));
#489 = CARTESIAN_POINT('',(27.464856223451,-21.55857812763,
    96.246002414684));
#490 = CARTESIAN_POINT('',(27.449409720238,-21.30285178476,
    96.360297113735));
#491 = CARTESIAN_POINT('',(27.432655182258,-21.0639354929,
    96.489987012554));
#492 = CARTESIAN_POINT('',(27.377275738098,-20.35992104019,
    96.940655980303));
#493 = CARTESIAN_POINT('',(27.335685867096,-19.95587879635,
    97.311112837047));
#494 = CARTESIAN_POINT('',(27.295935211273,-19.62881555575,
    97.720883976036));
#495 = CARTESIAN_POINT('',(27.261687845029,-19.37385917455,
    98.156026729974));
#496 = CARTESIAN_POINT('',(27.234918970262,-19.18626999889,
    98.607004089853));
#497 = CARTESIAN_POINT('',(27.21669885245,-19.06232406561,
    99.067401324111));
#498 = CARTESIAN_POINT('',(27.207535720826,-19.,99.532954346666));
#499 = CARTESIAN_POINT('',(27.207535720826,-19.,100.));
#500 = PCURVE('',#43,#501);
#501 = DEFINITIONAL_REPRESENTATION('',(#502),#519);
#502 = B_SPLINE_CURVE_WITH_KNOTS('',8,(#503,#504,#505,#506,#507,#508,
    #509,#510,#511,#512,#513,#514,#515,#516,#517,#518),.UNSPECIFIED.,.F.
  ,.F.,(9,7,9),(0.,0.313187866664,1.),.UNSPECIFIED.);
#503 = CARTESIAN_POINT('',(0.,48.7));
#504 = CARTESIAN_POINT('',(1.090220314248E-02,48.7));
#505 = CARTESIAN_POINT('',(2.17140939555E-02,48.725681756845));
#506 = CARTESIAN_POINT('',(3.231553291782E-02,48.776301043394));
#507 = CARTESIAN_POINT('',(4.259111837057E-02,48.850433575877));
#508 = CARTESIAN_POINT('',(5.243394451166E-02,48.946002414684));
#509 = CARTESIAN_POINT('',(6.174929103893E-02,49.060297113735));
#510 = CARTESIAN_POINT('',(7.045817805503E-02,49.189987012554));
#511 = CARTESIAN_POINT('',(9.613778651883E-02,49.640655980303));
#512 = CARTESIAN_POINT('',(0.110903580277,50.011112837047));
#513 = CARTESIAN_POINT('',(0.1228819032,50.420883976037));
#514 = CARTESIAN_POINT('',(0.132235711572,50.856026729973));
#515 = CARTESIAN_POINT('',(0.139126115158,51.307004089854));
#516 = CARTESIAN_POINT('',(0.143681699125,51.76740132411));
#517 = CARTESIAN_POINT('',(0.145972388544,52.232954346666));
#518 = CARTESIAN_POINT('',(0.145972388544,52.7));
#519 = ( GEOMETRIC_REPRESENTATION_CONTEXT(2) 
PARAMETRIC_REPRESENTATION_CONTEXT() REPRESENTATION_CONTEXT('2D SPACE',''
  ) );
#520 = PCURVE('',#309,#521);
#521 = DEFINITIONAL_REPRESENTATION('',(#522),#539);
#522 = B_SPLINE_CURVE_WITH_KNOTS('',8,(#523,#524,#525,#526,#527,#528,
    #529,#530,#531,#532,#533,#534,#535,#536,#537,#538),.UNSPECIFIED.,.F.
  ,.F.,(9,7,9),(0.,0.313187866664,1.),.UNSPECIFIED.);
#523 = CARTESIAN_POINT('',(1.570796326795,-12.5));
#524 = CARTESIAN_POINT('',(1.495843680191,-12.5));
#525 = CARTESIAN_POINT('',(1.421511965875,-12.49626443113));
#526 = CARTESIAN_POINT('',(1.34799886866,-12.48890179493));
#527 = CARTESIAN_POINT('',(1.275513951062,-12.47825004624));
#528 = CARTESIAN_POINT('',(1.204293178719,-12.46485622345));
#529 = CARTESIAN_POINT('',(1.134616642907,-12.44940972023));
#530 = CARTESIAN_POINT('',(1.066831563828,-12.43265518225));
#531 = CARTESIAN_POINT('',(0.857855059748,-12.37727573809));
#532 = CARTESIAN_POINT('',(0.72284980474,-12.33568586709));
#533 = CARTESIAN_POINT('',(0.594252618954,-12.29593521127));
#534 = CARTESIAN_POINT('',(0.47063722935,-12.26168784502));
#535 = CARTESIAN_POINT('',(0.350671909704,-12.23491897026));
#536 = CARTESIAN_POINT('',(0.233150264772,-12.21669885245));
#537 = CARTESIAN_POINT('',(0.116761413334,-12.20753572082));
#538 = CARTESIAN_POINT('',(-4.138911435803E-13,-12.20753572082));
#539 = ( GEOMETRIC_REPRESENTATION_CONTEXT(2) 
PARAMETRIC_REPRESENTATION_CONTEXT() REPRESENTATION_CONTEXT('2D SPACE',''
  ) );
#540 = ADVANCED_FACE('',(#541),#78,.F.);
#541 = FACE_BOUND('',#542,.F.);
#542 = EDGE_LOOP('',(#543,#576,#597,#598));
#543 = ORIENTED_EDGE('',*,*,#544,.T.);
#544 = EDGE_CURVE('',#545,#545,#547,.T.);
#545 = VERTEX_POINT('',#546);
#546 = CARTESIAN_POINT('',(1.8,-37.5,50.1));
#547 = SURFACE_CURVE('',#548,(#553,#560),.PCURVE_S1.);
#548 = CIRCLE('',#549,1.8);
#549 = AXIS2_PLACEMENT_3D('',#550,#551,#552);
#550 = CARTESIAN_POINT('',(-2.663606788145E-15,-37.5,50.1));
#551 = DIRECTION('',(0.,0.,-1.));
#552 = DIRECTION('',(1.,0.,0.));
#553 = PCURVE('',#78,#554);
#554 = DEFINITIONAL_REPRESENTATION('',(#555),#559);
#555 = LINE('',#556,#557);
#556 = CARTESIAN_POINT('',(-4.138911435803E-13,-10.1));
#557 = VECTOR('',#558,1.);
#558 = DIRECTION('',(1.,-0.));
#559 = ( GEOMETRIC_REPRESENTATION_CONTEXT(2) 
PARAMETRIC_REPRESENTATION_CONTEXT() REPRESENTATION_CONTEXT('2D SPACE',''
  ) );
#560 = PCURVE('',#561,#566);
#561 = PLANE('',#562);
#562 = AXIS2_PLACEMENT_3D('',#563,#564,#565);
#563 = CARTESIAN_POINT('',(-2.777612769221E-15,-37.5,50.1));
#564 = DIRECTION('',(0.,0.,1.));
#565 = DIRECTION('',(1.,0.,-0.));
#566 = DEFINITIONAL_REPRESENTATION('',(#567),#575);
#567 = ( BOUNDED_CURVE() B_SPLINE_CURVE(2,(#568,#569,#570,#571,#572,#573
,#574),.UNSPECIFIED.,.T.,.F.) B_SPLINE_CURVE_WITH_KNOTS((1,2,2,2,2,1),(
    -2.094395102393,0.,2.094395102393,4.188790204786,6.28318530718,
8.377580409573),.UNSPECIFIED.) CURVE() GEOMETRIC_REPRESENTATION_ITEM() 
RATIONAL_B_SPLINE_CURVE((1.,0.5,1.,0.5,1.,0.5,1.)) REPRESENTATION_ITEM(
  '') );
#568 = CARTESIAN_POINT('',(1.8,0.));
#569 = CARTESIAN_POINT('',(1.8,-3.117691453624));
#570 = CARTESIAN_POINT('',(-0.9,-1.558845726812));
#571 = CARTESIAN_POINT('',(-3.6,-4.40872847693E-16));
#572 = CARTESIAN_POINT('',(-0.9,1.558845726812));
#573 = CARTESIAN_POINT('',(1.8,3.117691453624));
#574 = CARTESIAN_POINT('',(1.8,0.));
#575 = ( GEOMETRIC_REPRESENTATION_CONTEXT(2) 
PARAMETRIC_REPRESENTATION_CONTEXT() REPRESENTATION_CONTEXT('2D SPACE',''
  ) );
#576 = ORIENTED_EDGE('',*,*,#577,.F.);
#577 = EDGE_CURVE('',#58,#545,#578,.T.);
#578 = SEAM_CURVE('',#579,(#583,#590),.PCURVE_S1.);
#579 = LINE('',#580,#581);
#580 = CARTESIAN_POINT('',(1.8,-37.5,40.));
#581 = VECTOR('',#582,1.);
#582 = DIRECTION('',(0.,0.,1.));
#583 = PCURVE('',#78,#584);
#584 = DEFINITIONAL_REPRESENTATION('',(#585),#589);
#585 = LINE('',#586,#587);
#586 = CARTESIAN_POINT('',(6.283185307179,0.));
#587 = VECTOR('',#588,1.);
#588 = DIRECTION('',(-0.,-1.));
#589 = ( GEOMETRIC_REPRESENTATION_CONTEXT(2) 
PARAMETRIC_REPRESENTATION_CONTEXT() REPRESENTATION_CONTEXT('2D SPACE',''
  ) );
#590 = PCURVE('',#78,#591);
#591 = DEFINITIONAL_REPRESENTATION('',(#592),#596);
#592 = LINE('',#593,#594);
#593 = CARTESIAN_POINT('',(-0.,0.));
#594 = VECTOR('',#595,1.);
#595 = DIRECTION('',(-0.,-1.));
#596 = ( GEOMETRIC_REPRESENTATION_CONTEXT(2) 
PARAMETRIC_REPRESENTATION_CONTEXT() REPRESENTATION_CONTEXT('2D SPACE',''
  ) );
#597 = ORIENTED_EDGE('',*,*,#57,.F.);
#598 = ORIENTED_EDGE('',*,*,#577,.T.);
#599 = ADVANCED_FACE('',(#600),#113,.F.);
#600 = FACE_BOUND('',#601,.F.);
#601 = EDGE_LOOP('',(#602,#635,#656,#657));
#602 = ORIENTED_EDGE('',*,*,#603,.T.);
#603 = EDGE_CURVE('',#604,#604,#606,.T.);
#604 = VERTEX_POINT('',#605);
#605 = CARTESIAN_POINT('',(14.357368354874,-15.75,50.1));
#606 = SURFACE_CURVE('',#607,(#612,#619),.PCURVE_S1.);
#607 = CIRCLE('',#608,1.8);
#608 = AXIS2_PLACEMENT_3D('',#609,#610,#611);
#609 = CARTESIAN_POINT('',(12.557368354874,-15.75,50.1));
#610 = DIRECTION('',(0.,0.,-1.));
#611 = DIRECTION('',(1.,0.,0.));
#612 = PCURVE('',#113,#613);
#613 = DEFINITIONAL_REPRESENTATION('',(#614),#618);
#614 = LINE('',#615,#616);
#615 = CARTESIAN_POINT('',(-4.138911435803E-13,-10.1));
#616 = VECTOR('',#617,1.);
#617 = DIRECTION('',(1.,-0.));
#618 = ( GEOMETRIC_REPRESENTATION_CONTEXT(2) 
PARAMETRIC_REPRESENTATION_CONTEXT() REPRESENTATION_CONTEXT('2D SPACE',''
  ) );
#619 = PCURVE('',#620,#625);
#620 = PLANE('',#621);
#621 = AXIS2_PLACEMENT_3D('',#622,#623,#624);
#622 = CARTESIAN_POINT('',(12.557368354874,-15.75,50.1));
#623 = DIRECTION('',(0.,0.,1.));
#624 = DIRECTION('',(1.,0.,-0.));
#625 = DEFINITIONAL_REPRESENTATION('',(#626),#634);
#626 = ( BOUNDED_CURVE() B_SPLINE_CURVE(2,(#627,#628,#629,#630,#631,#632
,#633),.UNSPECIFIED.,.T.,.F.) B_SPLINE_CURVE_WITH_KNOTS((1,2,2,2,2,1),(
    -2.094395102393,0.,2.094395102393,4.188790204786,6.28318530718,
8.377580409573),.UNSPECIFIED.) CURVE() GEOMETRIC_REPRESENTATION_ITEM() 
RATIONAL_B_SPLINE_CURVE((1.,0.5,1.,0.5,1.,0.5,1.)) REPRESENTATION_ITEM(
  '') );
#627 = CARTESIAN_POINT('',(1.8,0.));
#628 = CARTESIAN_POINT('',(1.8,-3.117691453624));
#629 = CARTESIAN_POINT('',(-0.9,-1.558845726812));
#630 = CARTESIAN_POINT('',(-3.6,-4.40872847693E-16));
#631 = CARTESIAN_POINT('',(-0.9,1.558845726812));
#632 = CARTESIAN_POINT('',(1.8,3.117691453624));
#633 = CARTESIAN_POINT('',(1.8,0.));
#634 = ( GEOMETRIC_REPRESENTATION_CONTEXT(2) 
PARAMETRIC_REPRESENTATION_CONTEXT() REPRESENTATION_CONTEXT('2D SPACE',''
  ) );
#635 = ORIENTED_EDGE('',*,*,#636,.F.);
#636 = EDGE_CURVE('',#93,#604,#637,.T.);
#637 = SEAM_CURVE('',#638,(#642,#649),.PCURVE_S1.);
#638 = LINE('',#639,#640);
#639 = CARTESIAN_POINT('',(14.357368354874,-15.75,40.));
#640 = VECTOR('',#641,1.);
#641 = DIRECTION('',(0.,0.,1.));
#642 = PCURVE('',#113,#643);
#643 = DEFINITIONAL_REPRESENTATION('',(#644),#648);
#644 = LINE('',#645,#646);
#645 = CARTESIAN_POINT('',(6.283185307179,0.));
#646 = VECTOR('',#647,1.);
#647 = DIRECTION('',(-0.,-1.));
#648 = ( GEOMETRIC_REPRESENTATION_CONTEXT(2) 
PARAMETRIC_REPRESENTATION_CONTEXT() REPRESENTATION_CONTEXT('2D SPACE',''
  ) );
#649 = PCURVE('',#113,#650);
#650 = DEFINITIONAL_REPRESENTATION('',(#651),#655);
#651 = LINE('',#652,#653);
#652 = CARTESIAN_POINT('',(-0.,0.));
#653 = VECTOR('',#654,1.);
#654 = DIRECTION('',(-0.,-1.));
#655 = ( GEOMETRIC_REPRESENTATION_CONTEXT(2) 
PARAMETRIC_REPRESENTATION_CONTEXT() REPRESENTATION_CONTEXT('2D SPACE',''
  ) );
#656 = ORIENTED_EDGE('',*,*,#92,.F.);
#657 = ORIENTED_EDGE('',*,*,#636,.T.);
#658 = ADVANCED_FACE('',(#659),#148,.F.);
#659 = FACE_BOUND('',#660,.F.);
#660 = EDGE_LOOP('',(#661,#684,#715,#716));
#661 = ORIENTED_EDGE('',*,*,#662,.T.);
#662 = EDGE_CURVE('',#128,#663,#665,.T.);
#663 = VERTEX_POINT('',#664);
#664 = CARTESIAN_POINT('',(9.1,-23.,53.3));
#665 = SEAM_CURVE('',#666,(#670,#677),.PCURVE_S1.);
#666 = LINE('',#667,#668);
#667 = CARTESIAN_POINT('',(9.1,-23.,40.));
#668 = VECTOR('',#669,1.);
#669 = DIRECTION('',(0.,0.,1.));
#670 = PCURVE('',#148,#671);
#671 = DEFINITIONAL_REPRESENTATION('',(#672),#676);
#672 = LINE('',#673,#674);
#673 = CARTESIAN_POINT('',(-4.138911435803E-13,0.));
#674 = VECTOR('',#675,1.);
#675 = DIRECTION('',(-0.,-1.));
#676 = ( GEOMETRIC_REPRESENTATION_CONTEXT(2) 
PARAMETRIC_REPRESENTATION_CONTEXT() REPRESENTATION_CONTEXT('2D SPACE',''
  ) );
#677 = PCURVE('',#148,#678);
#678 = DEFINITIONAL_REPRESENTATION('',(#679),#683);
#679 = LINE('',#680,#681);
#680 = CARTESIAN_POINT('',(6.28318530718,0.));
#681 = VECTOR('',#682,1.);
#682 = DIRECTION('',(-0.,-1.));
#683 = ( GEOMETRIC_REPRESENTATION_CONTEXT(2) 
PARAMETRIC_REPRESENTATION_CONTEXT() REPRESENTATION_CONTEXT('2D SPACE',''
  ) );
#684 = ORIENTED_EDGE('',*,*,#685,.T.);
#685 = EDGE_CURVE('',#663,#663,#686,.T.);
#686 = SURFACE_CURVE('',#687,(#692,#699),.PCURVE_S1.);
#687 = CIRCLE('',#688,9.1);
#688 = AXIS2_PLACEMENT_3D('',#689,#690,#691);
#689 = CARTESIAN_POINT('',(0.,-23.,53.3));
#690 = DIRECTION('',(0.,0.,-1.));
#691 = DIRECTION('',(1.,0.,0.));
#692 = PCURVE('',#148,#693);
#693 = DEFINITIONAL_REPRESENTATION('',(#694),#698);
#694 = LINE('',#695,#696);
#695 = CARTESIAN_POINT('',(-4.138911435803E-13,-13.3));
#696 = VECTOR('',#697,1.);
#697 = DIRECTION('',(1.,-0.));
#698 = ( GEOMETRIC_REPRESENTATION_CONTEXT(2) 
PARAMETRIC_REPRESENTATION_CONTEXT() REPRESENTATION_CONTEXT('2D SPACE',''
  ) );
#699 = PCURVE('',#700,#705);
#700 = PLANE('',#701);
#701 = AXIS2_PLACEMENT_3D('',#702,#703,#704);
#702 = CARTESIAN_POINT('',(0.,-23.,53.3));
#703 = DIRECTION('',(0.,0.,1.));
#704 = DIRECTION('',(1.,0.,-0.));
#705 = DEFINITIONAL_REPRESENTATION('',(#706),#714);
#706 = ( BOUNDED_CURVE() B_SPLINE_CURVE(2,(#707,#708,#709,#710,#711,#712
,#713),.UNSPECIFIED.,.T.,.F.) B_SPLINE_CURVE_WITH_KNOTS((1,2,2,2,2,1),(
    -2.094395102393,0.,2.094395102393,4.188790204786,6.28318530718,
8.377580409573),.UNSPECIFIED.) CURVE() GEOMETRIC_REPRESENTATION_ITEM() 
RATIONAL_B_SPLINE_CURVE((1.,0.5,1.,0.5,1.,0.5,1.)) REPRESENTATION_ITEM(
  '') );
#707 = CARTESIAN_POINT('',(9.1,0.));
#708 = CARTESIAN_POINT('',(9.1,-15.76166234887));
#709 = CARTESIAN_POINT('',(-4.55,-7.880831174438));
#710 = CARTESIAN_POINT('',(-18.2,-2.228857174448E-15));
#711 = CARTESIAN_POINT('',(-4.55,7.880831174438));
#712 = CARTESIAN_POINT('',(9.1,15.761662348877));
#713 = CARTESIAN_POINT('',(9.1,0.));
#714 = ( GEOMETRIC_REPRESENTATION_CONTEXT(2) 
PARAMETRIC_REPRESENTATION_CONTEXT() REPRESENTATION_CONTEXT('2D SPACE',''
  ) );
#715 = ORIENTED_EDGE('',*,*,#662,.F.);
#716 = ORIENTED_EDGE('',*,*,#127,.F.);
#717 = ADVANCED_FACE('',(#718),#183,.F.);
#718 = FACE_BOUND('',#719,.F.);
#719 = EDGE_LOOP('',(#720,#753,#774,#775));
#720 = ORIENTED_EDGE('',*,*,#721,.T.);
#721 = EDGE_CURVE('',#722,#722,#724,.T.);
#722 = VERTEX_POINT('',#723);
#723 = CARTESIAN_POINT('',(-10.75736835487,-15.75,50.1));
#724 = SURFACE_CURVE('',#725,(#730,#737),.PCURVE_S1.);
#725 = CIRCLE('',#726,1.8);
#726 = AXIS2_PLACEMENT_3D('',#727,#728,#729);
#727 = CARTESIAN_POINT('',(-12.55736835487,-15.75,50.1));
#728 = DIRECTION('',(0.,0.,-1.));
#729 = DIRECTION('',(1.,0.,0.));
#730 = PCURVE('',#183,#731);
#731 = DEFINITIONAL_REPRESENTATION('',(#732),#736);
#732 = LINE('',#733,#734);
#733 = CARTESIAN_POINT('',(-4.138911435803E-13,-10.1));
#734 = VECTOR('',#735,1.);
#735 = DIRECTION('',(1.,-0.));
#736 = ( GEOMETRIC_REPRESENTATION_CONTEXT(2) 
PARAMETRIC_REPRESENTATION_CONTEXT() REPRESENTATION_CONTEXT('2D SPACE',''
  ) );
#737 = PCURVE('',#738,#743);
#738 = PLANE('',#739);
#739 = AXIS2_PLACEMENT_3D('',#740,#741,#742);
#740 = CARTESIAN_POINT('',(-12.55736835487,-15.75,50.1));
#741 = DIRECTION('',(0.,0.,1.));
#742 = DIRECTION('',(1.,0.,-0.));
#743 = DEFINITIONAL_REPRESENTATION('',(#744),#752);
#744 = ( BOUNDED_CURVE() B_SPLINE_CURVE(2,(#745,#746,#747,#748,#749,#750
,#751),.UNSPECIFIED.,.T.,.F.) B_SPLINE_CURVE_WITH_KNOTS((1,2,2,2,2,1),(
    -2.094395102393,0.,2.094395102393,4.188790204786,6.28318530718,
8.377580409573),.UNSPECIFIED.) CURVE() GEOMETRIC_REPRESENTATION_ITEM() 
RATIONAL_B_SPLINE_CURVE((1.,0.5,1.,0.5,1.,0.5,1.)) REPRESENTATION_ITEM(
  '') );
#745 = CARTESIAN_POINT('',(1.8,0.));
#746 = CARTESIAN_POINT('',(1.8,-3.117691453624));
#747 = CARTESIAN_POINT('',(-0.9,-1.558845726812));
#748 = CARTESIAN_POINT('',(-3.6,-4.40872847693E-16));
#749 = CARTESIAN_POINT('',(-0.9,1.558845726812));
#750 = CARTESIAN_POINT('',(1.8,3.117691453624));
#751 = CARTESIAN_POINT('',(1.8,0.));
#752 = ( GEOMETRIC_REPRESENTATION_CONTEXT(2) 
PARAMETRIC_REPRESENTATION_CONTEXT() REPRESENTATION_CONTEXT('2D SPACE',''
  ) );
#753 = ORIENTED_EDGE('',*,*,#754,.F.);
#754 = EDGE_CURVE('',#163,#722,#755,.T.);
#755 = SEAM_CURVE('',#756,(#760,#767),.PCURVE_S1.);
#756 = LINE('',#757,#758);
#757 = CARTESIAN_POINT('',(-10.75736835487,-15.75,40.));
#758 = VECTOR('',#759,1.);
#759 = DIRECTION('',(0.,0.,1.));
#760 = PCURVE('',#183,#761);
#761 = DEFINITIONAL_REPRESENTATION('',(#762),#766);
#762 = LINE('',#763,#764);
#763 = CARTESIAN_POINT('',(6.283185307179,0.));
#764 = VECTOR('',#765,1.);
#765 = DIRECTION('',(-0.,-1.));
#766 = ( GEOMETRIC_REPRESENTATION_CONTEXT(2) 
PARAMETRIC_REPRESENTATION_CONTEXT() REPRESENTATION_CONTEXT('2D SPACE',''
  ) );
#767 = PCURVE('',#183,#768);
#768 = DEFINITIONAL_REPRESENTATION('',(#769),#773);
#769 = LINE('',#770,#771);
#770 = CARTESIAN_POINT('',(-0.,0.));
#771 = VECTOR('',#772,1.);
#772 = DIRECTION('',(-0.,-1.));
#773 = ( GEOMETRIC_REPRESENTATION_CONTEXT(2) 
PARAMETRIC_REPRESENTATION_CONTEXT() REPRESENTATION_CONTEXT('2D SPACE',''
  ) );
#774 = ORIENTED_EDGE('',*,*,#162,.F.);
#775 = ORIENTED_EDGE('',*,*,#754,.T.);
#776 = ADVANCED_FACE('',(#777),#309,.F.);
#777 = FACE_BOUND('',#778,.F.);
#778 = EDGE_LOOP('',(#779,#914,#976,#997,#998,#999,#1000,#1001));
#779 = ORIENTED_EDGE('',*,*,#780,.T.);
#780 = EDGE_CURVE('',#781,#783,#785,.T.);
#781 = VERTEX_POINT('',#782);
#782 = CARTESIAN_POINT('',(24.5,-23.,104.));
#783 = VERTEX_POINT('',#784);
#784 = CARTESIAN_POINT('',(24.5,-23.,96.));
#785 = SURFACE_CURVE('',#786,(#825,#867),.PCURVE_S1.);
#786 = B_SPLINE_CURVE_WITH_KNOTS('',7,(#787,#788,#789,#790,#791,#792,
    #793,#794,#795,#796,#797,#798,#799,#800,#801,#802,#803,#804,#805,
    #806,#807,#808,#809,#810,#811,#812,#813,#814,#815,#816,#817,#818,
    #819,#820,#821,#822,#823,#824),.UNSPECIFIED.,.F.,.F.,(8,6,6,6,6,6,8)
  ,(0.,0.156594088989,0.302180684601,0.500000004395,0.697819322293,
    0.843405915088,1.),.UNSPECIFIED.);
#787 = CARTESIAN_POINT('',(24.5,-23.,104.));
#788 = CARTESIAN_POINT('',(24.5,-23.34279813475,104.));
#789 = CARTESIAN_POINT('',(24.49440421248,-23.68221870634,
    103.96572617943));
#790 = CARTESIAN_POINT('',(24.483411472839,-24.01289770064,
    103.89839361837));
#791 = CARTESIAN_POINT('',(24.467733309013,-24.3297398576,
    103.80056970459));
#792 = CARTESIAN_POINT('',(24.448532508766,-24.62822688666,
    103.67610375595));
#793 = CARTESIAN_POINT('',(24.427158392964,-24.90469447022,
    103.53009425436));
#794 = CARTESIAN_POINT('',(24.384211513201,-25.39070816059,
    103.21897665257));
#795 = CARTESIAN_POINT('',(24.362551248006,-25.60593485335,
    103.0544333471));
#796 = CARTESIAN_POINT('',(24.340662750471,-25.80244983329,
    102.87788485519));
#797 = CARTESIAN_POINT('',(24.319165523742,-25.9806539982,
    102.69151831533));
#798 = CARTESIAN_POINT('',(24.298555487475,-26.14105347372,
    102.49713474093));
#799 = CARTESIAN_POINT('',(24.279217469242,-26.28418710654,
    102.29621715106));
#800 = CARTESIAN_POINT('',(24.237313848505,-26.58227378641,
    101.8097838996));
#801 = CARTESIAN_POINT('',(24.216054772127,-26.72321666441,
    101.5194972864));
#802 = CARTESIAN_POINT('',(24.198430359968,-26.83461383884,
    101.22207750876));
#803 = CARTESIAN_POINT('',(24.184922215406,-26.91746391804,
    100.91974707335));
#804 = CARTESIAN_POINT('',(24.175819250938,-26.97247366081,
    100.61427815354));
#805 = CARTESIAN_POINT('',(24.171263930544,-27.,100.30720806967));
#806 = CARTESIAN_POINT('',(24.171263930544,-27.,99.692791933267));
#807 = CARTESIAN_POINT('',(24.175819251116,-26.97247365959,
    99.385721839653));
#808 = CARTESIAN_POINT('',(24.184922215147,-26.91746391984,
    99.080252930622));
#809 = CARTESIAN_POINT('',(24.198430359883,-26.83461383941,
    98.777922495358));
#810 = CARTESIAN_POINT('',(24.216054772515,-26.7232166617,
    98.480502706972));
#811 = CARTESIAN_POINT('',(24.237313848269,-26.58227378809,
    98.190216103134));
#812 = CARTESIAN_POINT('',(24.279217469242,-26.28418710654,
    97.703782848939));
#813 = CARTESIAN_POINT('',(24.298555487475,-26.14105347372,
    97.502865259069));
#814 = CARTESIAN_POINT('',(24.319165523742,-25.9806539982,
    97.308481684661));
#815 = CARTESIAN_POINT('',(24.340662750471,-25.80244983329,
    97.122115144804));
#816 = CARTESIAN_POINT('',(24.362551248006,-25.60593485335,
    96.945566652897));
#817 = CARTESIAN_POINT('',(24.384211513201,-25.39070816059,
    96.781023347425));
#818 = CARTESIAN_POINT('',(24.427158392816,-24.90469447191,
    96.469905746718));
#819 = CARTESIAN_POINT('',(24.448532509233,-24.62822688226,
    96.323896240714));
#820 = CARTESIAN_POINT('',(24.467733308463,-24.3297398596,
    96.199430299331));
#821 = CARTESIAN_POINT('',(24.483411473109,-24.01289770551,
    96.101606379636));
#822 = CARTESIAN_POINT('',(24.494404212439,-23.68221870004,
    96.034273820909));
#823 = CARTESIAN_POINT('',(24.5,-23.34279813702,96.));
#824 = CARTESIAN_POINT('',(24.5,-23.,96.));
#825 = PCURVE('',#309,#826);
#826 = DEFINITIONAL_REPRESENTATION('',(#827),#866);
#827 = B_SPLINE_CURVE_WITH_KNOTS('',7,(#828,#829,#830,#831,#832,#833,
    #834,#835,#836,#837,#838,#839,#840,#841,#842,#843,#844,#845,#846,
    #847,#848,#849,#850,#851,#852,#853,#854,#855,#856,#857,#858,#859,
    #860,#861,#862,#863,#864,#865),.UNSPECIFIED.,.F.,.F.,(8,6,6,6,6,6,8)
  ,(0.,0.156594088989,0.302180684601,0.500000004395,0.697819322293,
    0.843405915088,1.),.UNSPECIFIED.);
#828 = CARTESIAN_POINT('',(4.712388980385,-9.5));
#829 = CARTESIAN_POINT('',(4.626689446698,-9.5));
#830 = CARTESIAN_POINT('',(4.541834342817,-9.49440421248));
#831 = CARTESIAN_POINT('',(4.458136354106,-9.483411472839));
#832 = CARTESIAN_POINT('',(4.375933365284,-9.467733309013));
#833 = CARTESIAN_POINT('',(4.295627264683,-9.448532508766));
#834 = CARTESIAN_POINT('',(4.217735958978,-9.427158392964));
#835 = CARTESIAN_POINT('',(4.073469827003,-9.384211513201));
#836 = CARTESIAN_POINT('',(4.005974912501,-9.362551248006));
#837 = CARTESIAN_POINT('',(3.940253795671,-9.340662750471));
#838 = CARTESIAN_POINT('',(3.876109483199,-9.319165523742));
#839 = CARTESIAN_POINT('',(3.813361848386,-9.298555487475));
#840 = CARTESIAN_POINT('',(3.75183734788,-9.279217469242));
#841 = CARTESIAN_POINT('',(3.609211750413,-9.237313848505));
#842 = CARTESIAN_POINT('',(3.528923264185,-9.216054772127));
#843 = CARTESIAN_POINT('',(3.450069538183,-9.198430359968));
#844 = CARTESIAN_POINT('',(3.372268546669,-9.184922215406));
#845 = CARTESIAN_POINT('',(3.295162523972,-9.175819250938));
#846 = CARTESIAN_POINT('',(3.21839467101,-9.171263930544));
#847 = CARTESIAN_POINT('',(3.064790636907,-9.171263930544));
#848 = CARTESIAN_POINT('',(2.988022781432,-9.175819251116));
#849 = CARTESIAN_POINT('',(2.910916761622,-9.184922215147));
#850 = CARTESIAN_POINT('',(2.833115770059,-9.198430359883));
#851 = CARTESIAN_POINT('',(2.75426204116,-9.216054772515));
#852 = CARTESIAN_POINT('',(2.673973557569,-9.237313848269));
#853 = CARTESIAN_POINT('',(2.531347959301,-9.279217469242));
#854 = CARTESIAN_POINT('',(2.469823458794,-9.298555487475));
#855 = CARTESIAN_POINT('',(2.407075823981,-9.319165523742));
#856 = CARTESIAN_POINT('',(2.342931511509,-9.340662750471));
#857 = CARTESIAN_POINT('',(2.277210394679,-9.362551248006));
#858 = CARTESIAN_POINT('',(2.209715480178,-9.384211513201));
#859 = CARTESIAN_POINT('',(2.065449348702,-9.427158392816));
#860 = CARTESIAN_POINT('',(1.987558041166,-9.448532509233));
#861 = CARTESIAN_POINT('',(1.907251942669,-9.467733308463));
#862 = CARTESIAN_POINT('',(1.825048954136,-9.483411473109));
#863 = CARTESIAN_POINT('',(1.741350962825,-9.494404212439));
#864 = CARTESIAN_POINT('',(1.656495861053,-9.5));
#865 = CARTESIAN_POINT('',(1.570796326795,-9.5));
#866 = ( GEOMETRIC_REPRESENTATION_CONTEXT(2) 
PARAMETRIC_REPRESENTATION_CONTEXT() REPRESENTATION_CONTEXT('2D SPACE',''
  ) );
#867 = PCURVE('',#868,#873);
#868 = CYLINDRICAL_SURFACE('',#869,24.5);
#869 = AXIS2_PLACEMENT_3D('',#870,#871,#872);
#870 = CARTESIAN_POINT('',(0.,-23.,53.3));
#871 = DIRECTION('',(0.,0.,1.));
#872 = DIRECTION('',(1.,0.,-0.));
#873 = DEFINITIONAL_REPRESENTATION('',(#874),#913);
#874 = B_SPLINE_CURVE_WITH_KNOTS('',7,(#875,#876,#877,#878,#879,#880,
    #881,#882,#883,#884,#885,#886,#887,#888,#889,#890,#891,#892,#893,
    #894,#895,#896,#897,#898,#899,#900,#901,#902,#903,#904,#905,#906,
    #907,#908,#909,#910,#911,#912),.UNSPECIFIED.,.F.,.F.,(8,6,6,6,6,6,8)
  ,(0.,0.156594088989,0.302180684601,0.500000004395,0.697819322293,
    0.843405915088,1.),.UNSPECIFIED.);
#875 = CARTESIAN_POINT('',(6.28318530718,50.7));
#876 = CARTESIAN_POINT('',(6.269193546578,50.7));
#877 = CARTESIAN_POINT('',(6.255339643944,50.665726179431));
#878 = CARTESIAN_POINT('',(6.24183807767,50.598393618376));
#879 = CARTESIAN_POINT('',(6.228892692795,50.500569704598));
#880 = CARTESIAN_POINT('',(6.216686049712,50.376103755956));
#881 = CARTESIAN_POINT('',(6.205368668795,50.23009425436));
#882 = CARTESIAN_POINT('',(6.185454076408,49.918976652575));
#883 = CARTESIAN_POINT('',(6.176625591915,49.754433347103));
#884 = CARTESIAN_POINT('',(6.168555621937,49.577884855196));
#885 = CARTESIAN_POINT('',(6.161229692858,49.391518315339));
#886 = CARTESIAN_POINT('',(6.154629184314,49.197134740931));
#887 = CARTESIAN_POINT('',(6.148734002153,48.996217151061));
#888 = CARTESIAN_POINT('',(6.136447570406,48.5097838996));
#889 = CARTESIAN_POINT('',(6.130630017958,48.219497286406));
#890 = CARTESIAN_POINT('',(6.126026755564,47.922077508767));
#891 = CARTESIAN_POINT('',(6.122600468869,47.619747073352));
#892 = CARTESIAN_POINT('',(6.120324645942,47.314278153543));
#893 = CARTESIAN_POINT('',(6.119185838865,47.007208069678));
#894 = CARTESIAN_POINT('',(6.119185838865,46.392791933267));
#895 = CARTESIAN_POINT('',(6.120324645992,46.085721839653));
#896 = CARTESIAN_POINT('',(6.122600468794,45.780252930622));
#897 = CARTESIAN_POINT('',(6.12602675554,45.477922495358));
#898 = CARTESIAN_POINT('',(6.13063001807,45.180502706972));
#899 = CARTESIAN_POINT('',(6.136447570337,44.890216103134));
#900 = CARTESIAN_POINT('',(6.148734002153,44.403782848939));
#901 = CARTESIAN_POINT('',(6.154629184314,44.202865259069));
#902 = CARTESIAN_POINT('',(6.161229692858,44.008481684661));
#903 = CARTESIAN_POINT('',(6.168555621937,43.822115144803));
#904 = CARTESIAN_POINT('',(6.176625591915,43.645566652897));
#905 = CARTESIAN_POINT('',(6.185454076408,43.481023347425));
#906 = CARTESIAN_POINT('',(6.205368668726,43.169905746718));
#907 = CARTESIAN_POINT('',(6.216686049893,43.023896240714));
#908 = CARTESIAN_POINT('',(6.228892692712,42.899430299331));
#909 = CARTESIAN_POINT('',(6.241838077472,42.801606379636));
#910 = CARTESIAN_POINT('',(6.255339644201,42.734273820909));
#911 = CARTESIAN_POINT('',(6.269193546485,42.7));
#912 = CARTESIAN_POINT('',(6.28318530718,42.7));
#913 = ( GEOMETRIC_REPRESENTATION_CONTEXT(2) 
PARAMETRIC_REPRESENTATION_CONTEXT() REPRESENTATION_CONTEXT('2D SPACE',''
  ) );
#914 = ORIENTED_EDGE('',*,*,#915,.T.);
#915 = EDGE_CURVE('',#783,#916,#918,.T.);
#916 = VERTEX_POINT('',#917);
#917 = CARTESIAN_POINT('',(24.171263930544,-19.,100.));
#918 = SURFACE_CURVE('',#919,(#936,#956),.PCURVE_S1.);
#919 = B_SPLINE_CURVE_WITH_KNOTS('',8,(#920,#921,#922,#923,#924,#925,
    #926,#927,#928,#929,#930,#931,#932,#933,#934,#935),.UNSPECIFIED.,.F.
  ,.F.,(9,7,9),(0.,0.31319827587,1.),.UNSPECIFIED.);
#920 = CARTESIAN_POINT('',(24.5,-23.,96.));
#921 = CARTESIAN_POINT('',(24.5,-22.70005163192,96.));
#922 = CARTESIAN_POINT('',(24.495803159355,-22.40263643648,
    96.025705365455));
#923 = CARTESIAN_POINT('',(24.487533750204,-22.1111069223,
    96.076356671234));
#924 = CARTESIAN_POINT('',(24.475572390933,-21.82868122102,
    96.15051833847));
#925 = CARTESIAN_POINT('',(24.460533008929,-21.55832750657,
    96.246105026088));
#926 = CARTESIAN_POINT('',(24.443188979813,-21.30265621738,
    96.36039861945));
#927 = CARTESIAN_POINT('',(24.424376436719,-21.06382317695,
    96.490058910667));
#928 = CARTESIAN_POINT('',(24.362199550329,-20.36019073202,
    96.940483339332));
#929 = CARTESIAN_POINT('',(24.315485982655,-19.95628375612,
    97.310728951182));
#930 = CARTESIAN_POINT('',(24.270801920726,-19.62923110383,
    97.720319551102));
#931 = CARTESIAN_POINT('',(24.232265441863,-19.37418908653,
    98.155366050327));
#932 = CARTESIAN_POINT('',(24.202119815831,-19.18646844996,
    98.606362761006));
#933 = CARTESIAN_POINT('',(24.181590312075,-19.06239799135,
    99.066896766231));
#934 = CARTESIAN_POINT('',(24.171263930544,-19.,99.532677326652));
#935 = CARTESIAN_POINT('',(24.171263930544,-19.,100.));
#936 = PCURVE('',#309,#937);
#937 = DEFINITIONAL_REPRESENTATION('',(#938),#955);
#938 = B_SPLINE_CURVE_WITH_KNOTS('',8,(#939,#940,#941,#942,#943,#944,
    #945,#946,#947,#948,#949,#950,#951,#952,#953,#954),.UNSPECIFIED.,.F.
  ,.F.,(9,7,9),(0.,0.31319827587,1.),.UNSPECIFIED.);
#939 = CARTESIAN_POINT('',(1.570796326795,-9.5));
#940 = CARTESIAN_POINT('',(1.495809234777,-9.5));
#941 = CARTESIAN_POINT('',(1.421455465181,-9.495803159355));
#942 = CARTESIAN_POINT('',(1.347930446303,-9.487533750204));
#943 = CARTESIAN_POINT('',(1.275442206142,-9.475572390933));
#944 = CARTESIAN_POINT('',(1.204225923993,-9.460533008929));
#945 = CARTESIAN_POINT('',(1.134561784654,-9.443188979813));
#946 = CARTESIAN_POINT('',(1.066798224465,-9.424376436719));
#947 = CARTESIAN_POINT('',(0.857935113866,-9.362199550329));
#948 = CARTESIAN_POINT('',(0.72298681554,-9.315485982655));
#949 = CARTESIAN_POINT('',(0.594423705503,-9.270801920726));
#950 = CARTESIAN_POINT('',(0.470817372399,-9.232265441863));
#951 = CARTESIAN_POINT('',(0.350836590935,-9.202119815831));
#952 = CARTESIAN_POINT('',(0.233276397243,-9.181590312075));
#953 = CARTESIAN_POINT('',(0.116830668337,-9.171263930544));
#954 = CARTESIAN_POINT('',(-4.138911435803E-13,-9.171263930544));
#955 = ( GEOMETRIC_REPRESENTATION_CONTEXT(2) 
PARAMETRIC_REPRESENTATION_CONTEXT() REPRESENTATION_CONTEXT('2D SPACE',''
  ) );
#956 = PCURVE('',#868,#957);
#957 = DEFINITIONAL_REPRESENTATION('',(#958),#975);
#958 = B_SPLINE_CURVE_WITH_KNOTS('',8,(#959,#960,#961,#962,#963,#964,
    #965,#966,#967,#968,#969,#970,#971,#972,#973,#974),.UNSPECIFIED.,.F.
  ,.F.,(9,7,9),(0.,0.31319827587,1.),.UNSPECIFIED.);
#959 = CARTESIAN_POINT('',(0.,42.7));
#960 = CARTESIAN_POINT('',(1.224279053356E-02,42.7));
#961 = CARTESIAN_POINT('',(2.438218758003E-02,42.725705365455));
#962 = CARTESIAN_POINT('',(3.62841421537E-02,42.776356671234));
#963 = CARTESIAN_POINT('',(4.781992194141E-02,42.85051833847));
#964 = CARTESIAN_POINT('',(5.887010553744E-02,42.946105026088));
#965 = CARTESIAN_POINT('',(6.932860269902E-02,43.06039861945));
#966 = CARTESIAN_POINT('',(7.910663954349E-02,43.190058910667));
#967 = CARTESIAN_POINT('',(0.107938241634,43.640483339332));
#968 = CARTESIAN_POINT('',(0.124528074984,44.010728951182));
#969 = CARTESIAN_POINT('',(0.137997753853,44.420319551103));
#970 = CARTESIAN_POINT('',(0.148524928486,44.855366050326));
#971 = CARTESIAN_POINT('',(0.156284988383,45.306362761006));
#972 = CARTESIAN_POINT('',(0.16141797615,45.766896766231));
#973 = CARTESIAN_POINT('',(0.163999468315,46.232677326652));
#974 = CARTESIAN_POINT('',(0.163999468315,46.7));
#975 = ( GEOMETRIC_REPRESENTATION_CONTEXT(2) 
PARAMETRIC_REPRESENTATION_CONTEXT() REPRESENTATION_CONTEXT('2D SPACE',''
  ) );
#976 = ORIENTED_EDGE('',*,*,#977,.T.);
#977 = EDGE_CURVE('',#916,#408,#978,.T.);
#978 = SEAM_CURVE('',#979,(#983,#990),.PCURVE_S1.);
#979 = LINE('',#980,#981);
#980 = CARTESIAN_POINT('',(15.,-19.,100.));
#981 = VECTOR('',#982,1.);
#982 = DIRECTION('',(1.,0.,0.));
#983 = PCURVE('',#309,#984);
#984 = DEFINITIONAL_REPRESENTATION('',(#985),#989);
#985 = LINE('',#986,#987);
#986 = CARTESIAN_POINT('',(-4.138911435803E-13,0.));
#987 = VECTOR('',#988,1.);
#988 = DIRECTION('',(-0.,-1.));
#989 = ( GEOMETRIC_REPRESENTATION_CONTEXT(2) 
PARAMETRIC_REPRESENTATION_CONTEXT() REPRESENTATION_CONTEXT('2D SPACE',''
  ) );
#990 = PCURVE('',#309,#991);
#991 = DEFINITIONAL_REPRESENTATION('',(#992),#996);
#992 = LINE('',#993,#994);
#993 = CARTESIAN_POINT('',(6.28318530718,0.));
#994 = VECTOR('',#995,1.);
#995 = DIRECTION('',(-0.,-1.));
#996 = ( GEOMETRIC_REPRESENTATION_CONTEXT(2) 
PARAMETRIC_REPRESENTATION_CONTEXT() REPRESENTATION_CONTEXT('2D SPACE',''
  ) );
#997 = ORIENTED_EDGE('',*,*,#481,.F.);
#998 = ORIENTED_EDGE('',*,*,#223,.F.);
#999 = ORIENTED_EDGE('',*,*,#407,.F.);
#1000 = ORIENTED_EDGE('',*,*,#977,.F.);
#1001 = ORIENTED_EDGE('',*,*,#1002,.T.);
#1002 = EDGE_CURVE('',#916,#781,#1003,.T.);
#1003 = SURFACE_CURVE('',#1004,(#1025,#1049),.PCURVE_S1.);
#1004 = B_SPLINE_CURVE_WITH_KNOTS('',7,(#1005,#1006,#1007,#1008,#1009,
    #1010,#1011,#1012,#1013,#1014,#1015,#1016,#1017,#1018,#1019,#1020,
    #1021,#1022,#1023,#1024),.UNSPECIFIED.,.F.,.F.,(8,6,6,8),(0.,
    0.526697042092,0.810544112996,1.),.UNSPECIFIED.);
#1005 = CARTESIAN_POINT('',(24.171263930544,-19.,100.));
#1006 = CARTESIAN_POINT('',(24.171263930544,-19.,100.40958611487));
#1007 = CARTESIAN_POINT('',(24.179361097757,-19.0489303997,
    100.81858864252));
#1008 = CARTESIAN_POINT('',(24.19551446812,-19.14653877964,
    101.22381808765));
#1009 = CARTESIAN_POINT('',(24.219285646338,-19.29406560485,
    101.6218337437));
#1010 = CARTESIAN_POINT('',(24.249797461194,-19.49381909412,
    102.00798093196));
#1011 = CARTESIAN_POINT('',(24.285398590356,-19.7489550884,
    102.37578487183));
#1012 = CARTESIAN_POINT('',(24.343706948396,-20.2317984416,
    102.89812186855));
#1013 = CARTESIAN_POINT('',(24.364853202242,-20.41842871333,
    103.07335508657));
#1014 = CARTESIAN_POINT('',(24.386241111177,-20.62284683107,
    103.23875828501));
#1015 = CARTESIAN_POINT('',(24.407274383253,-20.84510642315,
    103.39202278635));
#1016 = CARTESIAN_POINT('',(24.427247650709,-21.08502154575,
    103.53064589184));
#1017 = CARTESIAN_POINT('',(24.445375872455,-21.34211066549,
    103.65189497216));
#1018 = CARTESIAN_POINT('',(24.47118053971,-21.79802876922,
    103.82009204059));
#1019 = CARTESIAN_POINT('',(24.480326662437,-21.9877790885,
    103.87833153186));
#1020 = CARTESIAN_POINT('',(24.487997672884,-22.18359837235,
    103.92624979156));
#1021 = CARTESIAN_POINT('',(24.493942126827,-22.38416898176,
    103.96289607532));
#1022 = CARTESIAN_POINT('',(24.497976349994,-22.58807722725,
    103.98760491238));
#1023 = CARTESIAN_POINT('',(24.5,-22.79385131386,104.));
#1024 = CARTESIAN_POINT('',(24.5,-23.,104.));
#1025 = PCURVE('',#309,#1026);
#1026 = DEFINITIONAL_REPRESENTATION('',(#1027),#1048);
#1027 = B_SPLINE_CURVE_WITH_KNOTS('',7,(#1028,#1029,#1030,#1031,#1032,
    #1033,#1034,#1035,#1036,#1037,#1038,#1039,#1040,#1041,#1042,#1043,
    #1044,#1045,#1046,#1047),.UNSPECIFIED.,.F.,.F.,(8,6,6,8),(0.,
    0.526697042092,0.810544112996,1.),.UNSPECIFIED.);
#1028 = CARTESIAN_POINT('',(6.28318530718,-9.171263930544));
#1029 = CARTESIAN_POINT('',(6.180788778461,-9.171263930544));
#1030 = CARTESIAN_POINT('',(6.078538333014,-9.179361097757));
#1031 = CARTESIAN_POINT('',(5.975476463526,-9.19551446812));
#1032 = CARTESIAN_POINT('',(5.870736326788,-9.219285646338));
#1033 = CARTESIAN_POINT('',(5.763430500329,-9.249797461194));
#1034 = CARTESIAN_POINT('',(5.65261190215,-9.285398590356));
#1035 = CARTESIAN_POINT('',(5.474782341567,-9.343706948396));
#1036 = CARTESIAN_POINT('',(5.410941610764,-9.364853202242));
#1037 = CARTESIAN_POINT('',(5.34549289387,-9.386241111177));
#1038 = CARTESIAN_POINT('',(5.278365949886,-9.407274383253));
#1039 = CARTESIAN_POINT('',(5.209468111518,-9.427247650709));
#1040 = CARTESIAN_POINT('',(5.138676721171,-9.445375872455));
#1041 = CARTESIAN_POINT('',(5.017188148885,-9.47118053971));
#1042 = CARTESIAN_POINT('',(4.967643207594,-9.480326662437));
#1043 = CARTESIAN_POINT('',(4.917380032059,-9.487997672884));
#1044 = CARTESIAN_POINT('',(4.866570331885,-9.493942126827));
#1045 = CARTESIAN_POINT('',(4.815369668959,-9.497976349994));
#1046 = CARTESIAN_POINT('',(4.76392615192,-9.5));
#1047 = CARTESIAN_POINT('',(4.712388980385,-9.5));
#1048 = ( GEOMETRIC_REPRESENTATION_CONTEXT(2) 
PARAMETRIC_REPRESENTATION_CONTEXT() REPRESENTATION_CONTEXT('2D SPACE',''
  ) );
#1049 = PCURVE('',#868,#1050);
#1050 = DEFINITIONAL_REPRESENTATION('',(#1051),#1072);
#1051 = B_SPLINE_CURVE_WITH_KNOTS('',7,(#1052,#1053,#1054,#1055,#1056,
    #1057,#1058,#1059,#1060,#1061,#1062,#1063,#1064,#1065,#1066,#1067,
    #1068,#1069,#1070,#1071),.UNSPECIFIED.,.F.,.F.,(8,6,6,8),(0.,
    0.526697042092,0.810544112996,1.),.UNSPECIFIED.);
#1052 = CARTESIAN_POINT('',(0.163999468315,46.7));
#1053 = CARTESIAN_POINT('',(0.163999468315,47.109586114875));
#1054 = CARTESIAN_POINT('',(0.161975149505,47.51858864253));
#1055 = CARTESIAN_POINT('',(0.157936937809,47.923818087652));
#1056 = CARTESIAN_POINT('',(0.151837848329,48.321833743703));
#1057 = CARTESIAN_POINT('',(0.143590644549,48.70798093196));
#1058 = CARTESIAN_POINT('',(0.133077828518,49.075784871834));
#1059 = CARTESIAN_POINT('',(0.113226755832,49.598121868551));
#1060 = CARTESIAN_POINT('',(0.105560661352,49.773355086579));
#1061 = CARTESIAN_POINT('',(9.717202852451E-02,49.938758285016));
#1062 = CARTESIAN_POINT('',(8.806057149257E-02,50.092022786357));
#1063 = CARTESIAN_POINT('',(7.823540782739E-02,50.230645891849));
#1064 = CARTESIAN_POINT('',(6.771693153258E-02,50.351894972163));
#1065 = CARTESIAN_POINT('',(4.907824649251E-02,50.520092040595));
#1066 = CARTESIAN_POINT('',(4.132461514853E-02,50.578331531865));
#1067 = CARTESIAN_POINT('',(3.332639333809E-02,50.626249791568));
#1068 = CARTESIAN_POINT('',(2.513693139853E-02,50.662896075324));
#1069 = CARTESIAN_POINT('',(1.681317497848E-02,50.687604912389));
#1070 = CARTESIAN_POINT('',(8.414232087291E-03,50.7));
#1071 = CARTESIAN_POINT('',(0.,50.7));
#1072 = ( GEOMETRIC_REPRESENTATION_CONTEXT(2) 
PARAMETRIC_REPRESENTATION_CONTEXT() REPRESENTATION_CONTEXT('2D SPACE',''
  ) );
#1073 = ADVANCED_FACE('',(#1074,#1601,#1696),#394,.T.);
#1074 = FACE_BOUND('',#1075,.T.);
#1075 = EDGE_LOOP('',(#1076,#1105,#1128,#1228,#1379,#1400,#1401,#1402,
    #1600));
#1076 = ORIENTED_EDGE('',*,*,#1077,.F.);
#1077 = EDGE_CURVE('',#1078,#1078,#1080,.T.);
#1078 = VERTEX_POINT('',#1079);
#1079 = CARTESIAN_POINT('',(42.,-23.,210.));
#1080 = SURFACE_CURVE('',#1081,(#1086,#1093),.PCURVE_S1.);
#1081 = CIRCLE('',#1082,42.);
#1082 = AXIS2_PLACEMENT_3D('',#1083,#1084,#1085);
#1083 = CARTESIAN_POINT('',(0.,-23.,210.));
#1084 = DIRECTION('',(0.,0.,1.));
#1085 = DIRECTION('',(1.,0.,-0.));
#1086 = PCURVE('',#394,#1087);
#1087 = DEFINITIONAL_REPRESENTATION('',(#1088),#1092);
#1088 = LINE('',#1089,#1090);
#1089 = CARTESIAN_POINT('',(0.,98.));
#1090 = VECTOR('',#1091,1.);
#1091 = DIRECTION('',(1.,0.));
#1092 = ( GEOMETRIC_REPRESENTATION_CONTEXT(2) 
PARAMETRIC_REPRESENTATION_CONTEXT() REPRESENTATION_CONTEXT('2D SPACE',''
  ) );
#1093 = PCURVE('',#1094,#1099);
#1094 = PLANE('',#1095);
#1095 = AXIS2_PLACEMENT_3D('',#1096,#1097,#1098);
#1096 = CARTESIAN_POINT('',(0.,-23.,210.));
#1097 = DIRECTION('',(0.,0.,1.));
#1098 = DIRECTION('',(1.,0.,-0.));
#1099 = DEFINITIONAL_REPRESENTATION('',(#1100),#1104);
#1100 = CIRCLE('',#1101,42.);
#1101 = AXIS2_PLACEMENT_2D('',#1102,#1103);
#1102 = CARTESIAN_POINT('',(0.,0.));
#1103 = DIRECTION('',(1.,0.));
#1104 = ( GEOMETRIC_REPRESENTATION_CONTEXT(2) 
PARAMETRIC_REPRESENTATION_CONTEXT() REPRESENTATION_CONTEXT('2D SPACE',''
  ) );
#1105 = ORIENTED_EDGE('',*,*,#1106,.T.);
#1106 = EDGE_CURVE('',#1078,#1107,#1109,.T.);
#1107 = VERTEX_POINT('',#1108);
#1108 = CARTESIAN_POINT('',(33.862244897959,-23.,155.));
#1109 = SEAM_CURVE('',#1110,(#1114,#1121),.PCURVE_S1.);
#1110 = LINE('',#1111,#1112);
#1111 = CARTESIAN_POINT('',(42.,-23.,210.));
#1112 = VECTOR('',#1113,1.);
#1113 = DIRECTION('',(-0.146365743746,0.,-0.989230543937));
#1114 = PCURVE('',#394,#1115);
#1115 = DEFINITIONAL_REPRESENTATION('',(#1116),#1120);
#1116 = LINE('',#1117,#1118);
#1117 = CARTESIAN_POINT('',(4.138911435803E-13,98.));
#1118 = VECTOR('',#1119,1.);
#1119 = DIRECTION('',(-0.,-1.));
#1120 = ( GEOMETRIC_REPRESENTATION_CONTEXT(2) 
PARAMETRIC_REPRESENTATION_CONTEXT() REPRESENTATION_CONTEXT('2D SPACE',''
  ) );
#1121 = PCURVE('',#394,#1122);
#1122 = DEFINITIONAL_REPRESENTATION('',(#1123),#1127);
#1123 = LINE('',#1124,#1125);
#1124 = CARTESIAN_POINT('',(6.28318530718,98.));
#1125 = VECTOR('',#1126,1.);
#1126 = DIRECTION('',(-0.,-1.));
#1127 = ( GEOMETRIC_REPRESENTATION_CONTEXT(2) 
PARAMETRIC_REPRESENTATION_CONTEXT() REPRESENTATION_CONTEXT('2D SPACE',''
  ) );
#1128 = ORIENTED_EDGE('',*,*,#1129,.F.);
#1129 = EDGE_CURVE('',#1130,#1107,#1132,.T.);
#1130 = VERTEX_POINT('',#1131);
#1131 = CARTESIAN_POINT('',(33.029078996398,-19.,151.));
#1132 = SURFACE_CURVE('',#1133,(#1161,#1192),.PCURVE_S1.);
#1133 = B_SPLINE_CURVE_WITH_KNOTS('',6,(#1134,#1135,#1136,#1137,#1138,
    #1139,#1140,#1141,#1142,#1143,#1144,#1145,#1146,#1147,#1148,#1149,
    #1150,#1151,#1152,#1153,#1154,#1155,#1156,#1157,#1158,#1159,#1160),
  .UNSPECIFIED.,.F.,.F.,(7,5,5,5,5,7),(0.,0.29015395226,0.544568629737,
    0.701026825385,0.818141726755,1.),.UNSPECIFIED.);
#1134 = CARTESIAN_POINT('',(33.029078996398,-19.,151.));
#1135 = CARTESIAN_POINT('',(33.068234129087,-19.,151.26271514419));
#1136 = CARTESIAN_POINT('',(33.109835581096,-19.02070598978,
    151.52502471346));
#1137 = CARTESIAN_POINT('',(33.15371593383,-19.06199682842,
    151.78599204271));
#1138 = CARTESIAN_POINT('',(33.199628739453,-19.12406767542,
    152.04455911827));
#1139 = CARTESIAN_POINT('',(33.24723943184,-19.20727656457,
    152.29955919875));
#1140 = CARTESIAN_POINT('',(33.338967439261,-19.40454550427,
    152.76898175318));
#1141 = CARTESIAN_POINT('',(33.38277396554,-19.51350367174,
    152.98443766919));
#1142 = CARTESIAN_POINT('',(33.427250731866,-19.63976914279,
    153.19522241352));
#1143 = CARTESIAN_POINT('',(33.472001198544,-19.7840192446,
    153.40012755616));
#1144 = CARTESIAN_POINT('',(33.516494062422,-19.94694789497,
    153.59760732321));
#1145 = CARTESIAN_POINT('',(33.58681397348,-20.24172114925,
    153.90135763944));
#1146 = CARTESIAN_POINT('',(33.613223970958,-20.3613476908,
    154.01343654713));
#1147 = CARTESIAN_POINT('',(33.63910389112,-20.48854945201,
    154.12146290295));
#1148 = CARTESIAN_POINT('',(33.664249378963,-20.62348029117,
    154.22483799176));
#1149 = CARTESIAN_POINT('',(33.68841800064,-20.76621948999,
    154.32284727648));
#1150 = CARTESIAN_POINT('',(33.728485557379,-21.02941045402,
    154.48341736077));
#1151 = CARTESIAN_POINT('',(33.744933872555,-21.1464289297,
    154.54868708548));
#1152 = CARTESIAN_POINT('',(33.760561052745,-21.26777041975,
    154.61014247048));
#1153 = CARTESIAN_POINT('',(33.775234379361,-21.39334395871,
    154.66738801775));
#1154 = CARTESIAN_POINT('',(33.788813536326,-21.52296756822,
    154.72000360589));
#1155 = CARTESIAN_POINT('',(33.820329138309,-21.86345125605,
    154.84143285814));
#1156 = CARTESIAN_POINT('',(33.836540751293,-22.07977822192,
    154.90318405681));
#1157 = CARTESIAN_POINT('',(33.849231852572,-22.303888196,
    154.95109610508));
#1158 = CARTESIAN_POINT('',(33.857909821158,-22.53380933307,
    154.98370748918));
#1159 = CARTESIAN_POINT('',(33.862244897959,-22.76696250522,155.));
#1160 = CARTESIAN_POINT('',(33.862244897959,-23.,155.));
#1161 = PCURVE('',#394,#1162);
#1162 = DEFINITIONAL_REPRESENTATION('',(#1163),#1191);
#1163 = B_SPLINE_CURVE_WITH_KNOTS('',6,(#1164,#1165,#1166,#1167,#1168,
    #1169,#1170,#1171,#1172,#1173,#1174,#1175,#1176,#1177,#1178,#1179,
    #1180,#1181,#1182,#1183,#1184,#1185,#1186,#1187,#1188,#1189,#1190),
  .UNSPECIFIED.,.F.,.F.,(7,5,5,5,5,7),(0.,0.29015395226,0.544568629737,
    0.701026825385,0.818141726755,1.),.UNSPECIFIED.);
#1164 = CARTESIAN_POINT('',(0.120518496579,39.));
#1165 = CARTESIAN_POINT('',(0.1203770044,39.262715144194));
#1166 = CARTESIAN_POINT('',(0.119609228941,39.525024713469));
#1167 = CARTESIAN_POINT('',(0.11822267915,39.78599204271));
#1168 = CARTESIAN_POINT('',(0.116215630111,40.04455911827));
#1169 = CARTESIAN_POINT('',(0.11358171416,40.299559198758));
#1170 = CARTESIAN_POINT('',(0.107427406567,40.768981753187));
#1171 = CARTESIAN_POINT('',(0.104057397516,40.984437669192));
#1172 = CARTESIAN_POINT('',(0.100180262866,41.195222413529));
#1173 = CARTESIAN_POINT('',(9.577891667551E-02,41.400127556164));
#1174 = CARTESIAN_POINT('',(9.083583632831E-02,41.59760732321));
#1175 = CARTESIAN_POINT('',(8.193824776399E-02,41.901357639442));
#1176 = CARTESIAN_POINT('',(7.833689350646E-02,42.013436547134));
#1177 = CARTESIAN_POINT('',(7.451710574602E-02,42.121462902957));
#1178 = CARTESIAN_POINT('',(7.047490259425E-02,42.224837991768));
#1179 = CARTESIAN_POINT('',(6.62083795075E-02,42.322847276481));
#1180 = CARTESIAN_POINT('',(5.835771599565E-02,42.483417360779));
#1181 = CARTESIAN_POINT('',(5.48721218853E-02,42.548687085486));
#1182 = CARTESIAN_POINT('',(5.12625803055E-02,42.610142470483));
#1183 = CARTESIAN_POINT('',(4.753179229157E-02,42.667388017754));
#1184 = CARTESIAN_POINT('',(4.368503762792E-02,42.720003605897));
#1185 = CARTESIAN_POINT('',(3.359078824607E-02,42.841432858141));
#1186 = CARTESIAN_POINT('',(2.718662486296E-02,42.903184056815));
#1187 = CARTESIAN_POINT('',(2.055995995056E-02,42.951096105083));
#1188 = CARTESIAN_POINT('',(1.376726935179E-02,42.983707489182));
#1189 = CARTESIAN_POINT('',(6.88192692111E-03,43.));
#1190 = CARTESIAN_POINT('',(0.,43.));
#1191 = ( GEOMETRIC_REPRESENTATION_CONTEXT(2) 
PARAMETRIC_REPRESENTATION_CONTEXT() REPRESENTATION_CONTEXT('2D SPACE',''
  ) );
#1192 = PCURVE('',#1193,#1198);
#1193 = CYLINDRICAL_SURFACE('',#1194,4.);
#1194 = AXIS2_PLACEMENT_3D('',#1195,#1196,#1197);
#1195 = CARTESIAN_POINT('',(15.,-23.,151.));
#1196 = DIRECTION('',(-1.,-0.,-0.));
#1197 = DIRECTION('',(0.,1.,0.));
#1198 = DEFINITIONAL_REPRESENTATION('',(#1199),#1227);
#1199 = B_SPLINE_CURVE_WITH_KNOTS('',6,(#1200,#1201,#1202,#1203,#1204,
    #1205,#1206,#1207,#1208,#1209,#1210,#1211,#1212,#1213,#1214,#1215,
    #1216,#1217,#1218,#1219,#1220,#1221,#1222,#1223,#1224,#1225,#1226),
  .UNSPECIFIED.,.F.,.F.,(7,5,5,5,5,7),(0.,0.29015395226,0.544568629737,
    0.701026825385,0.818141726755,1.),.UNSPECIFIED.);
#1200 = CARTESIAN_POINT('',(6.28318530718,-18.02907899639));
#1201 = CARTESIAN_POINT('',(6.217506521131,-18.06823412908));
#1202 = CARTESIAN_POINT('',(6.151928942996,-18.10983558109));
#1203 = CARTESIAN_POINT('',(6.086178022715,-18.15371593383));
#1204 = CARTESIAN_POINT('',(6.020011896277,-18.19962873945));
#1205 = CARTESIAN_POINT('',(5.953181165023,-18.24723943184));
#1206 = CARTESIAN_POINT('',(5.825884128241,-18.33896743926));
#1207 = CARTESIAN_POINT('',(5.765673435198,-18.38277396554));
#1208 = CARTESIAN_POINT('',(5.704485420552,-18.42725073186));
#1209 = CARTESIAN_POINT('',(5.642103491995,-18.47200119854));
#1210 = CARTESIAN_POINT('',(5.578307098147,-18.51649406242));
#1211 = CARTESIAN_POINT('',(5.472490179,-18.58681397348));
#1212 = CARTESIAN_POINT('',(5.431554629296,-18.61322397095));
#1213 = CARTESIAN_POINT('',(5.389909649524,-18.63910389112));
#1214 = CARTESIAN_POINT('',(5.347498956292,-18.66424937896));
#1215 = CARTESIAN_POINT('',(5.304274791422,-18.68841800064));
#1216 = CARTESIAN_POINT('',(5.227198434997,-18.72848555737));
#1217 = CARTESIAN_POINT('',(5.193726218643,-18.74493387255));
#1218 = CARTESIAN_POINT('',(5.159763651652,-18.76056105274));
#1219 = CARTESIAN_POINT('',(5.125307001298,-18.77523437936));
#1220 = CARTESIAN_POINT('',(5.090365608388,-18.78881353632));
#1221 = CARTESIAN_POINT('',(4.99999339025,-18.8203291383));
#1222 = CARTESIAN_POINT('',(4.943868576564,-18.83654075129));
#1223 = CARTESIAN_POINT('',(4.886773379786,-18.84923185257));
#1224 = CARTESIAN_POINT('',(4.828936521472,-18.85790982115));
#1225 = CARTESIAN_POINT('',(4.770648354078,-18.86224489795));
#1226 = CARTESIAN_POINT('',(4.712388980385,-18.86224489795));
#1227 = ( GEOMETRIC_REPRESENTATION_CONTEXT(2) 
PARAMETRIC_REPRESENTATION_CONTEXT() REPRESENTATION_CONTEXT('2D SPACE',''
  ) );
#1228 = ORIENTED_EDGE('',*,*,#1229,.F.);
#1229 = EDGE_CURVE('',#1230,#1130,#1232,.T.);
#1230 = VERTEX_POINT('',#1231);
#1231 = CARTESIAN_POINT('',(32.678571428571,-23.,147.));
#1232 = SURFACE_CURVE('',#1233,(#1268,#1306),.PCURVE_S1.);
#1233 = B_SPLINE_CURVE_WITH_KNOTS('',5,(#1234,#1235,#1236,#1237,#1238,
    #1239,#1240,#1241,#1242,#1243,#1244,#1245,#1246,#1247,#1248,#1249,
    #1250,#1251,#1252,#1253,#1254,#1255,#1256,#1257,#1258,#1259,#1260,
    #1261,#1262,#1263,#1264,#1265,#1266,#1267),.UNSPECIFIED.,.F.,.F.,(6,
    4,4,4,4,4,4,4,6),(0.,9.880407659893E-02,0.196330451569,
    0.322802867926,0.491819582852,0.61224917192,0.737733724132,
    0.86795900548,1.),.UNSPECIFIED.);
#1234 = CARTESIAN_POINT('',(32.678571428571,-23.,147.));
#1235 = CARTESIAN_POINT('',(32.678571428571,-22.84951310772,147.));
#1236 = CARTESIAN_POINT('',(32.678752325383,-22.69901457229,
    147.00707715687));
#1237 = CARTESIAN_POINT('',(32.679113874234,-22.54941219655,
    147.0212324523));
#1238 = CARTESIAN_POINT('',(32.679667328194,-22.40151900349,
    147.04225601013));
#1239 = CARTESIAN_POINT('',(32.681184799425,-22.11247827451,
    147.09696797376));
#1240 = CARTESIAN_POINT('',(32.682143457602,-21.97125237691,
    147.13049214321));
#1241 = CARTESIAN_POINT('',(32.683324538419,-21.83305217407,
    147.17002332744));
#1242 = CARTESIAN_POINT('',(32.684752189552,-21.69835845423,
    147.21511304669));
#1243 = CARTESIAN_POINT('',(32.688653340304,-21.39782729267,
    147.33038543421));
#1244 = CARTESIAN_POINT('',(32.691311390013,-21.23461319438,
    147.40404340009));
#1245 = CARTESIAN_POINT('',(32.694478972438,-21.0785620761,
    147.48528242122));
#1246 = CARTESIAN_POINT('',(32.698209904156,-20.92996537031,
    147.57310393509));
#1247 = CARTESIAN_POINT('',(32.70834807028,-20.60035551265,
    147.79174634967));
#1248 = CARTESIAN_POINT('',(32.715232232161,-20.42528685688,
    147.92707043412));
#1249 = CARTESIAN_POINT('',(32.723313079449,-20.26376580444,
    148.07071955829));
#1250 = CARTESIAN_POINT('',(32.732666772336,-20.11548980955,
    148.22109953129));
#1251 = CARTESIAN_POINT('',(32.750960708668,-19.88347849845,
    148.48823451677));
#1252 = CARTESIAN_POINT('',(32.759246151966,-19.79345308885,
    148.60221682061));
#1253 = CARTESIAN_POINT('',(32.768225212795,-19.7097821311,
    148.7186149911));
#1254 = CARTESIAN_POINT('',(32.777909665118,-19.63231247506,
    148.8370763806));
#1255 = CARTESIAN_POINT('',(32.799140647157,-19.48648070863,
    149.08260167016));
#1256 = CARTESIAN_POINT('',(32.810747898016,-19.41863999203,
    149.20981352888));
#1257 = CARTESIAN_POINT('',(32.823136949254,-19.35720645561,
    149.33862618645));
#1258 = CARTESIAN_POINT('',(32.836308331881,-19.30203600353,
    149.46876274824));
#1259 = CARTESIAN_POINT('',(32.864734872838,-19.20211997195,
    149.73617904644));
#1260 = CARTESIAN_POINT('',(32.880049720961,-19.15784806109,
    149.8735394535));
#1261 = CARTESIAN_POINT('',(32.896197564352,-19.12005106707,
    150.01181380112));
#1262 = CARTESIAN_POINT('',(32.913166866922,-19.08862089908,
    150.1507715243));
#1263 = CARTESIAN_POINT('',(32.948960200546,-19.03798606676,
    150.43159451993));
#1264 = CARTESIAN_POINT('',(32.967806641888,-19.01895821511,
    150.57347053655));
#1265 = CARTESIAN_POINT('',(32.987460320977,-19.00631305769,
    150.71562778259));
#1266 = CARTESIAN_POINT('',(33.007895431578,-19.,150.85786682603));
#1267 = CARTESIAN_POINT('',(33.029078996398,-19.,151.));
#1268 = PCURVE('',#394,#1269);
#1269 = DEFINITIONAL_REPRESENTATION('',(#1270),#1305);
#1270 = B_SPLINE_CURVE_WITH_KNOTS('',5,(#1271,#1272,#1273,#1274,#1275,
    #1276,#1277,#1278,#1279,#1280,#1281,#1282,#1283,#1284,#1285,#1286,
    #1287,#1288,#1289,#1290,#1291,#1292,#1293,#1294,#1295,#1296,#1297,
    #1298,#1299,#1300,#1301,#1302,#1303,#1304),.UNSPECIFIED.,.F.,.F.,(6,
    4,4,4,4,4,4,4,6),(0.,9.880407659893E-02,0.196330451569,
    0.322802867926,0.491819582852,0.61224917192,0.737733724132,
    0.86795900548,1.),.UNSPECIFIED.);
#1271 = CARTESIAN_POINT('',(0.,35.));
#1272 = CARTESIAN_POINT('',(4.605063370071E-03,35.));
#1273 = CARTESIAN_POINT('',(9.210483224177E-03,35.007077156876));
#1274 = CARTESIAN_POINT('',(1.37879442331E-02,35.0212324523));
#1275 = CARTESIAN_POINT('',(1.831203653319E-02,35.042256010133));
#1276 = CARTESIAN_POINT('',(2.715085808545E-02,35.096967973763));
#1277 = CARTESIAN_POINT('',(3.146802329231E-02,35.130492143212));
#1278 = CARTESIAN_POINT('',(3.569073659706E-02,35.170023327442));
#1279 = CARTESIAN_POINT('',(3.980397372821E-02,35.21511304669));
#1280 = CARTESIAN_POINT('',(4.897549302683E-02,35.330385434218));
#1281 = CARTESIAN_POINT('',(5.39518797249E-02,35.40404340009));
#1282 = CARTESIAN_POINT('',(5.870463327196E-02,35.485282421223));
#1283 = CARTESIAN_POINT('',(6.32246899724E-02,35.573103935091));
#1284 = CARTESIAN_POINT('',(7.323698455293E-02,35.791746349675));
#1285 = CARTESIAN_POINT('',(7.854373568317E-02,35.927070434121));
#1286 = CARTESIAN_POINT('',(8.342781305983E-02,36.070719558299));
#1287 = CARTESIAN_POINT('',(8.78990688329E-02,36.221099531295));
#1288 = CARTESIAN_POINT('',(9.487395816143E-02,36.488234516778));
#1289 = CARTESIAN_POINT('',(9.75734223356E-02,36.602216820617));
#1290 = CARTESIAN_POINT('',(0.100075261802,36.718614991103));
#1291 = CARTESIAN_POINT('',(0.102384492338,36.837076380604));
#1292 = CARTESIAN_POINT('',(0.106716591825,37.082601670164));
#1293 = CARTESIAN_POINT('',(0.108723294583,37.209813528883));
#1294 = CARTESIAN_POINT('',(0.110531632338,37.338626186458));
#1295 = CARTESIAN_POINT('',(0.11214646192,37.468762748249));
#1296 = CARTESIAN_POINT('',(0.115051523244,37.736179046447));
#1297 = CARTESIAN_POINT('',(0.116327155373,37.873539453501));
#1298 = CARTESIAN_POINT('',(0.11740369488,38.011813801127));
#1299 = CARTESIAN_POINT('',(0.118285016676,38.150771524308));
#1300 = CARTESIAN_POINT('',(0.1196728626,38.431594519939));
#1301 = CARTESIAN_POINT('',(0.120173982843,38.573470536554));
#1302 = CARTESIAN_POINT('',(0.120480638511,38.715627782594));
#1303 = CARTESIAN_POINT('',(0.120595046153,38.857866826037));
#1304 = CARTESIAN_POINT('',(0.120518496579,39.));
#1305 = ( GEOMETRIC_REPRESENTATION_CONTEXT(2) 
PARAMETRIC_REPRESENTATION_CONTEXT() REPRESENTATION_CONTEXT('2D SPACE',''
  ) );
#1306 = PCURVE('',#1193,#1307);
#1307 = DEFINITIONAL_REPRESENTATION('',(#1308),#1378);
#1308 = B_SPLINE_CURVE_WITH_KNOTS('',3,(#1309,#1310,#1311,#1312,#1313,
    #1314,#1315,#1316,#1317,#1318,#1319,#1320,#1321,#1322,#1323,#1324,
    #1325,#1326,#1327,#1328,#1329,#1330,#1331,#1332,#1333,#1334,#1335,
    #1336,#1337,#1338,#1339,#1340,#1341,#1342,#1343,#1344,#1345,#1346,
    #1347,#1348,#1349,#1350,#1351,#1352,#1353,#1354,#1355,#1356,#1357,
    #1358,#1359,#1360,#1361,#1362,#1363,#1364,#1365,#1366,#1367,#1368,
    #1369,#1370,#1371,#1372,#1373,#1374,#1375,#1376,#1377),
  .UNSPECIFIED.,.F.,.F.,(4,1,1,1,1,1,1,1,1,1,1,1,1,1,1,1,1,1,1,1,1,1,1,1
    ,1,1,1,1,1,1,1,1,1,1,1,1,1,1,1,1,1,1,1,1,1,1,1,1,1,1,1,1,1,1,1,1,1,1
    ,1,1,1,1,1,1,1,1,4),(0.,1.515151515152E-02,3.030303030303E-02,
    4.545454545455E-02,6.060606060606E-02,7.575757575758E-02,
    9.090909090909E-02,0.106060606061,0.121212121212,0.136363636364,
    0.151515151515,0.166666666667,0.181818181818,0.19696969697,
    0.212121212121,0.227272727273,0.242424242424,0.257575757576,
    0.272727272727,0.287878787879,0.30303030303,0.318181818182,
    0.333333333333,0.348484848485,0.363636363636,0.378787878788,
    0.393939393939,0.409090909091,0.424242424242,0.439393939394,
    0.454545454545,0.469696969697,0.484848484848,0.5,0.515151515152,
    0.530303030303,0.545454545455,0.560606060606,0.575757575758,
    0.590909090909,0.606060606061,0.621212121212,0.636363636364,
    0.651515151515,0.666666666667,0.681818181818,0.69696969697,
    0.712121212121,0.727272727273,0.742424242424,0.757575757576,
    0.772727272727,0.787878787879,0.80303030303,0.818181818182,
    0.833333333333,0.848484848485,0.863636363636,0.878787878788,
    0.893939393939,0.909090909091,0.924242424242,0.939393939394,
    0.954545454545,0.969696969697,0.984848484848,1.),
  .QUASI_UNIFORM_KNOTS.);
#1309 = CARTESIAN_POINT('',(1.570796326795,-17.67857142857));
#1310 = CARTESIAN_POINT('',(1.561180789726,-17.67857148763));
#1311 = CARTESIAN_POINT('',(1.541949678392,-17.67859973998));
#1312 = CARTESIAN_POINT('',(1.513125804222,-17.67872762311));
#1313 = CARTESIAN_POINT('',(1.484348092892,-17.67894184523));
#1314 = CARTESIAN_POINT('',(1.455638284871,-17.67924417749));
#1315 = CARTESIAN_POINT('',(1.4270173551,-17.67963694769));
#1316 = CARTESIAN_POINT('',(1.398505358579,-17.68012308557));
#1317 = CARTESIAN_POINT('',(1.370122306473,-17.68070605092));
#1318 = CARTESIAN_POINT('',(1.3418843289,-17.68138981777));
#1319 = CARTESIAN_POINT('',(1.313807209944,-17.68217875441));
#1320 = CARTESIAN_POINT('',(1.28590468556,-17.68307758982));
#1321 = CARTESIAN_POINT('',(1.258188750574,-17.68409133925));
#1322 = CARTESIAN_POINT('',(1.230669787988,-17.68522523384));
#1323 = CARTESIAN_POINT('',(1.203356691825,-17.68648465717));
#1324 = CARTESIAN_POINT('',(1.17625704405,-17.68787504937));
#1325 = CARTESIAN_POINT('',(1.149375864401,-17.68940197628));
#1326 = CARTESIAN_POINT('',(1.122716880439,-17.69107098339));
#1327 = CARTESIAN_POINT('',(1.096282661947,-17.69288755338));
#1328 = CARTESIAN_POINT('',(1.070074682771,-17.69485708513));
#1329 = CARTESIAN_POINT('',(1.044093379874,-17.69698486821));
#1330 = CARTESIAN_POINT('',(1.018338226791,-17.69927605392));
#1331 = CARTESIAN_POINT('',(0.992807677088,-17.70173564468));
#1332 = CARTESIAN_POINT('',(0.967499533436,-17.70436841335));
#1333 = CARTESIAN_POINT('',(0.942411840598,-17.70717886967));
#1334 = CARTESIAN_POINT('',(0.917540045906,-17.71017156379));
#1335 = CARTESIAN_POINT('',(0.892879972583,-17.71335072333));
#1336 = CARTESIAN_POINT('',(0.868427136695,-17.71672034834));
#1337 = CARTESIAN_POINT('',(0.844176911256,-17.7202841991));
#1338 = CARTESIAN_POINT('',(0.820124462206,-17.72404581256));
#1339 = CARTESIAN_POINT('',(0.796264742289,-17.72800851129));
#1340 = CARTESIAN_POINT('',(0.772592473444,-17.7321754136));
#1341 = CARTESIAN_POINT('',(0.749102108859,-17.73654944669));
#1342 = CARTESIAN_POINT('',(0.72578787919,-17.74113334633));
#1343 = CARTESIAN_POINT('',(0.702643513568,-17.74592970756));
#1344 = CARTESIAN_POINT('',(0.67966432155,-17.75094064596));
#1345 = CARTESIAN_POINT('',(0.656844383676,-17.7561683017));
#1346 = CARTESIAN_POINT('',(0.634178062534,-17.76161456391));
#1347 = CARTESIAN_POINT('',(0.61165975706,-17.76728112666));
#1348 = CARTESIAN_POINT('',(0.589283933448,-17.77316949104));
#1349 = CARTESIAN_POINT('',(0.567045079861,-17.77928098256));
#1350 = CARTESIAN_POINT('',(0.544937694579,-17.78561676114));
#1351 = CARTESIAN_POINT('',(0.522956222407,-17.79217784559));
#1352 = CARTESIAN_POINT('',(0.501095583994,-17.79896496661));
#1353 = CARTESIAN_POINT('',(0.479350377937,-17.80597880451));
#1354 = CARTESIAN_POINT('',(0.457715412363,-17.81321983538));
#1355 = CARTESIAN_POINT('',(0.43618558184,-17.82068837056));
#1356 = CARTESIAN_POINT('',(0.414755873192,-17.82838455825));
#1357 = CARTESIAN_POINT('',(0.393421330277,-17.83630839761));
#1358 = CARTESIAN_POINT('',(0.372177058995,-17.84445974044));
#1359 = CARTESIAN_POINT('',(0.351018117872,-17.85283833015));
#1360 = CARTESIAN_POINT('',(0.329939903737,-17.86144368407));
#1361 = CARTESIAN_POINT('',(0.308937688654,-17.87027519635));
#1362 = CARTESIAN_POINT('',(0.288006821243,-17.87933213326));
#1363 = CARTESIAN_POINT('',(0.267142743353,-17.88861361521));
#1364 = CARTESIAN_POINT('',(0.24634096404,-17.89811862153));
#1365 = CARTESIAN_POINT('',(0.225597044531,-17.90784598935));
#1366 = CARTESIAN_POINT('',(0.204906582709,-17.9177944133));
#1367 = CARTESIAN_POINT('',(0.18426518969,-17.92796244783));
#1368 = CARTESIAN_POINT('',(0.163668500103,-17.93834849813));
#1369 = CARTESIAN_POINT('',(0.143112352338,-17.94895079704));
#1370 = CARTESIAN_POINT('',(0.12259242375,-17.95976748351));
#1371 = CARTESIAN_POINT('',(0.102104495888,-17.97079653525));
#1372 = CARTESIAN_POINT('',(8.164437716959E-02,-17.98203578372));
#1373 = CARTESIAN_POINT('',(6.120790574824E-02,-17.99348291139));
#1374 = CARTESIAN_POINT('',(4.079092986778E-02,-18.00513544778));
#1375 = CARTESIAN_POINT('',(2.038929839461E-02,-18.01699078806));
#1376 = CARTESIAN_POINT('',(6.795655358216E-03,-18.02502767772));
#1377 = CARTESIAN_POINT('',(0.,-18.02907899639));
#1378 = ( GEOMETRIC_REPRESENTATION_CONTEXT(2) 
PARAMETRIC_REPRESENTATION_CONTEXT() REPRESENTATION_CONTEXT('2D SPACE',''
  ) );
#1379 = ORIENTED_EDGE('',*,*,#1380,.T.);
#1380 = EDGE_CURVE('',#1230,#357,#1381,.T.);
#1381 = SEAM_CURVE('',#1382,(#1386,#1393),.PCURVE_S1.);
#1382 = LINE('',#1383,#1384);
#1383 = CARTESIAN_POINT('',(42.,-23.,210.));
#1384 = VECTOR('',#1385,1.);
#1385 = DIRECTION('',(-0.146365743746,0.,-0.989230543937));
#1386 = PCURVE('',#394,#1387);
#1387 = DEFINITIONAL_REPRESENTATION('',(#1388),#1392);
#1388 = LINE('',#1389,#1390);
#1389 = CARTESIAN_POINT('',(4.138911435803E-13,98.));
#1390 = VECTOR('',#1391,1.);
#1391 = DIRECTION('',(-0.,-1.));
#1392 = ( GEOMETRIC_REPRESENTATION_CONTEXT(2) 
PARAMETRIC_REPRESENTATION_CONTEXT() REPRESENTATION_CONTEXT('2D SPACE',''
  ) );
#1393 = PCURVE('',#394,#1394);
#1394 = DEFINITIONAL_REPRESENTATION('',(#1395),#1399);
#1395 = LINE('',#1396,#1397);
#1396 = CARTESIAN_POINT('',(6.28318530718,98.));
#1397 = VECTOR('',#1398,1.);
#1398 = DIRECTION('',(-0.,-1.));
#1399 = ( GEOMETRIC_REPRESENTATION_CONTEXT(2) 
PARAMETRIC_REPRESENTATION_CONTEXT() REPRESENTATION_CONTEXT('2D SPACE',''
  ) );
#1400 = ORIENTED_EDGE('',*,*,#379,.T.);
#1401 = ORIENTED_EDGE('',*,*,#1380,.F.);
#1402 = ORIENTED_EDGE('',*,*,#1403,.F.);
#1403 = EDGE_CURVE('',#1107,#1230,#1404,.T.);
#1404 = SURFACE_CURVE('',#1405,(#1468,#1534),.PCURVE_S1.);
#1405 = B_SPLINE_CURVE_WITH_KNOTS('',6,(#1406,#1407,#1408,#1409,#1410,
    #1411,#1412,#1413,#1414,#1415,#1416,#1417,#1418,#1419,#1420,#1421,
    #1422,#1423,#1424,#1425,#1426,#1427,#1428,#1429,#1430,#1431,#1432,
    #1433,#1434,#1435,#1436,#1437,#1438,#1439,#1440,#1441,#1442,#1443,
    #1444,#1445,#1446,#1447,#1448,#1449,#1450,#1451,#1452,#1453,#1454,
    #1455,#1456,#1457,#1458,#1459,#1460,#1461,#1462,#1463,#1464,#1465,
    #1466,#1467),.UNSPECIFIED.,.F.,.F.,(7,5,5,5,5,5,5,5,5,5,5,5,7),(0.,
    9.157295783893E-02,0.14995169347,0.228782052737,0.293840911602,
    0.345299377211,0.488023698945,0.632585482833,0.686631358724,
    0.754999409384,0.839139892009,0.902318949527,1.),.UNSPECIFIED.);
#1406 = CARTESIAN_POINT('',(33.862244897959,-23.,155.));
#1407 = CARTESIAN_POINT('',(33.862244897959,-23.23360094577,155.));
#1408 = CARTESIAN_POINT('',(33.85788882572,-23.46731169248,
    154.98362857971));
#1409 = CARTESIAN_POINT('',(33.849169306016,-23.69776314106,
    154.95086105746));
#1410 = CARTESIAN_POINT('',(33.836419243493,-23.92236590815,
    154.90272532384));
#1411 = CARTESIAN_POINT('',(33.820134900035,-24.13913745866,
    154.84069296954));
#1412 = CARTESIAN_POINT('',(33.788610346079,-24.47890930832,
    154.71921519104));
#1413 = CARTESIAN_POINT('',(33.775124527532,-24.60748953365,
    154.6669565684));
#1414 = CARTESIAN_POINT('',(33.760562328439,-24.7320809742,
    154.61014202571));
#1415 = CARTESIAN_POINT('',(33.745060793152,-24.85250604295,
    154.54918187989));
#1416 = CARTESIAN_POINT('',(33.728749592246,-24.96867543309,
    154.4844625482));
#1417 = CARTESIAN_POINT('',(33.688778544487,-25.23164990699,
    154.32430924512));
#1418 = CARTESIAN_POINT('',(33.664549503736,-25.37490863919,
    154.22607173512));
#1419 = CARTESIAN_POINT('',(33.639335561178,-25.51031161427,
    154.12242987351));
#1420 = CARTESIAN_POINT('',(33.613381583081,-25.63793829328,
    154.01410540961));
#1421 = CARTESIAN_POINT('',(33.58689388966,-25.757943851,153.90170284131
    ));
#1422 = CARTESIAN_POINT('',(33.537871089798,-25.96344198135,
    153.68994644491));
#1423 = CARTESIAN_POINT('',(33.515456281817,-26.05129170051,
    153.59175363304));
#1424 = CARTESIAN_POINT('',(33.492886463045,-26.13418190021,
    153.49138453564));
#1425 = CARTESIAN_POINT('',(33.47024361941,-26.21221550244,
    153.38907761492));
#1426 = CARTESIAN_POINT('',(33.447598175114,-26.28549233806,
    153.28503820171));
#1427 = CARTESIAN_POINT('',(33.407143477779,-26.40838142016,
    153.09591456933));
#1428 = CARTESIAN_POINT('',(33.389313380431,-26.459737026,
    153.01141669049));
#1429 = CARTESIAN_POINT('',(33.371549282875,-26.50822207668,
    152.92603200908));
#1430 = CARTESIAN_POINT('',(33.353878085771,-26.55387887091,
    152.83983998998));
#1431 = CARTESIAN_POINT('',(33.336323820568,-26.59674569192,
    152.75291264915));
#1432 = CARTESIAN_POINT('',(33.270602454773,-26.74810831248,
    152.42235397134));
#1433 = CARTESIAN_POINT('',(33.223369357365,-26.83814013894,
    152.1742811644));
#1434 = CARTESIAN_POINT('',(33.177646082443,-26.90773566751,
    151.92240060382));
#1435 = CARTESIAN_POINT('',(33.133770732454,-26.95729409066,
    151.66785130723));
#1436 = CARTESIAN_POINT('',(33.091994789151,-26.98706416679,
    151.41164890152));
#1437 = CARTESIAN_POINT('',(33.012483250869,-27.00708068377,
    150.89438879174));
#1438 = CARTESIAN_POINT('',(32.974820307757,-26.996810014,
    150.63340018406));
#1439 = CARTESIAN_POINT('',(32.939684497946,-26.96618593576,
    150.37262930583));
#1440 = CARTESIAN_POINT('',(32.907218550242,-26.91489275871,
    150.11313774702));
#1441 = CARTESIAN_POINT('',(32.877508187782,-26.84246631061,
    149.8561231376));
#1442 = CARTESIAN_POINT('',(32.840502568533,-26.71281984633,
    149.50829884917));
#1443 = CARTESIAN_POINT('',(32.830820962732,-26.67447577041,
    149.41419124437));
#1444 = CARTESIAN_POINT('',(32.821529358636,-26.63302759512,
    149.32070244987));
#1445 = CARTESIAN_POINT('',(32.812628124198,-26.5884313352,
    149.22791600844));
#1446 = CARTESIAN_POINT('',(32.80411649844,-26.54063893525,
    149.13592386604));
#1447 = CARTESIAN_POINT('',(32.785715846465,-26.42503181101,
    148.92958801184));
#1448 = CARTESIAN_POINT('',(32.776059787628,-26.3552695346,
    148.81578517218));
#1449 = CARTESIAN_POINT('',(32.767019970441,-26.28020349293,
    148.70361763214));
#1450 = CARTESIAN_POINT('',(32.758589675041,-26.19972223751,
    148.59332164063));
#1451 = CARTESIAN_POINT('',(32.750758768022,-26.11371206523,
    148.48517007535));
#1452 = CARTESIAN_POINT('',(32.734594669452,-25.90926003609,
    148.24939084068));
#1453 = CARTESIAN_POINT('',(32.726563374595,-25.78792817568,
    148.12304282971));
#1454 = CARTESIAN_POINT('',(32.71939080309,-25.6578384948,
    148.00098922734));
#1455 = CARTESIAN_POINT('',(32.713042317142,-25.51881490836,
    147.88394785238));
#1456 = CARTESIAN_POINT('',(32.70747400511,-25.37076932164,
    147.77277246143));
#1457 = CARTESIAN_POINT('',(32.698993049166,-25.09583312889,
    147.59008443648));
#1458 = CARTESIAN_POINT('',(32.695764838917,-24.97287321201,
    147.51559961282));
#1459 = CARTESIAN_POINT('',(32.69292283651,-24.84489427187,
    147.44539250342));
#1460 = CARTESIAN_POINT('',(32.690441337562,-24.71200489538,
    147.37993815066));
#1461 = CARTESIAN_POINT('',(32.688293082408,-24.57441968497,
    147.31974042446));
#1462 = CARTESIAN_POINT('',(32.683602204329,-24.21305066147,
    147.18113293397));
#1463 = CARTESIAN_POINT('',(32.681482301626,-23.98302997905,
    147.11065339139));
#1464 = CARTESIAN_POINT('',(32.679999546677,-23.74408190171,
    147.05591207745));
#1465 = CARTESIAN_POINT('',(32.679047607894,-23.49847674863,
    147.01862685692));
#1466 = CARTESIAN_POINT('',(32.678571428571,-23.24917252047,147.));
#1467 = CARTESIAN_POINT('',(32.678571428571,-23.,147.));
#1468 = PCURVE('',#394,#1469);
#1469 = DEFINITIONAL_REPRESENTATION('',(#1470),#1533);
#1470 = B_SPLINE_CURVE_WITH_KNOTS('',6,(#1471,#1472,#1473,#1474,#1475,
    #1476,#1477,#1478,#1479,#1480,#1481,#1482,#1483,#1484,#1485,#1486,
    #1487,#1488,#1489,#1490,#1491,#1492,#1493,#1494,#1495,#1496,#1497,
    #1498,#1499,#1500,#1501,#1502,#1503,#1504,#1505,#1506,#1507,#1508,
    #1509,#1510,#1511,#1512,#1513,#1514,#1515,#1516,#1517,#1518,#1519,
    #1520,#1521,#1522,#1523,#1524,#1525,#1526,#1527,#1528,#1529,#1530,
    #1531,#1532),.UNSPECIFIED.,.F.,.F.,(7,5,5,5,5,5,5,5,5,5,5,5,7),(0.,
    9.157295783893E-02,0.14995169347,0.228782052737,0.293840911602,
    0.345299377211,0.488023698945,0.632585482833,0.686631358724,
    0.754999409384,0.839139892009,0.902318949527,1.),.UNSPECIFIED.);
#1471 = CARTESIAN_POINT('',(6.28318530718,43.));
#1472 = CARTESIAN_POINT('',(6.276286740753,43.));
#1473 = CARTESIAN_POINT('',(6.269384932386,42.983628579715));
#1474 = CARTESIAN_POINT('',(6.262576560499,42.950861057465));
#1475 = CARTESIAN_POINT('',(6.255935282885,42.902725323845));
#1476 = CARTESIAN_POINT('',(6.249517881912,42.840692969544));
#1477 = CARTESIAN_POINT('',(6.239444554712,42.719215191043));
#1478 = CARTESIAN_POINT('',(6.235628717157,42.666956568403));
#1479 = CARTESIAN_POINT('',(6.231927092127,42.610142025717));
#1480 = CARTESIAN_POINT('',(6.228344832114,42.54918187989));
#1481 = CARTESIAN_POINT('',(6.224884588251,42.484462548206));
#1482 = CARTESIAN_POINT('',(6.21704061129,42.32430924512));
#1483 = CARTESIAN_POINT('',(6.212758667885,42.226071735127));
#1484 = CARTESIAN_POINT('',(6.208702402656,42.122429873515));
#1485 = CARTESIAN_POINT('',(6.204869909011,42.014105409616));
#1486 = CARTESIAN_POINT('',(6.201257171221,41.901702841312));
#1487 = CARTESIAN_POINT('',(6.195054309231,41.689946444915));
#1488 = CARTESIAN_POINT('',(6.192396088387,41.591753633044));
#1489 = CARTESIAN_POINT('',(6.189881453719,41.491384535644));
#1490 = CARTESIAN_POINT('',(6.187507730257,41.389077614929));
#1491 = CARTESIAN_POINT('',(6.185272346047,41.285038201714));
#1492 = CARTESIAN_POINT('',(6.18151219678,41.09591456933));
#1493 = CARTESIAN_POINT('',(6.17993660939,41.011416690497));
#1494 = CARTESIAN_POINT('',(6.178444877985,40.92603200908));
#1495 = CARTESIAN_POINT('',(6.17703594011,40.83983998998));
#1496 = CARTESIAN_POINT('',(6.175708851887,40.752912649157));
#1497 = CARTESIAN_POINT('',(6.171006726507,40.422353971341));
#1498 = CARTESIAN_POINT('',(6.168174607249,40.174281164406));
#1499 = CARTESIAN_POINT('',(6.165947197382,39.922400603824));
#1500 = CARTESIAN_POINT('',(6.164316681959,39.667851307238));
#1501 = CARTESIAN_POINT('',(6.163279533713,39.411648901524));
#1502 = CARTESIAN_POINT('',(6.162395948597,38.894388791745));
#1503 = CARTESIAN_POINT('',(6.162565162914,38.633400184069));
#1504 = CARTESIAN_POINT('',(6.163352356584,38.372629305834));
#1505 = CARTESIAN_POINT('',(6.164770741858,38.113137747026));
#1506 = CARTESIAN_POINT('',(6.166837812409,37.856123137609));
#1507 = CARTESIAN_POINT('',(6.170606773508,37.508298849176));
#1508 = CARTESIAN_POINT('',(6.17172684988,37.414191244375));
#1509 = CARTESIAN_POINT('',(6.17294275418,37.320702449874));
#1510 = CARTESIAN_POINT('',(6.174255980184,37.227916008444));
#1511 = CARTESIAN_POINT('',(6.175668139779,37.135923866042));
#1512 = CARTESIAN_POINT('',(6.179094684794,36.929588011842));
#1513 = CARTESIAN_POINT('',(6.181169427184,36.815785172189));
#1514 = CARTESIAN_POINT('',(6.183408761997,36.703617632142));
#1515 = CARTESIAN_POINT('',(6.185816356224,36.593321640639));
#1516 = CARTESIAN_POINT('',(6.1883959228,36.485170075358));
#1517 = CARTESIAN_POINT('',(6.194542052781,36.249390840681));
#1518 = CARTESIAN_POINT('',(6.198198595294,36.123042829712));
#1519 = CARTESIAN_POINT('',(6.202128020825,36.000989227342));
#1520 = CARTESIAN_POINT('',(6.206336036976,35.883947852384));
#1521 = CARTESIAN_POINT('',(6.210825545229,35.772772461431));
#1522 = CARTESIAN_POINT('',(6.219176879677,35.590084436481));
#1523 = CARTESIAN_POINT('',(6.2229160567,35.515599612826));
#1524 = CARTESIAN_POINT('',(6.226811896868,35.445392503421));
#1525 = CARTESIAN_POINT('',(6.230861032432,35.379938150669));
#1526 = CARTESIAN_POINT('',(6.235056772514,35.319740424461));
#1527 = CARTESIAN_POINT('',(6.246084923325,35.18113293397));
#1528 = CARTESIAN_POINT('',(6.253111902358,35.110653391394));
#1529 = CARTESIAN_POINT('',(6.260417686216,35.055912077451));
#1530 = CARTESIAN_POINT('',(6.267931373218,35.018626856922));
#1531 = CARTESIAN_POINT('',(6.275560355733,35.));
#1532 = CARTESIAN_POINT('',(6.28318530718,35.));
#1533 = ( GEOMETRIC_REPRESENTATION_CONTEXT(2) 
PARAMETRIC_REPRESENTATION_CONTEXT() REPRESENTATION_CONTEXT('2D SPACE',''
  ) );
#1534 = PCURVE('',#1193,#1535);
#1535 = DEFINITIONAL_REPRESENTATION('',(#1536),#1599);
#1536 = B_SPLINE_CURVE_WITH_KNOTS('',6,(#1537,#1538,#1539,#1540,#1541,
    #1542,#1543,#1544,#1545,#1546,#1547,#1548,#1549,#1550,#1551,#1552,
    #1553,#1554,#1555,#1556,#1557,#1558,#1559,#1560,#1561,#1562,#1563,
    #1564,#1565,#1566,#1567,#1568,#1569,#1570,#1571,#1572,#1573,#1574,
    #1575,#1576,#1577,#1578,#1579,#1580,#1581,#1582,#1583,#1584,#1585,
    #1586,#1587,#1588,#1589,#1590,#1591,#1592,#1593,#1594,#1595,#1596,
    #1597,#1598),.UNSPECIFIED.,.F.,.F.,(7,5,5,5,5,5,5,5,5,5,5,5,7),(0.,
    9.157295783893E-02,0.14995169347,0.228782052737,0.293840911602,
    0.345299377211,0.488023698945,0.632585482833,0.686631358724,
    0.754999409384,0.839139892009,0.902318949527,1.),.UNSPECIFIED.);
#1537 = CARTESIAN_POINT('',(4.712388980385,-18.86224489795));
#1538 = CARTESIAN_POINT('',(4.653988743941,-18.86224489795));
#1539 = CARTESIAN_POINT('',(4.595561187647,-18.85788882572));
#1540 = CARTESIAN_POINT('',(4.537589140242,-18.84916930601));
#1541 = CARTESIAN_POINT('',(4.480363130587,-18.83641924349));
#1542 = CARTESIAN_POINT('',(4.424112880029,-18.82013490003));
#1543 = CARTESIAN_POINT('',(4.333904177395,-18.78861034607));
#1544 = CARTESIAN_POINT('',(4.299237268756,-18.77512452753));
#1545 = CARTESIAN_POINT('',(4.265047677367,-18.76056232843));
#1546 = CARTESIAN_POINT('',(4.231344494883,-18.74506079315));
#1547 = CARTESIAN_POINT('',(4.198124128361,-18.72874959224));
#1548 = CARTESIAN_POINT('',(4.121148217189,-18.68877854448));
#1549 = CARTESIAN_POINT('',(4.077785299137,-18.66454950373));
#1550 = CARTESIAN_POINT('',(4.035241143861,-18.63933556117));
#1551 = CARTESIAN_POINT('',(3.99346764604,-18.61338158308));
#1552 = CARTESIAN_POINT('',(3.952408039088,-18.58689388966));
#1553 = CARTESIAN_POINT('',(3.878638866584,-18.53787108979));
#1554 = CARTESIAN_POINT('',(3.845727150665,-18.51545628181));
#1555 = CARTESIAN_POINT('',(3.813221720784,-18.49288646304));
#1556 = CARTESIAN_POINT('',(3.78108939208,-18.47024361941));
#1557 = CARTESIAN_POINT('',(3.749298035305,-18.44759817511));
#1558 = CARTESIAN_POINT('',(3.692912379535,-18.40714347777));
#1559 = CARTESIAN_POINT('',(3.668203435281,-18.38931338043));
#1560 = CARTESIAN_POINT('',(3.643672013092,-18.37154928287));
#1561 = CARTESIAN_POINT('',(3.619303147258,-18.35387808577));
#1562 = CARTESIAN_POINT('',(3.595082482221,-18.33632382056));
#1563 = CARTESIAN_POINT('',(3.504191172685,-18.27060245477));
#1564 = CARTESIAN_POINT('',(3.438432479691,-18.22336935736));
#1565 = CARTESIAN_POINT('',(3.373399611417,-18.17764608244));
#1566 = CARTESIAN_POINT('',(3.308853264282,-18.13377073245));
#1567 = CARTESIAN_POINT('',(3.244562605625,-18.09199478915));
#1568 = CARTESIAN_POINT('',(3.11515079151,-18.01248325086));
#1569 = CARTESIAN_POINT('',(3.050051561554,-17.97482030775));
#1570 = CARTESIAN_POINT('',(2.98470736567,-17.93968449794));
#1571 = CARTESIAN_POINT('',(2.91888718382,-17.90721855024));
#1572 = CARTESIAN_POINT('',(2.852355796283,-17.87750818778));
#1573 = CARTESIAN_POINT('',(2.759555627464,-17.84050256853));
#1574 = CARTESIAN_POINT('',(2.734162184978,-17.83082096273));
#1575 = CARTESIAN_POINT('',(2.708613899493,-17.82152935863));
#1576 = CARTESIAN_POINT('',(2.682895693638,-17.81262812419));
#1577 = CARTESIAN_POINT('',(2.656991950008,-17.80411649844));
#1578 = CARTESIAN_POINT('',(2.597863122488,-17.78571584646));
#1579 = CARTESIAN_POINT('',(2.564517912276,-17.77605978762));
#1580 = CARTESIAN_POINT('',(2.530816383396,-17.76701997044));
#1581 = CARTESIAN_POINT('',(2.496725387674,-17.75858967504));
#1582 = CARTESIAN_POINT('',(2.462210856275,-17.75075876802));
#1583 = CARTESIAN_POINT('',(2.384191435727,-17.73459466945));
#1584 = CARTESIAN_POINT('',(2.340454846818,-17.72656337459));
#1585 = CARTESIAN_POINT('',(2.295951663416,-17.71939080309));
#1586 = CARTESIAN_POINT('',(2.250621421418,-17.71304231714));
#1587 = CARTESIAN_POINT('',(2.204412874903,-17.70747400511));
#1588 = CARTESIAN_POINT('',(2.121888323805,-17.69899304916));
#1589 = CARTESIAN_POINT('',(2.085979507127,-17.69576483891));
#1590 = CARTESIAN_POINT('',(2.049538034519,-17.69292283651));
#1591 = CARTESIAN_POINT('',(2.012559960261,-17.69044133756));
#1592 = CARTESIAN_POINT('',(1.975055551802,-17.6882930824));
#1593 = CARTESIAN_POINT('',(1.878295666142,-17.68360220432));
#1594 = CARTESIAN_POINT('',(1.818294679266,-17.68148230162));
#1595 = CARTESIAN_POINT('',(1.757252604578,-17.67999954667));
#1596 = CARTESIAN_POINT('',(1.695415344109,-17.67904760789));
#1597 = CARTESIAN_POINT('',(1.633089456914,-17.67857142857));
#1598 = CARTESIAN_POINT('',(1.570796326795,-17.67857142857));
#1599 = ( GEOMETRIC_REPRESENTATION_CONTEXT(2) 
PARAMETRIC_REPRESENTATION_CONTEXT() REPRESENTATION_CONTEXT('2D SPACE',''
  ) );
#1600 = ORIENTED_EDGE('',*,*,#1106,.F.);
#1601 = FACE_BOUND('',#1602,.T.);
#1602 = EDGE_LOOP('',(#1603,#1637,#1666));
#1603 = ORIENTED_EDGE('',*,*,#1604,.F.);
#1604 = EDGE_CURVE('',#1605,#1607,#1609,.T.);
#1605 = VERTEX_POINT('',#1606);
#1606 = CARTESIAN_POINT('',(24.2,-41.61811104773,132.5));
#1607 = VERTEX_POINT('',#1608);
#1608 = CARTESIAN_POINT('',(24.2,-42.3,135.34207974642));
#1609 = SURFACE_CURVE('',#1610,(#1615,#1625),.PCURVE_S1.);
#1610 = HYPERBOLA('',#1611,163.55862068965,24.2);
#1611 = AXIS2_PLACEMENT_3D('',#1612,#1613,#1614);
#1612 = CARTESIAN_POINT('',(24.2,-23.,-73.86206896551));
#1613 = DIRECTION('',(1.,0.,0.));
#1614 = DIRECTION('',(-0.,0.,1.));
#1615 = PCURVE('',#394,#1616);
#1616 = DEFINITIONAL_REPRESENTATION('',(#1617),#1624);
#1617 = B_SPLINE_CURVE_WITH_KNOTS('',5,(#1618,#1619,#1620,#1621,#1622,
    #1623),.UNSPECIFIED.,.F.,.F.,(6,6),(0.678405415146,0.850656745105),
  .PIECEWISE_BEZIER_KNOTS.);
#1618 = CARTESIAN_POINT('',(5.651529645137,16.8));
#1619 = CARTESIAN_POINT('',(5.623726524322,20.92260329336));
#1620 = CARTESIAN_POINT('',(5.596630373207,25.34586087331));
#1621 = CARTESIAN_POINT('',(5.570262018496,30.079967160402));
#1622 = CARTESIAN_POINT('',(5.544632023786,35.136598414394));
#1623 = CARTESIAN_POINT('',(5.519743074515,40.52908667069));
#1624 = ( GEOMETRIC_REPRESENTATION_CONTEXT(2) 
PARAMETRIC_REPRESENTATION_CONTEXT() REPRESENTATION_CONTEXT('2D SPACE',''
  ) );
#1625 = PCURVE('',#1626,#1631);
#1626 = PLANE('',#1627);
#1627 = AXIS2_PLACEMENT_3D('',#1628,#1629,#1630);
#1628 = CARTESIAN_POINT('',(24.2,-42.3,132.5));
#1629 = DIRECTION('',(1.,0.,0.));
#1630 = DIRECTION('',(0.,0.,1.));
#1631 = DEFINITIONAL_REPRESENTATION('',(#1632),#1636);
#1632 = HYPERBOLA('',#1633,163.55862068965,24.2);
#1633 = AXIS2_PLACEMENT_2D('',#1634,#1635);
#1634 = CARTESIAN_POINT('',(-206.3620689655,-19.3));
#1635 = DIRECTION('',(1.,0.));
#1636 = ( GEOMETRIC_REPRESENTATION_CONTEXT(2) 
PARAMETRIC_REPRESENTATION_CONTEXT() REPRESENTATION_CONTEXT('2D SPACE',''
  ) );
#1637 = ORIENTED_EDGE('',*,*,#1638,.F.);
#1638 = EDGE_CURVE('',#1639,#1605,#1641,.T.);
#1639 = VERTEX_POINT('',#1640);
#1640 = CARTESIAN_POINT('',(23.659756105798,-42.3,132.5));
#1641 = SURFACE_CURVE('',#1642,(#1647,#1654),.PCURVE_S1.);
#1642 = CIRCLE('',#1643,30.533163265306);
#1643 = AXIS2_PLACEMENT_3D('',#1644,#1645,#1646);
#1644 = CARTESIAN_POINT('',(0.,-23.,132.5));
#1645 = DIRECTION('',(0.,0.,1.));
#1646 = DIRECTION('',(1.,0.,-0.));
#1647 = PCURVE('',#394,#1648);
#1648 = DEFINITIONAL_REPRESENTATION('',(#1649),#1653);
#1649 = LINE('',#1650,#1651);
#1650 = CARTESIAN_POINT('',(0.,20.5));
#1651 = VECTOR('',#1652,1.);
#1652 = DIRECTION('',(1.,0.));
#1653 = ( GEOMETRIC_REPRESENTATION_CONTEXT(2) 
PARAMETRIC_REPRESENTATION_CONTEXT() REPRESENTATION_CONTEXT('2D SPACE',''
  ) );
#1654 = PCURVE('',#1655,#1660);
#1655 = PLANE('',#1656);
#1656 = AXIS2_PLACEMENT_3D('',#1657,#1658,#1659);
#1657 = CARTESIAN_POINT('',(21.,-42.3,132.5));
#1658 = DIRECTION('',(0.,0.,1.));
#1659 = DIRECTION('',(1.,0.,-0.));
#1660 = DEFINITIONAL_REPRESENTATION('',(#1661),#1665);
#1661 = CIRCLE('',#1662,30.533163265306);
#1662 = AXIS2_PLACEMENT_2D('',#1663,#1664);
#1663 = CARTESIAN_POINT('',(-21.,19.3));
#1664 = DIRECTION('',(1.,0.));
#1665 = ( GEOMETRIC_REPRESENTATION_CONTEXT(2) 
PARAMETRIC_REPRESENTATION_CONTEXT() REPRESENTATION_CONTEXT('2D SPACE',''
  ) );
#1666 = ORIENTED_EDGE('',*,*,#1667,.T.);
#1667 = EDGE_CURVE('',#1639,#1607,#1668,.T.);
#1668 = SURFACE_CURVE('',#1669,(#1674,#1684),.PCURVE_S1.);
#1669 = HYPERBOLA('',#1670,130.44137931034,19.3);
#1670 = AXIS2_PLACEMENT_3D('',#1671,#1672,#1673);
#1671 = CARTESIAN_POINT('',(0.,-42.3,-73.86206896551));
#1672 = DIRECTION('',(0.,1.,0.));
#1673 = DIRECTION('',(0.,-0.,1.));
#1674 = PCURVE('',#394,#1675);
#1675 = DEFINITIONAL_REPRESENTATION('',(#1676),#1683);
#1676 = B_SPLINE_CURVE_WITH_KNOTS('',5,(#1677,#1678,#1679,#1680,#1681,
    #1682),.UNSPECIFIED.,.F.,.F.,(6,6),(1.008952795472,1.060314689846),
  .PIECEWISE_BEZIER_KNOTS.);
#1677 = CARTESIAN_POINT('',(5.583940593777,16.8));
#1678 = CARTESIAN_POINT('',(5.590552305954,18.393277447948));
#1679 = CARTESIAN_POINT('',(5.597099043639,20.013286470496));
#1680 = CARTESIAN_POINT('',(5.603581056048,21.660377329761));
#1681 = CARTESIAN_POINT('',(5.609998634811,23.33491203766));
#1682 = CARTESIAN_POINT('',(5.61635210803,25.037264833593));
#1683 = ( GEOMETRIC_REPRESENTATION_CONTEXT(2) 
PARAMETRIC_REPRESENTATION_CONTEXT() REPRESENTATION_CONTEXT('2D SPACE',''
  ) );
#1684 = PCURVE('',#1685,#1690);
#1685 = PLANE('',#1686);
#1686 = AXIS2_PLACEMENT_3D('',#1687,#1688,#1689);
#1687 = CARTESIAN_POINT('',(21.,-42.3,132.5));
#1688 = DIRECTION('',(0.,1.,0.));
#1689 = DIRECTION('',(0.,-0.,1.));
#1690 = DEFINITIONAL_REPRESENTATION('',(#1691),#1695);
#1691 = HYPERBOLA('',#1692,130.44137931034,19.3);
#1692 = AXIS2_PLACEMENT_2D('',#1693,#1694);
#1693 = CARTESIAN_POINT('',(-206.3620689655,-21.));
#1694 = DIRECTION('',(1.,0.));
#1695 = ( GEOMETRIC_REPRESENTATION_CONTEXT(2) 
PARAMETRIC_REPRESENTATION_CONTEXT() REPRESENTATION_CONTEXT('2D SPACE',''
  ) );
#1696 = FACE_BOUND('',#1697,.T.);
#1697 = EDGE_LOOP('',(#1698,#1727,#1759));
#1698 = ORIENTED_EDGE('',*,*,#1699,.F.);
#1699 = EDGE_CURVE('',#1700,#1702,#1704,.T.);
#1700 = VERTEX_POINT('',#1701);
#1701 = CARTESIAN_POINT('',(24.2,-3.7,135.34207974642));
#1702 = VERTEX_POINT('',#1703);
#1703 = CARTESIAN_POINT('',(24.2,-4.381888952264,132.5));
#1704 = SURFACE_CURVE('',#1705,(#1710,#1720),.PCURVE_S1.);
#1705 = HYPERBOLA('',#1706,163.55862068965,24.2);
#1706 = AXIS2_PLACEMENT_3D('',#1707,#1708,#1709);
#1707 = CARTESIAN_POINT('',(24.2,-23.,-73.86206896551));
#1708 = DIRECTION('',(1.,0.,0.));
#1709 = DIRECTION('',(-0.,0.,1.));
#1710 = PCURVE('',#394,#1711);
#1711 = DEFINITIONAL_REPRESENTATION('',(#1712),#1719);
#1712 = B_SPLINE_CURVE_WITH_KNOTS('',5,(#1713,#1714,#1715,#1716,#1717,
    #1718),.UNSPECIFIED.,.F.,.F.,(6,6),(-0.850656745105,-0.678405415146)
  ,.PIECEWISE_BEZIER_KNOTS.);
#1713 = CARTESIAN_POINT('',(0.763442232665,40.52908667069));
#1714 = CARTESIAN_POINT('',(0.738553283394,35.136598414394));
#1715 = CARTESIAN_POINT('',(0.712923288684,30.079967160402));
#1716 = CARTESIAN_POINT('',(0.686554933972,25.345860873309));
#1717 = CARTESIAN_POINT('',(0.659458782857,20.92260329336));
#1718 = CARTESIAN_POINT('',(0.631655662042,16.8));
#1719 = ( GEOMETRIC_REPRESENTATION_CONTEXT(2) 
PARAMETRIC_REPRESENTATION_CONTEXT() REPRESENTATION_CONTEXT('2D SPACE',''
  ) );
#1720 = PCURVE('',#1626,#1721);
#1721 = DEFINITIONAL_REPRESENTATION('',(#1722),#1726);
#1722 = HYPERBOLA('',#1723,163.55862068965,24.2);
#1723 = AXIS2_PLACEMENT_2D('',#1724,#1725);
#1724 = CARTESIAN_POINT('',(-206.3620689655,-19.3));
#1725 = DIRECTION('',(1.,0.));
#1726 = ( GEOMETRIC_REPRESENTATION_CONTEXT(2) 
PARAMETRIC_REPRESENTATION_CONTEXT() REPRESENTATION_CONTEXT('2D SPACE',''
  ) );
#1727 = ORIENTED_EDGE('',*,*,#1728,.F.);
#1728 = EDGE_CURVE('',#1729,#1700,#1731,.T.);
#1729 = VERTEX_POINT('',#1730);
#1730 = CARTESIAN_POINT('',(23.659756105798,-3.7,132.5));
#1731 = SURFACE_CURVE('',#1732,(#1737,#1747),.PCURVE_S1.);
#1732 = HYPERBOLA('',#1733,130.44137931034,19.3);
#1733 = AXIS2_PLACEMENT_3D('',#1734,#1735,#1736);
#1734 = CARTESIAN_POINT('',(0.,-3.7,-73.86206896551));
#1735 = DIRECTION('',(0.,1.,0.));
#1736 = DIRECTION('',(0.,-0.,1.));
#1737 = PCURVE('',#394,#1738);
#1738 = DEFINITIONAL_REPRESENTATION('',(#1739),#1746);
#1739 = B_SPLINE_CURVE_WITH_KNOTS('',5,(#1740,#1741,#1742,#1743,#1744,
    #1745),.UNSPECIFIED.,.F.,.F.,(6,6),(1.008952795472,1.060314689846),
  .PIECEWISE_BEZIER_KNOTS.);
#1740 = CARTESIAN_POINT('',(0.699244713402,16.8));
#1741 = CARTESIAN_POINT('',(0.692633001225,18.393277447948));
#1742 = CARTESIAN_POINT('',(0.686086263541,20.013286470496));
#1743 = CARTESIAN_POINT('',(0.679604251131,21.660377329761));
#1744 = CARTESIAN_POINT('',(0.673186672369,23.33491203766));
#1745 = CARTESIAN_POINT('',(0.66683319915,25.037264833593));
#1746 = ( GEOMETRIC_REPRESENTATION_CONTEXT(2) 
PARAMETRIC_REPRESENTATION_CONTEXT() REPRESENTATION_CONTEXT('2D SPACE',''
  ) );
#1747 = PCURVE('',#1748,#1753);
#1748 = PLANE('',#1749);
#1749 = AXIS2_PLACEMENT_3D('',#1750,#1751,#1752);
#1750 = CARTESIAN_POINT('',(21.,-3.7,132.5));
#1751 = DIRECTION('',(0.,1.,0.));
#1752 = DIRECTION('',(0.,-0.,1.));
#1753 = DEFINITIONAL_REPRESENTATION('',(#1754),#1758);
#1754 = HYPERBOLA('',#1755,130.44137931034,19.3);
#1755 = AXIS2_PLACEMENT_2D('',#1756,#1757);
#1756 = CARTESIAN_POINT('',(-206.3620689655,-21.));
#1757 = DIRECTION('',(1.,0.));
#1758 = ( GEOMETRIC_REPRESENTATION_CONTEXT(2) 
PARAMETRIC_REPRESENTATION_CONTEXT() REPRESENTATION_CONTEXT('2D SPACE',''
  ) );
#1759 = ORIENTED_EDGE('',*,*,#1760,.F.);
#1760 = EDGE_CURVE('',#1702,#1729,#1761,.T.);
#1761 = SURFACE_CURVE('',#1762,(#1767,#1774),.PCURVE_S1.);
#1762 = CIRCLE('',#1763,30.533163265306);
#1763 = AXIS2_PLACEMENT_3D('',#1764,#1765,#1766);
#1764 = CARTESIAN_POINT('',(0.,-23.,132.5));
#1765 = DIRECTION('',(0.,0.,1.));
#1766 = DIRECTION('',(1.,0.,-0.));
#1767 = PCURVE('',#394,#1768);
#1768 = DEFINITIONAL_REPRESENTATION('',(#1769),#1773);
#1769 = LINE('',#1770,#1771);
#1770 = CARTESIAN_POINT('',(0.,20.5));
#1771 = VECTOR('',#1772,1.);
#1772 = DIRECTION('',(1.,0.));
#1773 = ( GEOMETRIC_REPRESENTATION_CONTEXT(2) 
PARAMETRIC_REPRESENTATION_CONTEXT() REPRESENTATION_CONTEXT('2D SPACE',''
  ) );
#1774 = PCURVE('',#1655,#1775);
#1775 = DEFINITIONAL_REPRESENTATION('',(#1776),#1780);
#1776 = CIRCLE('',#1777,30.533163265306);
#1777 = AXIS2_PLACEMENT_2D('',#1778,#1779);
#1778 = CARTESIAN_POINT('',(-21.,19.3));
#1779 = DIRECTION('',(1.,0.));
#1780 = ( GEOMETRIC_REPRESENTATION_CONTEXT(2) 
PARAMETRIC_REPRESENTATION_CONTEXT() REPRESENTATION_CONTEXT('2D SPACE',''
  ) );
#1781 = ADVANCED_FACE('',(#1782,#1813),#561,.T.);
#1782 = FACE_BOUND('',#1783,.T.);
#1783 = EDGE_LOOP('',(#1784));
#1784 = ORIENTED_EDGE('',*,*,#1785,.T.);
#1785 = EDGE_CURVE('',#1786,#1786,#1788,.T.);
#1786 = VERTEX_POINT('',#1787);
#1787 = CARTESIAN_POINT('',(3.2,-37.5,50.1));
#1788 = SURFACE_CURVE('',#1789,(#1794,#1801),.PCURVE_S1.);
#1789 = CIRCLE('',#1790,3.2);
#1790 = AXIS2_PLACEMENT_3D('',#1791,#1792,#1793);
#1791 = CARTESIAN_POINT('',(-2.663606788145E-15,-37.5,50.1));
#1792 = DIRECTION('',(0.,0.,1.));
#1793 = DIRECTION('',(1.,0.,-0.));
#1794 = PCURVE('',#561,#1795);
#1795 = DEFINITIONAL_REPRESENTATION('',(#1796),#1800);
#1796 = CIRCLE('',#1797,3.2);
#1797 = AXIS2_PLACEMENT_2D('',#1798,#1799);
#1798 = CARTESIAN_POINT('',(1.14005981076E-16,0.));
#1799 = DIRECTION('',(1.,0.));
#1800 = ( GEOMETRIC_REPRESENTATION_CONTEXT(2) 
PARAMETRIC_REPRESENTATION_CONTEXT() REPRESENTATION_CONTEXT('2D SPACE',''
  ) );
#1801 = PCURVE('',#1802,#1807);
#1802 = CYLINDRICAL_SURFACE('',#1803,3.2);
#1803 = AXIS2_PLACEMENT_3D('',#1804,#1805,#1806);
#1804 = CARTESIAN_POINT('',(-2.663606788145E-15,-37.5,50.1));
#1805 = DIRECTION('',(-0.,-0.,-1.));
#1806 = DIRECTION('',(1.,0.,0.));
#1807 = DEFINITIONAL_REPRESENTATION('',(#1808),#1812);
#1808 = LINE('',#1809,#1810);
#1809 = CARTESIAN_POINT('',(6.28318530718,0.));
#1810 = VECTOR('',#1811,1.);
#1811 = DIRECTION('',(-1.,0.));
#1812 = ( GEOMETRIC_REPRESENTATION_CONTEXT(2) 
PARAMETRIC_REPRESENTATION_CONTEXT() REPRESENTATION_CONTEXT('2D SPACE',''
  ) );
#1813 = FACE_BOUND('',#1814,.T.);
#1814 = EDGE_LOOP('',(#1815));
#1815 = ORIENTED_EDGE('',*,*,#544,.T.);
#1816 = ADVANCED_FACE('',(#1817,#1848),#620,.T.);
#1817 = FACE_BOUND('',#1818,.T.);
#1818 = EDGE_LOOP('',(#1819));
#1819 = ORIENTED_EDGE('',*,*,#1820,.T.);
#1820 = EDGE_CURVE('',#1821,#1821,#1823,.T.);
#1821 = VERTEX_POINT('',#1822);
#1822 = CARTESIAN_POINT('',(15.757368354874,-15.75,50.1));
#1823 = SURFACE_CURVE('',#1824,(#1829,#1836),.PCURVE_S1.);
#1824 = CIRCLE('',#1825,3.2);
#1825 = AXIS2_PLACEMENT_3D('',#1826,#1827,#1828);
#1826 = CARTESIAN_POINT('',(12.557368354874,-15.75,50.1));
#1827 = DIRECTION('',(0.,0.,1.));
#1828 = DIRECTION('',(1.,0.,-0.));
#1829 = PCURVE('',#620,#1830);
#1830 = DEFINITIONAL_REPRESENTATION('',(#1831),#1835);
#1831 = CIRCLE('',#1832,3.2);
#1832 = AXIS2_PLACEMENT_2D('',#1833,#1834);
#1833 = CARTESIAN_POINT('',(0.,0.));
#1834 = DIRECTION('',(1.,0.));
#1835 = ( GEOMETRIC_REPRESENTATION_CONTEXT(2) 
PARAMETRIC_REPRESENTATION_CONTEXT() REPRESENTATION_CONTEXT('2D SPACE',''
  ) );
#1836 = PCURVE('',#1837,#1842);
#1837 = CYLINDRICAL_SURFACE('',#1838,3.2);
#1838 = AXIS2_PLACEMENT_3D('',#1839,#1840,#1841);
#1839 = CARTESIAN_POINT('',(12.557368354874,-15.75,50.1));
#1840 = DIRECTION('',(-0.,-0.,-1.));
#1841 = DIRECTION('',(1.,0.,0.));
#1842 = DEFINITIONAL_REPRESENTATION('',(#1843),#1847);
#1843 = LINE('',#1844,#1845);
#1844 = CARTESIAN_POINT('',(6.28318530718,0.));
#1845 = VECTOR('',#1846,1.);
#1846 = DIRECTION('',(-1.,0.));
#1847 = ( GEOMETRIC_REPRESENTATION_CONTEXT(2) 
PARAMETRIC_REPRESENTATION_CONTEXT() REPRESENTATION_CONTEXT('2D SPACE',''
  ) );
#1848 = FACE_BOUND('',#1849,.T.);
#1849 = EDGE_LOOP('',(#1850));
#1850 = ORIENTED_EDGE('',*,*,#603,.T.);
#1851 = ADVANCED_FACE('',(#1852,#1878,#1908,#1938,#1941),#700,.T.);
#1852 = FACE_BOUND('',#1853,.F.);
#1853 = EDGE_LOOP('',(#1854));
#1854 = ORIENTED_EDGE('',*,*,#1855,.F.);
#1855 = EDGE_CURVE('',#1856,#1856,#1858,.T.);
#1856 = VERTEX_POINT('',#1857);
#1857 = CARTESIAN_POINT('',(24.5,-23.,53.3));
#1858 = SURFACE_CURVE('',#1859,(#1864,#1871),.PCURVE_S1.);
#1859 = CIRCLE('',#1860,24.5);
#1860 = AXIS2_PLACEMENT_3D('',#1861,#1862,#1863);
#1861 = CARTESIAN_POINT('',(0.,-23.,53.3));
#1862 = DIRECTION('',(0.,0.,1.));
#1863 = DIRECTION('',(1.,0.,-0.));
#1864 = PCURVE('',#700,#1865);
#1865 = DEFINITIONAL_REPRESENTATION('',(#1866),#1870);
#1866 = CIRCLE('',#1867,24.5);
#1867 = AXIS2_PLACEMENT_2D('',#1868,#1869);
#1868 = CARTESIAN_POINT('',(0.,0.));
#1869 = DIRECTION('',(1.,0.));
#1870 = ( GEOMETRIC_REPRESENTATION_CONTEXT(2) 
PARAMETRIC_REPRESENTATION_CONTEXT() REPRESENTATION_CONTEXT('2D SPACE',''
  ) );
#1871 = PCURVE('',#868,#1872);
#1872 = DEFINITIONAL_REPRESENTATION('',(#1873),#1877);
#1873 = LINE('',#1874,#1875);
#1874 = CARTESIAN_POINT('',(0.,0.));
#1875 = VECTOR('',#1876,1.);
#1876 = DIRECTION('',(1.,0.));
#1877 = ( GEOMETRIC_REPRESENTATION_CONTEXT(2) 
PARAMETRIC_REPRESENTATION_CONTEXT() REPRESENTATION_CONTEXT('2D SPACE',''
  ) );
#1878 = FACE_BOUND('',#1879,.F.);
#1879 = EDGE_LOOP('',(#1880));
#1880 = ORIENTED_EDGE('',*,*,#1881,.F.);
#1881 = EDGE_CURVE('',#1882,#1882,#1884,.T.);
#1882 = VERTEX_POINT('',#1883);
#1883 = CARTESIAN_POINT('',(3.2,-37.5,53.3));
#1884 = SURFACE_CURVE('',#1885,(#1890,#1901),.PCURVE_S1.);
#1885 = CIRCLE('',#1886,3.2);
#1886 = AXIS2_PLACEMENT_3D('',#1887,#1888,#1889);
#1887 = CARTESIAN_POINT('',(-2.663606788145E-15,-37.5,53.3));
#1888 = DIRECTION('',(0.,0.,-1.));
#1889 = DIRECTION('',(1.,0.,0.));
#1890 = PCURVE('',#700,#1891);
#1891 = DEFINITIONAL_REPRESENTATION('',(#1892),#1900);
#1892 = ( BOUNDED_CURVE() B_SPLINE_CURVE(2,(#1893,#1894,#1895,#1896,
#1897,#1898,#1899),.UNSPECIFIED.,.T.,.F.) B_SPLINE_CURVE_WITH_KNOTS((1,2
    ,2,2,2,1),(-2.094395102393,0.,2.094395102393,4.188790204786,
6.28318530718,8.377580409573),.UNSPECIFIED.) CURVE() 
GEOMETRIC_REPRESENTATION_ITEM() RATIONAL_B_SPLINE_CURVE((1.,0.5,1.,0.5,
1.,0.5,1.)) REPRESENTATION_ITEM('') );
#1893 = CARTESIAN_POINT('',(3.2,-14.5));
#1894 = CARTESIAN_POINT('',(3.2,-20.04256258422));
#1895 = CARTESIAN_POINT('',(-1.6,-17.27128129211));
#1896 = CARTESIAN_POINT('',(-6.4,-14.5));
#1897 = CARTESIAN_POINT('',(-1.6,-11.72871870789));
#1898 = CARTESIAN_POINT('',(3.2,-8.95743741578));
#1899 = CARTESIAN_POINT('',(3.2,-14.5));
#1900 = ( GEOMETRIC_REPRESENTATION_CONTEXT(2) 
PARAMETRIC_REPRESENTATION_CONTEXT() REPRESENTATION_CONTEXT('2D SPACE',''
  ) );
#1901 = PCURVE('',#1802,#1902);
#1902 = DEFINITIONAL_REPRESENTATION('',(#1903),#1907);
#1903 = LINE('',#1904,#1905);
#1904 = CARTESIAN_POINT('',(-4.138911435803E-13,-3.2));
#1905 = VECTOR('',#1906,1.);
#1906 = DIRECTION('',(1.,-0.));
#1907 = ( GEOMETRIC_REPRESENTATION_CONTEXT(2) 
PARAMETRIC_REPRESENTATION_CONTEXT() REPRESENTATION_CONTEXT('2D SPACE',''
  ) );
#1908 = FACE_BOUND('',#1909,.F.);
#1909 = EDGE_LOOP('',(#1910));
#1910 = ORIENTED_EDGE('',*,*,#1911,.F.);
#1911 = EDGE_CURVE('',#1912,#1912,#1914,.T.);
#1912 = VERTEX_POINT('',#1913);
#1913 = CARTESIAN_POINT('',(15.757368354874,-15.75,53.3));
#1914 = SURFACE_CURVE('',#1915,(#1920,#1931),.PCURVE_S1.);
#1915 = CIRCLE('',#1916,3.2);
#1916 = AXIS2_PLACEMENT_3D('',#1917,#1918,#1919);
#1917 = CARTESIAN_POINT('',(12.557368354874,-15.75,53.3));
#1918 = DIRECTION('',(0.,0.,-1.));
#1919 = DIRECTION('',(1.,0.,0.));
#1920 = PCURVE('',#700,#1921);
#1921 = DEFINITIONAL_REPRESENTATION('',(#1922),#1930);
#1922 = ( BOUNDED_CURVE() B_SPLINE_CURVE(2,(#1923,#1924,#1925,#1926,
#1927,#1928,#1929),.UNSPECIFIED.,.T.,.F.) B_SPLINE_CURVE_WITH_KNOTS((1,2
    ,2,2,2,1),(-2.094395102393,0.,2.094395102393,4.188790204786,
6.28318530718,8.377580409573),.UNSPECIFIED.) CURVE() 
GEOMETRIC_REPRESENTATION_ITEM() RATIONAL_B_SPLINE_CURVE((1.,0.5,1.,0.5,
1.,0.5,1.)) REPRESENTATION_ITEM('') );
#1923 = CARTESIAN_POINT('',(15.757368354874,7.25));
#1924 = CARTESIAN_POINT('',(15.757368354874,1.70743741578));
#1925 = CARTESIAN_POINT('',(10.957368354874,4.47871870789));
#1926 = CARTESIAN_POINT('',(6.157368354874,7.25));
#1927 = CARTESIAN_POINT('',(10.957368354874,10.02128129211));
#1928 = CARTESIAN_POINT('',(15.757368354874,12.79256258422));
#1929 = CARTESIAN_POINT('',(15.757368354874,7.25));
#1930 = ( GEOMETRIC_REPRESENTATION_CONTEXT(2) 
PARAMETRIC_REPRESENTATION_CONTEXT() REPRESENTATION_CONTEXT('2D SPACE',''
  ) );
#1931 = PCURVE('',#1837,#1932);
#1932 = DEFINITIONAL_REPRESENTATION('',(#1933),#1937);
#1933 = LINE('',#1934,#1935);
#1934 = CARTESIAN_POINT('',(-4.138911435803E-13,-3.2));
#1935 = VECTOR('',#1936,1.);
#1936 = DIRECTION('',(1.,-0.));
#1937 = ( GEOMETRIC_REPRESENTATION_CONTEXT(2) 
PARAMETRIC_REPRESENTATION_CONTEXT() REPRESENTATION_CONTEXT('2D SPACE',''
  ) );
#1938 = FACE_BOUND('',#1939,.F.);
#1939 = EDGE_LOOP('',(#1940));
#1940 = ORIENTED_EDGE('',*,*,#685,.F.);
#1941 = FACE_BOUND('',#1942,.F.);
#1942 = EDGE_LOOP('',(#1943));
#1943 = ORIENTED_EDGE('',*,*,#1944,.F.);
#1944 = EDGE_CURVE('',#1945,#1945,#1947,.T.);
#1945 = VERTEX_POINT('',#1946);
#1946 = CARTESIAN_POINT('',(-9.357368354874,-15.75,53.3));
#1947 = SURFACE_CURVE('',#1948,(#1953,#1964),.PCURVE_S1.);
#1948 = CIRCLE('',#1949,3.2);
#1949 = AXIS2_PLACEMENT_3D('',#1950,#1951,#1952);
#1950 = CARTESIAN_POINT('',(-12.55736835487,-15.75,53.3));
#1951 = DIRECTION('',(0.,0.,-1.));
#1952 = DIRECTION('',(1.,0.,0.));
#1953 = PCURVE('',#700,#1954);
#1954 = DEFINITIONAL_REPRESENTATION('',(#1955),#1963);
#1955 = ( BOUNDED_CURVE() B_SPLINE_CURVE(2,(#1956,#1957,#1958,#1959,
#1960,#1961,#1962),.UNSPECIFIED.,.T.,.F.) B_SPLINE_CURVE_WITH_KNOTS((1,2
    ,2,2,2,1),(-2.094395102393,0.,2.094395102393,4.188790204786,
6.28318530718,8.377580409573),.UNSPECIFIED.) CURVE() 
GEOMETRIC_REPRESENTATION_ITEM() RATIONAL_B_SPLINE_CURVE((1.,0.5,1.,0.5,
1.,0.5,1.)) REPRESENTATION_ITEM('') );
#1956 = CARTESIAN_POINT('',(-9.35736835487,7.25));
#1957 = CARTESIAN_POINT('',(-9.35736835487,1.70743741578));
#1958 = CARTESIAN_POINT('',(-14.15736835487,4.47871870789));
#1959 = CARTESIAN_POINT('',(-18.95736835487,7.25));
#1960 = CARTESIAN_POINT('',(-14.15736835487,10.02128129211));
#1961 = CARTESIAN_POINT('',(-9.35736835487,12.79256258422));
#1962 = CARTESIAN_POINT('',(-9.35736835487,7.25));
#1963 = ( GEOMETRIC_REPRESENTATION_CONTEXT(2) 
PARAMETRIC_REPRESENTATION_CONTEXT() REPRESENTATION_CONTEXT('2D SPACE',''
  ) );
#1964 = PCURVE('',#1965,#1970);
#1965 = CYLINDRICAL_SURFACE('',#1966,3.2);
#1966 = AXIS2_PLACEMENT_3D('',#1967,#1968,#1969);
#1967 = CARTESIAN_POINT('',(-12.55736835487,-15.75,50.1));
#1968 = DIRECTION('',(-0.,-0.,-1.));
#1969 = DIRECTION('',(1.,0.,0.));
#1970 = DEFINITIONAL_REPRESENTATION('',(#1971),#1975);
#1971 = LINE('',#1972,#1973);
#1972 = CARTESIAN_POINT('',(-4.138911435803E-13,-3.2));
#1973 = VECTOR('',#1974,1.);
#1974 = DIRECTION('',(1.,-0.));
#1975 = ( GEOMETRIC_REPRESENTATION_CONTEXT(2) 
PARAMETRIC_REPRESENTATION_CONTEXT() REPRESENTATION_CONTEXT('2D SPACE',''
  ) );
#1976 = ADVANCED_FACE('',(#1977,#2003),#738,.T.);
#1977 = FACE_BOUND('',#1978,.T.);
#1978 = EDGE_LOOP('',(#1979));
#1979 = ORIENTED_EDGE('',*,*,#1980,.T.);
#1980 = EDGE_CURVE('',#1981,#1981,#1983,.T.);
#1981 = VERTEX_POINT('',#1982);
#1982 = CARTESIAN_POINT('',(-9.357368354874,-15.75,50.1));
#1983 = SURFACE_CURVE('',#1984,(#1989,#1996),.PCURVE_S1.);
#1984 = CIRCLE('',#1985,3.2);
#1985 = AXIS2_PLACEMENT_3D('',#1986,#1987,#1988);
#1986 = CARTESIAN_POINT('',(-12.55736835487,-15.75,50.1));
#1987 = DIRECTION('',(0.,0.,1.));
#1988 = DIRECTION('',(1.,0.,-0.));
#1989 = PCURVE('',#738,#1990);
#1990 = DEFINITIONAL_REPRESENTATION('',(#1991),#1995);
#1991 = CIRCLE('',#1992,3.2);
#1992 = AXIS2_PLACEMENT_2D('',#1993,#1994);
#1993 = CARTESIAN_POINT('',(0.,0.));
#1994 = DIRECTION('',(1.,0.));
#1995 = ( GEOMETRIC_REPRESENTATION_CONTEXT(2) 
PARAMETRIC_REPRESENTATION_CONTEXT() REPRESENTATION_CONTEXT('2D SPACE',''
  ) );
#1996 = PCURVE('',#1965,#1997);
#1997 = DEFINITIONAL_REPRESENTATION('',(#1998),#2002);
#1998 = LINE('',#1999,#2000);
#1999 = CARTESIAN_POINT('',(6.28318530718,0.));
#2000 = VECTOR('',#2001,1.);
#2001 = DIRECTION('',(-1.,0.));
#2002 = ( GEOMETRIC_REPRESENTATION_CONTEXT(2) 
PARAMETRIC_REPRESENTATION_CONTEXT() REPRESENTATION_CONTEXT('2D SPACE',''
  ) );
#2003 = FACE_BOUND('',#2004,.T.);
#2004 = EDGE_LOOP('',(#2005));
#2005 = ORIENTED_EDGE('',*,*,#721,.T.);
#2006 = ADVANCED_FACE('',(#2007),#868,.F.);
#2007 = FACE_BOUND('',#2008,.F.);
#2008 = EDGE_LOOP('',(#2009,#2030,#2031,#2032,#2033,#2056,#2083,#2084,
    #2085));
#2009 = ORIENTED_EDGE('',*,*,#2010,.F.);
#2010 = EDGE_CURVE('',#1856,#783,#2011,.T.);
#2011 = SEAM_CURVE('',#2012,(#2016,#2023),.PCURVE_S1.);
#2012 = LINE('',#2013,#2014);
#2013 = CARTESIAN_POINT('',(24.5,-23.,53.3));
#2014 = VECTOR('',#2015,1.);
#2015 = DIRECTION('',(0.,0.,1.));
#2016 = PCURVE('',#868,#2017);
#2017 = DEFINITIONAL_REPRESENTATION('',(#2018),#2022);
#2018 = LINE('',#2019,#2020);
#2019 = CARTESIAN_POINT('',(0.,0.));
#2020 = VECTOR('',#2021,1.);
#2021 = DIRECTION('',(0.,1.));
#2022 = ( GEOMETRIC_REPRESENTATION_CONTEXT(2) 
PARAMETRIC_REPRESENTATION_CONTEXT() REPRESENTATION_CONTEXT('2D SPACE',''
  ) );
#2023 = PCURVE('',#868,#2024);
#2024 = DEFINITIONAL_REPRESENTATION('',(#2025),#2029);
#2025 = LINE('',#2026,#2027);
#2026 = CARTESIAN_POINT('',(6.28318530718,0.));
#2027 = VECTOR('',#2028,1.);
#2028 = DIRECTION('',(0.,1.));
#2029 = ( GEOMETRIC_REPRESENTATION_CONTEXT(2) 
PARAMETRIC_REPRESENTATION_CONTEXT() REPRESENTATION_CONTEXT('2D SPACE',''
  ) );
#2030 = ORIENTED_EDGE('',*,*,#1855,.T.);
#2031 = ORIENTED_EDGE('',*,*,#2010,.T.);
#2032 = ORIENTED_EDGE('',*,*,#780,.F.);
#2033 = ORIENTED_EDGE('',*,*,#2034,.T.);
#2034 = EDGE_CURVE('',#781,#2035,#2037,.T.);
#2035 = VERTEX_POINT('',#2036);
#2036 = CARTESIAN_POINT('',(24.5,-23.,112.));
#2037 = SEAM_CURVE('',#2038,(#2042,#2049),.PCURVE_S1.);
#2038 = LINE('',#2039,#2040);
#2039 = CARTESIAN_POINT('',(24.5,-23.,53.3));
#2040 = VECTOR('',#2041,1.);
#2041 = DIRECTION('',(0.,0.,1.));
#2042 = PCURVE('',#868,#2043);
#2043 = DEFINITIONAL_REPRESENTATION('',(#2044),#2048);
#2044 = LINE('',#2045,#2046);
#2045 = CARTESIAN_POINT('',(6.28318530718,0.));
#2046 = VECTOR('',#2047,1.);
#2047 = DIRECTION('',(0.,1.));
#2048 = ( GEOMETRIC_REPRESENTATION_CONTEXT(2) 
PARAMETRIC_REPRESENTATION_CONTEXT() REPRESENTATION_CONTEXT('2D SPACE',''
  ) );
#2049 = PCURVE('',#868,#2050);
#2050 = DEFINITIONAL_REPRESENTATION('',(#2051),#2055);
#2051 = LINE('',#2052,#2053);
#2052 = CARTESIAN_POINT('',(4.138911435803E-13,0.));
#2053 = VECTOR('',#2054,1.);
#2054 = DIRECTION('',(0.,1.));
#2055 = ( GEOMETRIC_REPRESENTATION_CONTEXT(2) 
PARAMETRIC_REPRESENTATION_CONTEXT() REPRESENTATION_CONTEXT('2D SPACE',''
  ) );
#2056 = ORIENTED_EDGE('',*,*,#2057,.F.);
#2057 = EDGE_CURVE('',#2035,#2035,#2058,.T.);
#2058 = SURFACE_CURVE('',#2059,(#2064,#2071),.PCURVE_S1.);
#2059 = CIRCLE('',#2060,24.5);
#2060 = AXIS2_PLACEMENT_3D('',#2061,#2062,#2063);
#2061 = CARTESIAN_POINT('',(0.,-23.,112.));
#2062 = DIRECTION('',(0.,0.,1.));
#2063 = DIRECTION('',(1.,0.,-0.));
#2064 = PCURVE('',#868,#2065);
#2065 = DEFINITIONAL_REPRESENTATION('',(#2066),#2070);
#2066 = LINE('',#2067,#2068);
#2067 = CARTESIAN_POINT('',(0.,58.7));
#2068 = VECTOR('',#2069,1.);
#2069 = DIRECTION('',(1.,0.));
#2070 = ( GEOMETRIC_REPRESENTATION_CONTEXT(2) 
PARAMETRIC_REPRESENTATION_CONTEXT() REPRESENTATION_CONTEXT('2D SPACE',''
  ) );
#2071 = PCURVE('',#2072,#2077);
#2072 = CONICAL_SURFACE('',#2073,24.5,0.146893444148);
#2073 = AXIS2_PLACEMENT_3D('',#2074,#2075,#2076);
#2074 = CARTESIAN_POINT('',(0.,-23.,112.));
#2075 = DIRECTION('',(0.,0.,1.));
#2076 = DIRECTION('',(1.,0.,-0.));
#2077 = DEFINITIONAL_REPRESENTATION('',(#2078),#2082);
#2078 = LINE('',#2079,#2080);
#2079 = CARTESIAN_POINT('',(0.,0.));
#2080 = VECTOR('',#2081,1.);
#2081 = DIRECTION('',(1.,0.));
#2082 = ( GEOMETRIC_REPRESENTATION_CONTEXT(2) 
PARAMETRIC_REPRESENTATION_CONTEXT() REPRESENTATION_CONTEXT('2D SPACE',''
  ) );
#2083 = ORIENTED_EDGE('',*,*,#2034,.F.);
#2084 = ORIENTED_EDGE('',*,*,#1002,.F.);
#2085 = ORIENTED_EDGE('',*,*,#915,.F.);
#2086 = ADVANCED_FACE('',(#2087,#2090),#1094,.T.);
#2087 = FACE_BOUND('',#2088,.T.);
#2088 = EDGE_LOOP('',(#2089));
#2089 = ORIENTED_EDGE('',*,*,#1077,.T.);
#2090 = FACE_BOUND('',#2091,.T.);
#2091 = EDGE_LOOP('',(#2092));
#2092 = ORIENTED_EDGE('',*,*,#2093,.F.);
#2093 = EDGE_CURVE('',#2094,#2094,#2096,.T.);
#2094 = VERTEX_POINT('',#2095);
#2095 = CARTESIAN_POINT('',(39.,-23.,210.));
#2096 = SURFACE_CURVE('',#2097,(#2102,#2109),.PCURVE_S1.);
#2097 = CIRCLE('',#2098,39.);
#2098 = AXIS2_PLACEMENT_3D('',#2099,#2100,#2101);
#2099 = CARTESIAN_POINT('',(0.,-23.,210.));
#2100 = DIRECTION('',(0.,0.,1.));
#2101 = DIRECTION('',(1.,0.,-0.));
#2102 = PCURVE('',#1094,#2103);
#2103 = DEFINITIONAL_REPRESENTATION('',(#2104),#2108);
#2104 = CIRCLE('',#2105,39.);
#2105 = AXIS2_PLACEMENT_2D('',#2106,#2107);
#2106 = CARTESIAN_POINT('',(0.,0.));
#2107 = DIRECTION('',(1.,0.));
#2108 = ( GEOMETRIC_REPRESENTATION_CONTEXT(2) 
PARAMETRIC_REPRESENTATION_CONTEXT() REPRESENTATION_CONTEXT('2D SPACE',''
  ) );
#2109 = PCURVE('',#2072,#2110);
#2110 = DEFINITIONAL_REPRESENTATION('',(#2111),#2115);
#2111 = LINE('',#2112,#2113);
#2112 = CARTESIAN_POINT('',(0.,98.));
#2113 = VECTOR('',#2114,1.);
#2114 = DIRECTION('',(1.,0.));
#2115 = ( GEOMETRIC_REPRESENTATION_CONTEXT(2) 
PARAMETRIC_REPRESENTATION_CONTEXT() REPRESENTATION_CONTEXT('2D SPACE',''
  ) );
#2116 = ADVANCED_FACE('',(#2117),#1193,.F.);
#2117 = FACE_BOUND('',#2118,.F.);
#2118 = EDGE_LOOP('',(#2119,#2142,#2143,#2144,#2145,#2146));
#2119 = ORIENTED_EDGE('',*,*,#2120,.T.);
#2120 = EDGE_CURVE('',#2121,#1130,#2123,.T.);
#2121 = VERTEX_POINT('',#2122);
#2122 = CARTESIAN_POINT('',(24.2,-19.,151.));
#2123 = SEAM_CURVE('',#2124,(#2128,#2135),.PCURVE_S1.);
#2124 = LINE('',#2125,#2126);
#2125 = CARTESIAN_POINT('',(15.,-19.,151.));
#2126 = VECTOR('',#2127,1.);
#2127 = DIRECTION('',(1.,0.,0.));
#2128 = PCURVE('',#1193,#2129);
#2129 = DEFINITIONAL_REPRESENTATION('',(#2130),#2134);
#2130 = LINE('',#2131,#2132);
#2131 = CARTESIAN_POINT('',(-4.138911435803E-13,0.));
#2132 = VECTOR('',#2133,1.);
#2133 = DIRECTION('',(-0.,-1.));
#2134 = ( GEOMETRIC_REPRESENTATION_CONTEXT(2) 
PARAMETRIC_REPRESENTATION_CONTEXT() REPRESENTATION_CONTEXT('2D SPACE',''
  ) );
#2135 = PCURVE('',#1193,#2136);
#2136 = DEFINITIONAL_REPRESENTATION('',(#2137),#2141);
#2137 = LINE('',#2138,#2139);
#2138 = CARTESIAN_POINT('',(6.28318530718,0.));
#2139 = VECTOR('',#2140,1.);
#2140 = DIRECTION('',(-0.,-1.));
#2141 = ( GEOMETRIC_REPRESENTATION_CONTEXT(2) 
PARAMETRIC_REPRESENTATION_CONTEXT() REPRESENTATION_CONTEXT('2D SPACE',''
  ) );
#2142 = ORIENTED_EDGE('',*,*,#1229,.F.);
#2143 = ORIENTED_EDGE('',*,*,#1403,.F.);
#2144 = ORIENTED_EDGE('',*,*,#1129,.F.);
#2145 = ORIENTED_EDGE('',*,*,#2120,.F.);
#2146 = ORIENTED_EDGE('',*,*,#2147,.F.);
#2147 = EDGE_CURVE('',#2121,#2121,#2148,.T.);
#2148 = SURFACE_CURVE('',#2149,(#2154,#2161),.PCURVE_S1.);
#2149 = CIRCLE('',#2150,4.);
#2150 = AXIS2_PLACEMENT_3D('',#2151,#2152,#2153);
#2151 = CARTESIAN_POINT('',(24.2,-23.,151.));
#2152 = DIRECTION('',(-1.,0.,0.));
#2153 = DIRECTION('',(0.,1.,0.));
#2154 = PCURVE('',#1193,#2155);
#2155 = DEFINITIONAL_REPRESENTATION('',(#2156),#2160);
#2156 = LINE('',#2157,#2158);
#2157 = CARTESIAN_POINT('',(-4.138911435803E-13,-9.2));
#2158 = VECTOR('',#2159,1.);
#2159 = DIRECTION('',(1.,-0.));
#2160 = ( GEOMETRIC_REPRESENTATION_CONTEXT(2) 
PARAMETRIC_REPRESENTATION_CONTEXT() REPRESENTATION_CONTEXT('2D SPACE',''
  ) );
#2161 = PCURVE('',#1626,#2162);
#2162 = DEFINITIONAL_REPRESENTATION('',(#2163),#2171);
#2163 = ( BOUNDED_CURVE() B_SPLINE_CURVE(2,(#2164,#2165,#2166,#2167,
#2168,#2169,#2170),.UNSPECIFIED.,.T.,.F.) B_SPLINE_CURVE_WITH_KNOTS((1,2
    ,2,2,2,1),(-2.094395102393,0.,2.094395102393,4.188790204786,
6.28318530718,8.377580409573),.UNSPECIFIED.) CURVE() 
GEOMETRIC_REPRESENTATION_ITEM() RATIONAL_B_SPLINE_CURVE((1.,0.5,1.,0.5,
1.,0.5,1.)) REPRESENTATION_ITEM('') );
#2164 = CARTESIAN_POINT('',(18.5,-23.3));
#2165 = CARTESIAN_POINT('',(11.571796769724,-23.3));
#2166 = CARTESIAN_POINT('',(15.035898384862,-17.3));
#2167 = CARTESIAN_POINT('',(18.5,-11.3));
#2168 = CARTESIAN_POINT('',(21.964101615138,-17.3));
#2169 = CARTESIAN_POINT('',(25.428203230276,-23.3));
#2170 = CARTESIAN_POINT('',(18.5,-23.3));
#2171 = ( GEOMETRIC_REPRESENTATION_CONTEXT(2) 
PARAMETRIC_REPRESENTATION_CONTEXT() REPRESENTATION_CONTEXT('2D SPACE',''
  ) );
#2172 = ADVANCED_FACE('',(#2173,#2270),#1626,.F.);
#2173 = FACE_BOUND('',#2174,.F.);
#2174 = EDGE_LOOP('',(#2175,#2198,#2199,#2220,#2221,#2244));
#2175 = ORIENTED_EDGE('',*,*,#2176,.F.);
#2176 = EDGE_CURVE('',#1607,#2177,#2179,.T.);
#2177 = VERTEX_POINT('',#2178);
#2178 = CARTESIAN_POINT('',(24.2,-42.3,169.5));
#2179 = SURFACE_CURVE('',#2180,(#2184,#2191),.PCURVE_S1.);
#2180 = LINE('',#2181,#2182);
#2181 = CARTESIAN_POINT('',(24.2,-42.3,132.5));
#2182 = VECTOR('',#2183,1.);
#2183 = DIRECTION('',(0.,0.,1.));
#2184 = PCURVE('',#1626,#2185);
#2185 = DEFINITIONAL_REPRESENTATION('',(#2186),#2190);
#2186 = LINE('',#2187,#2188);
#2187 = CARTESIAN_POINT('',(0.,0.));
#2188 = VECTOR('',#2189,1.);
#2189 = DIRECTION('',(1.,0.));
#2190 = ( GEOMETRIC_REPRESENTATION_CONTEXT(2) 
PARAMETRIC_REPRESENTATION_CONTEXT() REPRESENTATION_CONTEXT('2D SPACE',''
  ) );
#2191 = PCURVE('',#1685,#2192);
#2192 = DEFINITIONAL_REPRESENTATION('',(#2193),#2197);
#2193 = LINE('',#2194,#2195);
#2194 = CARTESIAN_POINT('',(0.,3.2));
#2195 = VECTOR('',#2196,1.);
#2196 = DIRECTION('',(1.,0.));
#2197 = ( GEOMETRIC_REPRESENTATION_CONTEXT(2) 
PARAMETRIC_REPRESENTATION_CONTEXT() REPRESENTATION_CONTEXT('2D SPACE',''
  ) );
#2198 = ORIENTED_EDGE('',*,*,#1604,.F.);
#2199 = ORIENTED_EDGE('',*,*,#2200,.T.);
#2200 = EDGE_CURVE('',#1605,#1702,#2201,.T.);
#2201 = SURFACE_CURVE('',#2202,(#2206,#2213),.PCURVE_S1.);
#2202 = LINE('',#2203,#2204);
#2203 = CARTESIAN_POINT('',(24.2,-42.3,132.5));
#2204 = VECTOR('',#2205,1.);
#2205 = DIRECTION('',(0.,1.,0.));
#2206 = PCURVE('',#1626,#2207);
#2207 = DEFINITIONAL_REPRESENTATION('',(#2208),#2212);
#2208 = LINE('',#2209,#2210);
#2209 = CARTESIAN_POINT('',(0.,0.));
#2210 = VECTOR('',#2211,1.);
#2211 = DIRECTION('',(0.,-1.));
#2212 = ( GEOMETRIC_REPRESENTATION_CONTEXT(2) 
PARAMETRIC_REPRESENTATION_CONTEXT() REPRESENTATION_CONTEXT('2D SPACE',''
  ) );
#2213 = PCURVE('',#1655,#2214);
#2214 = DEFINITIONAL_REPRESENTATION('',(#2215),#2219);
#2215 = LINE('',#2216,#2217);
#2216 = CARTESIAN_POINT('',(3.2,0.));
#2217 = VECTOR('',#2218,1.);
#2218 = DIRECTION('',(0.,1.));
#2219 = ( GEOMETRIC_REPRESENTATION_CONTEXT(2) 
PARAMETRIC_REPRESENTATION_CONTEXT() REPRESENTATION_CONTEXT('2D SPACE',''
  ) );
#2220 = ORIENTED_EDGE('',*,*,#1699,.F.);
#2221 = ORIENTED_EDGE('',*,*,#2222,.T.);
#2222 = EDGE_CURVE('',#1700,#2223,#2225,.T.);
#2223 = VERTEX_POINT('',#2224);
#2224 = CARTESIAN_POINT('',(24.2,-3.7,169.5));
#2225 = SURFACE_CURVE('',#2226,(#2230,#2237),.PCURVE_S1.);
#2226 = LINE('',#2227,#2228);
#2227 = CARTESIAN_POINT('',(24.2,-3.7,132.5));
#2228 = VECTOR('',#2229,1.);
#2229 = DIRECTION('',(0.,0.,1.));
#2230 = PCURVE('',#1626,#2231);
#2231 = DEFINITIONAL_REPRESENTATION('',(#2232),#2236);
#2232 = LINE('',#2233,#2234);
#2233 = CARTESIAN_POINT('',(0.,-38.6));
#2234 = VECTOR('',#2235,1.);
#2235 = DIRECTION('',(1.,0.));
#2236 = ( GEOMETRIC_REPRESENTATION_CONTEXT(2) 
PARAMETRIC_REPRESENTATION_CONTEXT() REPRESENTATION_CONTEXT('2D SPACE',''
  ) );
#2237 = PCURVE('',#1748,#2238);
#2238 = DEFINITIONAL_REPRESENTATION('',(#2239),#2243);
#2239 = LINE('',#2240,#2241);
#2240 = CARTESIAN_POINT('',(0.,3.2));
#2241 = VECTOR('',#2242,1.);
#2242 = DIRECTION('',(1.,0.));
#2243 = ( GEOMETRIC_REPRESENTATION_CONTEXT(2) 
PARAMETRIC_REPRESENTATION_CONTEXT() REPRESENTATION_CONTEXT('2D SPACE',''
  ) );
#2244 = ORIENTED_EDGE('',*,*,#2245,.F.);
#2245 = EDGE_CURVE('',#2177,#2223,#2246,.T.);
#2246 = SURFACE_CURVE('',#2247,(#2251,#2258),.PCURVE_S1.);
#2247 = LINE('',#2248,#2249);
#2248 = CARTESIAN_POINT('',(24.2,-42.3,169.5));
#2249 = VECTOR('',#2250,1.);
#2250 = DIRECTION('',(0.,1.,0.));
#2251 = PCURVE('',#1626,#2252);
#2252 = DEFINITIONAL_REPRESENTATION('',(#2253),#2257);
#2253 = LINE('',#2254,#2255);
#2254 = CARTESIAN_POINT('',(37.,0.));
#2255 = VECTOR('',#2256,1.);
#2256 = DIRECTION('',(0.,-1.));
#2257 = ( GEOMETRIC_REPRESENTATION_CONTEXT(2) 
PARAMETRIC_REPRESENTATION_CONTEXT() REPRESENTATION_CONTEXT('2D SPACE',''
  ) );
#2258 = PCURVE('',#2259,#2264);
#2259 = PLANE('',#2260);
#2260 = AXIS2_PLACEMENT_3D('',#2261,#2262,#2263);
#2261 = CARTESIAN_POINT('',(21.,-42.3,169.5));
#2262 = DIRECTION('',(0.,0.,1.));
#2263 = DIRECTION('',(1.,0.,-0.));
#2264 = DEFINITIONAL_REPRESENTATION('',(#2265),#2269);
#2265 = LINE('',#2266,#2267);
#2266 = CARTESIAN_POINT('',(3.2,0.));
#2267 = VECTOR('',#2268,1.);
#2268 = DIRECTION('',(0.,1.));
#2269 = ( GEOMETRIC_REPRESENTATION_CONTEXT(2) 
PARAMETRIC_REPRESENTATION_CONTEXT() REPRESENTATION_CONTEXT('2D SPACE',''
  ) );
#2270 = FACE_BOUND('',#2271,.F.);
#2271 = EDGE_LOOP('',(#2272));
#2272 = ORIENTED_EDGE('',*,*,#2147,.T.);
#2273 = ADVANCED_FACE('',(#2274),#1655,.T.);
#2274 = FACE_BOUND('',#2275,.T.);
#2275 = EDGE_LOOP('',(#2276,#2306,#2327,#2328,#2329,#2330,#2353,#2381));
#2276 = ORIENTED_EDGE('',*,*,#2277,.F.);
#2277 = EDGE_CURVE('',#2278,#2280,#2282,.T.);
#2278 = VERTEX_POINT('',#2279);
#2279 = CARTESIAN_POINT('',(21.,-42.3,132.5));
#2280 = VERTEX_POINT('',#2281);
#2281 = CARTESIAN_POINT('',(21.,-40.80660212937,132.49999999999));
#2282 = SURFACE_CURVE('',#2283,(#2287,#2294),.PCURVE_S1.);
#2283 = LINE('',#2284,#2285);
#2284 = CARTESIAN_POINT('',(21.,-42.3,132.5));
#2285 = VECTOR('',#2286,1.);
#2286 = DIRECTION('',(0.,1.,0.));
#2287 = PCURVE('',#1655,#2288);
#2288 = DEFINITIONAL_REPRESENTATION('',(#2289),#2293);
#2289 = LINE('',#2290,#2291);
#2290 = CARTESIAN_POINT('',(0.,0.));
#2291 = VECTOR('',#2292,1.);
#2292 = DIRECTION('',(0.,1.));
#2293 = ( GEOMETRIC_REPRESENTATION_CONTEXT(2) 
PARAMETRIC_REPRESENTATION_CONTEXT() REPRESENTATION_CONTEXT('2D SPACE',''
  ) );
#2294 = PCURVE('',#2295,#2300);
#2295 = PLANE('',#2296);
#2296 = AXIS2_PLACEMENT_3D('',#2297,#2298,#2299);
#2297 = CARTESIAN_POINT('',(21.,-42.3,132.5));
#2298 = DIRECTION('',(1.,0.,0.));
#2299 = DIRECTION('',(0.,0.,1.));
#2300 = DEFINITIONAL_REPRESENTATION('',(#2301),#2305);
#2301 = LINE('',#2302,#2303);
#2302 = CARTESIAN_POINT('',(0.,0.));
#2303 = VECTOR('',#2304,1.);
#2304 = DIRECTION('',(0.,-1.));
#2305 = ( GEOMETRIC_REPRESENTATION_CONTEXT(2) 
PARAMETRIC_REPRESENTATION_CONTEXT() REPRESENTATION_CONTEXT('2D SPACE',''
  ) );
#2306 = ORIENTED_EDGE('',*,*,#2307,.T.);
#2307 = EDGE_CURVE('',#2278,#1639,#2308,.T.);
#2308 = SURFACE_CURVE('',#2309,(#2313,#2320),.PCURVE_S1.);
#2309 = LINE('',#2310,#2311);
#2310 = CARTESIAN_POINT('',(21.,-42.3,132.5));
#2311 = VECTOR('',#2312,1.);
#2312 = DIRECTION('',(1.,0.,0.));
#2313 = PCURVE('',#1655,#2314);
#2314 = DEFINITIONAL_REPRESENTATION('',(#2315),#2319);
#2315 = LINE('',#2316,#2317);
#2316 = CARTESIAN_POINT('',(0.,0.));
#2317 = VECTOR('',#2318,1.);
#2318 = DIRECTION('',(1.,0.));
#2319 = ( GEOMETRIC_REPRESENTATION_CONTEXT(2) 
PARAMETRIC_REPRESENTATION_CONTEXT() REPRESENTATION_CONTEXT('2D SPACE',''
  ) );
#2320 = PCURVE('',#1685,#2321);
#2321 = DEFINITIONAL_REPRESENTATION('',(#2322),#2326);
#2322 = LINE('',#2323,#2324);
#2323 = CARTESIAN_POINT('',(0.,0.));
#2324 = VECTOR('',#2325,1.);
#2325 = DIRECTION('',(0.,1.));
#2326 = ( GEOMETRIC_REPRESENTATION_CONTEXT(2) 
PARAMETRIC_REPRESENTATION_CONTEXT() REPRESENTATION_CONTEXT('2D SPACE',''
  ) );
#2327 = ORIENTED_EDGE('',*,*,#1638,.T.);
#2328 = ORIENTED_EDGE('',*,*,#2200,.T.);
#2329 = ORIENTED_EDGE('',*,*,#1760,.T.);
#2330 = ORIENTED_EDGE('',*,*,#2331,.F.);
#2331 = EDGE_CURVE('',#2332,#1729,#2334,.T.);
#2332 = VERTEX_POINT('',#2333);
#2333 = CARTESIAN_POINT('',(21.,-3.7,132.5));
#2334 = SURFACE_CURVE('',#2335,(#2339,#2346),.PCURVE_S1.);
#2335 = LINE('',#2336,#2337);
#2336 = CARTESIAN_POINT('',(21.,-3.7,132.5));
#2337 = VECTOR('',#2338,1.);
#2338 = DIRECTION('',(1.,0.,0.));
#2339 = PCURVE('',#1655,#2340);
#2340 = DEFINITIONAL_REPRESENTATION('',(#2341),#2345);
#2341 = LINE('',#2342,#2343);
#2342 = CARTESIAN_POINT('',(0.,38.6));
#2343 = VECTOR('',#2344,1.);
#2344 = DIRECTION('',(1.,0.));
#2345 = ( GEOMETRIC_REPRESENTATION_CONTEXT(2) 
PARAMETRIC_REPRESENTATION_CONTEXT() REPRESENTATION_CONTEXT('2D SPACE',''
  ) );
#2346 = PCURVE('',#1748,#2347);
#2347 = DEFINITIONAL_REPRESENTATION('',(#2348),#2352);
#2348 = LINE('',#2349,#2350);
#2349 = CARTESIAN_POINT('',(0.,0.));
#2350 = VECTOR('',#2351,1.);
#2351 = DIRECTION('',(0.,1.));
#2352 = ( GEOMETRIC_REPRESENTATION_CONTEXT(2) 
PARAMETRIC_REPRESENTATION_CONTEXT() REPRESENTATION_CONTEXT('2D SPACE',''
  ) );
#2353 = ORIENTED_EDGE('',*,*,#2354,.F.);
#2354 = EDGE_CURVE('',#2355,#2332,#2357,.T.);
#2355 = VERTEX_POINT('',#2356);
#2356 = CARTESIAN_POINT('',(21.,-5.193397870621,132.49999999999));
#2357 = SURFACE_CURVE('',#2358,(#2362,#2369),.PCURVE_S1.);
#2358 = LINE('',#2359,#2360);
#2359 = CARTESIAN_POINT('',(21.,-42.3,132.5));
#2360 = VECTOR('',#2361,1.);
#2361 = DIRECTION('',(0.,1.,0.));
#2362 = PCURVE('',#1655,#2363);
#2363 = DEFINITIONAL_REPRESENTATION('',(#2364),#2368);
#2364 = LINE('',#2365,#2366);
#2365 = CARTESIAN_POINT('',(0.,0.));
#2366 = VECTOR('',#2367,1.);
#2367 = DIRECTION('',(0.,1.));
#2368 = ( GEOMETRIC_REPRESENTATION_CONTEXT(2) 
PARAMETRIC_REPRESENTATION_CONTEXT() REPRESENTATION_CONTEXT('2D SPACE',''
  ) );
#2369 = PCURVE('',#2370,#2375);
#2370 = PLANE('',#2371);
#2371 = AXIS2_PLACEMENT_3D('',#2372,#2373,#2374);
#2372 = CARTESIAN_POINT('',(21.,-42.3,132.5));
#2373 = DIRECTION('',(1.,0.,0.));
#2374 = DIRECTION('',(0.,0.,1.));
#2375 = DEFINITIONAL_REPRESENTATION('',(#2376),#2380);
#2376 = LINE('',#2377,#2378);
#2377 = CARTESIAN_POINT('',(0.,0.));
#2378 = VECTOR('',#2379,1.);
#2379 = DIRECTION('',(0.,-1.));
#2380 = ( GEOMETRIC_REPRESENTATION_CONTEXT(2) 
PARAMETRIC_REPRESENTATION_CONTEXT() REPRESENTATION_CONTEXT('2D SPACE',''
  ) );
#2381 = ORIENTED_EDGE('',*,*,#2382,.F.);
#2382 = EDGE_CURVE('',#2280,#2355,#2383,.T.);
#2383 = SURFACE_CURVE('',#2384,(#2388,#2395),.PCURVE_S1.);
#2384 = LINE('',#2385,#2386);
#2385 = CARTESIAN_POINT('',(21.,-42.3,132.5));
#2386 = VECTOR('',#2387,1.);
#2387 = DIRECTION('',(0.,1.,0.));
#2388 = PCURVE('',#1655,#2389);
#2389 = DEFINITIONAL_REPRESENTATION('',(#2390),#2394);
#2390 = LINE('',#2391,#2392);
#2391 = CARTESIAN_POINT('',(0.,0.));
#2392 = VECTOR('',#2393,1.);
#2393 = DIRECTION('',(0.,1.));
#2394 = ( GEOMETRIC_REPRESENTATION_CONTEXT(2) 
PARAMETRIC_REPRESENTATION_CONTEXT() REPRESENTATION_CONTEXT('2D SPACE',''
  ) );
#2395 = PCURVE('',#2396,#2401);
#2396 = PLANE('',#2397);
#2397 = AXIS2_PLACEMENT_3D('',#2398,#2399,#2400);
#2398 = CARTESIAN_POINT('',(21.,-44.,130.));
#2399 = DIRECTION('',(1.,0.,0.));
#2400 = DIRECTION('',(0.,0.,1.));
#2401 = DEFINITIONAL_REPRESENTATION('',(#2402),#2406);
#2402 = LINE('',#2403,#2404);
#2403 = CARTESIAN_POINT('',(2.5,-1.7));
#2404 = VECTOR('',#2405,1.);
#2405 = DIRECTION('',(0.,-1.));
#2406 = ( GEOMETRIC_REPRESENTATION_CONTEXT(2) 
PARAMETRIC_REPRESENTATION_CONTEXT() REPRESENTATION_CONTEXT('2D SPACE',''
  ) );
#2407 = ADVANCED_FACE('',(#2408),#1685,.T.);
#2408 = FACE_BOUND('',#2409,.T.);
#2409 = EDGE_LOOP('',(#2410,#2411,#2434,#2462,#2483,#2484));
#2410 = ORIENTED_EDGE('',*,*,#2307,.F.);
#2411 = ORIENTED_EDGE('',*,*,#2412,.T.);
#2412 = EDGE_CURVE('',#2278,#2413,#2415,.T.);
#2413 = VERTEX_POINT('',#2414);
#2414 = CARTESIAN_POINT('',(21.,-42.3,139.18145632976));
#2415 = SURFACE_CURVE('',#2416,(#2420,#2427),.PCURVE_S1.);
#2416 = LINE('',#2417,#2418);
#2417 = CARTESIAN_POINT('',(21.,-42.3,132.5));
#2418 = VECTOR('',#2419,1.);
#2419 = DIRECTION('',(0.,0.,1.));
#2420 = PCURVE('',#1685,#2421);
#2421 = DEFINITIONAL_REPRESENTATION('',(#2422),#2426);
#2422 = LINE('',#2423,#2424);
#2423 = CARTESIAN_POINT('',(0.,0.));
#2424 = VECTOR('',#2425,1.);
#2425 = DIRECTION('',(1.,0.));
#2426 = ( GEOMETRIC_REPRESENTATION_CONTEXT(2) 
PARAMETRIC_REPRESENTATION_CONTEXT() REPRESENTATION_CONTEXT('2D SPACE',''
  ) );
#2427 = PCURVE('',#2295,#2428);
#2428 = DEFINITIONAL_REPRESENTATION('',(#2429),#2433);
#2429 = LINE('',#2430,#2431);
#2430 = CARTESIAN_POINT('',(0.,0.));
#2431 = VECTOR('',#2432,1.);
#2432 = DIRECTION('',(1.,0.));
#2433 = ( GEOMETRIC_REPRESENTATION_CONTEXT(2) 
PARAMETRIC_REPRESENTATION_CONTEXT() REPRESENTATION_CONTEXT('2D SPACE',''
  ) );
#2434 = ORIENTED_EDGE('',*,*,#2435,.T.);
#2435 = EDGE_CURVE('',#2413,#2436,#2438,.T.);
#2436 = VERTEX_POINT('',#2437);
#2437 = CARTESIAN_POINT('',(21.,-42.3,169.5));
#2438 = SURFACE_CURVE('',#2439,(#2443,#2450),.PCURVE_S1.);
#2439 = LINE('',#2440,#2441);
#2440 = CARTESIAN_POINT('',(21.,-42.3,132.5));
#2441 = VECTOR('',#2442,1.);
#2442 = DIRECTION('',(0.,0.,1.));
#2443 = PCURVE('',#1685,#2444);
#2444 = DEFINITIONAL_REPRESENTATION('',(#2445),#2449);
#2445 = LINE('',#2446,#2447);
#2446 = CARTESIAN_POINT('',(0.,0.));
#2447 = VECTOR('',#2448,1.);
#2448 = DIRECTION('',(1.,0.));
#2449 = ( GEOMETRIC_REPRESENTATION_CONTEXT(2) 
PARAMETRIC_REPRESENTATION_CONTEXT() REPRESENTATION_CONTEXT('2D SPACE',''
  ) );
#2450 = PCURVE('',#2451,#2456);
#2451 = PLANE('',#2452);
#2452 = AXIS2_PLACEMENT_3D('',#2453,#2454,#2455);
#2453 = CARTESIAN_POINT('',(21.,-44.,130.));
#2454 = DIRECTION('',(1.,0.,0.));
#2455 = DIRECTION('',(0.,0.,1.));
#2456 = DEFINITIONAL_REPRESENTATION('',(#2457),#2461);
#2457 = LINE('',#2458,#2459);
#2458 = CARTESIAN_POINT('',(2.5,-1.7));
#2459 = VECTOR('',#2460,1.);
#2460 = DIRECTION('',(1.,0.));
#2461 = ( GEOMETRIC_REPRESENTATION_CONTEXT(2) 
PARAMETRIC_REPRESENTATION_CONTEXT() REPRESENTATION_CONTEXT('2D SPACE',''
  ) );
#2462 = ORIENTED_EDGE('',*,*,#2463,.T.);
#2463 = EDGE_CURVE('',#2436,#2177,#2464,.T.);
#2464 = SURFACE_CURVE('',#2465,(#2469,#2476),.PCURVE_S1.);
#2465 = LINE('',#2466,#2467);
#2466 = CARTESIAN_POINT('',(21.,-42.3,169.5));
#2467 = VECTOR('',#2468,1.);
#2468 = DIRECTION('',(1.,0.,0.));
#2469 = PCURVE('',#1685,#2470);
#2470 = DEFINITIONAL_REPRESENTATION('',(#2471),#2475);
#2471 = LINE('',#2472,#2473);
#2472 = CARTESIAN_POINT('',(37.,0.));
#2473 = VECTOR('',#2474,1.);
#2474 = DIRECTION('',(0.,1.));
#2475 = ( GEOMETRIC_REPRESENTATION_CONTEXT(2) 
PARAMETRIC_REPRESENTATION_CONTEXT() REPRESENTATION_CONTEXT('2D SPACE',''
  ) );
#2476 = PCURVE('',#2259,#2477);
#2477 = DEFINITIONAL_REPRESENTATION('',(#2478),#2482);
#2478 = LINE('',#2479,#2480);
#2479 = CARTESIAN_POINT('',(0.,0.));
#2480 = VECTOR('',#2481,1.);
#2481 = DIRECTION('',(1.,0.));
#2482 = ( GEOMETRIC_REPRESENTATION_CONTEXT(2) 
PARAMETRIC_REPRESENTATION_CONTEXT() REPRESENTATION_CONTEXT('2D SPACE',''
  ) );
#2483 = ORIENTED_EDGE('',*,*,#2176,.F.);
#2484 = ORIENTED_EDGE('',*,*,#1667,.F.);
#2485 = ADVANCED_FACE('',(#2486),#1748,.F.);
#2486 = FACE_BOUND('',#2487,.F.);
#2487 = EDGE_LOOP('',(#2488,#2489,#2512,#2535,#2556,#2557));
#2488 = ORIENTED_EDGE('',*,*,#2331,.F.);
#2489 = ORIENTED_EDGE('',*,*,#2490,.T.);
#2490 = EDGE_CURVE('',#2332,#2491,#2493,.T.);
#2491 = VERTEX_POINT('',#2492);
#2492 = CARTESIAN_POINT('',(21.,-3.699999999999,139.18145632976));
#2493 = SURFACE_CURVE('',#2494,(#2498,#2505),.PCURVE_S1.);
#2494 = LINE('',#2495,#2496);
#2495 = CARTESIAN_POINT('',(21.,-3.7,132.5));
#2496 = VECTOR('',#2497,1.);
#2497 = DIRECTION('',(0.,0.,1.));
#2498 = PCURVE('',#1748,#2499);
#2499 = DEFINITIONAL_REPRESENTATION('',(#2500),#2504);
#2500 = LINE('',#2501,#2502);
#2501 = CARTESIAN_POINT('',(0.,0.));
#2502 = VECTOR('',#2503,1.);
#2503 = DIRECTION('',(1.,0.));
#2504 = ( GEOMETRIC_REPRESENTATION_CONTEXT(2) 
PARAMETRIC_REPRESENTATION_CONTEXT() REPRESENTATION_CONTEXT('2D SPACE',''
  ) );
#2505 = PCURVE('',#2370,#2506);
#2506 = DEFINITIONAL_REPRESENTATION('',(#2507),#2511);
#2507 = LINE('',#2508,#2509);
#2508 = CARTESIAN_POINT('',(0.,-38.6));
#2509 = VECTOR('',#2510,1.);
#2510 = DIRECTION('',(1.,0.));
#2511 = ( GEOMETRIC_REPRESENTATION_CONTEXT(2) 
PARAMETRIC_REPRESENTATION_CONTEXT() REPRESENTATION_CONTEXT('2D SPACE',''
  ) );
#2512 = ORIENTED_EDGE('',*,*,#2513,.T.);
#2513 = EDGE_CURVE('',#2491,#2514,#2516,.T.);
#2514 = VERTEX_POINT('',#2515);
#2515 = CARTESIAN_POINT('',(21.,-3.7,169.5));
#2516 = SURFACE_CURVE('',#2517,(#2521,#2528),.PCURVE_S1.);
#2517 = LINE('',#2518,#2519);
#2518 = CARTESIAN_POINT('',(21.,-3.7,132.5));
#2519 = VECTOR('',#2520,1.);
#2520 = DIRECTION('',(0.,0.,1.));
#2521 = PCURVE('',#1748,#2522);
#2522 = DEFINITIONAL_REPRESENTATION('',(#2523),#2527);
#2523 = LINE('',#2524,#2525);
#2524 = CARTESIAN_POINT('',(0.,0.));
#2525 = VECTOR('',#2526,1.);
#2526 = DIRECTION('',(1.,0.));
#2527 = ( GEOMETRIC_REPRESENTATION_CONTEXT(2) 
PARAMETRIC_REPRESENTATION_CONTEXT() REPRESENTATION_CONTEXT('2D SPACE',''
  ) );
#2528 = PCURVE('',#2451,#2529);
#2529 = DEFINITIONAL_REPRESENTATION('',(#2530),#2534);
#2530 = LINE('',#2531,#2532);
#2531 = CARTESIAN_POINT('',(2.5,-40.3));
#2532 = VECTOR('',#2533,1.);
#2533 = DIRECTION('',(1.,0.));
#2534 = ( GEOMETRIC_REPRESENTATION_CONTEXT(2) 
PARAMETRIC_REPRESENTATION_CONTEXT() REPRESENTATION_CONTEXT('2D SPACE',''
  ) );
#2535 = ORIENTED_EDGE('',*,*,#2536,.T.);
#2536 = EDGE_CURVE('',#2514,#2223,#2537,.T.);
#2537 = SURFACE_CURVE('',#2538,(#2542,#2549),.PCURVE_S1.);
#2538 = LINE('',#2539,#2540);
#2539 = CARTESIAN_POINT('',(21.,-3.7,169.5));
#2540 = VECTOR('',#2541,1.);
#2541 = DIRECTION('',(1.,0.,0.));
#2542 = PCURVE('',#1748,#2543);
#2543 = DEFINITIONAL_REPRESENTATION('',(#2544),#2548);
#2544 = LINE('',#2545,#2546);
#2545 = CARTESIAN_POINT('',(37.,0.));
#2546 = VECTOR('',#2547,1.);
#2547 = DIRECTION('',(0.,1.));
#2548 = ( GEOMETRIC_REPRESENTATION_CONTEXT(2) 
PARAMETRIC_REPRESENTATION_CONTEXT() REPRESENTATION_CONTEXT('2D SPACE',''
  ) );
#2549 = PCURVE('',#2259,#2550);
#2550 = DEFINITIONAL_REPRESENTATION('',(#2551),#2555);
#2551 = LINE('',#2552,#2553);
#2552 = CARTESIAN_POINT('',(0.,38.6));
#2553 = VECTOR('',#2554,1.);
#2554 = DIRECTION('',(1.,0.));
#2555 = ( GEOMETRIC_REPRESENTATION_CONTEXT(2) 
PARAMETRIC_REPRESENTATION_CONTEXT() REPRESENTATION_CONTEXT('2D SPACE',''
  ) );
#2556 = ORIENTED_EDGE('',*,*,#2222,.F.);
#2557 = ORIENTED_EDGE('',*,*,#1728,.F.);
#2558 = ADVANCED_FACE('',(#2559),#1802,.F.);
#2559 = FACE_BOUND('',#2560,.F.);
#2560 = EDGE_LOOP('',(#2561,#2582,#2583,#2584));
#2561 = ORIENTED_EDGE('',*,*,#2562,.T.);
#2562 = EDGE_CURVE('',#1786,#1882,#2563,.T.);
#2563 = SEAM_CURVE('',#2564,(#2568,#2575),.PCURVE_S1.);
#2564 = LINE('',#2565,#2566);
#2565 = CARTESIAN_POINT('',(3.2,-37.5,50.1));
#2566 = VECTOR('',#2567,1.);
#2567 = DIRECTION('',(0.,0.,1.));
#2568 = PCURVE('',#1802,#2569);
#2569 = DEFINITIONAL_REPRESENTATION('',(#2570),#2574);
#2570 = LINE('',#2571,#2572);
#2571 = CARTESIAN_POINT('',(-4.138911435803E-13,0.));
#2572 = VECTOR('',#2573,1.);
#2573 = DIRECTION('',(-0.,-1.));
#2574 = ( GEOMETRIC_REPRESENTATION_CONTEXT(2) 
PARAMETRIC_REPRESENTATION_CONTEXT() REPRESENTATION_CONTEXT('2D SPACE',''
  ) );
#2575 = PCURVE('',#1802,#2576);
#2576 = DEFINITIONAL_REPRESENTATION('',(#2577),#2581);
#2577 = LINE('',#2578,#2579);
#2578 = CARTESIAN_POINT('',(6.28318530718,0.));
#2579 = VECTOR('',#2580,1.);
#2580 = DIRECTION('',(-0.,-1.));
#2581 = ( GEOMETRIC_REPRESENTATION_CONTEXT(2) 
PARAMETRIC_REPRESENTATION_CONTEXT() REPRESENTATION_CONTEXT('2D SPACE',''
  ) );
#2582 = ORIENTED_EDGE('',*,*,#1881,.T.);
#2583 = ORIENTED_EDGE('',*,*,#2562,.F.);
#2584 = ORIENTED_EDGE('',*,*,#1785,.T.);
#2585 = ADVANCED_FACE('',(#2586),#1837,.F.);
#2586 = FACE_BOUND('',#2587,.F.);
#2587 = EDGE_LOOP('',(#2588,#2609,#2610,#2611));
#2588 = ORIENTED_EDGE('',*,*,#2589,.T.);
#2589 = EDGE_CURVE('',#1821,#1912,#2590,.T.);
#2590 = SEAM_CURVE('',#2591,(#2595,#2602),.PCURVE_S1.);
#2591 = LINE('',#2592,#2593);
#2592 = CARTESIAN_POINT('',(15.757368354874,-15.75,50.1));
#2593 = VECTOR('',#2594,1.);
#2594 = DIRECTION('',(0.,0.,1.));
#2595 = PCURVE('',#1837,#2596);
#2596 = DEFINITIONAL_REPRESENTATION('',(#2597),#2601);
#2597 = LINE('',#2598,#2599);
#2598 = CARTESIAN_POINT('',(-4.138911435803E-13,0.));
#2599 = VECTOR('',#2600,1.);
#2600 = DIRECTION('',(-0.,-1.));
#2601 = ( GEOMETRIC_REPRESENTATION_CONTEXT(2) 
PARAMETRIC_REPRESENTATION_CONTEXT() REPRESENTATION_CONTEXT('2D SPACE',''
  ) );
#2602 = PCURVE('',#1837,#2603);
#2603 = DEFINITIONAL_REPRESENTATION('',(#2604),#2608);
#2604 = LINE('',#2605,#2606);
#2605 = CARTESIAN_POINT('',(6.28318530718,0.));
#2606 = VECTOR('',#2607,1.);
#2607 = DIRECTION('',(-0.,-1.));
#2608 = ( GEOMETRIC_REPRESENTATION_CONTEXT(2) 
PARAMETRIC_REPRESENTATION_CONTEXT() REPRESENTATION_CONTEXT('2D SPACE',''
  ) );
#2609 = ORIENTED_EDGE('',*,*,#1911,.T.);
#2610 = ORIENTED_EDGE('',*,*,#2589,.F.);
#2611 = ORIENTED_EDGE('',*,*,#1820,.T.);
#2612 = ADVANCED_FACE('',(#2613),#1965,.F.);
#2613 = FACE_BOUND('',#2614,.F.);
#2614 = EDGE_LOOP('',(#2615,#2636,#2637,#2638));
#2615 = ORIENTED_EDGE('',*,*,#2616,.T.);
#2616 = EDGE_CURVE('',#1981,#1945,#2617,.T.);
#2617 = SEAM_CURVE('',#2618,(#2622,#2629),.PCURVE_S1.);
#2618 = LINE('',#2619,#2620);
#2619 = CARTESIAN_POINT('',(-9.357368354874,-15.75,50.1));
#2620 = VECTOR('',#2621,1.);
#2621 = DIRECTION('',(0.,0.,1.));
#2622 = PCURVE('',#1965,#2623);
#2623 = DEFINITIONAL_REPRESENTATION('',(#2624),#2628);
#2624 = LINE('',#2625,#2626);
#2625 = CARTESIAN_POINT('',(-4.138911435803E-13,0.));
#2626 = VECTOR('',#2627,1.);
#2627 = DIRECTION('',(-0.,-1.));
#2628 = ( GEOMETRIC_REPRESENTATION_CONTEXT(2) 
PARAMETRIC_REPRESENTATION_CONTEXT() REPRESENTATION_CONTEXT('2D SPACE',''
  ) );
#2629 = PCURVE('',#1965,#2630);
#2630 = DEFINITIONAL_REPRESENTATION('',(#2631),#2635);
#2631 = LINE('',#2632,#2633);
#2632 = CARTESIAN_POINT('',(6.28318530718,0.));
#2633 = VECTOR('',#2634,1.);
#2634 = DIRECTION('',(-0.,-1.));
#2635 = ( GEOMETRIC_REPRESENTATION_CONTEXT(2) 
PARAMETRIC_REPRESENTATION_CONTEXT() REPRESENTATION_CONTEXT('2D SPACE',''
  ) );
#2636 = ORIENTED_EDGE('',*,*,#1944,.T.);
#2637 = ORIENTED_EDGE('',*,*,#2616,.F.);
#2638 = ORIENTED_EDGE('',*,*,#1980,.T.);
#2639 = ADVANCED_FACE('',(#2640),#2072,.F.);
#2640 = FACE_BOUND('',#2641,.F.);
#2641 = EDGE_LOOP('',(#2642,#2643,#2666,#2695,#2721,#2747,#2775,#2807,
    #2836,#2857,#2858,#2859,#2883,#2915,#2941,#2967,#2995,#3017));
#2642 = ORIENTED_EDGE('',*,*,#2057,.T.);
#2643 = ORIENTED_EDGE('',*,*,#2644,.T.);
#2644 = EDGE_CURVE('',#2035,#2645,#2647,.T.);
#2645 = VERTEX_POINT('',#2646);
#2646 = CARTESIAN_POINT('',(27.163265306122,-23.,130.));
#2647 = SEAM_CURVE('',#2648,(#2652,#2659),.PCURVE_S1.);
#2648 = LINE('',#2649,#2650);
#2649 = CARTESIAN_POINT('',(24.5,-23.,112.));
#2650 = VECTOR('',#2651,1.);
#2651 = DIRECTION('',(0.146365743746,0.,0.989230543937));
#2652 = PCURVE('',#2072,#2653);
#2653 = DEFINITIONAL_REPRESENTATION('',(#2654),#2658);
#2654 = LINE('',#2655,#2656);
#2655 = CARTESIAN_POINT('',(6.28318530718,0.));
#2656 = VECTOR('',#2657,1.);
#2657 = DIRECTION('',(0.,1.));
#2658 = ( GEOMETRIC_REPRESENTATION_CONTEXT(2) 
PARAMETRIC_REPRESENTATION_CONTEXT() REPRESENTATION_CONTEXT('2D SPACE',''
  ) );
#2659 = PCURVE('',#2072,#2660);
#2660 = DEFINITIONAL_REPRESENTATION('',(#2661),#2665);
#2661 = LINE('',#2662,#2663);
#2662 = CARTESIAN_POINT('',(4.138911435803E-13,0.));
#2663 = VECTOR('',#2664,1.);
#2664 = DIRECTION('',(0.,1.));
#2665 = ( GEOMETRIC_REPRESENTATION_CONTEXT(2) 
PARAMETRIC_REPRESENTATION_CONTEXT() REPRESENTATION_CONTEXT('2D SPACE',''
  ) );
#2666 = ORIENTED_EDGE('',*,*,#2667,.F.);
#2667 = EDGE_CURVE('',#2668,#2645,#2670,.T.);
#2668 = VERTEX_POINT('',#2669);
#2669 = CARTESIAN_POINT('',(21.,-40.22913178575,130.));
#2670 = SURFACE_CURVE('',#2671,(#2676,#2683),.PCURVE_S1.);
#2671 = CIRCLE('',#2672,27.163265306122);
#2672 = AXIS2_PLACEMENT_3D('',#2673,#2674,#2675);
#2673 = CARTESIAN_POINT('',(0.,-23.,130.));
#2674 = DIRECTION('',(0.,0.,1.));
#2675 = DIRECTION('',(1.,0.,-0.));
#2676 = PCURVE('',#2072,#2677);
#2677 = DEFINITIONAL_REPRESENTATION('',(#2678),#2682);
#2678 = LINE('',#2679,#2680);
#2679 = CARTESIAN_POINT('',(0.,18.));
#2680 = VECTOR('',#2681,1.);
#2681 = DIRECTION('',(1.,0.));
#2682 = ( GEOMETRIC_REPRESENTATION_CONTEXT(2) 
PARAMETRIC_REPRESENTATION_CONTEXT() REPRESENTATION_CONTEXT('2D SPACE',''
  ) );
#2683 = PCURVE('',#2684,#2689);
#2684 = PLANE('',#2685);
#2685 = AXIS2_PLACEMENT_3D('',#2686,#2687,#2688);
#2686 = CARTESIAN_POINT('',(21.,-44.,130.));
#2687 = DIRECTION('',(0.,0.,1.));
#2688 = DIRECTION('',(1.,0.,-0.));
#2689 = DEFINITIONAL_REPRESENTATION('',(#2690),#2694);
#2690 = CIRCLE('',#2691,27.163265306122);
#2691 = AXIS2_PLACEMENT_2D('',#2692,#2693);
#2692 = CARTESIAN_POINT('',(-21.,21.));
#2693 = DIRECTION('',(1.,0.));
#2694 = ( GEOMETRIC_REPRESENTATION_CONTEXT(2) 
PARAMETRIC_REPRESENTATION_CONTEXT() REPRESENTATION_CONTEXT('2D SPACE',''
  ) );
#2695 = ORIENTED_EDGE('',*,*,#2696,.T.);
#2696 = EDGE_CURVE('',#2668,#2280,#2697,.T.);
#2697 = SURFACE_CURVE('',#2698,(#2703,#2714),.PCURVE_S1.);
#2698 = HYPERBOLA('',#2699,141.93103448275,21.);
#2699 = AXIS2_PLACEMENT_3D('',#2700,#2701,#2702);
#2700 = CARTESIAN_POINT('',(21.,-23.,-53.58620689655));
#2701 = DIRECTION('',(1.,0.,0.));
#2702 = DIRECTION('',(-0.,0.,1.));
#2703 = PCURVE('',#2072,#2704);
#2704 = DEFINITIONAL_REPRESENTATION('',(#2705),#2713);
#2705 = B_SPLINE_CURVE_WITH_KNOTS('',6,(#2706,#2707,#2708,#2709,#2710,
    #2711,#2712),.UNSPECIFIED.,.F.,.F.,(7,7),(0.711397902111,
    1.01597313418),.PIECEWISE_BEZIER_KNOTS.);
#2706 = CARTESIAN_POINT('',(5.625163783145,13.8));
#2707 = CARTESIAN_POINT('',(5.58500027363,19.368859340924));
#2708 = CARTESIAN_POINT('',(5.546332959126,25.492417179251));
#2709 = CARTESIAN_POINT('',(5.509208834749,32.19650329984));
#2710 = CARTESIAN_POINT('',(5.473642788554,39.511236843537));
#2711 = CARTESIAN_POINT('',(5.439624641931,47.471420764381));
#2712 = CARTESIAN_POINT('',(5.407127256581,56.117156317461));
#2713 = ( GEOMETRIC_REPRESENTATION_CONTEXT(2) 
PARAMETRIC_REPRESENTATION_CONTEXT() REPRESENTATION_CONTEXT('2D SPACE',''
  ) );
#2714 = PCURVE('',#2396,#2715);
#2715 = DEFINITIONAL_REPRESENTATION('',(#2716),#2720);
#2716 = HYPERBOLA('',#2717,141.93103448275,21.);
#2717 = AXIS2_PLACEMENT_2D('',#2718,#2719);
#2718 = CARTESIAN_POINT('',(-183.5862068965,-21.));
#2719 = DIRECTION('',(1.,0.));
#2720 = ( GEOMETRIC_REPRESENTATION_CONTEXT(2) 
PARAMETRIC_REPRESENTATION_CONTEXT() REPRESENTATION_CONTEXT('2D SPACE',''
  ) );
#2721 = ORIENTED_EDGE('',*,*,#2722,.T.);
#2722 = EDGE_CURVE('',#2280,#2413,#2723,.T.);
#2723 = SURFACE_CURVE('',#2724,(#2729,#2740),.PCURVE_S1.);
#2724 = HYPERBOLA('',#2725,141.93103448275,21.);
#2725 = AXIS2_PLACEMENT_3D('',#2726,#2727,#2728);
#2726 = CARTESIAN_POINT('',(21.,-23.,-53.58620689655));
#2727 = DIRECTION('',(1.,0.,0.));
#2728 = DIRECTION('',(-0.,0.,1.));
#2729 = PCURVE('',#2072,#2730);
#2730 = DEFINITIONAL_REPRESENTATION('',(#2731),#2739);
#2731 = B_SPLINE_CURVE_WITH_KNOTS('',6,(#2732,#2733,#2734,#2735,#2736,
    #2737,#2738),.UNSPECIFIED.,.F.,.F.,(7,7),(0.711397902111,
    1.01597313418),.PIECEWISE_BEZIER_KNOTS.);
#2732 = CARTESIAN_POINT('',(5.625163783145,13.8));
#2733 = CARTESIAN_POINT('',(5.58500027363,19.368859340924));
#2734 = CARTESIAN_POINT('',(5.546332959126,25.492417179251));
#2735 = CARTESIAN_POINT('',(5.509208834749,32.19650329984));
#2736 = CARTESIAN_POINT('',(5.473642788554,39.511236843537));
#2737 = CARTESIAN_POINT('',(5.439624641931,47.471420764381));
#2738 = CARTESIAN_POINT('',(5.407127256581,56.117156317461));
#2739 = ( GEOMETRIC_REPRESENTATION_CONTEXT(2) 
PARAMETRIC_REPRESENTATION_CONTEXT() REPRESENTATION_CONTEXT('2D SPACE',''
  ) );
#2740 = PCURVE('',#2295,#2741);
#2741 = DEFINITIONAL_REPRESENTATION('',(#2742),#2746);
#2742 = HYPERBOLA('',#2743,141.93103448275,21.);
#2743 = AXIS2_PLACEMENT_2D('',#2744,#2745);
#2744 = CARTESIAN_POINT('',(-186.0862068965,-19.3));
#2745 = DIRECTION('',(1.,0.));
#2746 = ( GEOMETRIC_REPRESENTATION_CONTEXT(2) 
PARAMETRIC_REPRESENTATION_CONTEXT() REPRESENTATION_CONTEXT('2D SPACE',''
  ) );
#2747 = ORIENTED_EDGE('',*,*,#2748,.T.);
#2748 = EDGE_CURVE('',#2413,#2749,#2751,.T.);
#2749 = VERTEX_POINT('',#2750);
#2750 = CARTESIAN_POINT('',(21.,-44.,147.1345869906));
#2751 = SURFACE_CURVE('',#2752,(#2757,#2768),.PCURVE_S1.);
#2752 = HYPERBOLA('',#2753,141.93103448275,21.);
#2753 = AXIS2_PLACEMENT_3D('',#2754,#2755,#2756);
#2754 = CARTESIAN_POINT('',(21.,-23.,-53.58620689655));
#2755 = DIRECTION('',(1.,0.,0.));
#2756 = DIRECTION('',(-0.,0.,1.));
#2757 = PCURVE('',#2072,#2758);
#2758 = DEFINITIONAL_REPRESENTATION('',(#2759),#2767);
#2759 = B_SPLINE_CURVE_WITH_KNOTS('',6,(#2760,#2761,#2762,#2763,#2764,
    #2765,#2766),.UNSPECIFIED.,.F.,.F.,(7,7),(0.711397902111,
    1.01597313418),.PIECEWISE_BEZIER_KNOTS.);
#2760 = CARTESIAN_POINT('',(5.625163783145,13.8));
#2761 = CARTESIAN_POINT('',(5.58500027363,19.368859340924));
#2762 = CARTESIAN_POINT('',(5.546332959126,25.492417179251));
#2763 = CARTESIAN_POINT('',(5.509208834749,32.19650329984));
#2764 = CARTESIAN_POINT('',(5.473642788554,39.511236843537));
#2765 = CARTESIAN_POINT('',(5.439624641931,47.471420764381));
#2766 = CARTESIAN_POINT('',(5.407127256581,56.117156317461));
#2767 = ( GEOMETRIC_REPRESENTATION_CONTEXT(2) 
PARAMETRIC_REPRESENTATION_CONTEXT() REPRESENTATION_CONTEXT('2D SPACE',''
  ) );
#2768 = PCURVE('',#2451,#2769);
#2769 = DEFINITIONAL_REPRESENTATION('',(#2770),#2774);
#2770 = HYPERBOLA('',#2771,141.93103448275,21.);
#2771 = AXIS2_PLACEMENT_2D('',#2772,#2773);
#2772 = CARTESIAN_POINT('',(-183.5862068965,-21.));
#2773 = DIRECTION('',(1.,0.));
#2774 = ( GEOMETRIC_REPRESENTATION_CONTEXT(2) 
PARAMETRIC_REPRESENTATION_CONTEXT() REPRESENTATION_CONTEXT('2D SPACE',''
  ) );
#2775 = ORIENTED_EDGE('',*,*,#2776,.T.);
#2776 = EDGE_CURVE('',#2749,#2777,#2779,.T.);
#2777 = VERTEX_POINT('',#2778);
#2778 = CARTESIAN_POINT('',(25.94341751042,-44.,172.));
#2779 = SURFACE_CURVE('',#2780,(#2785,#2795),.PCURVE_S1.);
#2780 = HYPERBOLA('',#2781,141.93103448275,21.);
#2781 = AXIS2_PLACEMENT_3D('',#2782,#2783,#2784);
#2782 = CARTESIAN_POINT('',(0.,-44.,-53.58620689655));
#2783 = DIRECTION('',(0.,1.,0.));
#2784 = DIRECTION('',(0.,-0.,1.));
#2785 = PCURVE('',#2072,#2786);
#2786 = DEFINITIONAL_REPRESENTATION('',(#2787),#2794);
#2787 = B_SPLINE_CURVE_WITH_KNOTS('',5,(#2788,#2789,#2790,#2791,#2792,
    #2793),.UNSPECIFIED.,.F.,.F.,(6,6),(0.85176002638,1.062033363193),
  .PIECEWISE_BEZIER_KNOTS.);
#2788 = CARTESIAN_POINT('',(5.476627985942,31.018908127016));
#2789 = CARTESIAN_POINT('',(5.506987635755,36.740376102641));
#2790 = CARTESIAN_POINT('',(5.536242901552,42.896487066408));
#2791 = CARTESIAN_POINT('',(5.564389060596,49.508325799337));
#2792 = CARTESIAN_POINT('',(5.591438669786,56.600163963781));
#2793 = CARTESIAN_POINT('',(5.617414390975,64.2));
#2794 = ( GEOMETRIC_REPRESENTATION_CONTEXT(2) 
PARAMETRIC_REPRESENTATION_CONTEXT() REPRESENTATION_CONTEXT('2D SPACE',''
  ) );
#2795 = PCURVE('',#2796,#2801);
#2796 = PLANE('',#2797);
#2797 = AXIS2_PLACEMENT_3D('',#2798,#2799,#2800);
#2798 = CARTESIAN_POINT('',(21.,-44.,130.));
#2799 = DIRECTION('',(0.,1.,0.));
#2800 = DIRECTION('',(0.,-0.,1.));
#2801 = DEFINITIONAL_REPRESENTATION('',(#2802),#2806);
#2802 = HYPERBOLA('',#2803,141.93103448275,21.);
#2803 = AXIS2_PLACEMENT_2D('',#2804,#2805);
#2804 = CARTESIAN_POINT('',(-183.5862068965,-21.));
#2805 = DIRECTION('',(1.,0.));
#2806 = ( GEOMETRIC_REPRESENTATION_CONTEXT(2) 
PARAMETRIC_REPRESENTATION_CONTEXT() REPRESENTATION_CONTEXT('2D SPACE',''
  ) );
#2807 = ORIENTED_EDGE('',*,*,#2808,.T.);
#2808 = EDGE_CURVE('',#2777,#2809,#2811,.T.);
#2809 = VERTEX_POINT('',#2810);
#2810 = CARTESIAN_POINT('',(33.377551020408,-23.,172.));
#2811 = SURFACE_CURVE('',#2812,(#2817,#2824),.PCURVE_S1.);
#2812 = CIRCLE('',#2813,33.377551020408);
#2813 = AXIS2_PLACEMENT_3D('',#2814,#2815,#2816);
#2814 = CARTESIAN_POINT('',(0.,-23.,172.));
#2815 = DIRECTION('',(0.,0.,1.));
#2816 = DIRECTION('',(1.,0.,-0.));
#2817 = PCURVE('',#2072,#2818);
#2818 = DEFINITIONAL_REPRESENTATION('',(#2819),#2823);
#2819 = LINE('',#2820,#2821);
#2820 = CARTESIAN_POINT('',(0.,60.));
#2821 = VECTOR('',#2822,1.);
#2822 = DIRECTION('',(1.,0.));
#2823 = ( GEOMETRIC_REPRESENTATION_CONTEXT(2) 
PARAMETRIC_REPRESENTATION_CONTEXT() REPRESENTATION_CONTEXT('2D SPACE',''
  ) );
#2824 = PCURVE('',#2825,#2830);
#2825 = PLANE('',#2826);
#2826 = AXIS2_PLACEMENT_3D('',#2827,#2828,#2829);
#2827 = CARTESIAN_POINT('',(21.,-44.,172.));
#2828 = DIRECTION('',(0.,0.,1.));
#2829 = DIRECTION('',(1.,0.,-0.));
#2830 = DEFINITIONAL_REPRESENTATION('',(#2831),#2835);
#2831 = CIRCLE('',#2832,33.377551020408);
#2832 = AXIS2_PLACEMENT_2D('',#2833,#2834);
#2833 = CARTESIAN_POINT('',(-21.,21.));
#2834 = DIRECTION('',(1.,0.));
#2835 = ( GEOMETRIC_REPRESENTATION_CONTEXT(2) 
PARAMETRIC_REPRESENTATION_CONTEXT() REPRESENTATION_CONTEXT('2D SPACE',''
  ) );
#2836 = ORIENTED_EDGE('',*,*,#2837,.T.);
#2837 = EDGE_CURVE('',#2809,#2094,#2838,.T.);
#2838 = SEAM_CURVE('',#2839,(#2843,#2850),.PCURVE_S1.);
#2839 = LINE('',#2840,#2841);
#2840 = CARTESIAN_POINT('',(24.5,-23.,112.));
#2841 = VECTOR('',#2842,1.);
#2842 = DIRECTION('',(0.146365743746,0.,0.989230543937));
#2843 = PCURVE('',#2072,#2844);
#2844 = DEFINITIONAL_REPRESENTATION('',(#2845),#2849);
#2845 = LINE('',#2846,#2847);
#2846 = CARTESIAN_POINT('',(6.28318530718,0.));
#2847 = VECTOR('',#2848,1.);
#2848 = DIRECTION('',(0.,1.));
#2849 = ( GEOMETRIC_REPRESENTATION_CONTEXT(2) 
PARAMETRIC_REPRESENTATION_CONTEXT() REPRESENTATION_CONTEXT('2D SPACE',''
  ) );
#2850 = PCURVE('',#2072,#2851);
#2851 = DEFINITIONAL_REPRESENTATION('',(#2852),#2856);
#2852 = LINE('',#2853,#2854);
#2853 = CARTESIAN_POINT('',(4.138911435803E-13,0.));
#2854 = VECTOR('',#2855,1.);
#2855 = DIRECTION('',(0.,1.));
#2856 = ( GEOMETRIC_REPRESENTATION_CONTEXT(2) 
PARAMETRIC_REPRESENTATION_CONTEXT() REPRESENTATION_CONTEXT('2D SPACE',''
  ) );
#2857 = ORIENTED_EDGE('',*,*,#2093,.F.);
#2858 = ORIENTED_EDGE('',*,*,#2837,.F.);
#2859 = ORIENTED_EDGE('',*,*,#2860,.T.);
#2860 = EDGE_CURVE('',#2809,#2861,#2863,.T.);
#2861 = VERTEX_POINT('',#2862);
#2862 = CARTESIAN_POINT('',(25.94341751042,-2.,172.));
#2863 = SURFACE_CURVE('',#2864,(#2869,#2876),.PCURVE_S1.);
#2864 = CIRCLE('',#2865,33.377551020408);
#2865 = AXIS2_PLACEMENT_3D('',#2866,#2867,#2868);
#2866 = CARTESIAN_POINT('',(0.,-23.,172.));
#2867 = DIRECTION('',(0.,0.,1.));
#2868 = DIRECTION('',(1.,0.,-0.));
#2869 = PCURVE('',#2072,#2870);
#2870 = DEFINITIONAL_REPRESENTATION('',(#2871),#2875);
#2871 = LINE('',#2872,#2873);
#2872 = CARTESIAN_POINT('',(0.,60.));
#2873 = VECTOR('',#2874,1.);
#2874 = DIRECTION('',(1.,0.));
#2875 = ( GEOMETRIC_REPRESENTATION_CONTEXT(2) 
PARAMETRIC_REPRESENTATION_CONTEXT() REPRESENTATION_CONTEXT('2D SPACE',''
  ) );
#2876 = PCURVE('',#2825,#2877);
#2877 = DEFINITIONAL_REPRESENTATION('',(#2878),#2882);
#2878 = CIRCLE('',#2879,33.377551020408);
#2879 = AXIS2_PLACEMENT_2D('',#2880,#2881);
#2880 = CARTESIAN_POINT('',(-21.,21.));
#2881 = DIRECTION('',(1.,0.));
#2882 = ( GEOMETRIC_REPRESENTATION_CONTEXT(2) 
PARAMETRIC_REPRESENTATION_CONTEXT() REPRESENTATION_CONTEXT('2D SPACE',''
  ) );
#2883 = ORIENTED_EDGE('',*,*,#2884,.F.);
#2884 = EDGE_CURVE('',#2885,#2861,#2887,.T.);
#2885 = VERTEX_POINT('',#2886);
#2886 = CARTESIAN_POINT('',(21.,-2.,147.1345869906));
#2887 = SURFACE_CURVE('',#2888,(#2893,#2903),.PCURVE_S1.);
#2888 = HYPERBOLA('',#2889,141.93103448275,21.);
#2889 = AXIS2_PLACEMENT_3D('',#2890,#2891,#2892);
#2890 = CARTESIAN_POINT('',(0.,-2.,-53.58620689655));
#2891 = DIRECTION('',(0.,1.,0.));
#2892 = DIRECTION('',(0.,-0.,1.));
#2893 = PCURVE('',#2072,#2894);
#2894 = DEFINITIONAL_REPRESENTATION('',(#2895),#2902);
#2895 = B_SPLINE_CURVE_WITH_KNOTS('',5,(#2896,#2897,#2898,#2899,#2900,
    #2901),.UNSPECIFIED.,.F.,.F.,(6,6),(0.85176002638,1.062033363193),
  .PIECEWISE_BEZIER_KNOTS.);
#2896 = CARTESIAN_POINT('',(0.806557321237,31.018908127016));
#2897 = CARTESIAN_POINT('',(0.776197671424,36.740376102641));
#2898 = CARTESIAN_POINT('',(0.746942405628,42.896487066408));
#2899 = CARTESIAN_POINT('',(0.718796246583,49.508325799337));
#2900 = CARTESIAN_POINT('',(0.691746637394,56.600163963781));
#2901 = CARTESIAN_POINT('',(0.665770916204,64.2));
#2902 = ( GEOMETRIC_REPRESENTATION_CONTEXT(2) 
PARAMETRIC_REPRESENTATION_CONTEXT() REPRESENTATION_CONTEXT('2D SPACE',''
  ) );
#2903 = PCURVE('',#2904,#2909);
#2904 = PLANE('',#2905);
#2905 = AXIS2_PLACEMENT_3D('',#2906,#2907,#2908);
#2906 = CARTESIAN_POINT('',(21.,-2.,130.));
#2907 = DIRECTION('',(0.,1.,0.));
#2908 = DIRECTION('',(0.,-0.,1.));
#2909 = DEFINITIONAL_REPRESENTATION('',(#2910),#2914);
#2910 = HYPERBOLA('',#2911,141.93103448275,21.);
#2911 = AXIS2_PLACEMENT_2D('',#2912,#2913);
#2912 = CARTESIAN_POINT('',(-183.5862068965,-21.));
#2913 = DIRECTION('',(1.,0.));
#2914 = ( GEOMETRIC_REPRESENTATION_CONTEXT(2) 
PARAMETRIC_REPRESENTATION_CONTEXT() REPRESENTATION_CONTEXT('2D SPACE',''
  ) );
#2915 = ORIENTED_EDGE('',*,*,#2916,.T.);
#2916 = EDGE_CURVE('',#2885,#2491,#2917,.T.);
#2917 = SURFACE_CURVE('',#2918,(#2923,#2934),.PCURVE_S1.);
#2918 = HYPERBOLA('',#2919,141.93103448275,21.);
#2919 = AXIS2_PLACEMENT_3D('',#2920,#2921,#2922);
#2920 = CARTESIAN_POINT('',(21.,-23.,-53.58620689655));
#2921 = DIRECTION('',(1.,0.,0.));
#2922 = DIRECTION('',(-0.,0.,1.));
#2923 = PCURVE('',#2072,#2924);
#2924 = DEFINITIONAL_REPRESENTATION('',(#2925),#2933);
#2925 = B_SPLINE_CURVE_WITH_KNOTS('',6,(#2926,#2927,#2928,#2929,#2930,
    #2931,#2932),.UNSPECIFIED.,.F.,.F.,(7,7),(-1.01597313418,
    -0.711397902111),.PIECEWISE_BEZIER_KNOTS.);
#2926 = CARTESIAN_POINT('',(0.876058050598,56.117156317461));
#2927 = CARTESIAN_POINT('',(0.843560665249,47.471420764381));
#2928 = CARTESIAN_POINT('',(0.809542518626,39.511236843537));
#2929 = CARTESIAN_POINT('',(0.77397647243,32.19650329984));
#2930 = CARTESIAN_POINT('',(0.736852348053,25.492417179251));
#2931 = CARTESIAN_POINT('',(0.698185033549,19.368859340924));
#2932 = CARTESIAN_POINT('',(0.658021524034,13.8));
#2933 = ( GEOMETRIC_REPRESENTATION_CONTEXT(2) 
PARAMETRIC_REPRESENTATION_CONTEXT() REPRESENTATION_CONTEXT('2D SPACE',''
  ) );
#2934 = PCURVE('',#2451,#2935);
#2935 = DEFINITIONAL_REPRESENTATION('',(#2936),#2940);
#2936 = HYPERBOLA('',#2937,141.93103448275,21.);
#2937 = AXIS2_PLACEMENT_2D('',#2938,#2939);
#2938 = CARTESIAN_POINT('',(-183.5862068965,-21.));
#2939 = DIRECTION('',(1.,0.));
#2940 = ( GEOMETRIC_REPRESENTATION_CONTEXT(2) 
PARAMETRIC_REPRESENTATION_CONTEXT() REPRESENTATION_CONTEXT('2D SPACE',''
  ) );
#2941 = ORIENTED_EDGE('',*,*,#2942,.T.);
#2942 = EDGE_CURVE('',#2491,#2355,#2943,.T.);
#2943 = SURFACE_CURVE('',#2944,(#2949,#2960),.PCURVE_S1.);
#2944 = HYPERBOLA('',#2945,141.93103448275,21.);
#2945 = AXIS2_PLACEMENT_3D('',#2946,#2947,#2948);
#2946 = CARTESIAN_POINT('',(21.,-23.,-53.58620689655));
#2947 = DIRECTION('',(1.,0.,0.));
#2948 = DIRECTION('',(-0.,0.,1.));
#2949 = PCURVE('',#2072,#2950);
#2950 = DEFINITIONAL_REPRESENTATION('',(#2951),#2959);
#2951 = B_SPLINE_CURVE_WITH_KNOTS('',6,(#2952,#2953,#2954,#2955,#2956,
    #2957,#2958),.UNSPECIFIED.,.F.,.F.,(7,7),(-1.01597313418,
    -0.711397902111),.PIECEWISE_BEZIER_KNOTS.);
#2952 = CARTESIAN_POINT('',(0.876058050598,56.117156317461));
#2953 = CARTESIAN_POINT('',(0.843560665249,47.471420764381));
#2954 = CARTESIAN_POINT('',(0.809542518626,39.511236843537));
#2955 = CARTESIAN_POINT('',(0.77397647243,32.19650329984));
#2956 = CARTESIAN_POINT('',(0.736852348053,25.492417179251));
#2957 = CARTESIAN_POINT('',(0.698185033549,19.368859340924));
#2958 = CARTESIAN_POINT('',(0.658021524034,13.8));
#2959 = ( GEOMETRIC_REPRESENTATION_CONTEXT(2) 
PARAMETRIC_REPRESENTATION_CONTEXT() REPRESENTATION_CONTEXT('2D SPACE',''
  ) );
#2960 = PCURVE('',#2370,#2961);
#2961 = DEFINITIONAL_REPRESENTATION('',(#2962),#2966);
#2962 = HYPERBOLA('',#2963,141.93103448275,21.);
#2963 = AXIS2_PLACEMENT_2D('',#2964,#2965);
#2964 = CARTESIAN_POINT('',(-186.0862068965,-19.3));
#2965 = DIRECTION('',(1.,0.));
#2966 = ( GEOMETRIC_REPRESENTATION_CONTEXT(2) 
PARAMETRIC_REPRESENTATION_CONTEXT() REPRESENTATION_CONTEXT('2D SPACE',''
  ) );
#2967 = ORIENTED_EDGE('',*,*,#2968,.T.);
#2968 = EDGE_CURVE('',#2355,#2969,#2971,.T.);
#2969 = VERTEX_POINT('',#2970);
#2970 = CARTESIAN_POINT('',(21.,-5.770868214248,130.));
#2971 = SURFACE_CURVE('',#2972,(#2977,#2988),.PCURVE_S1.);
#2972 = HYPERBOLA('',#2973,141.93103448275,21.);
#2973 = AXIS2_PLACEMENT_3D('',#2974,#2975,#2976);
#2974 = CARTESIAN_POINT('',(21.,-23.,-53.58620689655));
#2975 = DIRECTION('',(1.,0.,0.));
#2976 = DIRECTION('',(-0.,0.,1.));
#2977 = PCURVE('',#2072,#2978);
#2978 = DEFINITIONAL_REPRESENTATION('',(#2979),#2987);
#2979 = B_SPLINE_CURVE_WITH_KNOTS('',6,(#2980,#2981,#2982,#2983,#2984,
    #2985,#2986),.UNSPECIFIED.,.F.,.F.,(7,7),(-1.01597313418,
    -0.711397902111),.PIECEWISE_BEZIER_KNOTS.);
#2980 = CARTESIAN_POINT('',(0.876058050598,56.117156317461));
#2981 = CARTESIAN_POINT('',(0.843560665249,47.471420764381));
#2982 = CARTESIAN_POINT('',(0.809542518626,39.511236843537));
#2983 = CARTESIAN_POINT('',(0.77397647243,32.19650329984));
#2984 = CARTESIAN_POINT('',(0.736852348053,25.492417179251));
#2985 = CARTESIAN_POINT('',(0.698185033549,19.368859340924));
#2986 = CARTESIAN_POINT('',(0.658021524034,13.8));
#2987 = ( GEOMETRIC_REPRESENTATION_CONTEXT(2) 
PARAMETRIC_REPRESENTATION_CONTEXT() REPRESENTATION_CONTEXT('2D SPACE',''
  ) );
#2988 = PCURVE('',#2396,#2989);
#2989 = DEFINITIONAL_REPRESENTATION('',(#2990),#2994);
#2990 = HYPERBOLA('',#2991,141.93103448275,21.);
#2991 = AXIS2_PLACEMENT_2D('',#2992,#2993);
#2992 = CARTESIAN_POINT('',(-183.5862068965,-21.));
#2993 = DIRECTION('',(1.,0.));
#2994 = ( GEOMETRIC_REPRESENTATION_CONTEXT(2) 
PARAMETRIC_REPRESENTATION_CONTEXT() REPRESENTATION_CONTEXT('2D SPACE',''
  ) );
#2995 = ORIENTED_EDGE('',*,*,#2996,.F.);
#2996 = EDGE_CURVE('',#2645,#2969,#2997,.T.);
#2997 = SURFACE_CURVE('',#2998,(#3003,#3010),.PCURVE_S1.);
#2998 = CIRCLE('',#2999,27.163265306122);
#2999 = AXIS2_PLACEMENT_3D('',#3000,#3001,#3002);
#3000 = CARTESIAN_POINT('',(0.,-23.,130.));
#3001 = DIRECTION('',(0.,0.,1.));
#3002 = DIRECTION('',(1.,0.,-0.));
#3003 = PCURVE('',#2072,#3004);
#3004 = DEFINITIONAL_REPRESENTATION('',(#3005),#3009);
#3005 = LINE('',#3006,#3007);
#3006 = CARTESIAN_POINT('',(0.,18.));
#3007 = VECTOR('',#3008,1.);
#3008 = DIRECTION('',(1.,0.));
#3009 = ( GEOMETRIC_REPRESENTATION_CONTEXT(2) 
PARAMETRIC_REPRESENTATION_CONTEXT() REPRESENTATION_CONTEXT('2D SPACE',''
  ) );
#3010 = PCURVE('',#2684,#3011);
#3011 = DEFINITIONAL_REPRESENTATION('',(#3012),#3016);
#3012 = CIRCLE('',#3013,27.163265306122);
#3013 = AXIS2_PLACEMENT_2D('',#3014,#3015);
#3014 = CARTESIAN_POINT('',(-21.,21.));
#3015 = DIRECTION('',(1.,0.));
#3016 = ( GEOMETRIC_REPRESENTATION_CONTEXT(2) 
PARAMETRIC_REPRESENTATION_CONTEXT() REPRESENTATION_CONTEXT('2D SPACE',''
  ) );
#3017 = ORIENTED_EDGE('',*,*,#2644,.F.);
#3018 = ADVANCED_FACE('',(#3019),#2259,.F.);
#3019 = FACE_BOUND('',#3020,.F.);
#3020 = EDGE_LOOP('',(#3021,#3042,#3043,#3044));
#3021 = ORIENTED_EDGE('',*,*,#3022,.F.);
#3022 = EDGE_CURVE('',#2436,#2514,#3023,.T.);
#3023 = SURFACE_CURVE('',#3024,(#3028,#3035),.PCURVE_S1.);
#3024 = LINE('',#3025,#3026);
#3025 = CARTESIAN_POINT('',(21.,-42.3,169.5));
#3026 = VECTOR('',#3027,1.);
#3027 = DIRECTION('',(0.,1.,0.));
#3028 = PCURVE('',#2259,#3029);
#3029 = DEFINITIONAL_REPRESENTATION('',(#3030),#3034);
#3030 = LINE('',#3031,#3032);
#3031 = CARTESIAN_POINT('',(0.,0.));
#3032 = VECTOR('',#3033,1.);
#3033 = DIRECTION('',(0.,1.));
#3034 = ( GEOMETRIC_REPRESENTATION_CONTEXT(2) 
PARAMETRIC_REPRESENTATION_CONTEXT() REPRESENTATION_CONTEXT('2D SPACE',''
  ) );
#3035 = PCURVE('',#2451,#3036);
#3036 = DEFINITIONAL_REPRESENTATION('',(#3037),#3041);
#3037 = LINE('',#3038,#3039);
#3038 = CARTESIAN_POINT('',(39.5,-1.7));
#3039 = VECTOR('',#3040,1.);
#3040 = DIRECTION('',(0.,-1.));
#3041 = ( GEOMETRIC_REPRESENTATION_CONTEXT(2) 
PARAMETRIC_REPRESENTATION_CONTEXT() REPRESENTATION_CONTEXT('2D SPACE',''
  ) );
#3042 = ORIENTED_EDGE('',*,*,#2463,.T.);
#3043 = ORIENTED_EDGE('',*,*,#2245,.T.);
#3044 = ORIENTED_EDGE('',*,*,#2536,.F.);
#3045 = ADVANCED_FACE('',(#3046),#2295,.T.);
#3046 = FACE_BOUND('',#3047,.T.);
#3047 = EDGE_LOOP('',(#3048,#3049,#3050));
#3048 = ORIENTED_EDGE('',*,*,#2412,.F.);
#3049 = ORIENTED_EDGE('',*,*,#2277,.T.);
#3050 = ORIENTED_EDGE('',*,*,#2722,.T.);
#3051 = ADVANCED_FACE('',(#3052),#2396,.F.);
#3052 = FACE_BOUND('',#3053,.F.);
#3053 = EDGE_LOOP('',(#3054,#3055,#3056,#3077));
#3054 = ORIENTED_EDGE('',*,*,#2382,.F.);
#3055 = ORIENTED_EDGE('',*,*,#2696,.F.);
#3056 = ORIENTED_EDGE('',*,*,#3057,.T.);
#3057 = EDGE_CURVE('',#2668,#2969,#3058,.T.);
#3058 = SURFACE_CURVE('',#3059,(#3063,#3070),.PCURVE_S1.);
#3059 = LINE('',#3060,#3061);
#3060 = CARTESIAN_POINT('',(21.,-44.,130.));
#3061 = VECTOR('',#3062,1.);
#3062 = DIRECTION('',(0.,1.,0.));
#3063 = PCURVE('',#2396,#3064);
#3064 = DEFINITIONAL_REPRESENTATION('',(#3065),#3069);
#3065 = LINE('',#3066,#3067);
#3066 = CARTESIAN_POINT('',(0.,0.));
#3067 = VECTOR('',#3068,1.);
#3068 = DIRECTION('',(0.,-1.));
#3069 = ( GEOMETRIC_REPRESENTATION_CONTEXT(2) 
PARAMETRIC_REPRESENTATION_CONTEXT() REPRESENTATION_CONTEXT('2D SPACE',''
  ) );
#3070 = PCURVE('',#2684,#3071);
#3071 = DEFINITIONAL_REPRESENTATION('',(#3072),#3076);
#3072 = LINE('',#3073,#3074);
#3073 = CARTESIAN_POINT('',(0.,0.));
#3074 = VECTOR('',#3075,1.);
#3075 = DIRECTION('',(0.,1.));
#3076 = ( GEOMETRIC_REPRESENTATION_CONTEXT(2) 
PARAMETRIC_REPRESENTATION_CONTEXT() REPRESENTATION_CONTEXT('2D SPACE',''
  ) );
#3077 = ORIENTED_EDGE('',*,*,#2968,.F.);
#3078 = ADVANCED_FACE('',(#3079),#2370,.T.);
#3079 = FACE_BOUND('',#3080,.T.);
#3080 = EDGE_LOOP('',(#3081,#3082,#3083));
#3081 = ORIENTED_EDGE('',*,*,#2942,.T.);
#3082 = ORIENTED_EDGE('',*,*,#2354,.T.);
#3083 = ORIENTED_EDGE('',*,*,#2490,.T.);
#3084 = ADVANCED_FACE('',(#3085),#2451,.F.);
#3085 = FACE_BOUND('',#3086,.F.);
#3086 = EDGE_LOOP('',(#3087,#3110,#3111,#3112,#3113,#3114,#3115,#3138));
#3087 = ORIENTED_EDGE('',*,*,#3088,.F.);
#3088 = EDGE_CURVE('',#2749,#3089,#3091,.T.);
#3089 = VERTEX_POINT('',#3090);
#3090 = CARTESIAN_POINT('',(21.,-44.,172.));
#3091 = SURFACE_CURVE('',#3092,(#3096,#3103),.PCURVE_S1.);
#3092 = LINE('',#3093,#3094);
#3093 = CARTESIAN_POINT('',(21.,-44.,130.));
#3094 = VECTOR('',#3095,1.);
#3095 = DIRECTION('',(0.,0.,1.));
#3096 = PCURVE('',#2451,#3097);
#3097 = DEFINITIONAL_REPRESENTATION('',(#3098),#3102);
#3098 = LINE('',#3099,#3100);
#3099 = CARTESIAN_POINT('',(0.,0.));
#3100 = VECTOR('',#3101,1.);
#3101 = DIRECTION('',(1.,0.));
#3102 = ( GEOMETRIC_REPRESENTATION_CONTEXT(2) 
PARAMETRIC_REPRESENTATION_CONTEXT() REPRESENTATION_CONTEXT('2D SPACE',''
  ) );
#3103 = PCURVE('',#2796,#3104);
#3104 = DEFINITIONAL_REPRESENTATION('',(#3105),#3109);
#3105 = LINE('',#3106,#3107);
#3106 = CARTESIAN_POINT('',(0.,0.));
#3107 = VECTOR('',#3108,1.);
#3108 = DIRECTION('',(1.,0.));
#3109 = ( GEOMETRIC_REPRESENTATION_CONTEXT(2) 
PARAMETRIC_REPRESENTATION_CONTEXT() REPRESENTATION_CONTEXT('2D SPACE',''
  ) );
#3110 = ORIENTED_EDGE('',*,*,#2748,.F.);
#3111 = ORIENTED_EDGE('',*,*,#2435,.T.);
#3112 = ORIENTED_EDGE('',*,*,#3022,.T.);
#3113 = ORIENTED_EDGE('',*,*,#2513,.F.);
#3114 = ORIENTED_EDGE('',*,*,#2916,.F.);
#3115 = ORIENTED_EDGE('',*,*,#3116,.T.);
#3116 = EDGE_CURVE('',#2885,#3117,#3119,.T.);
#3117 = VERTEX_POINT('',#3118);
#3118 = CARTESIAN_POINT('',(21.,-2.,172.));
#3119 = SURFACE_CURVE('',#3120,(#3124,#3131),.PCURVE_S1.);
#3120 = LINE('',#3121,#3122);
#3121 = CARTESIAN_POINT('',(21.,-2.,130.));
#3122 = VECTOR('',#3123,1.);
#3123 = DIRECTION('',(0.,0.,1.));
#3124 = PCURVE('',#2451,#3125);
#3125 = DEFINITIONAL_REPRESENTATION('',(#3126),#3130);
#3126 = LINE('',#3127,#3128);
#3127 = CARTESIAN_POINT('',(0.,-42.));
#3128 = VECTOR('',#3129,1.);
#3129 = DIRECTION('',(1.,0.));
#3130 = ( GEOMETRIC_REPRESENTATION_CONTEXT(2) 
PARAMETRIC_REPRESENTATION_CONTEXT() REPRESENTATION_CONTEXT('2D SPACE',''
  ) );
#3131 = PCURVE('',#2904,#3132);
#3132 = DEFINITIONAL_REPRESENTATION('',(#3133),#3137);
#3133 = LINE('',#3134,#3135);
#3134 = CARTESIAN_POINT('',(0.,0.));
#3135 = VECTOR('',#3136,1.);
#3136 = DIRECTION('',(1.,0.));
#3137 = ( GEOMETRIC_REPRESENTATION_CONTEXT(2) 
PARAMETRIC_REPRESENTATION_CONTEXT() REPRESENTATION_CONTEXT('2D SPACE',''
  ) );
#3138 = ORIENTED_EDGE('',*,*,#3139,.F.);
#3139 = EDGE_CURVE('',#3089,#3117,#3140,.T.);
#3140 = SURFACE_CURVE('',#3141,(#3145,#3152),.PCURVE_S1.);
#3141 = LINE('',#3142,#3143);
#3142 = CARTESIAN_POINT('',(21.,-44.,172.));
#3143 = VECTOR('',#3144,1.);
#3144 = DIRECTION('',(0.,1.,0.));
#3145 = PCURVE('',#2451,#3146);
#3146 = DEFINITIONAL_REPRESENTATION('',(#3147),#3151);
#3147 = LINE('',#3148,#3149);
#3148 = CARTESIAN_POINT('',(42.,0.));
#3149 = VECTOR('',#3150,1.);
#3150 = DIRECTION('',(0.,-1.));
#3151 = ( GEOMETRIC_REPRESENTATION_CONTEXT(2) 
PARAMETRIC_REPRESENTATION_CONTEXT() REPRESENTATION_CONTEXT('2D SPACE',''
  ) );
#3152 = PCURVE('',#2825,#3153);
#3153 = DEFINITIONAL_REPRESENTATION('',(#3154),#3158);
#3154 = LINE('',#3155,#3156);
#3155 = CARTESIAN_POINT('',(0.,0.));
#3156 = VECTOR('',#3157,1.);
#3157 = DIRECTION('',(0.,1.));
#3158 = ( GEOMETRIC_REPRESENTATION_CONTEXT(2) 
PARAMETRIC_REPRESENTATION_CONTEXT() REPRESENTATION_CONTEXT('2D SPACE',''
  ) );
#3159 = ADVANCED_FACE('',(#3160),#2684,.F.);
#3160 = FACE_BOUND('',#3161,.F.);
#3161 = EDGE_LOOP('',(#3162,#3163,#3164));
#3162 = ORIENTED_EDGE('',*,*,#2996,.T.);
#3163 = ORIENTED_EDGE('',*,*,#3057,.F.);
#3164 = ORIENTED_EDGE('',*,*,#2667,.T.);
#3165 = ADVANCED_FACE('',(#3166),#2904,.T.);
#3166 = FACE_BOUND('',#3167,.T.);
#3167 = EDGE_LOOP('',(#3168,#3169,#3170));
#3168 = ORIENTED_EDGE('',*,*,#2884,.F.);
#3169 = ORIENTED_EDGE('',*,*,#3116,.T.);
#3170 = ORIENTED_EDGE('',*,*,#3171,.T.);
#3171 = EDGE_CURVE('',#3117,#2861,#3172,.T.);
#3172 = SURFACE_CURVE('',#3173,(#3177,#3184),.PCURVE_S1.);
#3173 = LINE('',#3174,#3175);
#3174 = CARTESIAN_POINT('',(21.,-2.,172.));
#3175 = VECTOR('',#3176,1.);
#3176 = DIRECTION('',(1.,0.,0.));
#3177 = PCURVE('',#2904,#3178);
#3178 = DEFINITIONAL_REPRESENTATION('',(#3179),#3183);
#3179 = LINE('',#3180,#3181);
#3180 = CARTESIAN_POINT('',(42.,0.));
#3181 = VECTOR('',#3182,1.);
#3182 = DIRECTION('',(0.,1.));
#3183 = ( GEOMETRIC_REPRESENTATION_CONTEXT(2) 
PARAMETRIC_REPRESENTATION_CONTEXT() REPRESENTATION_CONTEXT('2D SPACE',''
  ) );
#3184 = PCURVE('',#2825,#3185);
#3185 = DEFINITIONAL_REPRESENTATION('',(#3186),#3190);
#3186 = LINE('',#3187,#3188);
#3187 = CARTESIAN_POINT('',(0.,42.));
#3188 = VECTOR('',#3189,1.);
#3189 = DIRECTION('',(1.,0.));
#3190 = ( GEOMETRIC_REPRESENTATION_CONTEXT(2) 
PARAMETRIC_REPRESENTATION_CONTEXT() REPRESENTATION_CONTEXT('2D SPACE',''
  ) );
#3191 = ADVANCED_FACE('',(#3192),#2825,.T.);
#3192 = FACE_BOUND('',#3193,.T.);
#3193 = EDGE_LOOP('',(#3194,#3195,#3196,#3217,#3218));
#3194 = ORIENTED_EDGE('',*,*,#3171,.F.);
#3195 = ORIENTED_EDGE('',*,*,#3139,.F.);
#3196 = ORIENTED_EDGE('',*,*,#3197,.T.);
#3197 = EDGE_CURVE('',#3089,#2777,#3198,.T.);
#3198 = SURFACE_CURVE('',#3199,(#3203,#3210),.PCURVE_S1.);
#3199 = LINE('',#3200,#3201);
#3200 = CARTESIAN_POINT('',(21.,-44.,172.));
#3201 = VECTOR('',#3202,1.);
#3202 = DIRECTION('',(1.,0.,0.));
#3203 = PCURVE('',#2825,#3204);
#3204 = DEFINITIONAL_REPRESENTATION('',(#3205),#3209);
#3205 = LINE('',#3206,#3207);
#3206 = CARTESIAN_POINT('',(0.,0.));
#3207 = VECTOR('',#3208,1.);
#3208 = DIRECTION('',(1.,0.));
#3209 = ( GEOMETRIC_REPRESENTATION_CONTEXT(2) 
PARAMETRIC_REPRESENTATION_CONTEXT() REPRESENTATION_CONTEXT('2D SPACE',''
  ) );
#3210 = PCURVE('',#2796,#3211);
#3211 = DEFINITIONAL_REPRESENTATION('',(#3212),#3216);
#3212 = LINE('',#3213,#3214);
#3213 = CARTESIAN_POINT('',(42.,0.));
#3214 = VECTOR('',#3215,1.);
#3215 = DIRECTION('',(0.,1.));
#3216 = ( GEOMETRIC_REPRESENTATION_CONTEXT(2) 
PARAMETRIC_REPRESENTATION_CONTEXT() REPRESENTATION_CONTEXT('2D SPACE',''
  ) );
#3217 = ORIENTED_EDGE('',*,*,#2808,.T.);
#3218 = ORIENTED_EDGE('',*,*,#2860,.T.);
#3219 = ADVANCED_FACE('',(#3220),#2796,.F.);
#3220 = FACE_BOUND('',#3221,.F.);
#3221 = EDGE_LOOP('',(#3222,#3223,#3224));
#3222 = ORIENTED_EDGE('',*,*,#2776,.F.);
#3223 = ORIENTED_EDGE('',*,*,#3088,.T.);
#3224 = ORIENTED_EDGE('',*,*,#3197,.T.);
#3225 = ( GEOMETRIC_REPRESENTATION_CONTEXT(3) 
GLOBAL_UNCERTAINTY_ASSIGNED_CONTEXT((#3229)) 
GLOBAL_UNIT_ASSIGNED_CONTEXT((#3226,#3227,#3228)) REPRESENTATION_CONTEXT
('Context #1','3D Context with UNIT and UNCERTAINTY') );
#3226 = ( LENGTH_UNIT() NAMED_UNIT(*) SI_UNIT(.MILLI.,.METRE.) );
#3227 = ( NAMED_UNIT(*) PLANE_ANGLE_UNIT() SI_UNIT($,.RADIAN.) );
#3228 = ( NAMED_UNIT(*) SI_UNIT($,.STERADIAN.) SOLID_ANGLE_UNIT() );
#3229 = UNCERTAINTY_MEASURE_WITH_UNIT(LENGTH_MEASURE(1.E-07),#3226,
  'distance_accuracy_value','confusion accuracy');
#3230 = PRODUCT_RELATED_PRODUCT_CATEGORY('part',$,(#7));
#3231 = MECHANICAL_DESIGN_GEOMETRIC_PRESENTATION_REPRESENTATION('',(
    #3232),#3225);
#3232 = STYLED_ITEM('color',(#3233),#15);
#3233 = PRESENTATION_STYLE_ASSIGNMENT((#3234));
#3234 = SURFACE_STYLE_USAGE(.BOTH.,#3235);
#3235 = SURFACE_SIDE_STYLE('',(#3236));
#3236 = SURFACE_STYLE_FILL_AREA(#3237);
#3237 = FILL_AREA_STYLE('',(#3238));
#3238 = FILL_AREA_STYLE_COLOUR('',#3239);
#3239 = COLOUR_RGB('',0.945276898204,0.945276898204,0.954687160741);
ENDSEC;
END-ISO-10303-21;
