ISO-10303-21;
HEADER;
FILE_DESCRIPTION(('Open CASCADE Model'),'2;1');
FILE_NAME('Open CASCADE Shape Model','2026-10-10T16:23:32',('Author'),(
    'Open CASCADE'),'Open CASCADE STEP processor 7.9','Open CASCADE 7.9'
  ,'Unknown');
FILE_SCHEMA(('AUTOMOTIVE_DESIGN { 1 0 10303 214 1 1 1 1 }'));
ENDSEC;
DATA;
#1 = APPLICATION_PROTOCOL_DEFINITION('international standard',
  'automotive_design',2000,#2);
#2 = APPLICATION_CONTEXT(
  'core data for automotive mechanical design processes');
#3 = SHAPE_DEFINITION_REPRESENTATION(#4,#10);
#4 = PRODUCT_DEFINITION_SHAPE('','',#5);
#5 = PRODUCT_DEFINITION('design','',#6,#9);
#6 = PRODUCT_DEFINITION_FORMATION('','',#7);
#7 = PRODUCT('Open CASCADE STEP translator 7.9 2',
  'Open CASCADE STEP translator 7.9 2','',(#8));
#8 = PRODUCT_CONTEXT('',#2,'mechanical');
#9 = PRODUCT_DEFINITION_CONTEXT('part definition',#2,'design');
#10 = ADVANCED_BREP_SHAPE_REPRESENTATION('',(#11,#15),#15045);
#11 = AXIS2_PLACEMENT_3D('',#12,#13,#14);
#12 = CARTESIAN_POINT('',(0.,0.,0.));
#13 = DIRECTION('',(0.,0.,1.));
#14 = DIRECTION('',(1.,0.,-0.));
#15 = MANIFOLD_SOLID_BREP('',#16);
#16 = CLOSED_SHELL('',(#17,#137,#213,#5456,#5505,#9746,#9753,#9800,#9827
    ,#9854,#9861,#9908,#9935,#9962,#9969,#10016,#10043,#10070,#10077,
    #10124,#10151,#10178,#10185,#10232,#10259,#10286,#10293,#10340,
    #10367,#10394,#10401,#10448,#10475,#10502,#10509,#10556,#10583,
    #10610,#10617,#10664,#10691,#10718,#10725,#10772,#10799,#10826,
    #10833,#10880,#10907,#10934,#10941,#10988,#11015,#11042,#11049,
    #11096,#11123,#11150,#11157,#11204,#11231,#11258,#11265,#11312,
    #11339,#11366,#11373,#11420,#11447,#11474,#11481,#11528,#11555,
    #11582,#11589,#11636,#11663,#11690,#11697,#11744,#11771,#11798,
    #11805,#11852,#11879,#11906,#11913,#11960,#11987,#12014,#12021,
    #12068,#12095,#12122,#12129,#12176,#12203,#12230,#12237,#12284,
    #12311,#12338,#12345,#12392,#12419,#12446,#12453,#12500,#12527,
    #12554,#12561,#12608,#12635,#12662,#12669,#12716,#12743,#12770,
    #12777,#12824,#12851,#12878,#12885,#12932,#12959,#12986,#12993,
    #13040,#13067,#13094,#13101,#13148,#13175,#13202,#13209,#13256,
    #13283,#13310,#13317,#13364,#13391,#13418,#13425,#13472,#13499,
    #13526,#13533,#13580,#13607,#13634,#13641,#13688,#13715,#13742,
    #13749,#13796,#13823,#13850,#13857,#13904,#13931,#13958,#13965,
    #14012,#14039,#14066,#14073,#14120,#14147,#14174,#14181,#14228,
    #14255,#14282,#14289,#14336,#14363,#14390,#14397,#14444,#14471,
    #14498,#14505,#14552,#14579,#14606,#14613,#14660,#14687,#14714,
    #14721,#14768,#14795,#14822,#14829,#14876,#14903,#14930,#14937,
    #14984,#15011,#15038));
#17 = ADVANCED_FACE('',(#18),#32,.F.);
#18 = FACE_BOUND('',#19,.F.);
#19 = EDGE_LOOP('',(#20,#55,#83,#111));
#20 = ORIENTED_EDGE('',*,*,#21,.F.);
#21 = EDGE_CURVE('',#22,#24,#26,.T.);
#22 = VERTEX_POINT('',#23);
#23 = CARTESIAN_POINT('',(-197.,-133.,10.));
#24 = VERTEX_POINT('',#25);
#25 = CARTESIAN_POINT('',(-197.,-133.,13.));
#26 = SURFACE_CURVE('',#27,(#31,#43),.PCURVE_S1.);
#27 = LINE('',#28,#29);
#28 = CARTESIAN_POINT('',(-197.,-133.,10.));
#29 = VECTOR('',#30,1.);
#30 = DIRECTION('',(0.,0.,1.));
#31 = PCURVE('',#32,#37);
#32 = PLANE('',#33);
#33 = AXIS2_PLACEMENT_3D('',#34,#35,#36);
#34 = CARTESIAN_POINT('',(-197.,-133.,10.));
#35 = DIRECTION('',(1.,0.,0.));
#36 = DIRECTION('',(0.,0.,1.));
#37 = DEFINITIONAL_REPRESENTATION('',(#38),#42);
#38 = LINE('',#39,#40);
#39 = CARTESIAN_POINT('',(0.,0.));
#40 = VECTOR('',#41,1.);
#41 = DIRECTION('',(1.,0.));
#42 = ( GEOMETRIC_REPRESENTATION_CONTEXT(2) 
PARAMETRIC_REPRESENTATION_CONTEXT() REPRESENTATION_CONTEXT('2D SPACE',''
  ) );
#43 = PCURVE('',#44,#49);
#44 = PLANE('',#45);
#45 = AXIS2_PLACEMENT_3D('',#46,#47,#48);
#46 = CARTESIAN_POINT('',(-197.,-133.,10.));
#47 = DIRECTION('',(0.,1.,0.));
#48 = DIRECTION('',(0.,0.,1.));
#49 = DEFINITIONAL_REPRESENTATION('',(#50),#54);
#50 = LINE('',#51,#52);
#51 = CARTESIAN_POINT('',(0.,0.));
#52 = VECTOR('',#53,1.);
#53 = DIRECTION('',(1.,0.));
#54 = ( GEOMETRIC_REPRESENTATION_CONTEXT(2) 
PARAMETRIC_REPRESENTATION_CONTEXT() REPRESENTATION_CONTEXT('2D SPACE',''
  ) );
#55 = ORIENTED_EDGE('',*,*,#56,.T.);
#56 = EDGE_CURVE('',#22,#57,#59,.T.);
#57 = VERTEX_POINT('',#58);
#58 = CARTESIAN_POINT('',(-197.,133.,10.));
#59 = SURFACE_CURVE('',#60,(#64,#71),.PCURVE_S1.);
#60 = LINE('',#61,#62);
#61 = CARTESIAN_POINT('',(-197.,-133.,10.));
#62 = VECTOR('',#63,1.);
#63 = DIRECTION('',(0.,1.,0.));
#64 = PCURVE('',#32,#65);
#65 = DEFINITIONAL_REPRESENTATION('',(#66),#70);
#66 = LINE('',#67,#68);
#67 = CARTESIAN_POINT('',(0.,0.));
#68 = VECTOR('',#69,1.);
#69 = DIRECTION('',(0.,-1.));
#70 = ( GEOMETRIC_REPRESENTATION_CONTEXT(2) 
PARAMETRIC_REPRESENTATION_CONTEXT() REPRESENTATION_CONTEXT('2D SPACE',''
  ) );
#71 = PCURVE('',#72,#77);
#72 = PLANE('',#73);
#73 = AXIS2_PLACEMENT_3D('',#74,#75,#76);
#74 = CARTESIAN_POINT('',(-197.,-133.,10.));
#75 = DIRECTION('',(0.,0.,1.));
#76 = DIRECTION('',(1.,0.,0.));
#77 = DEFINITIONAL_REPRESENTATION('',(#78),#82);
#78 = LINE('',#79,#80);
#79 = CARTESIAN_POINT('',(0.,0.));
#80 = VECTOR('',#81,1.);
#81 = DIRECTION('',(0.,1.));
#82 = ( GEOMETRIC_REPRESENTATION_CONTEXT(2) 
PARAMETRIC_REPRESENTATION_CONTEXT() REPRESENTATION_CONTEXT('2D SPACE',''
  ) );
#83 = ORIENTED_EDGE('',*,*,#84,.T.);
#84 = EDGE_CURVE('',#57,#85,#87,.T.);
#85 = VERTEX_POINT('',#86);
#86 = CARTESIAN_POINT('',(-197.,133.,13.));
#87 = SURFACE_CURVE('',#88,(#92,#99),.PCURVE_S1.);
#88 = LINE('',#89,#90);
#89 = CARTESIAN_POINT('',(-197.,133.,10.));
#90 = VECTOR('',#91,1.);
#91 = DIRECTION('',(0.,0.,1.));
#92 = PCURVE('',#32,#93);
#93 = DEFINITIONAL_REPRESENTATION('',(#94),#98);
#94 = LINE('',#95,#96);
#95 = CARTESIAN_POINT('',(0.,-266.));
#96 = VECTOR('',#97,1.);
#97 = DIRECTION('',(1.,0.));
#98 = ( GEOMETRIC_REPRESENTATION_CONTEXT(2) 
PARAMETRIC_REPRESENTATION_CONTEXT() REPRESENTATION_CONTEXT('2D SPACE',''
  ) );
#99 = PCURVE('',#100,#105);
#100 = PLANE('',#101);
#101 = AXIS2_PLACEMENT_3D('',#102,#103,#104);
#102 = CARTESIAN_POINT('',(-197.,133.,10.));
#103 = DIRECTION('',(0.,1.,0.));
#104 = DIRECTION('',(0.,0.,1.));
#105 = DEFINITIONAL_REPRESENTATION('',(#106),#110);
#106 = LINE('',#107,#108);
#107 = CARTESIAN_POINT('',(0.,0.));
#108 = VECTOR('',#109,1.);
#109 = DIRECTION('',(1.,0.));
#110 = ( GEOMETRIC_REPRESENTATION_CONTEXT(2) 
PARAMETRIC_REPRESENTATION_CONTEXT() REPRESENTATION_CONTEXT('2D SPACE',''
  ) );
#111 = ORIENTED_EDGE('',*,*,#112,.F.);
#112 = EDGE_CURVE('',#24,#85,#113,.T.);
#113 = SURFACE_CURVE('',#114,(#118,#125),.PCURVE_S1.);
#114 = LINE('',#115,#116);
#115 = CARTESIAN_POINT('',(-197.,-133.,13.));
#116 = VECTOR('',#117,1.);
#117 = DIRECTION('',(0.,1.,0.));
#118 = PCURVE('',#32,#119);
#119 = DEFINITIONAL_REPRESENTATION('',(#120),#124);
#120 = LINE('',#121,#122);
#121 = CARTESIAN_POINT('',(3.,0.));
#122 = VECTOR('',#123,1.);
#123 = DIRECTION('',(0.,-1.));
#124 = ( GEOMETRIC_REPRESENTATION_CONTEXT(2) 
PARAMETRIC_REPRESENTATION_CONTEXT() REPRESENTATION_CONTEXT('2D SPACE',''
  ) );
#125 = PCURVE('',#126,#131);
#126 = PLANE('',#127);
#127 = AXIS2_PLACEMENT_3D('',#128,#129,#130);
#128 = CARTESIAN_POINT('',(-197.,-133.,13.));
#129 = DIRECTION('',(0.,0.,1.));
#130 = DIRECTION('',(1.,0.,0.));
#131 = DEFINITIONAL_REPRESENTATION('',(#132),#136);
#132 = LINE('',#133,#134);
#133 = CARTESIAN_POINT('',(0.,0.));
#134 = VECTOR('',#135,1.);
#135 = DIRECTION('',(0.,1.));
#136 = ( GEOMETRIC_REPRESENTATION_CONTEXT(2) 
PARAMETRIC_REPRESENTATION_CONTEXT() REPRESENTATION_CONTEXT('2D SPACE',''
  ) );
#137 = ADVANCED_FACE('',(#138),#44,.F.);
#138 = FACE_BOUND('',#139,.F.);
#139 = EDGE_LOOP('',(#140,#163,#164,#187));
#140 = ORIENTED_EDGE('',*,*,#141,.F.);
#141 = EDGE_CURVE('',#22,#142,#144,.T.);
#142 = VERTEX_POINT('',#143);
#143 = CARTESIAN_POINT('',(69.,-133.,10.));
#144 = SURFACE_CURVE('',#145,(#149,#156),.PCURVE_S1.);
#145 = LINE('',#146,#147);
#146 = CARTESIAN_POINT('',(-197.,-133.,10.));
#147 = VECTOR('',#148,1.);
#148 = DIRECTION('',(1.,0.,0.));
#149 = PCURVE('',#44,#150);
#150 = DEFINITIONAL_REPRESENTATION('',(#151),#155);
#151 = LINE('',#152,#153);
#152 = CARTESIAN_POINT('',(0.,0.));
#153 = VECTOR('',#154,1.);
#154 = DIRECTION('',(0.,1.));
#155 = ( GEOMETRIC_REPRESENTATION_CONTEXT(2) 
PARAMETRIC_REPRESENTATION_CONTEXT() REPRESENTATION_CONTEXT('2D SPACE',''
  ) );
#156 = PCURVE('',#72,#157);
#157 = DEFINITIONAL_REPRESENTATION('',(#158),#162);
#158 = LINE('',#159,#160);
#159 = CARTESIAN_POINT('',(0.,0.));
#160 = VECTOR('',#161,1.);
#161 = DIRECTION('',(1.,0.));
#162 = ( GEOMETRIC_REPRESENTATION_CONTEXT(2) 
PARAMETRIC_REPRESENTATION_CONTEXT() REPRESENTATION_CONTEXT('2D SPACE',''
  ) );
#163 = ORIENTED_EDGE('',*,*,#21,.T.);
#164 = ORIENTED_EDGE('',*,*,#165,.T.);
#165 = EDGE_CURVE('',#24,#166,#168,.T.);
#166 = VERTEX_POINT('',#167);
#167 = CARTESIAN_POINT('',(69.,-133.,13.));
#168 = SURFACE_CURVE('',#169,(#173,#180),.PCURVE_S1.);
#169 = LINE('',#170,#171);
#170 = CARTESIAN_POINT('',(-197.,-133.,13.));
#171 = VECTOR('',#172,1.);
#172 = DIRECTION('',(1.,0.,0.));
#173 = PCURVE('',#44,#174);
#174 = DEFINITIONAL_REPRESENTATION('',(#175),#179);
#175 = LINE('',#176,#177);
#176 = CARTESIAN_POINT('',(3.,0.));
#177 = VECTOR('',#178,1.);
#178 = DIRECTION('',(0.,1.));
#179 = ( GEOMETRIC_REPRESENTATION_CONTEXT(2) 
PARAMETRIC_REPRESENTATION_CONTEXT() REPRESENTATION_CONTEXT('2D SPACE',''
  ) );
#180 = PCURVE('',#126,#181);
#181 = DEFINITIONAL_REPRESENTATION('',(#182),#186);
#182 = LINE('',#183,#184);
#183 = CARTESIAN_POINT('',(0.,0.));
#184 = VECTOR('',#185,1.);
#185 = DIRECTION('',(1.,0.));
#186 = ( GEOMETRIC_REPRESENTATION_CONTEXT(2) 
PARAMETRIC_REPRESENTATION_CONTEXT() REPRESENTATION_CONTEXT('2D SPACE',''
  ) );
#187 = ORIENTED_EDGE('',*,*,#188,.F.);
#188 = EDGE_CURVE('',#142,#166,#189,.T.);
#189 = SURFACE_CURVE('',#190,(#194,#201),.PCURVE_S1.);
#190 = LINE('',#191,#192);
#191 = CARTESIAN_POINT('',(69.,-133.,10.));
#192 = VECTOR('',#193,1.);
#193 = DIRECTION('',(0.,0.,1.));
#194 = PCURVE('',#44,#195);
#195 = DEFINITIONAL_REPRESENTATION('',(#196),#200);
#196 = LINE('',#197,#198);
#197 = CARTESIAN_POINT('',(0.,266.));
#198 = VECTOR('',#199,1.);
#199 = DIRECTION('',(1.,0.));
#200 = ( GEOMETRIC_REPRESENTATION_CONTEXT(2) 
PARAMETRIC_REPRESENTATION_CONTEXT() REPRESENTATION_CONTEXT('2D SPACE',''
  ) );
#201 = PCURVE('',#202,#207);
#202 = PLANE('',#203);
#203 = AXIS2_PLACEMENT_3D('',#204,#205,#206);
#204 = CARTESIAN_POINT('',(69.,-133.,10.));
#205 = DIRECTION('',(1.,0.,0.));
#206 = DIRECTION('',(0.,0.,1.));
#207 = DEFINITIONAL_REPRESENTATION('',(#208),#212);
#208 = LINE('',#209,#210);
#209 = CARTESIAN_POINT('',(0.,0.));
#210 = VECTOR('',#211,1.);
#211 = DIRECTION('',(1.,0.));
#212 = ( GEOMETRIC_REPRESENTATION_CONTEXT(2) 
PARAMETRIC_REPRESENTATION_CONTEXT() REPRESENTATION_CONTEXT('2D SPACE',''
  ) );
#213 = ADVANCED_FACE('',(#214,#262,#368,#474,#580,#686,#792,#898,#1004,
    #1110,#1216,#1322,#1428,#1534,#1640,#1746,#1852,#1958,#2064,#2170,
    #2276,#2382,#2488,#2594,#2700,#2806,#2912,#3018,#3124,#3230,#3336,
    #3442,#3548,#3654,#3760,#3866,#3972,#4078,#4184,#4290,#4396,#4502,
    #4608,#4714,#4820,#4926,#5032,#5138,#5244,#5350),#126,.T.);
#214 = FACE_BOUND('',#215,.T.);
#215 = EDGE_LOOP('',(#216,#217,#218,#241));
#216 = ORIENTED_EDGE('',*,*,#112,.F.);
#217 = ORIENTED_EDGE('',*,*,#165,.T.);
#218 = ORIENTED_EDGE('',*,*,#219,.T.);
#219 = EDGE_CURVE('',#166,#220,#222,.T.);
#220 = VERTEX_POINT('',#221);
#221 = CARTESIAN_POINT('',(69.,133.,13.));
#222 = SURFACE_CURVE('',#223,(#227,#234),.PCURVE_S1.);
#223 = LINE('',#224,#225);
#224 = CARTESIAN_POINT('',(69.,-133.,13.));
#225 = VECTOR('',#226,1.);
#226 = DIRECTION('',(0.,1.,0.));
#227 = PCURVE('',#126,#228);
#228 = DEFINITIONAL_REPRESENTATION('',(#229),#233);
#229 = LINE('',#230,#231);
#230 = CARTESIAN_POINT('',(266.,0.));
#231 = VECTOR('',#232,1.);
#232 = DIRECTION('',(0.,1.));
#233 = ( GEOMETRIC_REPRESENTATION_CONTEXT(2) 
PARAMETRIC_REPRESENTATION_CONTEXT() REPRESENTATION_CONTEXT('2D SPACE',''
  ) );
#234 = PCURVE('',#202,#235);
#235 = DEFINITIONAL_REPRESENTATION('',(#236),#240);
#236 = LINE('',#237,#238);
#237 = CARTESIAN_POINT('',(3.,0.));
#238 = VECTOR('',#239,1.);
#239 = DIRECTION('',(0.,-1.));
#240 = ( GEOMETRIC_REPRESENTATION_CONTEXT(2) 
PARAMETRIC_REPRESENTATION_CONTEXT() REPRESENTATION_CONTEXT('2D SPACE',''
  ) );
#241 = ORIENTED_EDGE('',*,*,#242,.F.);
#242 = EDGE_CURVE('',#85,#220,#243,.T.);
#243 = SURFACE_CURVE('',#244,(#248,#255),.PCURVE_S1.);
#244 = LINE('',#245,#246);
#245 = CARTESIAN_POINT('',(-197.,133.,13.));
#246 = VECTOR('',#247,1.);
#247 = DIRECTION('',(1.,0.,0.));
#248 = PCURVE('',#126,#249);
#249 = DEFINITIONAL_REPRESENTATION('',(#250),#254);
#250 = LINE('',#251,#252);
#251 = CARTESIAN_POINT('',(0.,266.));
#252 = VECTOR('',#253,1.);
#253 = DIRECTION('',(1.,0.));
#254 = ( GEOMETRIC_REPRESENTATION_CONTEXT(2) 
PARAMETRIC_REPRESENTATION_CONTEXT() REPRESENTATION_CONTEXT('2D SPACE',''
  ) );
#255 = PCURVE('',#100,#256);
#256 = DEFINITIONAL_REPRESENTATION('',(#257),#261);
#257 = LINE('',#258,#259);
#258 = CARTESIAN_POINT('',(3.,0.));
#259 = VECTOR('',#260,1.);
#260 = DIRECTION('',(0.,1.));
#261 = ( GEOMETRIC_REPRESENTATION_CONTEXT(2) 
PARAMETRIC_REPRESENTATION_CONTEXT() REPRESENTATION_CONTEXT('2D SPACE',''
  ) );
#262 = FACE_BOUND('',#263,.T.);
#263 = EDGE_LOOP('',(#264,#292,#318,#344));
#264 = ORIENTED_EDGE('',*,*,#265,.T.);
#265 = EDGE_CURVE('',#266,#268,#270,.T.);
#266 = VERTEX_POINT('',#267);
#267 = CARTESIAN_POINT('',(-146.,-82.,13.));
#268 = VERTEX_POINT('',#269);
#269 = CARTESIAN_POINT('',(-146.,-98.,13.));
#270 = SURFACE_CURVE('',#271,(#275,#281),.PCURVE_S1.);
#271 = LINE('',#272,#273);
#272 = CARTESIAN_POINT('',(-146.,-115.5,13.));
#273 = VECTOR('',#274,1.);
#274 = DIRECTION('',(0.,-1.,0.));
#275 = PCURVE('',#126,#276);
#276 = DEFINITIONAL_REPRESENTATION('',(#277),#280);
#277 = B_SPLINE_CURVE_WITH_KNOTS('',1,(#278,#279),.UNSPECIFIED.,.F.,.F.,
  (2,2),(-33.5,-17.5),.PIECEWISE_BEZIER_KNOTS.);
#278 = CARTESIAN_POINT('',(51.,51.));
#279 = CARTESIAN_POINT('',(51.,35.));
#280 = ( GEOMETRIC_REPRESENTATION_CONTEXT(2) 
PARAMETRIC_REPRESENTATION_CONTEXT() REPRESENTATION_CONTEXT('2D SPACE',''
  ) );
#281 = PCURVE('',#282,#287);
#282 = PLANE('',#283);
#283 = AXIS2_PLACEMENT_3D('',#284,#285,#286);
#284 = CARTESIAN_POINT('',(-146.,-98.,9.));
#285 = DIRECTION('',(-1.,0.,0.));
#286 = DIRECTION('',(0.,1.,0.));
#287 = DEFINITIONAL_REPRESENTATION('',(#288),#291);
#288 = B_SPLINE_CURVE_WITH_KNOTS('',1,(#289,#290),.UNSPECIFIED.,.F.,.F.,
  (2,2),(-33.5,-17.5),.PIECEWISE_BEZIER_KNOTS.);
#289 = CARTESIAN_POINT('',(16.,-4.));
#290 = CARTESIAN_POINT('',(0.,-4.));
#291 = ( GEOMETRIC_REPRESENTATION_CONTEXT(2) 
PARAMETRIC_REPRESENTATION_CONTEXT() REPRESENTATION_CONTEXT('2D SPACE',''
  ) );
#292 = ORIENTED_EDGE('',*,*,#293,.T.);
#293 = EDGE_CURVE('',#268,#294,#296,.T.);
#294 = VERTEX_POINT('',#295);
#295 = CARTESIAN_POINT('',(-162.,-98.,13.));
#296 = SURFACE_CURVE('',#297,(#301,#307),.PCURVE_S1.);
#297 = LINE('',#298,#299);
#298 = CARTESIAN_POINT('',(-179.5,-98.,13.));
#299 = VECTOR('',#300,1.);
#300 = DIRECTION('',(-1.,0.,0.));
#301 = PCURVE('',#126,#302);
#302 = DEFINITIONAL_REPRESENTATION('',(#303),#306);
#303 = B_SPLINE_CURVE_WITH_KNOTS('',1,(#304,#305),.UNSPECIFIED.,.F.,.F.,
  (2,2),(-33.5,-17.5),.PIECEWISE_BEZIER_KNOTS.);
#304 = CARTESIAN_POINT('',(51.,35.));
#305 = CARTESIAN_POINT('',(35.,35.));
#306 = ( GEOMETRIC_REPRESENTATION_CONTEXT(2) 
PARAMETRIC_REPRESENTATION_CONTEXT() REPRESENTATION_CONTEXT('2D SPACE',''
  ) );
#307 = PCURVE('',#308,#313);
#308 = PLANE('',#309);
#309 = AXIS2_PLACEMENT_3D('',#310,#311,#312);
#310 = CARTESIAN_POINT('',(-162.,-98.,9.));
#311 = DIRECTION('',(0.,1.,0.));
#312 = DIRECTION('',(1.,0.,0.));
#313 = DEFINITIONAL_REPRESENTATION('',(#314),#317);
#314 = B_SPLINE_CURVE_WITH_KNOTS('',1,(#315,#316),.UNSPECIFIED.,.F.,.F.,
  (2,2),(-33.5,-17.5),.PIECEWISE_BEZIER_KNOTS.);
#315 = CARTESIAN_POINT('',(16.,-4.));
#316 = CARTESIAN_POINT('',(0.,-4.));
#317 = ( GEOMETRIC_REPRESENTATION_CONTEXT(2) 
PARAMETRIC_REPRESENTATION_CONTEXT() REPRESENTATION_CONTEXT('2D SPACE',''
  ) );
#318 = ORIENTED_EDGE('',*,*,#319,.T.);
#319 = EDGE_CURVE('',#294,#320,#322,.T.);
#320 = VERTEX_POINT('',#321);
#321 = CARTESIAN_POINT('',(-162.,-82.,13.));
#322 = SURFACE_CURVE('',#323,(#327,#333),.PCURVE_S1.);
#323 = LINE('',#324,#325);
#324 = CARTESIAN_POINT('',(-162.,-107.5,13.));
#325 = VECTOR('',#326,1.);
#326 = DIRECTION('',(0.,1.,0.));
#327 = PCURVE('',#126,#328);
#328 = DEFINITIONAL_REPRESENTATION('',(#329),#332);
#329 = B_SPLINE_CURVE_WITH_KNOTS('',1,(#330,#331),.UNSPECIFIED.,.F.,.F.,
  (2,2),(9.5,25.5),.PIECEWISE_BEZIER_KNOTS.);
#330 = CARTESIAN_POINT('',(35.,35.));
#331 = CARTESIAN_POINT('',(35.,51.));
#332 = ( GEOMETRIC_REPRESENTATION_CONTEXT(2) 
PARAMETRIC_REPRESENTATION_CONTEXT() REPRESENTATION_CONTEXT('2D SPACE',''
  ) );
#333 = PCURVE('',#334,#339);
#334 = PLANE('',#335);
#335 = AXIS2_PLACEMENT_3D('',#336,#337,#338);
#336 = CARTESIAN_POINT('',(-162.,-82.,9.));
#337 = DIRECTION('',(1.,0.,0.));
#338 = DIRECTION('',(0.,-1.,0.));
#339 = DEFINITIONAL_REPRESENTATION('',(#340),#343);
#340 = B_SPLINE_CURVE_WITH_KNOTS('',1,(#341,#342),.UNSPECIFIED.,.F.,.F.,
  (2,2),(9.5,25.5),.PIECEWISE_BEZIER_KNOTS.);
#341 = CARTESIAN_POINT('',(16.,-4.));
#342 = CARTESIAN_POINT('',(0.,-4.));
#343 = ( GEOMETRIC_REPRESENTATION_CONTEXT(2) 
PARAMETRIC_REPRESENTATION_CONTEXT() REPRESENTATION_CONTEXT('2D SPACE',''
  ) );
#344 = ORIENTED_EDGE('',*,*,#345,.T.);
#345 = EDGE_CURVE('',#320,#266,#346,.T.);
#346 = SURFACE_CURVE('',#347,(#351,#357),.PCURVE_S1.);
#347 = LINE('',#348,#349);
#348 = CARTESIAN_POINT('',(-171.5,-82.,13.));
#349 = VECTOR('',#350,1.);
#350 = DIRECTION('',(1.,0.,0.));
#351 = PCURVE('',#126,#352);
#352 = DEFINITIONAL_REPRESENTATION('',(#353),#356);
#353 = B_SPLINE_CURVE_WITH_KNOTS('',1,(#354,#355),.UNSPECIFIED.,.F.,.F.,
  (2,2),(9.5,25.5),.PIECEWISE_BEZIER_KNOTS.);
#354 = CARTESIAN_POINT('',(35.,51.));
#355 = CARTESIAN_POINT('',(51.,51.));
#356 = ( GEOMETRIC_REPRESENTATION_CONTEXT(2) 
PARAMETRIC_REPRESENTATION_CONTEXT() REPRESENTATION_CONTEXT('2D SPACE',''
  ) );
#357 = PCURVE('',#358,#363);
#358 = PLANE('',#359);
#359 = AXIS2_PLACEMENT_3D('',#360,#361,#362);
#360 = CARTESIAN_POINT('',(-146.,-82.,9.));
#361 = DIRECTION('',(0.,-1.,0.));
#362 = DIRECTION('',(-1.,0.,0.));
#363 = DEFINITIONAL_REPRESENTATION('',(#364),#367);
#364 = B_SPLINE_CURVE_WITH_KNOTS('',1,(#365,#366),.UNSPECIFIED.,.F.,.F.,
  (2,2),(9.5,25.5),.PIECEWISE_BEZIER_KNOTS.);
#365 = CARTESIAN_POINT('',(16.,-4.));
#366 = CARTESIAN_POINT('',(0.,-4.));
#367 = ( GEOMETRIC_REPRESENTATION_CONTEXT(2) 
PARAMETRIC_REPRESENTATION_CONTEXT() REPRESENTATION_CONTEXT('2D SPACE',''
  ) );
#368 = FACE_BOUND('',#369,.T.);
#369 = EDGE_LOOP('',(#370,#398,#424,#450));
#370 = ORIENTED_EDGE('',*,*,#371,.T.);
#371 = EDGE_CURVE('',#372,#374,#376,.T.);
#372 = VERTEX_POINT('',#373);
#373 = CARTESIAN_POINT('',(-116.,-82.,13.));
#374 = VERTEX_POINT('',#375);
#375 = CARTESIAN_POINT('',(-116.,-98.,13.));
#376 = SURFACE_CURVE('',#377,(#381,#387),.PCURVE_S1.);
#377 = LINE('',#378,#379);
#378 = CARTESIAN_POINT('',(-116.,-115.5,13.));
#379 = VECTOR('',#380,1.);
#380 = DIRECTION('',(0.,-1.,0.));
#381 = PCURVE('',#126,#382);
#382 = DEFINITIONAL_REPRESENTATION('',(#383),#386);
#383 = B_SPLINE_CURVE_WITH_KNOTS('',1,(#384,#385),.UNSPECIFIED.,.F.,.F.,
  (2,2),(-33.5,-17.5),.PIECEWISE_BEZIER_KNOTS.);
#384 = CARTESIAN_POINT('',(81.,51.));
#385 = CARTESIAN_POINT('',(81.,35.));
#386 = ( GEOMETRIC_REPRESENTATION_CONTEXT(2) 
PARAMETRIC_REPRESENTATION_CONTEXT() REPRESENTATION_CONTEXT('2D SPACE',''
  ) );
#387 = PCURVE('',#388,#393);
#388 = PLANE('',#389);
#389 = AXIS2_PLACEMENT_3D('',#390,#391,#392);
#390 = CARTESIAN_POINT('',(-116.,-98.,9.));
#391 = DIRECTION('',(-1.,0.,0.));
#392 = DIRECTION('',(0.,1.,0.));
#393 = DEFINITIONAL_REPRESENTATION('',(#394),#397);
#394 = B_SPLINE_CURVE_WITH_KNOTS('',1,(#395,#396),.UNSPECIFIED.,.F.,.F.,
  (2,2),(-33.5,-17.5),.PIECEWISE_BEZIER_KNOTS.);
#395 = CARTESIAN_POINT('',(16.,-4.));
#396 = CARTESIAN_POINT('',(0.,-4.));
#397 = ( GEOMETRIC_REPRESENTATION_CONTEXT(2) 
PARAMETRIC_REPRESENTATION_CONTEXT() REPRESENTATION_CONTEXT('2D SPACE',''
  ) );
#398 = ORIENTED_EDGE('',*,*,#399,.T.);
#399 = EDGE_CURVE('',#374,#400,#402,.T.);
#400 = VERTEX_POINT('',#401);
#401 = CARTESIAN_POINT('',(-132.,-98.,13.));
#402 = SURFACE_CURVE('',#403,(#407,#413),.PCURVE_S1.);
#403 = LINE('',#404,#405);
#404 = CARTESIAN_POINT('',(-164.5,-98.,13.));
#405 = VECTOR('',#406,1.);
#406 = DIRECTION('',(-1.,0.,0.));
#407 = PCURVE('',#126,#408);
#408 = DEFINITIONAL_REPRESENTATION('',(#409),#412);
#409 = B_SPLINE_CURVE_WITH_KNOTS('',1,(#410,#411),.UNSPECIFIED.,.F.,.F.,
  (2,2),(-48.5,-32.5),.PIECEWISE_BEZIER_KNOTS.);
#410 = CARTESIAN_POINT('',(81.,35.));
#411 = CARTESIAN_POINT('',(65.,35.));
#412 = ( GEOMETRIC_REPRESENTATION_CONTEXT(2) 
PARAMETRIC_REPRESENTATION_CONTEXT() REPRESENTATION_CONTEXT('2D SPACE',''
  ) );
#413 = PCURVE('',#414,#419);
#414 = PLANE('',#415);
#415 = AXIS2_PLACEMENT_3D('',#416,#417,#418);
#416 = CARTESIAN_POINT('',(-132.,-98.,9.));
#417 = DIRECTION('',(0.,1.,0.));
#418 = DIRECTION('',(1.,0.,0.));
#419 = DEFINITIONAL_REPRESENTATION('',(#420),#423);
#420 = B_SPLINE_CURVE_WITH_KNOTS('',1,(#421,#422),.UNSPECIFIED.,.F.,.F.,
  (2,2),(-48.5,-32.5),.PIECEWISE_BEZIER_KNOTS.);
#421 = CARTESIAN_POINT('',(16.,-4.));
#422 = CARTESIAN_POINT('',(0.,-4.));
#423 = ( GEOMETRIC_REPRESENTATION_CONTEXT(2) 
PARAMETRIC_REPRESENTATION_CONTEXT() REPRESENTATION_CONTEXT('2D SPACE',''
  ) );
#424 = ORIENTED_EDGE('',*,*,#425,.T.);
#425 = EDGE_CURVE('',#400,#426,#428,.T.);
#426 = VERTEX_POINT('',#427);
#427 = CARTESIAN_POINT('',(-132.,-82.,13.));
#428 = SURFACE_CURVE('',#429,(#433,#439),.PCURVE_S1.);
#429 = LINE('',#430,#431);
#430 = CARTESIAN_POINT('',(-132.,-107.5,13.));
#431 = VECTOR('',#432,1.);
#432 = DIRECTION('',(0.,1.,0.));
#433 = PCURVE('',#126,#434);
#434 = DEFINITIONAL_REPRESENTATION('',(#435),#438);
#435 = B_SPLINE_CURVE_WITH_KNOTS('',1,(#436,#437),.UNSPECIFIED.,.F.,.F.,
  (2,2),(9.5,25.5),.PIECEWISE_BEZIER_KNOTS.);
#436 = CARTESIAN_POINT('',(65.,35.));
#437 = CARTESIAN_POINT('',(65.,51.));
#438 = ( GEOMETRIC_REPRESENTATION_CONTEXT(2) 
PARAMETRIC_REPRESENTATION_CONTEXT() REPRESENTATION_CONTEXT('2D SPACE',''
  ) );
#439 = PCURVE('',#440,#445);
#440 = PLANE('',#441);
#441 = AXIS2_PLACEMENT_3D('',#442,#443,#444);
#442 = CARTESIAN_POINT('',(-132.,-82.,9.));
#443 = DIRECTION('',(1.,0.,0.));
#444 = DIRECTION('',(0.,-1.,0.));
#445 = DEFINITIONAL_REPRESENTATION('',(#446),#449);
#446 = B_SPLINE_CURVE_WITH_KNOTS('',1,(#447,#448),.UNSPECIFIED.,.F.,.F.,
  (2,2),(9.5,25.5),.PIECEWISE_BEZIER_KNOTS.);
#447 = CARTESIAN_POINT('',(16.,-4.));
#448 = CARTESIAN_POINT('',(0.,-4.));
#449 = ( GEOMETRIC_REPRESENTATION_CONTEXT(2) 
PARAMETRIC_REPRESENTATION_CONTEXT() REPRESENTATION_CONTEXT('2D SPACE',''
  ) );
#450 = ORIENTED_EDGE('',*,*,#451,.T.);
#451 = EDGE_CURVE('',#426,#372,#452,.T.);
#452 = SURFACE_CURVE('',#453,(#457,#463),.PCURVE_S1.);
#453 = LINE('',#454,#455);
#454 = CARTESIAN_POINT('',(-156.5,-82.,13.));
#455 = VECTOR('',#456,1.);
#456 = DIRECTION('',(1.,0.,0.));
#457 = PCURVE('',#126,#458);
#458 = DEFINITIONAL_REPRESENTATION('',(#459),#462);
#459 = B_SPLINE_CURVE_WITH_KNOTS('',1,(#460,#461),.UNSPECIFIED.,.F.,.F.,
  (2,2),(24.5,40.5),.PIECEWISE_BEZIER_KNOTS.);
#460 = CARTESIAN_POINT('',(65.,51.));
#461 = CARTESIAN_POINT('',(81.,51.));
#462 = ( GEOMETRIC_REPRESENTATION_CONTEXT(2) 
PARAMETRIC_REPRESENTATION_CONTEXT() REPRESENTATION_CONTEXT('2D SPACE',''
  ) );
#463 = PCURVE('',#464,#469);
#464 = PLANE('',#465);
#465 = AXIS2_PLACEMENT_3D('',#466,#467,#468);
#466 = CARTESIAN_POINT('',(-116.,-82.,9.));
#467 = DIRECTION('',(0.,-1.,0.));
#468 = DIRECTION('',(-1.,0.,0.));
#469 = DEFINITIONAL_REPRESENTATION('',(#470),#473);
#470 = B_SPLINE_CURVE_WITH_KNOTS('',1,(#471,#472),.UNSPECIFIED.,.F.,.F.,
  (2,2),(24.5,40.5),.PIECEWISE_BEZIER_KNOTS.);
#471 = CARTESIAN_POINT('',(16.,-4.));
#472 = CARTESIAN_POINT('',(0.,-4.));
#473 = ( GEOMETRIC_REPRESENTATION_CONTEXT(2) 
PARAMETRIC_REPRESENTATION_CONTEXT() REPRESENTATION_CONTEXT('2D SPACE',''
  ) );
#474 = FACE_BOUND('',#475,.T.);
#475 = EDGE_LOOP('',(#476,#504,#530,#556));
#476 = ORIENTED_EDGE('',*,*,#477,.T.);
#477 = EDGE_CURVE('',#478,#480,#482,.T.);
#478 = VERTEX_POINT('',#479);
#479 = CARTESIAN_POINT('',(-146.,-52.,13.));
#480 = VERTEX_POINT('',#481);
#481 = CARTESIAN_POINT('',(-146.,-68.,13.));
#482 = SURFACE_CURVE('',#483,(#487,#493),.PCURVE_S1.);
#483 = LINE('',#484,#485);
#484 = CARTESIAN_POINT('',(-146.,-100.5,13.));
#485 = VECTOR('',#486,1.);
#486 = DIRECTION('',(0.,-1.,0.));
#487 = PCURVE('',#126,#488);
#488 = DEFINITIONAL_REPRESENTATION('',(#489),#492);
#489 = B_SPLINE_CURVE_WITH_KNOTS('',1,(#490,#491),.UNSPECIFIED.,.F.,.F.,
  (2,2),(-48.5,-32.5),.PIECEWISE_BEZIER_KNOTS.);
#490 = CARTESIAN_POINT('',(51.,81.));
#491 = CARTESIAN_POINT('',(51.,65.));
#492 = ( GEOMETRIC_REPRESENTATION_CONTEXT(2) 
PARAMETRIC_REPRESENTATION_CONTEXT() REPRESENTATION_CONTEXT('2D SPACE',''
  ) );
#493 = PCURVE('',#494,#499);
#494 = PLANE('',#495);
#495 = AXIS2_PLACEMENT_3D('',#496,#497,#498);
#496 = CARTESIAN_POINT('',(-146.,-68.,9.));
#497 = DIRECTION('',(-1.,0.,0.));
#498 = DIRECTION('',(0.,1.,0.));
#499 = DEFINITIONAL_REPRESENTATION('',(#500),#503);
#500 = B_SPLINE_CURVE_WITH_KNOTS('',1,(#501,#502),.UNSPECIFIED.,.F.,.F.,
  (2,2),(-48.5,-32.5),.PIECEWISE_BEZIER_KNOTS.);
#501 = CARTESIAN_POINT('',(16.,-4.));
#502 = CARTESIAN_POINT('',(0.,-4.));
#503 = ( GEOMETRIC_REPRESENTATION_CONTEXT(2) 
PARAMETRIC_REPRESENTATION_CONTEXT() REPRESENTATION_CONTEXT('2D SPACE',''
  ) );
#504 = ORIENTED_EDGE('',*,*,#505,.T.);
#505 = EDGE_CURVE('',#480,#506,#508,.T.);
#506 = VERTEX_POINT('',#507);
#507 = CARTESIAN_POINT('',(-162.,-68.,13.));
#508 = SURFACE_CURVE('',#509,(#513,#519),.PCURVE_S1.);
#509 = LINE('',#510,#511);
#510 = CARTESIAN_POINT('',(-179.5,-68.,13.));
#511 = VECTOR('',#512,1.);
#512 = DIRECTION('',(-1.,0.,0.));
#513 = PCURVE('',#126,#514);
#514 = DEFINITIONAL_REPRESENTATION('',(#515),#518);
#515 = B_SPLINE_CURVE_WITH_KNOTS('',1,(#516,#517),.UNSPECIFIED.,.F.,.F.,
  (2,2),(-33.5,-17.5),.PIECEWISE_BEZIER_KNOTS.);
#516 = CARTESIAN_POINT('',(51.,65.));
#517 = CARTESIAN_POINT('',(35.,65.));
#518 = ( GEOMETRIC_REPRESENTATION_CONTEXT(2) 
PARAMETRIC_REPRESENTATION_CONTEXT() REPRESENTATION_CONTEXT('2D SPACE',''
  ) );
#519 = PCURVE('',#520,#525);
#520 = PLANE('',#521);
#521 = AXIS2_PLACEMENT_3D('',#522,#523,#524);
#522 = CARTESIAN_POINT('',(-162.,-68.,9.));
#523 = DIRECTION('',(0.,1.,0.));
#524 = DIRECTION('',(1.,0.,0.));
#525 = DEFINITIONAL_REPRESENTATION('',(#526),#529);
#526 = B_SPLINE_CURVE_WITH_KNOTS('',1,(#527,#528),.UNSPECIFIED.,.F.,.F.,
  (2,2),(-33.5,-17.5),.PIECEWISE_BEZIER_KNOTS.);
#527 = CARTESIAN_POINT('',(16.,-4.));
#528 = CARTESIAN_POINT('',(0.,-4.));
#529 = ( GEOMETRIC_REPRESENTATION_CONTEXT(2) 
PARAMETRIC_REPRESENTATION_CONTEXT() REPRESENTATION_CONTEXT('2D SPACE',''
  ) );
#530 = ORIENTED_EDGE('',*,*,#531,.T.);
#531 = EDGE_CURVE('',#506,#532,#534,.T.);
#532 = VERTEX_POINT('',#533);
#533 = CARTESIAN_POINT('',(-162.,-52.,13.));
#534 = SURFACE_CURVE('',#535,(#539,#545),.PCURVE_S1.);
#535 = LINE('',#536,#537);
#536 = CARTESIAN_POINT('',(-162.,-92.5,13.));
#537 = VECTOR('',#538,1.);
#538 = DIRECTION('',(0.,1.,0.));
#539 = PCURVE('',#126,#540);
#540 = DEFINITIONAL_REPRESENTATION('',(#541),#544);
#541 = B_SPLINE_CURVE_WITH_KNOTS('',1,(#542,#543),.UNSPECIFIED.,.F.,.F.,
  (2,2),(24.5,40.5),.PIECEWISE_BEZIER_KNOTS.);
#542 = CARTESIAN_POINT('',(35.,65.));
#543 = CARTESIAN_POINT('',(35.,81.));
#544 = ( GEOMETRIC_REPRESENTATION_CONTEXT(2) 
PARAMETRIC_REPRESENTATION_CONTEXT() REPRESENTATION_CONTEXT('2D SPACE',''
  ) );
#545 = PCURVE('',#546,#551);
#546 = PLANE('',#547);
#547 = AXIS2_PLACEMENT_3D('',#548,#549,#550);
#548 = CARTESIAN_POINT('',(-162.,-52.,9.));
#549 = DIRECTION('',(1.,0.,0.));
#550 = DIRECTION('',(0.,-1.,0.));
#551 = DEFINITIONAL_REPRESENTATION('',(#552),#555);
#552 = B_SPLINE_CURVE_WITH_KNOTS('',1,(#553,#554),.UNSPECIFIED.,.F.,.F.,
  (2,2),(24.5,40.5),.PIECEWISE_BEZIER_KNOTS.);
#553 = CARTESIAN_POINT('',(16.,-4.));
#554 = CARTESIAN_POINT('',(0.,-4.));
#555 = ( GEOMETRIC_REPRESENTATION_CONTEXT(2) 
PARAMETRIC_REPRESENTATION_CONTEXT() REPRESENTATION_CONTEXT('2D SPACE',''
  ) );
#556 = ORIENTED_EDGE('',*,*,#557,.T.);
#557 = EDGE_CURVE('',#532,#478,#558,.T.);
#558 = SURFACE_CURVE('',#559,(#563,#569),.PCURVE_S1.);
#559 = LINE('',#560,#561);
#560 = CARTESIAN_POINT('',(-171.5,-52.,13.));
#561 = VECTOR('',#562,1.);
#562 = DIRECTION('',(1.,0.,0.));
#563 = PCURVE('',#126,#564);
#564 = DEFINITIONAL_REPRESENTATION('',(#565),#568);
#565 = B_SPLINE_CURVE_WITH_KNOTS('',1,(#566,#567),.UNSPECIFIED.,.F.,.F.,
  (2,2),(9.5,25.5),.PIECEWISE_BEZIER_KNOTS.);
#566 = CARTESIAN_POINT('',(35.,81.));
#567 = CARTESIAN_POINT('',(51.,81.));
#568 = ( GEOMETRIC_REPRESENTATION_CONTEXT(2) 
PARAMETRIC_REPRESENTATION_CONTEXT() REPRESENTATION_CONTEXT('2D SPACE',''
  ) );
#569 = PCURVE('',#570,#575);
#570 = PLANE('',#571);
#571 = AXIS2_PLACEMENT_3D('',#572,#573,#574);
#572 = CARTESIAN_POINT('',(-146.,-52.,9.));
#573 = DIRECTION('',(0.,-1.,0.));
#574 = DIRECTION('',(-1.,0.,0.));
#575 = DEFINITIONAL_REPRESENTATION('',(#576),#579);
#576 = B_SPLINE_CURVE_WITH_KNOTS('',1,(#577,#578),.UNSPECIFIED.,.F.,.F.,
  (2,2),(9.5,25.5),.PIECEWISE_BEZIER_KNOTS.);
#577 = CARTESIAN_POINT('',(16.,-4.));
#578 = CARTESIAN_POINT('',(0.,-4.));
#579 = ( GEOMETRIC_REPRESENTATION_CONTEXT(2) 
PARAMETRIC_REPRESENTATION_CONTEXT() REPRESENTATION_CONTEXT('2D SPACE',''
  ) );
#580 = FACE_BOUND('',#581,.T.);
#581 = EDGE_LOOP('',(#582,#610,#636,#662));
#582 = ORIENTED_EDGE('',*,*,#583,.T.);
#583 = EDGE_CURVE('',#584,#586,#588,.T.);
#584 = VERTEX_POINT('',#585);
#585 = CARTESIAN_POINT('',(-116.,-52.,13.));
#586 = VERTEX_POINT('',#587);
#587 = CARTESIAN_POINT('',(-116.,-68.,13.));
#588 = SURFACE_CURVE('',#589,(#593,#599),.PCURVE_S1.);
#589 = LINE('',#590,#591);
#590 = CARTESIAN_POINT('',(-116.,-100.5,13.));
#591 = VECTOR('',#592,1.);
#592 = DIRECTION('',(0.,-1.,0.));
#593 = PCURVE('',#126,#594);
#594 = DEFINITIONAL_REPRESENTATION('',(#595),#598);
#595 = B_SPLINE_CURVE_WITH_KNOTS('',1,(#596,#597),.UNSPECIFIED.,.F.,.F.,
  (2,2),(-48.5,-32.5),.PIECEWISE_BEZIER_KNOTS.);
#596 = CARTESIAN_POINT('',(81.,81.));
#597 = CARTESIAN_POINT('',(81.,65.));
#598 = ( GEOMETRIC_REPRESENTATION_CONTEXT(2) 
PARAMETRIC_REPRESENTATION_CONTEXT() REPRESENTATION_CONTEXT('2D SPACE',''
  ) );
#599 = PCURVE('',#600,#605);
#600 = PLANE('',#601);
#601 = AXIS2_PLACEMENT_3D('',#602,#603,#604);
#602 = CARTESIAN_POINT('',(-116.,-68.,9.));
#603 = DIRECTION('',(-1.,0.,0.));
#604 = DIRECTION('',(0.,1.,0.));
#605 = DEFINITIONAL_REPRESENTATION('',(#606),#609);
#606 = B_SPLINE_CURVE_WITH_KNOTS('',1,(#607,#608),.UNSPECIFIED.,.F.,.F.,
  (2,2),(-48.5,-32.5),.PIECEWISE_BEZIER_KNOTS.);
#607 = CARTESIAN_POINT('',(16.,-4.));
#608 = CARTESIAN_POINT('',(0.,-4.));
#609 = ( GEOMETRIC_REPRESENTATION_CONTEXT(2) 
PARAMETRIC_REPRESENTATION_CONTEXT() REPRESENTATION_CONTEXT('2D SPACE',''
  ) );
#610 = ORIENTED_EDGE('',*,*,#611,.T.);
#611 = EDGE_CURVE('',#586,#612,#614,.T.);
#612 = VERTEX_POINT('',#613);
#613 = CARTESIAN_POINT('',(-132.,-68.,13.));
#614 = SURFACE_CURVE('',#615,(#619,#625),.PCURVE_S1.);
#615 = LINE('',#616,#617);
#616 = CARTESIAN_POINT('',(-164.5,-68.,13.));
#617 = VECTOR('',#618,1.);
#618 = DIRECTION('',(-1.,0.,0.));
#619 = PCURVE('',#126,#620);
#620 = DEFINITIONAL_REPRESENTATION('',(#621),#624);
#621 = B_SPLINE_CURVE_WITH_KNOTS('',1,(#622,#623),.UNSPECIFIED.,.F.,.F.,
  (2,2),(-48.5,-32.5),.PIECEWISE_BEZIER_KNOTS.);
#622 = CARTESIAN_POINT('',(81.,65.));
#623 = CARTESIAN_POINT('',(65.,65.));
#624 = ( GEOMETRIC_REPRESENTATION_CONTEXT(2) 
PARAMETRIC_REPRESENTATION_CONTEXT() REPRESENTATION_CONTEXT('2D SPACE',''
  ) );
#625 = PCURVE('',#626,#631);
#626 = PLANE('',#627);
#627 = AXIS2_PLACEMENT_3D('',#628,#629,#630);
#628 = CARTESIAN_POINT('',(-132.,-68.,9.));
#629 = DIRECTION('',(0.,1.,0.));
#630 = DIRECTION('',(1.,0.,0.));
#631 = DEFINITIONAL_REPRESENTATION('',(#632),#635);
#632 = B_SPLINE_CURVE_WITH_KNOTS('',1,(#633,#634),.UNSPECIFIED.,.F.,.F.,
  (2,2),(-48.5,-32.5),.PIECEWISE_BEZIER_KNOTS.);
#633 = CARTESIAN_POINT('',(16.,-4.));
#634 = CARTESIAN_POINT('',(0.,-4.));
#635 = ( GEOMETRIC_REPRESENTATION_CONTEXT(2) 
PARAMETRIC_REPRESENTATION_CONTEXT() REPRESENTATION_CONTEXT('2D SPACE',''
  ) );
#636 = ORIENTED_EDGE('',*,*,#637,.T.);
#637 = EDGE_CURVE('',#612,#638,#640,.T.);
#638 = VERTEX_POINT('',#639);
#639 = CARTESIAN_POINT('',(-132.,-52.,13.));
#640 = SURFACE_CURVE('',#641,(#645,#651),.PCURVE_S1.);
#641 = LINE('',#642,#643);
#642 = CARTESIAN_POINT('',(-132.,-92.5,13.));
#643 = VECTOR('',#644,1.);
#644 = DIRECTION('',(0.,1.,0.));
#645 = PCURVE('',#126,#646);
#646 = DEFINITIONAL_REPRESENTATION('',(#647),#650);
#647 = B_SPLINE_CURVE_WITH_KNOTS('',1,(#648,#649),.UNSPECIFIED.,.F.,.F.,
  (2,2),(24.5,40.5),.PIECEWISE_BEZIER_KNOTS.);
#648 = CARTESIAN_POINT('',(65.,65.));
#649 = CARTESIAN_POINT('',(65.,81.));
#650 = ( GEOMETRIC_REPRESENTATION_CONTEXT(2) 
PARAMETRIC_REPRESENTATION_CONTEXT() REPRESENTATION_CONTEXT('2D SPACE',''
  ) );
#651 = PCURVE('',#652,#657);
#652 = PLANE('',#653);
#653 = AXIS2_PLACEMENT_3D('',#654,#655,#656);
#654 = CARTESIAN_POINT('',(-132.,-52.,9.));
#655 = DIRECTION('',(1.,0.,0.));
#656 = DIRECTION('',(0.,-1.,0.));
#657 = DEFINITIONAL_REPRESENTATION('',(#658),#661);
#658 = B_SPLINE_CURVE_WITH_KNOTS('',1,(#659,#660),.UNSPECIFIED.,.F.,.F.,
  (2,2),(24.5,40.5),.PIECEWISE_BEZIER_KNOTS.);
#659 = CARTESIAN_POINT('',(16.,-4.));
#660 = CARTESIAN_POINT('',(0.,-4.));
#661 = ( GEOMETRIC_REPRESENTATION_CONTEXT(2) 
PARAMETRIC_REPRESENTATION_CONTEXT() REPRESENTATION_CONTEXT('2D SPACE',''
  ) );
#662 = ORIENTED_EDGE('',*,*,#663,.T.);
#663 = EDGE_CURVE('',#638,#584,#664,.T.);
#664 = SURFACE_CURVE('',#665,(#669,#675),.PCURVE_S1.);
#665 = LINE('',#666,#667);
#666 = CARTESIAN_POINT('',(-156.5,-52.,13.));
#667 = VECTOR('',#668,1.);
#668 = DIRECTION('',(1.,0.,0.));
#669 = PCURVE('',#126,#670);
#670 = DEFINITIONAL_REPRESENTATION('',(#671),#674);
#671 = B_SPLINE_CURVE_WITH_KNOTS('',1,(#672,#673),.UNSPECIFIED.,.F.,.F.,
  (2,2),(24.5,40.5),.PIECEWISE_BEZIER_KNOTS.);
#672 = CARTESIAN_POINT('',(65.,81.));
#673 = CARTESIAN_POINT('',(81.,81.));
#674 = ( GEOMETRIC_REPRESENTATION_CONTEXT(2) 
PARAMETRIC_REPRESENTATION_CONTEXT() REPRESENTATION_CONTEXT('2D SPACE',''
  ) );
#675 = PCURVE('',#676,#681);
#676 = PLANE('',#677);
#677 = AXIS2_PLACEMENT_3D('',#678,#679,#680);
#678 = CARTESIAN_POINT('',(-116.,-52.,9.));
#679 = DIRECTION('',(0.,-1.,0.));
#680 = DIRECTION('',(-1.,0.,0.));
#681 = DEFINITIONAL_REPRESENTATION('',(#682),#685);
#682 = B_SPLINE_CURVE_WITH_KNOTS('',1,(#683,#684),.UNSPECIFIED.,.F.,.F.,
  (2,2),(24.5,40.5),.PIECEWISE_BEZIER_KNOTS.);
#683 = CARTESIAN_POINT('',(16.,-4.));
#684 = CARTESIAN_POINT('',(0.,-4.));
#685 = ( GEOMETRIC_REPRESENTATION_CONTEXT(2) 
PARAMETRIC_REPRESENTATION_CONTEXT() REPRESENTATION_CONTEXT('2D SPACE',''
  ) );
#686 = FACE_BOUND('',#687,.T.);
#687 = EDGE_LOOP('',(#688,#716,#742,#768));
#688 = ORIENTED_EDGE('',*,*,#689,.T.);
#689 = EDGE_CURVE('',#690,#692,#694,.T.);
#690 = VERTEX_POINT('',#691);
#691 = CARTESIAN_POINT('',(-86.,-82.,13.));
#692 = VERTEX_POINT('',#693);
#693 = CARTESIAN_POINT('',(-86.,-98.,13.));
#694 = SURFACE_CURVE('',#695,(#699,#705),.PCURVE_S1.);
#695 = LINE('',#696,#697);
#696 = CARTESIAN_POINT('',(-86.,-115.5,13.));
#697 = VECTOR('',#698,1.);
#698 = DIRECTION('',(0.,-1.,0.));
#699 = PCURVE('',#126,#700);
#700 = DEFINITIONAL_REPRESENTATION('',(#701),#704);
#701 = B_SPLINE_CURVE_WITH_KNOTS('',1,(#702,#703),.UNSPECIFIED.,.F.,.F.,
  (2,2),(-33.5,-17.5),.PIECEWISE_BEZIER_KNOTS.);
#702 = CARTESIAN_POINT('',(111.,51.));
#703 = CARTESIAN_POINT('',(111.,35.));
#704 = ( GEOMETRIC_REPRESENTATION_CONTEXT(2) 
PARAMETRIC_REPRESENTATION_CONTEXT() REPRESENTATION_CONTEXT('2D SPACE',''
  ) );
#705 = PCURVE('',#706,#711);
#706 = PLANE('',#707);
#707 = AXIS2_PLACEMENT_3D('',#708,#709,#710);
#708 = CARTESIAN_POINT('',(-86.,-98.,9.));
#709 = DIRECTION('',(-1.,0.,0.));
#710 = DIRECTION('',(0.,1.,0.));
#711 = DEFINITIONAL_REPRESENTATION('',(#712),#715);
#712 = B_SPLINE_CURVE_WITH_KNOTS('',1,(#713,#714),.UNSPECIFIED.,.F.,.F.,
  (2,2),(-33.5,-17.5),.PIECEWISE_BEZIER_KNOTS.);
#713 = CARTESIAN_POINT('',(16.,-4.));
#714 = CARTESIAN_POINT('',(0.,-4.));
#715 = ( GEOMETRIC_REPRESENTATION_CONTEXT(2) 
PARAMETRIC_REPRESENTATION_CONTEXT() REPRESENTATION_CONTEXT('2D SPACE',''
  ) );
#716 = ORIENTED_EDGE('',*,*,#717,.T.);
#717 = EDGE_CURVE('',#692,#718,#720,.T.);
#718 = VERTEX_POINT('',#719);
#719 = CARTESIAN_POINT('',(-102.,-98.,13.));
#720 = SURFACE_CURVE('',#721,(#725,#731),.PCURVE_S1.);
#721 = LINE('',#722,#723);
#722 = CARTESIAN_POINT('',(-149.5,-98.,13.));
#723 = VECTOR('',#724,1.);
#724 = DIRECTION('',(-1.,0.,0.));
#725 = PCURVE('',#126,#726);
#726 = DEFINITIONAL_REPRESENTATION('',(#727),#730);
#727 = B_SPLINE_CURVE_WITH_KNOTS('',1,(#728,#729),.UNSPECIFIED.,.F.,.F.,
  (2,2),(-63.5,-47.5),.PIECEWISE_BEZIER_KNOTS.);
#728 = CARTESIAN_POINT('',(111.,35.));
#729 = CARTESIAN_POINT('',(95.,35.));
#730 = ( GEOMETRIC_REPRESENTATION_CONTEXT(2) 
PARAMETRIC_REPRESENTATION_CONTEXT() REPRESENTATION_CONTEXT('2D SPACE',''
  ) );
#731 = PCURVE('',#732,#737);
#732 = PLANE('',#733);
#733 = AXIS2_PLACEMENT_3D('',#734,#735,#736);
#734 = CARTESIAN_POINT('',(-102.,-98.,9.));
#735 = DIRECTION('',(0.,1.,0.));
#736 = DIRECTION('',(1.,0.,0.));
#737 = DEFINITIONAL_REPRESENTATION('',(#738),#741);
#738 = B_SPLINE_CURVE_WITH_KNOTS('',1,(#739,#740),.UNSPECIFIED.,.F.,.F.,
  (2,2),(-63.5,-47.5),.PIECEWISE_BEZIER_KNOTS.);
#739 = CARTESIAN_POINT('',(16.,-4.));
#740 = CARTESIAN_POINT('',(0.,-4.));
#741 = ( GEOMETRIC_REPRESENTATION_CONTEXT(2) 
PARAMETRIC_REPRESENTATION_CONTEXT() REPRESENTATION_CONTEXT('2D SPACE',''
  ) );
#742 = ORIENTED_EDGE('',*,*,#743,.T.);
#743 = EDGE_CURVE('',#718,#744,#746,.T.);
#744 = VERTEX_POINT('',#745);
#745 = CARTESIAN_POINT('',(-102.,-82.,13.));
#746 = SURFACE_CURVE('',#747,(#751,#757),.PCURVE_S1.);
#747 = LINE('',#748,#749);
#748 = CARTESIAN_POINT('',(-102.,-107.5,13.));
#749 = VECTOR('',#750,1.);
#750 = DIRECTION('',(0.,1.,0.));
#751 = PCURVE('',#126,#752);
#752 = DEFINITIONAL_REPRESENTATION('',(#753),#756);
#753 = B_SPLINE_CURVE_WITH_KNOTS('',1,(#754,#755),.UNSPECIFIED.,.F.,.F.,
  (2,2),(9.5,25.5),.PIECEWISE_BEZIER_KNOTS.);
#754 = CARTESIAN_POINT('',(95.,35.));
#755 = CARTESIAN_POINT('',(95.,51.));
#756 = ( GEOMETRIC_REPRESENTATION_CONTEXT(2) 
PARAMETRIC_REPRESENTATION_CONTEXT() REPRESENTATION_CONTEXT('2D SPACE',''
  ) );
#757 = PCURVE('',#758,#763);
#758 = PLANE('',#759);
#759 = AXIS2_PLACEMENT_3D('',#760,#761,#762);
#760 = CARTESIAN_POINT('',(-102.,-82.,9.));
#761 = DIRECTION('',(1.,0.,0.));
#762 = DIRECTION('',(0.,-1.,0.));
#763 = DEFINITIONAL_REPRESENTATION('',(#764),#767);
#764 = B_SPLINE_CURVE_WITH_KNOTS('',1,(#765,#766),.UNSPECIFIED.,.F.,.F.,
  (2,2),(9.5,25.5),.PIECEWISE_BEZIER_KNOTS.);
#765 = CARTESIAN_POINT('',(16.,-4.));
#766 = CARTESIAN_POINT('',(0.,-4.));
#767 = ( GEOMETRIC_REPRESENTATION_CONTEXT(2) 
PARAMETRIC_REPRESENTATION_CONTEXT() REPRESENTATION_CONTEXT('2D SPACE',''
  ) );
#768 = ORIENTED_EDGE('',*,*,#769,.T.);
#769 = EDGE_CURVE('',#744,#690,#770,.T.);
#770 = SURFACE_CURVE('',#771,(#775,#781),.PCURVE_S1.);
#771 = LINE('',#772,#773);
#772 = CARTESIAN_POINT('',(-141.5,-82.,13.));
#773 = VECTOR('',#774,1.);
#774 = DIRECTION('',(1.,0.,0.));
#775 = PCURVE('',#126,#776);
#776 = DEFINITIONAL_REPRESENTATION('',(#777),#780);
#777 = B_SPLINE_CURVE_WITH_KNOTS('',1,(#778,#779),.UNSPECIFIED.,.F.,.F.,
  (2,2),(39.5,55.5),.PIECEWISE_BEZIER_KNOTS.);
#778 = CARTESIAN_POINT('',(95.,51.));
#779 = CARTESIAN_POINT('',(111.,51.));
#780 = ( GEOMETRIC_REPRESENTATION_CONTEXT(2) 
PARAMETRIC_REPRESENTATION_CONTEXT() REPRESENTATION_CONTEXT('2D SPACE',''
  ) );
#781 = PCURVE('',#782,#787);
#782 = PLANE('',#783);
#783 = AXIS2_PLACEMENT_3D('',#784,#785,#786);
#784 = CARTESIAN_POINT('',(-86.,-82.,9.));
#785 = DIRECTION('',(0.,-1.,0.));
#786 = DIRECTION('',(-1.,0.,0.));
#787 = DEFINITIONAL_REPRESENTATION('',(#788),#791);
#788 = B_SPLINE_CURVE_WITH_KNOTS('',1,(#789,#790),.UNSPECIFIED.,.F.,.F.,
  (2,2),(39.5,55.5),.PIECEWISE_BEZIER_KNOTS.);
#789 = CARTESIAN_POINT('',(16.,-4.));
#790 = CARTESIAN_POINT('',(0.,-4.));
#791 = ( GEOMETRIC_REPRESENTATION_CONTEXT(2) 
PARAMETRIC_REPRESENTATION_CONTEXT() REPRESENTATION_CONTEXT('2D SPACE',''
  ) );
#792 = FACE_BOUND('',#793,.T.);
#793 = EDGE_LOOP('',(#794,#822,#848,#874));
#794 = ORIENTED_EDGE('',*,*,#795,.T.);
#795 = EDGE_CURVE('',#796,#798,#800,.T.);
#796 = VERTEX_POINT('',#797);
#797 = CARTESIAN_POINT('',(-56.,-82.,13.));
#798 = VERTEX_POINT('',#799);
#799 = CARTESIAN_POINT('',(-56.,-98.,13.));
#800 = SURFACE_CURVE('',#801,(#805,#811),.PCURVE_S1.);
#801 = LINE('',#802,#803);
#802 = CARTESIAN_POINT('',(-56.,-115.5,13.));
#803 = VECTOR('',#804,1.);
#804 = DIRECTION('',(0.,-1.,0.));
#805 = PCURVE('',#126,#806);
#806 = DEFINITIONAL_REPRESENTATION('',(#807),#810);
#807 = B_SPLINE_CURVE_WITH_KNOTS('',1,(#808,#809),.UNSPECIFIED.,.F.,.F.,
  (2,2),(-33.5,-17.5),.PIECEWISE_BEZIER_KNOTS.);
#808 = CARTESIAN_POINT('',(141.,51.));
#809 = CARTESIAN_POINT('',(141.,35.));
#810 = ( GEOMETRIC_REPRESENTATION_CONTEXT(2) 
PARAMETRIC_REPRESENTATION_CONTEXT() REPRESENTATION_CONTEXT('2D SPACE',''
  ) );
#811 = PCURVE('',#812,#817);
#812 = PLANE('',#813);
#813 = AXIS2_PLACEMENT_3D('',#814,#815,#816);
#814 = CARTESIAN_POINT('',(-56.,-98.,9.));
#815 = DIRECTION('',(-1.,0.,0.));
#816 = DIRECTION('',(0.,1.,0.));
#817 = DEFINITIONAL_REPRESENTATION('',(#818),#821);
#818 = B_SPLINE_CURVE_WITH_KNOTS('',1,(#819,#820),.UNSPECIFIED.,.F.,.F.,
  (2,2),(-33.5,-17.5),.PIECEWISE_BEZIER_KNOTS.);
#819 = CARTESIAN_POINT('',(16.,-4.));
#820 = CARTESIAN_POINT('',(0.,-4.));
#821 = ( GEOMETRIC_REPRESENTATION_CONTEXT(2) 
PARAMETRIC_REPRESENTATION_CONTEXT() REPRESENTATION_CONTEXT('2D SPACE',''
  ) );
#822 = ORIENTED_EDGE('',*,*,#823,.T.);
#823 = EDGE_CURVE('',#798,#824,#826,.T.);
#824 = VERTEX_POINT('',#825);
#825 = CARTESIAN_POINT('',(-72.,-98.,13.));
#826 = SURFACE_CURVE('',#827,(#831,#837),.PCURVE_S1.);
#827 = LINE('',#828,#829);
#828 = CARTESIAN_POINT('',(-134.5,-98.,13.));
#829 = VECTOR('',#830,1.);
#830 = DIRECTION('',(-1.,0.,0.));
#831 = PCURVE('',#126,#832);
#832 = DEFINITIONAL_REPRESENTATION('',(#833),#836);
#833 = B_SPLINE_CURVE_WITH_KNOTS('',1,(#834,#835),.UNSPECIFIED.,.F.,.F.,
  (2,2),(-78.5,-62.5),.PIECEWISE_BEZIER_KNOTS.);
#834 = CARTESIAN_POINT('',(141.,35.));
#835 = CARTESIAN_POINT('',(125.,35.));
#836 = ( GEOMETRIC_REPRESENTATION_CONTEXT(2) 
PARAMETRIC_REPRESENTATION_CONTEXT() REPRESENTATION_CONTEXT('2D SPACE',''
  ) );
#837 = PCURVE('',#838,#843);
#838 = PLANE('',#839);
#839 = AXIS2_PLACEMENT_3D('',#840,#841,#842);
#840 = CARTESIAN_POINT('',(-72.,-98.,9.));
#841 = DIRECTION('',(0.,1.,0.));
#842 = DIRECTION('',(1.,0.,0.));
#843 = DEFINITIONAL_REPRESENTATION('',(#844),#847);
#844 = B_SPLINE_CURVE_WITH_KNOTS('',1,(#845,#846),.UNSPECIFIED.,.F.,.F.,
  (2,2),(-78.5,-62.5),.PIECEWISE_BEZIER_KNOTS.);
#845 = CARTESIAN_POINT('',(16.,-4.));
#846 = CARTESIAN_POINT('',(0.,-4.));
#847 = ( GEOMETRIC_REPRESENTATION_CONTEXT(2) 
PARAMETRIC_REPRESENTATION_CONTEXT() REPRESENTATION_CONTEXT('2D SPACE',''
  ) );
#848 = ORIENTED_EDGE('',*,*,#849,.T.);
#849 = EDGE_CURVE('',#824,#850,#852,.T.);
#850 = VERTEX_POINT('',#851);
#851 = CARTESIAN_POINT('',(-72.,-82.,13.));
#852 = SURFACE_CURVE('',#853,(#857,#863),.PCURVE_S1.);
#853 = LINE('',#854,#855);
#854 = CARTESIAN_POINT('',(-72.,-107.5,13.));
#855 = VECTOR('',#856,1.);
#856 = DIRECTION('',(0.,1.,0.));
#857 = PCURVE('',#126,#858);
#858 = DEFINITIONAL_REPRESENTATION('',(#859),#862);
#859 = B_SPLINE_CURVE_WITH_KNOTS('',1,(#860,#861),.UNSPECIFIED.,.F.,.F.,
  (2,2),(9.5,25.5),.PIECEWISE_BEZIER_KNOTS.);
#860 = CARTESIAN_POINT('',(125.,35.));
#861 = CARTESIAN_POINT('',(125.,51.));
#862 = ( GEOMETRIC_REPRESENTATION_CONTEXT(2) 
PARAMETRIC_REPRESENTATION_CONTEXT() REPRESENTATION_CONTEXT('2D SPACE',''
  ) );
#863 = PCURVE('',#864,#869);
#864 = PLANE('',#865);
#865 = AXIS2_PLACEMENT_3D('',#866,#867,#868);
#866 = CARTESIAN_POINT('',(-72.,-82.,9.));
#867 = DIRECTION('',(1.,0.,0.));
#868 = DIRECTION('',(0.,-1.,0.));
#869 = DEFINITIONAL_REPRESENTATION('',(#870),#873);
#870 = B_SPLINE_CURVE_WITH_KNOTS('',1,(#871,#872),.UNSPECIFIED.,.F.,.F.,
  (2,2),(9.5,25.5),.PIECEWISE_BEZIER_KNOTS.);
#871 = CARTESIAN_POINT('',(16.,-4.));
#872 = CARTESIAN_POINT('',(0.,-4.));
#873 = ( GEOMETRIC_REPRESENTATION_CONTEXT(2) 
PARAMETRIC_REPRESENTATION_CONTEXT() REPRESENTATION_CONTEXT('2D SPACE',''
  ) );
#874 = ORIENTED_EDGE('',*,*,#875,.T.);
#875 = EDGE_CURVE('',#850,#796,#876,.T.);
#876 = SURFACE_CURVE('',#877,(#881,#887),.PCURVE_S1.);
#877 = LINE('',#878,#879);
#878 = CARTESIAN_POINT('',(-126.5,-82.,13.));
#879 = VECTOR('',#880,1.);
#880 = DIRECTION('',(1.,0.,0.));
#881 = PCURVE('',#126,#882);
#882 = DEFINITIONAL_REPRESENTATION('',(#883),#886);
#883 = B_SPLINE_CURVE_WITH_KNOTS('',1,(#884,#885),.UNSPECIFIED.,.F.,.F.,
  (2,2),(54.5,70.5),.PIECEWISE_BEZIER_KNOTS.);
#884 = CARTESIAN_POINT('',(125.,51.));
#885 = CARTESIAN_POINT('',(141.,51.));
#886 = ( GEOMETRIC_REPRESENTATION_CONTEXT(2) 
PARAMETRIC_REPRESENTATION_CONTEXT() REPRESENTATION_CONTEXT('2D SPACE',''
  ) );
#887 = PCURVE('',#888,#893);
#888 = PLANE('',#889);
#889 = AXIS2_PLACEMENT_3D('',#890,#891,#892);
#890 = CARTESIAN_POINT('',(-56.,-82.,9.));
#891 = DIRECTION('',(0.,-1.,0.));
#892 = DIRECTION('',(-1.,0.,0.));
#893 = DEFINITIONAL_REPRESENTATION('',(#894),#897);
#894 = B_SPLINE_CURVE_WITH_KNOTS('',1,(#895,#896),.UNSPECIFIED.,.F.,.F.,
  (2,2),(54.5,70.5),.PIECEWISE_BEZIER_KNOTS.);
#895 = CARTESIAN_POINT('',(16.,-4.));
#896 = CARTESIAN_POINT('',(0.,-4.));
#897 = ( GEOMETRIC_REPRESENTATION_CONTEXT(2) 
PARAMETRIC_REPRESENTATION_CONTEXT() REPRESENTATION_CONTEXT('2D SPACE',''
  ) );
#898 = FACE_BOUND('',#899,.T.);
#899 = EDGE_LOOP('',(#900,#928,#954,#980));
#900 = ORIENTED_EDGE('',*,*,#901,.T.);
#901 = EDGE_CURVE('',#902,#904,#906,.T.);
#902 = VERTEX_POINT('',#903);
#903 = CARTESIAN_POINT('',(-86.,-52.,13.));
#904 = VERTEX_POINT('',#905);
#905 = CARTESIAN_POINT('',(-86.,-68.,13.));
#906 = SURFACE_CURVE('',#907,(#911,#917),.PCURVE_S1.);
#907 = LINE('',#908,#909);
#908 = CARTESIAN_POINT('',(-86.,-100.5,13.));
#909 = VECTOR('',#910,1.);
#910 = DIRECTION('',(0.,-1.,0.));
#911 = PCURVE('',#126,#912);
#912 = DEFINITIONAL_REPRESENTATION('',(#913),#916);
#913 = B_SPLINE_CURVE_WITH_KNOTS('',1,(#914,#915),.UNSPECIFIED.,.F.,.F.,
  (2,2),(-48.5,-32.5),.PIECEWISE_BEZIER_KNOTS.);
#914 = CARTESIAN_POINT('',(111.,81.));
#915 = CARTESIAN_POINT('',(111.,65.));
#916 = ( GEOMETRIC_REPRESENTATION_CONTEXT(2) 
PARAMETRIC_REPRESENTATION_CONTEXT() REPRESENTATION_CONTEXT('2D SPACE',''
  ) );
#917 = PCURVE('',#918,#923);
#918 = PLANE('',#919);
#919 = AXIS2_PLACEMENT_3D('',#920,#921,#922);
#920 = CARTESIAN_POINT('',(-86.,-68.,9.));
#921 = DIRECTION('',(-1.,0.,0.));
#922 = DIRECTION('',(0.,1.,0.));
#923 = DEFINITIONAL_REPRESENTATION('',(#924),#927);
#924 = B_SPLINE_CURVE_WITH_KNOTS('',1,(#925,#926),.UNSPECIFIED.,.F.,.F.,
  (2,2),(-48.5,-32.5),.PIECEWISE_BEZIER_KNOTS.);
#925 = CARTESIAN_POINT('',(16.,-4.));
#926 = CARTESIAN_POINT('',(0.,-4.));
#927 = ( GEOMETRIC_REPRESENTATION_CONTEXT(2) 
PARAMETRIC_REPRESENTATION_CONTEXT() REPRESENTATION_CONTEXT('2D SPACE',''
  ) );
#928 = ORIENTED_EDGE('',*,*,#929,.T.);
#929 = EDGE_CURVE('',#904,#930,#932,.T.);
#930 = VERTEX_POINT('',#931);
#931 = CARTESIAN_POINT('',(-102.,-68.,13.));
#932 = SURFACE_CURVE('',#933,(#937,#943),.PCURVE_S1.);
#933 = LINE('',#934,#935);
#934 = CARTESIAN_POINT('',(-149.5,-68.,13.));
#935 = VECTOR('',#936,1.);
#936 = DIRECTION('',(-1.,0.,0.));
#937 = PCURVE('',#126,#938);
#938 = DEFINITIONAL_REPRESENTATION('',(#939),#942);
#939 = B_SPLINE_CURVE_WITH_KNOTS('',1,(#940,#941),.UNSPECIFIED.,.F.,.F.,
  (2,2),(-63.5,-47.5),.PIECEWISE_BEZIER_KNOTS.);
#940 = CARTESIAN_POINT('',(111.,65.));
#941 = CARTESIAN_POINT('',(95.,65.));
#942 = ( GEOMETRIC_REPRESENTATION_CONTEXT(2) 
PARAMETRIC_REPRESENTATION_CONTEXT() REPRESENTATION_CONTEXT('2D SPACE',''
  ) );
#943 = PCURVE('',#944,#949);
#944 = PLANE('',#945);
#945 = AXIS2_PLACEMENT_3D('',#946,#947,#948);
#946 = CARTESIAN_POINT('',(-102.,-68.,9.));
#947 = DIRECTION('',(0.,1.,0.));
#948 = DIRECTION('',(1.,0.,0.));
#949 = DEFINITIONAL_REPRESENTATION('',(#950),#953);
#950 = B_SPLINE_CURVE_WITH_KNOTS('',1,(#951,#952),.UNSPECIFIED.,.F.,.F.,
  (2,2),(-63.5,-47.5),.PIECEWISE_BEZIER_KNOTS.);
#951 = CARTESIAN_POINT('',(16.,-4.));
#952 = CARTESIAN_POINT('',(0.,-4.));
#953 = ( GEOMETRIC_REPRESENTATION_CONTEXT(2) 
PARAMETRIC_REPRESENTATION_CONTEXT() REPRESENTATION_CONTEXT('2D SPACE',''
  ) );
#954 = ORIENTED_EDGE('',*,*,#955,.T.);
#955 = EDGE_CURVE('',#930,#956,#958,.T.);
#956 = VERTEX_POINT('',#957);
#957 = CARTESIAN_POINT('',(-102.,-52.,13.));
#958 = SURFACE_CURVE('',#959,(#963,#969),.PCURVE_S1.);
#959 = LINE('',#960,#961);
#960 = CARTESIAN_POINT('',(-102.,-92.5,13.));
#961 = VECTOR('',#962,1.);
#962 = DIRECTION('',(0.,1.,0.));
#963 = PCURVE('',#126,#964);
#964 = DEFINITIONAL_REPRESENTATION('',(#965),#968);
#965 = B_SPLINE_CURVE_WITH_KNOTS('',1,(#966,#967),.UNSPECIFIED.,.F.,.F.,
  (2,2),(24.5,40.5),.PIECEWISE_BEZIER_KNOTS.);
#966 = CARTESIAN_POINT('',(95.,65.));
#967 = CARTESIAN_POINT('',(95.,81.));
#968 = ( GEOMETRIC_REPRESENTATION_CONTEXT(2) 
PARAMETRIC_REPRESENTATION_CONTEXT() REPRESENTATION_CONTEXT('2D SPACE',''
  ) );
#969 = PCURVE('',#970,#975);
#970 = PLANE('',#971);
#971 = AXIS2_PLACEMENT_3D('',#972,#973,#974);
#972 = CARTESIAN_POINT('',(-102.,-52.,9.));
#973 = DIRECTION('',(1.,0.,0.));
#974 = DIRECTION('',(0.,-1.,0.));
#975 = DEFINITIONAL_REPRESENTATION('',(#976),#979);
#976 = B_SPLINE_CURVE_WITH_KNOTS('',1,(#977,#978),.UNSPECIFIED.,.F.,.F.,
  (2,2),(24.5,40.5),.PIECEWISE_BEZIER_KNOTS.);
#977 = CARTESIAN_POINT('',(16.,-4.));
#978 = CARTESIAN_POINT('',(0.,-4.));
#979 = ( GEOMETRIC_REPRESENTATION_CONTEXT(2) 
PARAMETRIC_REPRESENTATION_CONTEXT() REPRESENTATION_CONTEXT('2D SPACE',''
  ) );
#980 = ORIENTED_EDGE('',*,*,#981,.T.);
#981 = EDGE_CURVE('',#956,#902,#982,.T.);
#982 = SURFACE_CURVE('',#983,(#987,#993),.PCURVE_S1.);
#983 = LINE('',#984,#985);
#984 = CARTESIAN_POINT('',(-141.5,-52.,13.));
#985 = VECTOR('',#986,1.);
#986 = DIRECTION('',(1.,0.,0.));
#987 = PCURVE('',#126,#988);
#988 = DEFINITIONAL_REPRESENTATION('',(#989),#992);
#989 = B_SPLINE_CURVE_WITH_KNOTS('',1,(#990,#991),.UNSPECIFIED.,.F.,.F.,
  (2,2),(39.5,55.5),.PIECEWISE_BEZIER_KNOTS.);
#990 = CARTESIAN_POINT('',(95.,81.));
#991 = CARTESIAN_POINT('',(111.,81.));
#992 = ( GEOMETRIC_REPRESENTATION_CONTEXT(2) 
PARAMETRIC_REPRESENTATION_CONTEXT() REPRESENTATION_CONTEXT('2D SPACE',''
  ) );
#993 = PCURVE('',#994,#999);
#994 = PLANE('',#995);
#995 = AXIS2_PLACEMENT_3D('',#996,#997,#998);
#996 = CARTESIAN_POINT('',(-86.,-52.,9.));
#997 = DIRECTION('',(0.,-1.,0.));
#998 = DIRECTION('',(-1.,0.,0.));
#999 = DEFINITIONAL_REPRESENTATION('',(#1000),#1003);
#1000 = B_SPLINE_CURVE_WITH_KNOTS('',1,(#1001,#1002),.UNSPECIFIED.,.F.,
  .F.,(2,2),(39.5,55.5),.PIECEWISE_BEZIER_KNOTS.);
#1001 = CARTESIAN_POINT('',(16.,-4.));
#1002 = CARTESIAN_POINT('',(0.,-4.));
#1003 = ( GEOMETRIC_REPRESENTATION_CONTEXT(2) 
PARAMETRIC_REPRESENTATION_CONTEXT() REPRESENTATION_CONTEXT('2D SPACE',''
  ) );
#1004 = FACE_BOUND('',#1005,.T.);
#1005 = EDGE_LOOP('',(#1006,#1034,#1060,#1086));
#1006 = ORIENTED_EDGE('',*,*,#1007,.T.);
#1007 = EDGE_CURVE('',#1008,#1010,#1012,.T.);
#1008 = VERTEX_POINT('',#1009);
#1009 = CARTESIAN_POINT('',(-56.,-52.,13.));
#1010 = VERTEX_POINT('',#1011);
#1011 = CARTESIAN_POINT('',(-56.,-68.,13.));
#1012 = SURFACE_CURVE('',#1013,(#1017,#1023),.PCURVE_S1.);
#1013 = LINE('',#1014,#1015);
#1014 = CARTESIAN_POINT('',(-56.,-100.5,13.));
#1015 = VECTOR('',#1016,1.);
#1016 = DIRECTION('',(0.,-1.,0.));
#1017 = PCURVE('',#126,#1018);
#1018 = DEFINITIONAL_REPRESENTATION('',(#1019),#1022);
#1019 = B_SPLINE_CURVE_WITH_KNOTS('',1,(#1020,#1021),.UNSPECIFIED.,.F.,
  .F.,(2,2),(-48.5,-32.5),.PIECEWISE_BEZIER_KNOTS.);
#1020 = CARTESIAN_POINT('',(141.,81.));
#1021 = CARTESIAN_POINT('',(141.,65.));
#1022 = ( GEOMETRIC_REPRESENTATION_CONTEXT(2) 
PARAMETRIC_REPRESENTATION_CONTEXT() REPRESENTATION_CONTEXT('2D SPACE',''
  ) );
#1023 = PCURVE('',#1024,#1029);
#1024 = PLANE('',#1025);
#1025 = AXIS2_PLACEMENT_3D('',#1026,#1027,#1028);
#1026 = CARTESIAN_POINT('',(-56.,-68.,9.));
#1027 = DIRECTION('',(-1.,0.,0.));
#1028 = DIRECTION('',(0.,1.,0.));
#1029 = DEFINITIONAL_REPRESENTATION('',(#1030),#1033);
#1030 = B_SPLINE_CURVE_WITH_KNOTS('',1,(#1031,#1032),.UNSPECIFIED.,.F.,
  .F.,(2,2),(-48.5,-32.5),.PIECEWISE_BEZIER_KNOTS.);
#1031 = CARTESIAN_POINT('',(16.,-4.));
#1032 = CARTESIAN_POINT('',(0.,-4.));
#1033 = ( GEOMETRIC_REPRESENTATION_CONTEXT(2) 
PARAMETRIC_REPRESENTATION_CONTEXT() REPRESENTATION_CONTEXT('2D SPACE',''
  ) );
#1034 = ORIENTED_EDGE('',*,*,#1035,.T.);
#1035 = EDGE_CURVE('',#1010,#1036,#1038,.T.);
#1036 = VERTEX_POINT('',#1037);
#1037 = CARTESIAN_POINT('',(-72.,-68.,13.));
#1038 = SURFACE_CURVE('',#1039,(#1043,#1049),.PCURVE_S1.);
#1039 = LINE('',#1040,#1041);
#1040 = CARTESIAN_POINT('',(-134.5,-68.,13.));
#1041 = VECTOR('',#1042,1.);
#1042 = DIRECTION('',(-1.,0.,0.));
#1043 = PCURVE('',#126,#1044);
#1044 = DEFINITIONAL_REPRESENTATION('',(#1045),#1048);
#1045 = B_SPLINE_CURVE_WITH_KNOTS('',1,(#1046,#1047),.UNSPECIFIED.,.F.,
  .F.,(2,2),(-78.5,-62.5),.PIECEWISE_BEZIER_KNOTS.);
#1046 = CARTESIAN_POINT('',(141.,65.));
#1047 = CARTESIAN_POINT('',(125.,65.));
#1048 = ( GEOMETRIC_REPRESENTATION_CONTEXT(2) 
PARAMETRIC_REPRESENTATION_CONTEXT() REPRESENTATION_CONTEXT('2D SPACE',''
  ) );
#1049 = PCURVE('',#1050,#1055);
#1050 = PLANE('',#1051);
#1051 = AXIS2_PLACEMENT_3D('',#1052,#1053,#1054);
#1052 = CARTESIAN_POINT('',(-72.,-68.,9.));
#1053 = DIRECTION('',(0.,1.,0.));
#1054 = DIRECTION('',(1.,0.,0.));
#1055 = DEFINITIONAL_REPRESENTATION('',(#1056),#1059);
#1056 = B_SPLINE_CURVE_WITH_KNOTS('',1,(#1057,#1058),.UNSPECIFIED.,.F.,
  .F.,(2,2),(-78.5,-62.5),.PIECEWISE_BEZIER_KNOTS.);
#1057 = CARTESIAN_POINT('',(16.,-4.));
#1058 = CARTESIAN_POINT('',(0.,-4.));
#1059 = ( GEOMETRIC_REPRESENTATION_CONTEXT(2) 
PARAMETRIC_REPRESENTATION_CONTEXT() REPRESENTATION_CONTEXT('2D SPACE',''
  ) );
#1060 = ORIENTED_EDGE('',*,*,#1061,.T.);
#1061 = EDGE_CURVE('',#1036,#1062,#1064,.T.);
#1062 = VERTEX_POINT('',#1063);
#1063 = CARTESIAN_POINT('',(-72.,-52.,13.));
#1064 = SURFACE_CURVE('',#1065,(#1069,#1075),.PCURVE_S1.);
#1065 = LINE('',#1066,#1067);
#1066 = CARTESIAN_POINT('',(-72.,-92.5,13.));
#1067 = VECTOR('',#1068,1.);
#1068 = DIRECTION('',(0.,1.,0.));
#1069 = PCURVE('',#126,#1070);
#1070 = DEFINITIONAL_REPRESENTATION('',(#1071),#1074);
#1071 = B_SPLINE_CURVE_WITH_KNOTS('',1,(#1072,#1073),.UNSPECIFIED.,.F.,
  .F.,(2,2),(24.5,40.5),.PIECEWISE_BEZIER_KNOTS.);
#1072 = CARTESIAN_POINT('',(125.,65.));
#1073 = CARTESIAN_POINT('',(125.,81.));
#1074 = ( GEOMETRIC_REPRESENTATION_CONTEXT(2) 
PARAMETRIC_REPRESENTATION_CONTEXT() REPRESENTATION_CONTEXT('2D SPACE',''
  ) );
#1075 = PCURVE('',#1076,#1081);
#1076 = PLANE('',#1077);
#1077 = AXIS2_PLACEMENT_3D('',#1078,#1079,#1080);
#1078 = CARTESIAN_POINT('',(-72.,-52.,9.));
#1079 = DIRECTION('',(1.,0.,0.));
#1080 = DIRECTION('',(0.,-1.,0.));
#1081 = DEFINITIONAL_REPRESENTATION('',(#1082),#1085);
#1082 = B_SPLINE_CURVE_WITH_KNOTS('',1,(#1083,#1084),.UNSPECIFIED.,.F.,
  .F.,(2,2),(24.5,40.5),.PIECEWISE_BEZIER_KNOTS.);
#1083 = CARTESIAN_POINT('',(16.,-4.));
#1084 = CARTESIAN_POINT('',(0.,-4.));
#1085 = ( GEOMETRIC_REPRESENTATION_CONTEXT(2) 
PARAMETRIC_REPRESENTATION_CONTEXT() REPRESENTATION_CONTEXT('2D SPACE',''
  ) );
#1086 = ORIENTED_EDGE('',*,*,#1087,.T.);
#1087 = EDGE_CURVE('',#1062,#1008,#1088,.T.);
#1088 = SURFACE_CURVE('',#1089,(#1093,#1099),.PCURVE_S1.);
#1089 = LINE('',#1090,#1091);
#1090 = CARTESIAN_POINT('',(-126.5,-52.,13.));
#1091 = VECTOR('',#1092,1.);
#1092 = DIRECTION('',(1.,0.,0.));
#1093 = PCURVE('',#126,#1094);
#1094 = DEFINITIONAL_REPRESENTATION('',(#1095),#1098);
#1095 = B_SPLINE_CURVE_WITH_KNOTS('',1,(#1096,#1097),.UNSPECIFIED.,.F.,
  .F.,(2,2),(54.5,70.5),.PIECEWISE_BEZIER_KNOTS.);
#1096 = CARTESIAN_POINT('',(125.,81.));
#1097 = CARTESIAN_POINT('',(141.,81.));
#1098 = ( GEOMETRIC_REPRESENTATION_CONTEXT(2) 
PARAMETRIC_REPRESENTATION_CONTEXT() REPRESENTATION_CONTEXT('2D SPACE',''
  ) );
#1099 = PCURVE('',#1100,#1105);
#1100 = PLANE('',#1101);
#1101 = AXIS2_PLACEMENT_3D('',#1102,#1103,#1104);
#1102 = CARTESIAN_POINT('',(-56.,-52.,9.));
#1103 = DIRECTION('',(0.,-1.,0.));
#1104 = DIRECTION('',(-1.,0.,0.));
#1105 = DEFINITIONAL_REPRESENTATION('',(#1106),#1109);
#1106 = B_SPLINE_CURVE_WITH_KNOTS('',1,(#1107,#1108),.UNSPECIFIED.,.F.,
  .F.,(2,2),(54.5,70.5),.PIECEWISE_BEZIER_KNOTS.);
#1107 = CARTESIAN_POINT('',(16.,-4.));
#1108 = CARTESIAN_POINT('',(0.,-4.));
#1109 = ( GEOMETRIC_REPRESENTATION_CONTEXT(2) 
PARAMETRIC_REPRESENTATION_CONTEXT() REPRESENTATION_CONTEXT('2D SPACE',''
  ) );
#1110 = FACE_BOUND('',#1111,.T.);
#1111 = EDGE_LOOP('',(#1112,#1140,#1166,#1192));
#1112 = ORIENTED_EDGE('',*,*,#1113,.T.);
#1113 = EDGE_CURVE('',#1114,#1116,#1118,.T.);
#1114 = VERTEX_POINT('',#1115);
#1115 = CARTESIAN_POINT('',(-146.,-22.,13.));
#1116 = VERTEX_POINT('',#1117);
#1117 = CARTESIAN_POINT('',(-146.,-38.,13.));
#1118 = SURFACE_CURVE('',#1119,(#1123,#1129),.PCURVE_S1.);
#1119 = LINE('',#1120,#1121);
#1120 = CARTESIAN_POINT('',(-146.,-85.5,13.));
#1121 = VECTOR('',#1122,1.);
#1122 = DIRECTION('',(0.,-1.,0.));
#1123 = PCURVE('',#126,#1124);
#1124 = DEFINITIONAL_REPRESENTATION('',(#1125),#1128);
#1125 = B_SPLINE_CURVE_WITH_KNOTS('',1,(#1126,#1127),.UNSPECIFIED.,.F.,
  .F.,(2,2),(-63.5,-47.5),.PIECEWISE_BEZIER_KNOTS.);
#1126 = CARTESIAN_POINT('',(51.,111.));
#1127 = CARTESIAN_POINT('',(51.,95.));
#1128 = ( GEOMETRIC_REPRESENTATION_CONTEXT(2) 
PARAMETRIC_REPRESENTATION_CONTEXT() REPRESENTATION_CONTEXT('2D SPACE',''
  ) );
#1129 = PCURVE('',#1130,#1135);
#1130 = PLANE('',#1131);
#1131 = AXIS2_PLACEMENT_3D('',#1132,#1133,#1134);
#1132 = CARTESIAN_POINT('',(-146.,-38.,9.));
#1133 = DIRECTION('',(-1.,0.,0.));
#1134 = DIRECTION('',(0.,1.,0.));
#1135 = DEFINITIONAL_REPRESENTATION('',(#1136),#1139);
#1136 = B_SPLINE_CURVE_WITH_KNOTS('',1,(#1137,#1138),.UNSPECIFIED.,.F.,
  .F.,(2,2),(-63.5,-47.5),.PIECEWISE_BEZIER_KNOTS.);
#1137 = CARTESIAN_POINT('',(16.,-4.));
#1138 = CARTESIAN_POINT('',(0.,-4.));
#1139 = ( GEOMETRIC_REPRESENTATION_CONTEXT(2) 
PARAMETRIC_REPRESENTATION_CONTEXT() REPRESENTATION_CONTEXT('2D SPACE',''
  ) );
#1140 = ORIENTED_EDGE('',*,*,#1141,.T.);
#1141 = EDGE_CURVE('',#1116,#1142,#1144,.T.);
#1142 = VERTEX_POINT('',#1143);
#1143 = CARTESIAN_POINT('',(-162.,-38.,13.));
#1144 = SURFACE_CURVE('',#1145,(#1149,#1155),.PCURVE_S1.);
#1145 = LINE('',#1146,#1147);
#1146 = CARTESIAN_POINT('',(-179.5,-38.,13.));
#1147 = VECTOR('',#1148,1.);
#1148 = DIRECTION('',(-1.,0.,0.));
#1149 = PCURVE('',#126,#1150);
#1150 = DEFINITIONAL_REPRESENTATION('',(#1151),#1154);
#1151 = B_SPLINE_CURVE_WITH_KNOTS('',1,(#1152,#1153),.UNSPECIFIED.,.F.,
  .F.,(2,2),(-33.5,-17.5),.PIECEWISE_BEZIER_KNOTS.);
#1152 = CARTESIAN_POINT('',(51.,95.));
#1153 = CARTESIAN_POINT('',(35.,95.));
#1154 = ( GEOMETRIC_REPRESENTATION_CONTEXT(2) 
PARAMETRIC_REPRESENTATION_CONTEXT() REPRESENTATION_CONTEXT('2D SPACE',''
  ) );
#1155 = PCURVE('',#1156,#1161);
#1156 = PLANE('',#1157);
#1157 = AXIS2_PLACEMENT_3D('',#1158,#1159,#1160);
#1158 = CARTESIAN_POINT('',(-162.,-38.,9.));
#1159 = DIRECTION('',(0.,1.,0.));
#1160 = DIRECTION('',(1.,0.,0.));
#1161 = DEFINITIONAL_REPRESENTATION('',(#1162),#1165);
#1162 = B_SPLINE_CURVE_WITH_KNOTS('',1,(#1163,#1164),.UNSPECIFIED.,.F.,
  .F.,(2,2),(-33.5,-17.5),.PIECEWISE_BEZIER_KNOTS.);
#1163 = CARTESIAN_POINT('',(16.,-4.));
#1164 = CARTESIAN_POINT('',(0.,-4.));
#1165 = ( GEOMETRIC_REPRESENTATION_CONTEXT(2) 
PARAMETRIC_REPRESENTATION_CONTEXT() REPRESENTATION_CONTEXT('2D SPACE',''
  ) );
#1166 = ORIENTED_EDGE('',*,*,#1167,.T.);
#1167 = EDGE_CURVE('',#1142,#1168,#1170,.T.);
#1168 = VERTEX_POINT('',#1169);
#1169 = CARTESIAN_POINT('',(-162.,-22.,13.));
#1170 = SURFACE_CURVE('',#1171,(#1175,#1181),.PCURVE_S1.);
#1171 = LINE('',#1172,#1173);
#1172 = CARTESIAN_POINT('',(-162.,-77.5,13.));
#1173 = VECTOR('',#1174,1.);
#1174 = DIRECTION('',(0.,1.,0.));
#1175 = PCURVE('',#126,#1176);
#1176 = DEFINITIONAL_REPRESENTATION('',(#1177),#1180);
#1177 = B_SPLINE_CURVE_WITH_KNOTS('',1,(#1178,#1179),.UNSPECIFIED.,.F.,
  .F.,(2,2),(39.5,55.5),.PIECEWISE_BEZIER_KNOTS.);
#1178 = CARTESIAN_POINT('',(35.,95.));
#1179 = CARTESIAN_POINT('',(35.,111.));
#1180 = ( GEOMETRIC_REPRESENTATION_CONTEXT(2) 
PARAMETRIC_REPRESENTATION_CONTEXT() REPRESENTATION_CONTEXT('2D SPACE',''
  ) );
#1181 = PCURVE('',#1182,#1187);
#1182 = PLANE('',#1183);
#1183 = AXIS2_PLACEMENT_3D('',#1184,#1185,#1186);
#1184 = CARTESIAN_POINT('',(-162.,-22.,9.));
#1185 = DIRECTION('',(1.,0.,0.));
#1186 = DIRECTION('',(0.,-1.,0.));
#1187 = DEFINITIONAL_REPRESENTATION('',(#1188),#1191);
#1188 = B_SPLINE_CURVE_WITH_KNOTS('',1,(#1189,#1190),.UNSPECIFIED.,.F.,
  .F.,(2,2),(39.5,55.5),.PIECEWISE_BEZIER_KNOTS.);
#1189 = CARTESIAN_POINT('',(16.,-4.));
#1190 = CARTESIAN_POINT('',(0.,-4.));
#1191 = ( GEOMETRIC_REPRESENTATION_CONTEXT(2) 
PARAMETRIC_REPRESENTATION_CONTEXT() REPRESENTATION_CONTEXT('2D SPACE',''
  ) );
#1192 = ORIENTED_EDGE('',*,*,#1193,.T.);
#1193 = EDGE_CURVE('',#1168,#1114,#1194,.T.);
#1194 = SURFACE_CURVE('',#1195,(#1199,#1205),.PCURVE_S1.);
#1195 = LINE('',#1196,#1197);
#1196 = CARTESIAN_POINT('',(-171.5,-22.,13.));
#1197 = VECTOR('',#1198,1.);
#1198 = DIRECTION('',(1.,0.,0.));
#1199 = PCURVE('',#126,#1200);
#1200 = DEFINITIONAL_REPRESENTATION('',(#1201),#1204);
#1201 = B_SPLINE_CURVE_WITH_KNOTS('',1,(#1202,#1203),.UNSPECIFIED.,.F.,
  .F.,(2,2),(9.5,25.5),.PIECEWISE_BEZIER_KNOTS.);
#1202 = CARTESIAN_POINT('',(35.,111.));
#1203 = CARTESIAN_POINT('',(51.,111.));
#1204 = ( GEOMETRIC_REPRESENTATION_CONTEXT(2) 
PARAMETRIC_REPRESENTATION_CONTEXT() REPRESENTATION_CONTEXT('2D SPACE',''
  ) );
#1205 = PCURVE('',#1206,#1211);
#1206 = PLANE('',#1207);
#1207 = AXIS2_PLACEMENT_3D('',#1208,#1209,#1210);
#1208 = CARTESIAN_POINT('',(-146.,-22.,9.));
#1209 = DIRECTION('',(0.,-1.,0.));
#1210 = DIRECTION('',(-1.,0.,0.));
#1211 = DEFINITIONAL_REPRESENTATION('',(#1212),#1215);
#1212 = B_SPLINE_CURVE_WITH_KNOTS('',1,(#1213,#1214),.UNSPECIFIED.,.F.,
  .F.,(2,2),(9.5,25.5),.PIECEWISE_BEZIER_KNOTS.);
#1213 = CARTESIAN_POINT('',(16.,-4.));
#1214 = CARTESIAN_POINT('',(0.,-4.));
#1215 = ( GEOMETRIC_REPRESENTATION_CONTEXT(2) 
PARAMETRIC_REPRESENTATION_CONTEXT() REPRESENTATION_CONTEXT('2D SPACE',''
  ) );
#1216 = FACE_BOUND('',#1217,.T.);
#1217 = EDGE_LOOP('',(#1218,#1246,#1272,#1298));
#1218 = ORIENTED_EDGE('',*,*,#1219,.T.);
#1219 = EDGE_CURVE('',#1220,#1222,#1224,.T.);
#1220 = VERTEX_POINT('',#1221);
#1221 = CARTESIAN_POINT('',(-116.,-22.,13.));
#1222 = VERTEX_POINT('',#1223);
#1223 = CARTESIAN_POINT('',(-116.,-38.,13.));
#1224 = SURFACE_CURVE('',#1225,(#1229,#1235),.PCURVE_S1.);
#1225 = LINE('',#1226,#1227);
#1226 = CARTESIAN_POINT('',(-116.,-85.5,13.));
#1227 = VECTOR('',#1228,1.);
#1228 = DIRECTION('',(0.,-1.,0.));
#1229 = PCURVE('',#126,#1230);
#1230 = DEFINITIONAL_REPRESENTATION('',(#1231),#1234);
#1231 = B_SPLINE_CURVE_WITH_KNOTS('',1,(#1232,#1233),.UNSPECIFIED.,.F.,
  .F.,(2,2),(-63.5,-47.5),.PIECEWISE_BEZIER_KNOTS.);
#1232 = CARTESIAN_POINT('',(81.,111.));
#1233 = CARTESIAN_POINT('',(81.,95.));
#1234 = ( GEOMETRIC_REPRESENTATION_CONTEXT(2) 
PARAMETRIC_REPRESENTATION_CONTEXT() REPRESENTATION_CONTEXT('2D SPACE',''
  ) );
#1235 = PCURVE('',#1236,#1241);
#1236 = PLANE('',#1237);
#1237 = AXIS2_PLACEMENT_3D('',#1238,#1239,#1240);
#1238 = CARTESIAN_POINT('',(-116.,-38.,9.));
#1239 = DIRECTION('',(-1.,0.,0.));
#1240 = DIRECTION('',(0.,1.,0.));
#1241 = DEFINITIONAL_REPRESENTATION('',(#1242),#1245);
#1242 = B_SPLINE_CURVE_WITH_KNOTS('',1,(#1243,#1244),.UNSPECIFIED.,.F.,
  .F.,(2,2),(-63.5,-47.5),.PIECEWISE_BEZIER_KNOTS.);
#1243 = CARTESIAN_POINT('',(16.,-4.));
#1244 = CARTESIAN_POINT('',(0.,-4.));
#1245 = ( GEOMETRIC_REPRESENTATION_CONTEXT(2) 
PARAMETRIC_REPRESENTATION_CONTEXT() REPRESENTATION_CONTEXT('2D SPACE',''
  ) );
#1246 = ORIENTED_EDGE('',*,*,#1247,.T.);
#1247 = EDGE_CURVE('',#1222,#1248,#1250,.T.);
#1248 = VERTEX_POINT('',#1249);
#1249 = CARTESIAN_POINT('',(-132.,-38.,13.));
#1250 = SURFACE_CURVE('',#1251,(#1255,#1261),.PCURVE_S1.);
#1251 = LINE('',#1252,#1253);
#1252 = CARTESIAN_POINT('',(-164.5,-38.,13.));
#1253 = VECTOR('',#1254,1.);
#1254 = DIRECTION('',(-1.,0.,0.));
#1255 = PCURVE('',#126,#1256);
#1256 = DEFINITIONAL_REPRESENTATION('',(#1257),#1260);
#1257 = B_SPLINE_CURVE_WITH_KNOTS('',1,(#1258,#1259),.UNSPECIFIED.,.F.,
  .F.,(2,2),(-48.5,-32.5),.PIECEWISE_BEZIER_KNOTS.);
#1258 = CARTESIAN_POINT('',(81.,95.));
#1259 = CARTESIAN_POINT('',(65.,95.));
#1260 = ( GEOMETRIC_REPRESENTATION_CONTEXT(2) 
PARAMETRIC_REPRESENTATION_CONTEXT() REPRESENTATION_CONTEXT('2D SPACE',''
  ) );
#1261 = PCURVE('',#1262,#1267);
#1262 = PLANE('',#1263);
#1263 = AXIS2_PLACEMENT_3D('',#1264,#1265,#1266);
#1264 = CARTESIAN_POINT('',(-132.,-38.,9.));
#1265 = DIRECTION('',(0.,1.,0.));
#1266 = DIRECTION('',(1.,0.,0.));
#1267 = DEFINITIONAL_REPRESENTATION('',(#1268),#1271);
#1268 = B_SPLINE_CURVE_WITH_KNOTS('',1,(#1269,#1270),.UNSPECIFIED.,.F.,
  .F.,(2,2),(-48.5,-32.5),.PIECEWISE_BEZIER_KNOTS.);
#1269 = CARTESIAN_POINT('',(16.,-4.));
#1270 = CARTESIAN_POINT('',(0.,-4.));
#1271 = ( GEOMETRIC_REPRESENTATION_CONTEXT(2) 
PARAMETRIC_REPRESENTATION_CONTEXT() REPRESENTATION_CONTEXT('2D SPACE',''
  ) );
#1272 = ORIENTED_EDGE('',*,*,#1273,.T.);
#1273 = EDGE_CURVE('',#1248,#1274,#1276,.T.);
#1274 = VERTEX_POINT('',#1275);
#1275 = CARTESIAN_POINT('',(-132.,-22.,13.));
#1276 = SURFACE_CURVE('',#1277,(#1281,#1287),.PCURVE_S1.);
#1277 = LINE('',#1278,#1279);
#1278 = CARTESIAN_POINT('',(-132.,-77.5,13.));
#1279 = VECTOR('',#1280,1.);
#1280 = DIRECTION('',(0.,1.,0.));
#1281 = PCURVE('',#126,#1282);
#1282 = DEFINITIONAL_REPRESENTATION('',(#1283),#1286);
#1283 = B_SPLINE_CURVE_WITH_KNOTS('',1,(#1284,#1285),.UNSPECIFIED.,.F.,
  .F.,(2,2),(39.5,55.5),.PIECEWISE_BEZIER_KNOTS.);
#1284 = CARTESIAN_POINT('',(65.,95.));
#1285 = CARTESIAN_POINT('',(65.,111.));
#1286 = ( GEOMETRIC_REPRESENTATION_CONTEXT(2) 
PARAMETRIC_REPRESENTATION_CONTEXT() REPRESENTATION_CONTEXT('2D SPACE',''
  ) );
#1287 = PCURVE('',#1288,#1293);
#1288 = PLANE('',#1289);
#1289 = AXIS2_PLACEMENT_3D('',#1290,#1291,#1292);
#1290 = CARTESIAN_POINT('',(-132.,-22.,9.));
#1291 = DIRECTION('',(1.,0.,0.));
#1292 = DIRECTION('',(0.,-1.,0.));
#1293 = DEFINITIONAL_REPRESENTATION('',(#1294),#1297);
#1294 = B_SPLINE_CURVE_WITH_KNOTS('',1,(#1295,#1296),.UNSPECIFIED.,.F.,
  .F.,(2,2),(39.5,55.5),.PIECEWISE_BEZIER_KNOTS.);
#1295 = CARTESIAN_POINT('',(16.,-4.));
#1296 = CARTESIAN_POINT('',(0.,-4.));
#1297 = ( GEOMETRIC_REPRESENTATION_CONTEXT(2) 
PARAMETRIC_REPRESENTATION_CONTEXT() REPRESENTATION_CONTEXT('2D SPACE',''
  ) );
#1298 = ORIENTED_EDGE('',*,*,#1299,.T.);
#1299 = EDGE_CURVE('',#1274,#1220,#1300,.T.);
#1300 = SURFACE_CURVE('',#1301,(#1305,#1311),.PCURVE_S1.);
#1301 = LINE('',#1302,#1303);
#1302 = CARTESIAN_POINT('',(-156.5,-22.,13.));
#1303 = VECTOR('',#1304,1.);
#1304 = DIRECTION('',(1.,0.,0.));
#1305 = PCURVE('',#126,#1306);
#1306 = DEFINITIONAL_REPRESENTATION('',(#1307),#1310);
#1307 = B_SPLINE_CURVE_WITH_KNOTS('',1,(#1308,#1309),.UNSPECIFIED.,.F.,
  .F.,(2,2),(24.5,40.5),.PIECEWISE_BEZIER_KNOTS.);
#1308 = CARTESIAN_POINT('',(65.,111.));
#1309 = CARTESIAN_POINT('',(81.,111.));
#1310 = ( GEOMETRIC_REPRESENTATION_CONTEXT(2) 
PARAMETRIC_REPRESENTATION_CONTEXT() REPRESENTATION_CONTEXT('2D SPACE',''
  ) );
#1311 = PCURVE('',#1312,#1317);
#1312 = PLANE('',#1313);
#1313 = AXIS2_PLACEMENT_3D('',#1314,#1315,#1316);
#1314 = CARTESIAN_POINT('',(-116.,-22.,9.));
#1315 = DIRECTION('',(0.,-1.,0.));
#1316 = DIRECTION('',(-1.,0.,0.));
#1317 = DEFINITIONAL_REPRESENTATION('',(#1318),#1321);
#1318 = B_SPLINE_CURVE_WITH_KNOTS('',1,(#1319,#1320),.UNSPECIFIED.,.F.,
  .F.,(2,2),(24.5,40.5),.PIECEWISE_BEZIER_KNOTS.);
#1319 = CARTESIAN_POINT('',(16.,-4.));
#1320 = CARTESIAN_POINT('',(0.,-4.));
#1321 = ( GEOMETRIC_REPRESENTATION_CONTEXT(2) 
PARAMETRIC_REPRESENTATION_CONTEXT() REPRESENTATION_CONTEXT('2D SPACE',''
  ) );
#1322 = FACE_BOUND('',#1323,.T.);
#1323 = EDGE_LOOP('',(#1324,#1352,#1378,#1404));
#1324 = ORIENTED_EDGE('',*,*,#1325,.T.);
#1325 = EDGE_CURVE('',#1326,#1328,#1330,.T.);
#1326 = VERTEX_POINT('',#1327);
#1327 = CARTESIAN_POINT('',(-146.,8.,13.));
#1328 = VERTEX_POINT('',#1329);
#1329 = CARTESIAN_POINT('',(-146.,-8.,13.));
#1330 = SURFACE_CURVE('',#1331,(#1335,#1341),.PCURVE_S1.);
#1331 = LINE('',#1332,#1333);
#1332 = CARTESIAN_POINT('',(-146.,-70.5,13.));
#1333 = VECTOR('',#1334,1.);
#1334 = DIRECTION('',(0.,-1.,0.));
#1335 = PCURVE('',#126,#1336);
#1336 = DEFINITIONAL_REPRESENTATION('',(#1337),#1340);
#1337 = B_SPLINE_CURVE_WITH_KNOTS('',1,(#1338,#1339),.UNSPECIFIED.,.F.,
  .F.,(2,2),(-78.5,-62.5),.PIECEWISE_BEZIER_KNOTS.);
#1338 = CARTESIAN_POINT('',(51.,141.));
#1339 = CARTESIAN_POINT('',(51.,125.));
#1340 = ( GEOMETRIC_REPRESENTATION_CONTEXT(2) 
PARAMETRIC_REPRESENTATION_CONTEXT() REPRESENTATION_CONTEXT('2D SPACE',''
  ) );
#1341 = PCURVE('',#1342,#1347);
#1342 = PLANE('',#1343);
#1343 = AXIS2_PLACEMENT_3D('',#1344,#1345,#1346);
#1344 = CARTESIAN_POINT('',(-146.,-8.,9.));
#1345 = DIRECTION('',(-1.,0.,0.));
#1346 = DIRECTION('',(0.,1.,0.));
#1347 = DEFINITIONAL_REPRESENTATION('',(#1348),#1351);
#1348 = B_SPLINE_CURVE_WITH_KNOTS('',1,(#1349,#1350),.UNSPECIFIED.,.F.,
  .F.,(2,2),(-78.5,-62.5),.PIECEWISE_BEZIER_KNOTS.);
#1349 = CARTESIAN_POINT('',(16.,-4.));
#1350 = CARTESIAN_POINT('',(0.,-4.));
#1351 = ( GEOMETRIC_REPRESENTATION_CONTEXT(2) 
PARAMETRIC_REPRESENTATION_CONTEXT() REPRESENTATION_CONTEXT('2D SPACE',''
  ) );
#1352 = ORIENTED_EDGE('',*,*,#1353,.T.);
#1353 = EDGE_CURVE('',#1328,#1354,#1356,.T.);
#1354 = VERTEX_POINT('',#1355);
#1355 = CARTESIAN_POINT('',(-162.,-8.,13.));
#1356 = SURFACE_CURVE('',#1357,(#1361,#1367),.PCURVE_S1.);
#1357 = LINE('',#1358,#1359);
#1358 = CARTESIAN_POINT('',(-179.5,-8.,13.));
#1359 = VECTOR('',#1360,1.);
#1360 = DIRECTION('',(-1.,0.,0.));
#1361 = PCURVE('',#126,#1362);
#1362 = DEFINITIONAL_REPRESENTATION('',(#1363),#1366);
#1363 = B_SPLINE_CURVE_WITH_KNOTS('',1,(#1364,#1365),.UNSPECIFIED.,.F.,
  .F.,(2,2),(-33.5,-17.5),.PIECEWISE_BEZIER_KNOTS.);
#1364 = CARTESIAN_POINT('',(51.,125.));
#1365 = CARTESIAN_POINT('',(35.,125.));
#1366 = ( GEOMETRIC_REPRESENTATION_CONTEXT(2) 
PARAMETRIC_REPRESENTATION_CONTEXT() REPRESENTATION_CONTEXT('2D SPACE',''
  ) );
#1367 = PCURVE('',#1368,#1373);
#1368 = PLANE('',#1369);
#1369 = AXIS2_PLACEMENT_3D('',#1370,#1371,#1372);
#1370 = CARTESIAN_POINT('',(-162.,-8.,9.));
#1371 = DIRECTION('',(0.,1.,0.));
#1372 = DIRECTION('',(1.,0.,0.));
#1373 = DEFINITIONAL_REPRESENTATION('',(#1374),#1377);
#1374 = B_SPLINE_CURVE_WITH_KNOTS('',1,(#1375,#1376),.UNSPECIFIED.,.F.,
  .F.,(2,2),(-33.5,-17.5),.PIECEWISE_BEZIER_KNOTS.);
#1375 = CARTESIAN_POINT('',(16.,-4.));
#1376 = CARTESIAN_POINT('',(0.,-4.));
#1377 = ( GEOMETRIC_REPRESENTATION_CONTEXT(2) 
PARAMETRIC_REPRESENTATION_CONTEXT() REPRESENTATION_CONTEXT('2D SPACE',''
  ) );
#1378 = ORIENTED_EDGE('',*,*,#1379,.T.);
#1379 = EDGE_CURVE('',#1354,#1380,#1382,.T.);
#1380 = VERTEX_POINT('',#1381);
#1381 = CARTESIAN_POINT('',(-162.,8.,13.));
#1382 = SURFACE_CURVE('',#1383,(#1387,#1393),.PCURVE_S1.);
#1383 = LINE('',#1384,#1385);
#1384 = CARTESIAN_POINT('',(-162.,-62.5,13.));
#1385 = VECTOR('',#1386,1.);
#1386 = DIRECTION('',(0.,1.,0.));
#1387 = PCURVE('',#126,#1388);
#1388 = DEFINITIONAL_REPRESENTATION('',(#1389),#1392);
#1389 = B_SPLINE_CURVE_WITH_KNOTS('',1,(#1390,#1391),.UNSPECIFIED.,.F.,
  .F.,(2,2),(54.5,70.5),.PIECEWISE_BEZIER_KNOTS.);
#1390 = CARTESIAN_POINT('',(35.,125.));
#1391 = CARTESIAN_POINT('',(35.,141.));
#1392 = ( GEOMETRIC_REPRESENTATION_CONTEXT(2) 
PARAMETRIC_REPRESENTATION_CONTEXT() REPRESENTATION_CONTEXT('2D SPACE',''
  ) );
#1393 = PCURVE('',#1394,#1399);
#1394 = PLANE('',#1395);
#1395 = AXIS2_PLACEMENT_3D('',#1396,#1397,#1398);
#1396 = CARTESIAN_POINT('',(-162.,8.,9.));
#1397 = DIRECTION('',(1.,0.,0.));
#1398 = DIRECTION('',(0.,-1.,0.));
#1399 = DEFINITIONAL_REPRESENTATION('',(#1400),#1403);
#1400 = B_SPLINE_CURVE_WITH_KNOTS('',1,(#1401,#1402),.UNSPECIFIED.,.F.,
  .F.,(2,2),(54.5,70.5),.PIECEWISE_BEZIER_KNOTS.);
#1401 = CARTESIAN_POINT('',(16.,-4.));
#1402 = CARTESIAN_POINT('',(0.,-4.));
#1403 = ( GEOMETRIC_REPRESENTATION_CONTEXT(2) 
PARAMETRIC_REPRESENTATION_CONTEXT() REPRESENTATION_CONTEXT('2D SPACE',''
  ) );
#1404 = ORIENTED_EDGE('',*,*,#1405,.T.);
#1405 = EDGE_CURVE('',#1380,#1326,#1406,.T.);
#1406 = SURFACE_CURVE('',#1407,(#1411,#1417),.PCURVE_S1.);
#1407 = LINE('',#1408,#1409);
#1408 = CARTESIAN_POINT('',(-171.5,8.,13.));
#1409 = VECTOR('',#1410,1.);
#1410 = DIRECTION('',(1.,0.,0.));
#1411 = PCURVE('',#126,#1412);
#1412 = DEFINITIONAL_REPRESENTATION('',(#1413),#1416);
#1413 = B_SPLINE_CURVE_WITH_KNOTS('',1,(#1414,#1415),.UNSPECIFIED.,.F.,
  .F.,(2,2),(9.5,25.5),.PIECEWISE_BEZIER_KNOTS.);
#1414 = CARTESIAN_POINT('',(35.,141.));
#1415 = CARTESIAN_POINT('',(51.,141.));
#1416 = ( GEOMETRIC_REPRESENTATION_CONTEXT(2) 
PARAMETRIC_REPRESENTATION_CONTEXT() REPRESENTATION_CONTEXT('2D SPACE',''
  ) );
#1417 = PCURVE('',#1418,#1423);
#1418 = PLANE('',#1419);
#1419 = AXIS2_PLACEMENT_3D('',#1420,#1421,#1422);
#1420 = CARTESIAN_POINT('',(-146.,8.,9.));
#1421 = DIRECTION('',(0.,-1.,0.));
#1422 = DIRECTION('',(-1.,0.,0.));
#1423 = DEFINITIONAL_REPRESENTATION('',(#1424),#1427);
#1424 = B_SPLINE_CURVE_WITH_KNOTS('',1,(#1425,#1426),.UNSPECIFIED.,.F.,
  .F.,(2,2),(9.5,25.5),.PIECEWISE_BEZIER_KNOTS.);
#1425 = CARTESIAN_POINT('',(16.,-4.));
#1426 = CARTESIAN_POINT('',(0.,-4.));
#1427 = ( GEOMETRIC_REPRESENTATION_CONTEXT(2) 
PARAMETRIC_REPRESENTATION_CONTEXT() REPRESENTATION_CONTEXT('2D SPACE',''
  ) );
#1428 = FACE_BOUND('',#1429,.T.);
#1429 = EDGE_LOOP('',(#1430,#1458,#1484,#1510));
#1430 = ORIENTED_EDGE('',*,*,#1431,.T.);
#1431 = EDGE_CURVE('',#1432,#1434,#1436,.T.);
#1432 = VERTEX_POINT('',#1433);
#1433 = CARTESIAN_POINT('',(-116.,8.,13.));
#1434 = VERTEX_POINT('',#1435);
#1435 = CARTESIAN_POINT('',(-116.,-8.,13.));
#1436 = SURFACE_CURVE('',#1437,(#1441,#1447),.PCURVE_S1.);
#1437 = LINE('',#1438,#1439);
#1438 = CARTESIAN_POINT('',(-116.,-70.5,13.));
#1439 = VECTOR('',#1440,1.);
#1440 = DIRECTION('',(0.,-1.,0.));
#1441 = PCURVE('',#126,#1442);
#1442 = DEFINITIONAL_REPRESENTATION('',(#1443),#1446);
#1443 = B_SPLINE_CURVE_WITH_KNOTS('',1,(#1444,#1445),.UNSPECIFIED.,.F.,
  .F.,(2,2),(-78.5,-62.5),.PIECEWISE_BEZIER_KNOTS.);
#1444 = CARTESIAN_POINT('',(81.,141.));
#1445 = CARTESIAN_POINT('',(81.,125.));
#1446 = ( GEOMETRIC_REPRESENTATION_CONTEXT(2) 
PARAMETRIC_REPRESENTATION_CONTEXT() REPRESENTATION_CONTEXT('2D SPACE',''
  ) );
#1447 = PCURVE('',#1448,#1453);
#1448 = PLANE('',#1449);
#1449 = AXIS2_PLACEMENT_3D('',#1450,#1451,#1452);
#1450 = CARTESIAN_POINT('',(-116.,-8.,9.));
#1451 = DIRECTION('',(-1.,0.,0.));
#1452 = DIRECTION('',(0.,1.,0.));
#1453 = DEFINITIONAL_REPRESENTATION('',(#1454),#1457);
#1454 = B_SPLINE_CURVE_WITH_KNOTS('',1,(#1455,#1456),.UNSPECIFIED.,.F.,
  .F.,(2,2),(-78.5,-62.5),.PIECEWISE_BEZIER_KNOTS.);
#1455 = CARTESIAN_POINT('',(16.,-4.));
#1456 = CARTESIAN_POINT('',(0.,-4.));
#1457 = ( GEOMETRIC_REPRESENTATION_CONTEXT(2) 
PARAMETRIC_REPRESENTATION_CONTEXT() REPRESENTATION_CONTEXT('2D SPACE',''
  ) );
#1458 = ORIENTED_EDGE('',*,*,#1459,.T.);
#1459 = EDGE_CURVE('',#1434,#1460,#1462,.T.);
#1460 = VERTEX_POINT('',#1461);
#1461 = CARTESIAN_POINT('',(-132.,-8.,13.));
#1462 = SURFACE_CURVE('',#1463,(#1467,#1473),.PCURVE_S1.);
#1463 = LINE('',#1464,#1465);
#1464 = CARTESIAN_POINT('',(-164.5,-8.,13.));
#1465 = VECTOR('',#1466,1.);
#1466 = DIRECTION('',(-1.,0.,0.));
#1467 = PCURVE('',#126,#1468);
#1468 = DEFINITIONAL_REPRESENTATION('',(#1469),#1472);
#1469 = B_SPLINE_CURVE_WITH_KNOTS('',1,(#1470,#1471),.UNSPECIFIED.,.F.,
  .F.,(2,2),(-48.5,-32.5),.PIECEWISE_BEZIER_KNOTS.);
#1470 = CARTESIAN_POINT('',(81.,125.));
#1471 = CARTESIAN_POINT('',(65.,125.));
#1472 = ( GEOMETRIC_REPRESENTATION_CONTEXT(2) 
PARAMETRIC_REPRESENTATION_CONTEXT() REPRESENTATION_CONTEXT('2D SPACE',''
  ) );
#1473 = PCURVE('',#1474,#1479);
#1474 = PLANE('',#1475);
#1475 = AXIS2_PLACEMENT_3D('',#1476,#1477,#1478);
#1476 = CARTESIAN_POINT('',(-132.,-8.,9.));
#1477 = DIRECTION('',(0.,1.,0.));
#1478 = DIRECTION('',(1.,0.,0.));
#1479 = DEFINITIONAL_REPRESENTATION('',(#1480),#1483);
#1480 = B_SPLINE_CURVE_WITH_KNOTS('',1,(#1481,#1482),.UNSPECIFIED.,.F.,
  .F.,(2,2),(-48.5,-32.5),.PIECEWISE_BEZIER_KNOTS.);
#1481 = CARTESIAN_POINT('',(16.,-4.));
#1482 = CARTESIAN_POINT('',(0.,-4.));
#1483 = ( GEOMETRIC_REPRESENTATION_CONTEXT(2) 
PARAMETRIC_REPRESENTATION_CONTEXT() REPRESENTATION_CONTEXT('2D SPACE',''
  ) );
#1484 = ORIENTED_EDGE('',*,*,#1485,.T.);
#1485 = EDGE_CURVE('',#1460,#1486,#1488,.T.);
#1486 = VERTEX_POINT('',#1487);
#1487 = CARTESIAN_POINT('',(-132.,8.,13.));
#1488 = SURFACE_CURVE('',#1489,(#1493,#1499),.PCURVE_S1.);
#1489 = LINE('',#1490,#1491);
#1490 = CARTESIAN_POINT('',(-132.,-62.5,13.));
#1491 = VECTOR('',#1492,1.);
#1492 = DIRECTION('',(0.,1.,0.));
#1493 = PCURVE('',#126,#1494);
#1494 = DEFINITIONAL_REPRESENTATION('',(#1495),#1498);
#1495 = B_SPLINE_CURVE_WITH_KNOTS('',1,(#1496,#1497),.UNSPECIFIED.,.F.,
  .F.,(2,2),(54.5,70.5),.PIECEWISE_BEZIER_KNOTS.);
#1496 = CARTESIAN_POINT('',(65.,125.));
#1497 = CARTESIAN_POINT('',(65.,141.));
#1498 = ( GEOMETRIC_REPRESENTATION_CONTEXT(2) 
PARAMETRIC_REPRESENTATION_CONTEXT() REPRESENTATION_CONTEXT('2D SPACE',''
  ) );
#1499 = PCURVE('',#1500,#1505);
#1500 = PLANE('',#1501);
#1501 = AXIS2_PLACEMENT_3D('',#1502,#1503,#1504);
#1502 = CARTESIAN_POINT('',(-132.,8.,9.));
#1503 = DIRECTION('',(1.,0.,0.));
#1504 = DIRECTION('',(0.,-1.,0.));
#1505 = DEFINITIONAL_REPRESENTATION('',(#1506),#1509);
#1506 = B_SPLINE_CURVE_WITH_KNOTS('',1,(#1507,#1508),.UNSPECIFIED.,.F.,
  .F.,(2,2),(54.5,70.5),.PIECEWISE_BEZIER_KNOTS.);
#1507 = CARTESIAN_POINT('',(16.,-4.));
#1508 = CARTESIAN_POINT('',(0.,-4.));
#1509 = ( GEOMETRIC_REPRESENTATION_CONTEXT(2) 
PARAMETRIC_REPRESENTATION_CONTEXT() REPRESENTATION_CONTEXT('2D SPACE',''
  ) );
#1510 = ORIENTED_EDGE('',*,*,#1511,.T.);
#1511 = EDGE_CURVE('',#1486,#1432,#1512,.T.);
#1512 = SURFACE_CURVE('',#1513,(#1517,#1523),.PCURVE_S1.);
#1513 = LINE('',#1514,#1515);
#1514 = CARTESIAN_POINT('',(-156.5,8.,13.));
#1515 = VECTOR('',#1516,1.);
#1516 = DIRECTION('',(1.,0.,0.));
#1517 = PCURVE('',#126,#1518);
#1518 = DEFINITIONAL_REPRESENTATION('',(#1519),#1522);
#1519 = B_SPLINE_CURVE_WITH_KNOTS('',1,(#1520,#1521),.UNSPECIFIED.,.F.,
  .F.,(2,2),(24.5,40.5),.PIECEWISE_BEZIER_KNOTS.);
#1520 = CARTESIAN_POINT('',(65.,141.));
#1521 = CARTESIAN_POINT('',(81.,141.));
#1522 = ( GEOMETRIC_REPRESENTATION_CONTEXT(2) 
PARAMETRIC_REPRESENTATION_CONTEXT() REPRESENTATION_CONTEXT('2D SPACE',''
  ) );
#1523 = PCURVE('',#1524,#1529);
#1524 = PLANE('',#1525);
#1525 = AXIS2_PLACEMENT_3D('',#1526,#1527,#1528);
#1526 = CARTESIAN_POINT('',(-116.,8.,9.));
#1527 = DIRECTION('',(0.,-1.,0.));
#1528 = DIRECTION('',(-1.,0.,0.));
#1529 = DEFINITIONAL_REPRESENTATION('',(#1530),#1533);
#1530 = B_SPLINE_CURVE_WITH_KNOTS('',1,(#1531,#1532),.UNSPECIFIED.,.F.,
  .F.,(2,2),(24.5,40.5),.PIECEWISE_BEZIER_KNOTS.);
#1531 = CARTESIAN_POINT('',(16.,-4.));
#1532 = CARTESIAN_POINT('',(0.,-4.));
#1533 = ( GEOMETRIC_REPRESENTATION_CONTEXT(2) 
PARAMETRIC_REPRESENTATION_CONTEXT() REPRESENTATION_CONTEXT('2D SPACE',''
  ) );
#1534 = FACE_BOUND('',#1535,.T.);
#1535 = EDGE_LOOP('',(#1536,#1564,#1590,#1616));
#1536 = ORIENTED_EDGE('',*,*,#1537,.T.);
#1537 = EDGE_CURVE('',#1538,#1540,#1542,.T.);
#1538 = VERTEX_POINT('',#1539);
#1539 = CARTESIAN_POINT('',(-86.,-22.,13.));
#1540 = VERTEX_POINT('',#1541);
#1541 = CARTESIAN_POINT('',(-86.,-38.,13.));
#1542 = SURFACE_CURVE('',#1543,(#1547,#1553),.PCURVE_S1.);
#1543 = LINE('',#1544,#1545);
#1544 = CARTESIAN_POINT('',(-86.,-85.5,13.));
#1545 = VECTOR('',#1546,1.);
#1546 = DIRECTION('',(0.,-1.,0.));
#1547 = PCURVE('',#126,#1548);
#1548 = DEFINITIONAL_REPRESENTATION('',(#1549),#1552);
#1549 = B_SPLINE_CURVE_WITH_KNOTS('',1,(#1550,#1551),.UNSPECIFIED.,.F.,
  .F.,(2,2),(-63.5,-47.5),.PIECEWISE_BEZIER_KNOTS.);
#1550 = CARTESIAN_POINT('',(111.,111.));
#1551 = CARTESIAN_POINT('',(111.,95.));
#1552 = ( GEOMETRIC_REPRESENTATION_CONTEXT(2) 
PARAMETRIC_REPRESENTATION_CONTEXT() REPRESENTATION_CONTEXT('2D SPACE',''
  ) );
#1553 = PCURVE('',#1554,#1559);
#1554 = PLANE('',#1555);
#1555 = AXIS2_PLACEMENT_3D('',#1556,#1557,#1558);
#1556 = CARTESIAN_POINT('',(-86.,-38.,9.));
#1557 = DIRECTION('',(-1.,0.,0.));
#1558 = DIRECTION('',(0.,1.,0.));
#1559 = DEFINITIONAL_REPRESENTATION('',(#1560),#1563);
#1560 = B_SPLINE_CURVE_WITH_KNOTS('',1,(#1561,#1562),.UNSPECIFIED.,.F.,
  .F.,(2,2),(-63.5,-47.5),.PIECEWISE_BEZIER_KNOTS.);
#1561 = CARTESIAN_POINT('',(16.,-4.));
#1562 = CARTESIAN_POINT('',(0.,-4.));
#1563 = ( GEOMETRIC_REPRESENTATION_CONTEXT(2) 
PARAMETRIC_REPRESENTATION_CONTEXT() REPRESENTATION_CONTEXT('2D SPACE',''
  ) );
#1564 = ORIENTED_EDGE('',*,*,#1565,.T.);
#1565 = EDGE_CURVE('',#1540,#1566,#1568,.T.);
#1566 = VERTEX_POINT('',#1567);
#1567 = CARTESIAN_POINT('',(-102.,-38.,13.));
#1568 = SURFACE_CURVE('',#1569,(#1573,#1579),.PCURVE_S1.);
#1569 = LINE('',#1570,#1571);
#1570 = CARTESIAN_POINT('',(-149.5,-38.,13.));
#1571 = VECTOR('',#1572,1.);
#1572 = DIRECTION('',(-1.,0.,0.));
#1573 = PCURVE('',#126,#1574);
#1574 = DEFINITIONAL_REPRESENTATION('',(#1575),#1578);
#1575 = B_SPLINE_CURVE_WITH_KNOTS('',1,(#1576,#1577),.UNSPECIFIED.,.F.,
  .F.,(2,2),(-63.5,-47.5),.PIECEWISE_BEZIER_KNOTS.);
#1576 = CARTESIAN_POINT('',(111.,95.));
#1577 = CARTESIAN_POINT('',(95.,95.));
#1578 = ( GEOMETRIC_REPRESENTATION_CONTEXT(2) 
PARAMETRIC_REPRESENTATION_CONTEXT() REPRESENTATION_CONTEXT('2D SPACE',''
  ) );
#1579 = PCURVE('',#1580,#1585);
#1580 = PLANE('',#1581);
#1581 = AXIS2_PLACEMENT_3D('',#1582,#1583,#1584);
#1582 = CARTESIAN_POINT('',(-102.,-38.,9.));
#1583 = DIRECTION('',(0.,1.,0.));
#1584 = DIRECTION('',(1.,0.,0.));
#1585 = DEFINITIONAL_REPRESENTATION('',(#1586),#1589);
#1586 = B_SPLINE_CURVE_WITH_KNOTS('',1,(#1587,#1588),.UNSPECIFIED.,.F.,
  .F.,(2,2),(-63.5,-47.5),.PIECEWISE_BEZIER_KNOTS.);
#1587 = CARTESIAN_POINT('',(16.,-4.));
#1588 = CARTESIAN_POINT('',(0.,-4.));
#1589 = ( GEOMETRIC_REPRESENTATION_CONTEXT(2) 
PARAMETRIC_REPRESENTATION_CONTEXT() REPRESENTATION_CONTEXT('2D SPACE',''
  ) );
#1590 = ORIENTED_EDGE('',*,*,#1591,.T.);
#1591 = EDGE_CURVE('',#1566,#1592,#1594,.T.);
#1592 = VERTEX_POINT('',#1593);
#1593 = CARTESIAN_POINT('',(-102.,-22.,13.));
#1594 = SURFACE_CURVE('',#1595,(#1599,#1605),.PCURVE_S1.);
#1595 = LINE('',#1596,#1597);
#1596 = CARTESIAN_POINT('',(-102.,-77.5,13.));
#1597 = VECTOR('',#1598,1.);
#1598 = DIRECTION('',(0.,1.,0.));
#1599 = PCURVE('',#126,#1600);
#1600 = DEFINITIONAL_REPRESENTATION('',(#1601),#1604);
#1601 = B_SPLINE_CURVE_WITH_KNOTS('',1,(#1602,#1603),.UNSPECIFIED.,.F.,
  .F.,(2,2),(39.5,55.5),.PIECEWISE_BEZIER_KNOTS.);
#1602 = CARTESIAN_POINT('',(95.,95.));
#1603 = CARTESIAN_POINT('',(95.,111.));
#1604 = ( GEOMETRIC_REPRESENTATION_CONTEXT(2) 
PARAMETRIC_REPRESENTATION_CONTEXT() REPRESENTATION_CONTEXT('2D SPACE',''
  ) );
#1605 = PCURVE('',#1606,#1611);
#1606 = PLANE('',#1607);
#1607 = AXIS2_PLACEMENT_3D('',#1608,#1609,#1610);
#1608 = CARTESIAN_POINT('',(-102.,-22.,9.));
#1609 = DIRECTION('',(1.,0.,0.));
#1610 = DIRECTION('',(0.,-1.,0.));
#1611 = DEFINITIONAL_REPRESENTATION('',(#1612),#1615);
#1612 = B_SPLINE_CURVE_WITH_KNOTS('',1,(#1613,#1614),.UNSPECIFIED.,.F.,
  .F.,(2,2),(39.5,55.5),.PIECEWISE_BEZIER_KNOTS.);
#1613 = CARTESIAN_POINT('',(16.,-4.));
#1614 = CARTESIAN_POINT('',(0.,-4.));
#1615 = ( GEOMETRIC_REPRESENTATION_CONTEXT(2) 
PARAMETRIC_REPRESENTATION_CONTEXT() REPRESENTATION_CONTEXT('2D SPACE',''
  ) );
#1616 = ORIENTED_EDGE('',*,*,#1617,.T.);
#1617 = EDGE_CURVE('',#1592,#1538,#1618,.T.);
#1618 = SURFACE_CURVE('',#1619,(#1623,#1629),.PCURVE_S1.);
#1619 = LINE('',#1620,#1621);
#1620 = CARTESIAN_POINT('',(-141.5,-22.,13.));
#1621 = VECTOR('',#1622,1.);
#1622 = DIRECTION('',(1.,0.,0.));
#1623 = PCURVE('',#126,#1624);
#1624 = DEFINITIONAL_REPRESENTATION('',(#1625),#1628);
#1625 = B_SPLINE_CURVE_WITH_KNOTS('',1,(#1626,#1627),.UNSPECIFIED.,.F.,
  .F.,(2,2),(39.5,55.5),.PIECEWISE_BEZIER_KNOTS.);
#1626 = CARTESIAN_POINT('',(95.,111.));
#1627 = CARTESIAN_POINT('',(111.,111.));
#1628 = ( GEOMETRIC_REPRESENTATION_CONTEXT(2) 
PARAMETRIC_REPRESENTATION_CONTEXT() REPRESENTATION_CONTEXT('2D SPACE',''
  ) );
#1629 = PCURVE('',#1630,#1635);
#1630 = PLANE('',#1631);
#1631 = AXIS2_PLACEMENT_3D('',#1632,#1633,#1634);
#1632 = CARTESIAN_POINT('',(-86.,-22.,9.));
#1633 = DIRECTION('',(0.,-1.,0.));
#1634 = DIRECTION('',(-1.,0.,0.));
#1635 = DEFINITIONAL_REPRESENTATION('',(#1636),#1639);
#1636 = B_SPLINE_CURVE_WITH_KNOTS('',1,(#1637,#1638),.UNSPECIFIED.,.F.,
  .F.,(2,2),(39.5,55.5),.PIECEWISE_BEZIER_KNOTS.);
#1637 = CARTESIAN_POINT('',(16.,-4.));
#1638 = CARTESIAN_POINT('',(0.,-4.));
#1639 = ( GEOMETRIC_REPRESENTATION_CONTEXT(2) 
PARAMETRIC_REPRESENTATION_CONTEXT() REPRESENTATION_CONTEXT('2D SPACE',''
  ) );
#1640 = FACE_BOUND('',#1641,.T.);
#1641 = EDGE_LOOP('',(#1642,#1670,#1696,#1722));
#1642 = ORIENTED_EDGE('',*,*,#1643,.T.);
#1643 = EDGE_CURVE('',#1644,#1646,#1648,.T.);
#1644 = VERTEX_POINT('',#1645);
#1645 = CARTESIAN_POINT('',(-56.,-22.,13.));
#1646 = VERTEX_POINT('',#1647);
#1647 = CARTESIAN_POINT('',(-56.,-38.,13.));
#1648 = SURFACE_CURVE('',#1649,(#1653,#1659),.PCURVE_S1.);
#1649 = LINE('',#1650,#1651);
#1650 = CARTESIAN_POINT('',(-56.,-85.5,13.));
#1651 = VECTOR('',#1652,1.);
#1652 = DIRECTION('',(0.,-1.,0.));
#1653 = PCURVE('',#126,#1654);
#1654 = DEFINITIONAL_REPRESENTATION('',(#1655),#1658);
#1655 = B_SPLINE_CURVE_WITH_KNOTS('',1,(#1656,#1657),.UNSPECIFIED.,.F.,
  .F.,(2,2),(-63.5,-47.5),.PIECEWISE_BEZIER_KNOTS.);
#1656 = CARTESIAN_POINT('',(141.,111.));
#1657 = CARTESIAN_POINT('',(141.,95.));
#1658 = ( GEOMETRIC_REPRESENTATION_CONTEXT(2) 
PARAMETRIC_REPRESENTATION_CONTEXT() REPRESENTATION_CONTEXT('2D SPACE',''
  ) );
#1659 = PCURVE('',#1660,#1665);
#1660 = PLANE('',#1661);
#1661 = AXIS2_PLACEMENT_3D('',#1662,#1663,#1664);
#1662 = CARTESIAN_POINT('',(-56.,-38.,9.));
#1663 = DIRECTION('',(-1.,0.,0.));
#1664 = DIRECTION('',(0.,1.,0.));
#1665 = DEFINITIONAL_REPRESENTATION('',(#1666),#1669);
#1666 = B_SPLINE_CURVE_WITH_KNOTS('',1,(#1667,#1668),.UNSPECIFIED.,.F.,
  .F.,(2,2),(-63.5,-47.5),.PIECEWISE_BEZIER_KNOTS.);
#1667 = CARTESIAN_POINT('',(16.,-4.));
#1668 = CARTESIAN_POINT('',(0.,-4.));
#1669 = ( GEOMETRIC_REPRESENTATION_CONTEXT(2) 
PARAMETRIC_REPRESENTATION_CONTEXT() REPRESENTATION_CONTEXT('2D SPACE',''
  ) );
#1670 = ORIENTED_EDGE('',*,*,#1671,.T.);
#1671 = EDGE_CURVE('',#1646,#1672,#1674,.T.);
#1672 = VERTEX_POINT('',#1673);
#1673 = CARTESIAN_POINT('',(-72.,-38.,13.));
#1674 = SURFACE_CURVE('',#1675,(#1679,#1685),.PCURVE_S1.);
#1675 = LINE('',#1676,#1677);
#1676 = CARTESIAN_POINT('',(-134.5,-38.,13.));
#1677 = VECTOR('',#1678,1.);
#1678 = DIRECTION('',(-1.,0.,0.));
#1679 = PCURVE('',#126,#1680);
#1680 = DEFINITIONAL_REPRESENTATION('',(#1681),#1684);
#1681 = B_SPLINE_CURVE_WITH_KNOTS('',1,(#1682,#1683),.UNSPECIFIED.,.F.,
  .F.,(2,2),(-78.5,-62.5),.PIECEWISE_BEZIER_KNOTS.);
#1682 = CARTESIAN_POINT('',(141.,95.));
#1683 = CARTESIAN_POINT('',(125.,95.));
#1684 = ( GEOMETRIC_REPRESENTATION_CONTEXT(2) 
PARAMETRIC_REPRESENTATION_CONTEXT() REPRESENTATION_CONTEXT('2D SPACE',''
  ) );
#1685 = PCURVE('',#1686,#1691);
#1686 = PLANE('',#1687);
#1687 = AXIS2_PLACEMENT_3D('',#1688,#1689,#1690);
#1688 = CARTESIAN_POINT('',(-72.,-38.,9.));
#1689 = DIRECTION('',(0.,1.,0.));
#1690 = DIRECTION('',(1.,0.,0.));
#1691 = DEFINITIONAL_REPRESENTATION('',(#1692),#1695);
#1692 = B_SPLINE_CURVE_WITH_KNOTS('',1,(#1693,#1694),.UNSPECIFIED.,.F.,
  .F.,(2,2),(-78.5,-62.5),.PIECEWISE_BEZIER_KNOTS.);
#1693 = CARTESIAN_POINT('',(16.,-4.));
#1694 = CARTESIAN_POINT('',(0.,-4.));
#1695 = ( GEOMETRIC_REPRESENTATION_CONTEXT(2) 
PARAMETRIC_REPRESENTATION_CONTEXT() REPRESENTATION_CONTEXT('2D SPACE',''
  ) );
#1696 = ORIENTED_EDGE('',*,*,#1697,.T.);
#1697 = EDGE_CURVE('',#1672,#1698,#1700,.T.);
#1698 = VERTEX_POINT('',#1699);
#1699 = CARTESIAN_POINT('',(-72.,-22.,13.));
#1700 = SURFACE_CURVE('',#1701,(#1705,#1711),.PCURVE_S1.);
#1701 = LINE('',#1702,#1703);
#1702 = CARTESIAN_POINT('',(-72.,-77.5,13.));
#1703 = VECTOR('',#1704,1.);
#1704 = DIRECTION('',(0.,1.,0.));
#1705 = PCURVE('',#126,#1706);
#1706 = DEFINITIONAL_REPRESENTATION('',(#1707),#1710);
#1707 = B_SPLINE_CURVE_WITH_KNOTS('',1,(#1708,#1709),.UNSPECIFIED.,.F.,
  .F.,(2,2),(39.5,55.5),.PIECEWISE_BEZIER_KNOTS.);
#1708 = CARTESIAN_POINT('',(125.,95.));
#1709 = CARTESIAN_POINT('',(125.,111.));
#1710 = ( GEOMETRIC_REPRESENTATION_CONTEXT(2) 
PARAMETRIC_REPRESENTATION_CONTEXT() REPRESENTATION_CONTEXT('2D SPACE',''
  ) );
#1711 = PCURVE('',#1712,#1717);
#1712 = PLANE('',#1713);
#1713 = AXIS2_PLACEMENT_3D('',#1714,#1715,#1716);
#1714 = CARTESIAN_POINT('',(-72.,-22.,9.));
#1715 = DIRECTION('',(1.,0.,0.));
#1716 = DIRECTION('',(0.,-1.,0.));
#1717 = DEFINITIONAL_REPRESENTATION('',(#1718),#1721);
#1718 = B_SPLINE_CURVE_WITH_KNOTS('',1,(#1719,#1720),.UNSPECIFIED.,.F.,
  .F.,(2,2),(39.5,55.5),.PIECEWISE_BEZIER_KNOTS.);
#1719 = CARTESIAN_POINT('',(16.,-4.));
#1720 = CARTESIAN_POINT('',(0.,-4.));
#1721 = ( GEOMETRIC_REPRESENTATION_CONTEXT(2) 
PARAMETRIC_REPRESENTATION_CONTEXT() REPRESENTATION_CONTEXT('2D SPACE',''
  ) );
#1722 = ORIENTED_EDGE('',*,*,#1723,.T.);
#1723 = EDGE_CURVE('',#1698,#1644,#1724,.T.);
#1724 = SURFACE_CURVE('',#1725,(#1729,#1735),.PCURVE_S1.);
#1725 = LINE('',#1726,#1727);
#1726 = CARTESIAN_POINT('',(-126.5,-22.,13.));
#1727 = VECTOR('',#1728,1.);
#1728 = DIRECTION('',(1.,0.,0.));
#1729 = PCURVE('',#126,#1730);
#1730 = DEFINITIONAL_REPRESENTATION('',(#1731),#1734);
#1731 = B_SPLINE_CURVE_WITH_KNOTS('',1,(#1732,#1733),.UNSPECIFIED.,.F.,
  .F.,(2,2),(54.5,70.5),.PIECEWISE_BEZIER_KNOTS.);
#1732 = CARTESIAN_POINT('',(125.,111.));
#1733 = CARTESIAN_POINT('',(141.,111.));
#1734 = ( GEOMETRIC_REPRESENTATION_CONTEXT(2) 
PARAMETRIC_REPRESENTATION_CONTEXT() REPRESENTATION_CONTEXT('2D SPACE',''
  ) );
#1735 = PCURVE('',#1736,#1741);
#1736 = PLANE('',#1737);
#1737 = AXIS2_PLACEMENT_3D('',#1738,#1739,#1740);
#1738 = CARTESIAN_POINT('',(-56.,-22.,9.));
#1739 = DIRECTION('',(0.,-1.,0.));
#1740 = DIRECTION('',(-1.,0.,0.));
#1741 = DEFINITIONAL_REPRESENTATION('',(#1742),#1745);
#1742 = B_SPLINE_CURVE_WITH_KNOTS('',1,(#1743,#1744),.UNSPECIFIED.,.F.,
  .F.,(2,2),(54.5,70.5),.PIECEWISE_BEZIER_KNOTS.);
#1743 = CARTESIAN_POINT('',(16.,-4.));
#1744 = CARTESIAN_POINT('',(0.,-4.));
#1745 = ( GEOMETRIC_REPRESENTATION_CONTEXT(2) 
PARAMETRIC_REPRESENTATION_CONTEXT() REPRESENTATION_CONTEXT('2D SPACE',''
  ) );
#1746 = FACE_BOUND('',#1747,.T.);
#1747 = EDGE_LOOP('',(#1748,#1776,#1802,#1828));
#1748 = ORIENTED_EDGE('',*,*,#1749,.T.);
#1749 = EDGE_CURVE('',#1750,#1752,#1754,.T.);
#1750 = VERTEX_POINT('',#1751);
#1751 = CARTESIAN_POINT('',(-86.,8.,13.));
#1752 = VERTEX_POINT('',#1753);
#1753 = CARTESIAN_POINT('',(-86.,-8.,13.));
#1754 = SURFACE_CURVE('',#1755,(#1759,#1765),.PCURVE_S1.);
#1755 = LINE('',#1756,#1757);
#1756 = CARTESIAN_POINT('',(-86.,-70.5,13.));
#1757 = VECTOR('',#1758,1.);
#1758 = DIRECTION('',(0.,-1.,0.));
#1759 = PCURVE('',#126,#1760);
#1760 = DEFINITIONAL_REPRESENTATION('',(#1761),#1764);
#1761 = B_SPLINE_CURVE_WITH_KNOTS('',1,(#1762,#1763),.UNSPECIFIED.,.F.,
  .F.,(2,2),(-78.5,-62.5),.PIECEWISE_BEZIER_KNOTS.);
#1762 = CARTESIAN_POINT('',(111.,141.));
#1763 = CARTESIAN_POINT('',(111.,125.));
#1764 = ( GEOMETRIC_REPRESENTATION_CONTEXT(2) 
PARAMETRIC_REPRESENTATION_CONTEXT() REPRESENTATION_CONTEXT('2D SPACE',''
  ) );
#1765 = PCURVE('',#1766,#1771);
#1766 = PLANE('',#1767);
#1767 = AXIS2_PLACEMENT_3D('',#1768,#1769,#1770);
#1768 = CARTESIAN_POINT('',(-86.,-8.,9.));
#1769 = DIRECTION('',(-1.,0.,0.));
#1770 = DIRECTION('',(0.,1.,0.));
#1771 = DEFINITIONAL_REPRESENTATION('',(#1772),#1775);
#1772 = B_SPLINE_CURVE_WITH_KNOTS('',1,(#1773,#1774),.UNSPECIFIED.,.F.,
  .F.,(2,2),(-78.5,-62.5),.PIECEWISE_BEZIER_KNOTS.);
#1773 = CARTESIAN_POINT('',(16.,-4.));
#1774 = CARTESIAN_POINT('',(0.,-4.));
#1775 = ( GEOMETRIC_REPRESENTATION_CONTEXT(2) 
PARAMETRIC_REPRESENTATION_CONTEXT() REPRESENTATION_CONTEXT('2D SPACE',''
  ) );
#1776 = ORIENTED_EDGE('',*,*,#1777,.T.);
#1777 = EDGE_CURVE('',#1752,#1778,#1780,.T.);
#1778 = VERTEX_POINT('',#1779);
#1779 = CARTESIAN_POINT('',(-102.,-8.,13.));
#1780 = SURFACE_CURVE('',#1781,(#1785,#1791),.PCURVE_S1.);
#1781 = LINE('',#1782,#1783);
#1782 = CARTESIAN_POINT('',(-149.5,-8.,13.));
#1783 = VECTOR('',#1784,1.);
#1784 = DIRECTION('',(-1.,0.,0.));
#1785 = PCURVE('',#126,#1786);
#1786 = DEFINITIONAL_REPRESENTATION('',(#1787),#1790);
#1787 = B_SPLINE_CURVE_WITH_KNOTS('',1,(#1788,#1789),.UNSPECIFIED.,.F.,
  .F.,(2,2),(-63.5,-47.5),.PIECEWISE_BEZIER_KNOTS.);
#1788 = CARTESIAN_POINT('',(111.,125.));
#1789 = CARTESIAN_POINT('',(95.,125.));
#1790 = ( GEOMETRIC_REPRESENTATION_CONTEXT(2) 
PARAMETRIC_REPRESENTATION_CONTEXT() REPRESENTATION_CONTEXT('2D SPACE',''
  ) );
#1791 = PCURVE('',#1792,#1797);
#1792 = PLANE('',#1793);
#1793 = AXIS2_PLACEMENT_3D('',#1794,#1795,#1796);
#1794 = CARTESIAN_POINT('',(-102.,-8.,9.));
#1795 = DIRECTION('',(0.,1.,0.));
#1796 = DIRECTION('',(1.,0.,0.));
#1797 = DEFINITIONAL_REPRESENTATION('',(#1798),#1801);
#1798 = B_SPLINE_CURVE_WITH_KNOTS('',1,(#1799,#1800),.UNSPECIFIED.,.F.,
  .F.,(2,2),(-63.5,-47.5),.PIECEWISE_BEZIER_KNOTS.);
#1799 = CARTESIAN_POINT('',(16.,-4.));
#1800 = CARTESIAN_POINT('',(0.,-4.));
#1801 = ( GEOMETRIC_REPRESENTATION_CONTEXT(2) 
PARAMETRIC_REPRESENTATION_CONTEXT() REPRESENTATION_CONTEXT('2D SPACE',''
  ) );
#1802 = ORIENTED_EDGE('',*,*,#1803,.T.);
#1803 = EDGE_CURVE('',#1778,#1804,#1806,.T.);
#1804 = VERTEX_POINT('',#1805);
#1805 = CARTESIAN_POINT('',(-102.,8.,13.));
#1806 = SURFACE_CURVE('',#1807,(#1811,#1817),.PCURVE_S1.);
#1807 = LINE('',#1808,#1809);
#1808 = CARTESIAN_POINT('',(-102.,-62.5,13.));
#1809 = VECTOR('',#1810,1.);
#1810 = DIRECTION('',(0.,1.,0.));
#1811 = PCURVE('',#126,#1812);
#1812 = DEFINITIONAL_REPRESENTATION('',(#1813),#1816);
#1813 = B_SPLINE_CURVE_WITH_KNOTS('',1,(#1814,#1815),.UNSPECIFIED.,.F.,
  .F.,(2,2),(54.5,70.5),.PIECEWISE_BEZIER_KNOTS.);
#1814 = CARTESIAN_POINT('',(95.,125.));
#1815 = CARTESIAN_POINT('',(95.,141.));
#1816 = ( GEOMETRIC_REPRESENTATION_CONTEXT(2) 
PARAMETRIC_REPRESENTATION_CONTEXT() REPRESENTATION_CONTEXT('2D SPACE',''
  ) );
#1817 = PCURVE('',#1818,#1823);
#1818 = PLANE('',#1819);
#1819 = AXIS2_PLACEMENT_3D('',#1820,#1821,#1822);
#1820 = CARTESIAN_POINT('',(-102.,8.,9.));
#1821 = DIRECTION('',(1.,0.,0.));
#1822 = DIRECTION('',(0.,-1.,0.));
#1823 = DEFINITIONAL_REPRESENTATION('',(#1824),#1827);
#1824 = B_SPLINE_CURVE_WITH_KNOTS('',1,(#1825,#1826),.UNSPECIFIED.,.F.,
  .F.,(2,2),(54.5,70.5),.PIECEWISE_BEZIER_KNOTS.);
#1825 = CARTESIAN_POINT('',(16.,-4.));
#1826 = CARTESIAN_POINT('',(0.,-4.));
#1827 = ( GEOMETRIC_REPRESENTATION_CONTEXT(2) 
PARAMETRIC_REPRESENTATION_CONTEXT() REPRESENTATION_CONTEXT('2D SPACE',''
  ) );
#1828 = ORIENTED_EDGE('',*,*,#1829,.T.);
#1829 = EDGE_CURVE('',#1804,#1750,#1830,.T.);
#1830 = SURFACE_CURVE('',#1831,(#1835,#1841),.PCURVE_S1.);
#1831 = LINE('',#1832,#1833);
#1832 = CARTESIAN_POINT('',(-141.5,8.,13.));
#1833 = VECTOR('',#1834,1.);
#1834 = DIRECTION('',(1.,0.,0.));
#1835 = PCURVE('',#126,#1836);
#1836 = DEFINITIONAL_REPRESENTATION('',(#1837),#1840);
#1837 = B_SPLINE_CURVE_WITH_KNOTS('',1,(#1838,#1839),.UNSPECIFIED.,.F.,
  .F.,(2,2),(39.5,55.5),.PIECEWISE_BEZIER_KNOTS.);
#1838 = CARTESIAN_POINT('',(95.,141.));
#1839 = CARTESIAN_POINT('',(111.,141.));
#1840 = ( GEOMETRIC_REPRESENTATION_CONTEXT(2) 
PARAMETRIC_REPRESENTATION_CONTEXT() REPRESENTATION_CONTEXT('2D SPACE',''
  ) );
#1841 = PCURVE('',#1842,#1847);
#1842 = PLANE('',#1843);
#1843 = AXIS2_PLACEMENT_3D('',#1844,#1845,#1846);
#1844 = CARTESIAN_POINT('',(-86.,8.,9.));
#1845 = DIRECTION('',(0.,-1.,0.));
#1846 = DIRECTION('',(-1.,0.,0.));
#1847 = DEFINITIONAL_REPRESENTATION('',(#1848),#1851);
#1848 = B_SPLINE_CURVE_WITH_KNOTS('',1,(#1849,#1850),.UNSPECIFIED.,.F.,
  .F.,(2,2),(39.5,55.5),.PIECEWISE_BEZIER_KNOTS.);
#1849 = CARTESIAN_POINT('',(16.,-4.));
#1850 = CARTESIAN_POINT('',(0.,-4.));
#1851 = ( GEOMETRIC_REPRESENTATION_CONTEXT(2) 
PARAMETRIC_REPRESENTATION_CONTEXT() REPRESENTATION_CONTEXT('2D SPACE',''
  ) );
#1852 = FACE_BOUND('',#1853,.T.);
#1853 = EDGE_LOOP('',(#1854,#1882,#1908,#1934));
#1854 = ORIENTED_EDGE('',*,*,#1855,.T.);
#1855 = EDGE_CURVE('',#1856,#1858,#1860,.T.);
#1856 = VERTEX_POINT('',#1857);
#1857 = CARTESIAN_POINT('',(-56.,8.,13.));
#1858 = VERTEX_POINT('',#1859);
#1859 = CARTESIAN_POINT('',(-56.,-8.,13.));
#1860 = SURFACE_CURVE('',#1861,(#1865,#1871),.PCURVE_S1.);
#1861 = LINE('',#1862,#1863);
#1862 = CARTESIAN_POINT('',(-56.,-70.5,13.));
#1863 = VECTOR('',#1864,1.);
#1864 = DIRECTION('',(0.,-1.,0.));
#1865 = PCURVE('',#126,#1866);
#1866 = DEFINITIONAL_REPRESENTATION('',(#1867),#1870);
#1867 = B_SPLINE_CURVE_WITH_KNOTS('',1,(#1868,#1869),.UNSPECIFIED.,.F.,
  .F.,(2,2),(-78.5,-62.5),.PIECEWISE_BEZIER_KNOTS.);
#1868 = CARTESIAN_POINT('',(141.,141.));
#1869 = CARTESIAN_POINT('',(141.,125.));
#1870 = ( GEOMETRIC_REPRESENTATION_CONTEXT(2) 
PARAMETRIC_REPRESENTATION_CONTEXT() REPRESENTATION_CONTEXT('2D SPACE',''
  ) );
#1871 = PCURVE('',#1872,#1877);
#1872 = PLANE('',#1873);
#1873 = AXIS2_PLACEMENT_3D('',#1874,#1875,#1876);
#1874 = CARTESIAN_POINT('',(-56.,-8.,9.));
#1875 = DIRECTION('',(-1.,0.,0.));
#1876 = DIRECTION('',(0.,1.,0.));
#1877 = DEFINITIONAL_REPRESENTATION('',(#1878),#1881);
#1878 = B_SPLINE_CURVE_WITH_KNOTS('',1,(#1879,#1880),.UNSPECIFIED.,.F.,
  .F.,(2,2),(-78.5,-62.5),.PIECEWISE_BEZIER_KNOTS.);
#1879 = CARTESIAN_POINT('',(16.,-4.));
#1880 = CARTESIAN_POINT('',(0.,-4.));
#1881 = ( GEOMETRIC_REPRESENTATION_CONTEXT(2) 
PARAMETRIC_REPRESENTATION_CONTEXT() REPRESENTATION_CONTEXT('2D SPACE',''
  ) );
#1882 = ORIENTED_EDGE('',*,*,#1883,.T.);
#1883 = EDGE_CURVE('',#1858,#1884,#1886,.T.);
#1884 = VERTEX_POINT('',#1885);
#1885 = CARTESIAN_POINT('',(-72.,-8.,13.));
#1886 = SURFACE_CURVE('',#1887,(#1891,#1897),.PCURVE_S1.);
#1887 = LINE('',#1888,#1889);
#1888 = CARTESIAN_POINT('',(-134.5,-8.,13.));
#1889 = VECTOR('',#1890,1.);
#1890 = DIRECTION('',(-1.,0.,0.));
#1891 = PCURVE('',#126,#1892);
#1892 = DEFINITIONAL_REPRESENTATION('',(#1893),#1896);
#1893 = B_SPLINE_CURVE_WITH_KNOTS('',1,(#1894,#1895),.UNSPECIFIED.,.F.,
  .F.,(2,2),(-78.5,-62.5),.PIECEWISE_BEZIER_KNOTS.);
#1894 = CARTESIAN_POINT('',(141.,125.));
#1895 = CARTESIAN_POINT('',(125.,125.));
#1896 = ( GEOMETRIC_REPRESENTATION_CONTEXT(2) 
PARAMETRIC_REPRESENTATION_CONTEXT() REPRESENTATION_CONTEXT('2D SPACE',''
  ) );
#1897 = PCURVE('',#1898,#1903);
#1898 = PLANE('',#1899);
#1899 = AXIS2_PLACEMENT_3D('',#1900,#1901,#1902);
#1900 = CARTESIAN_POINT('',(-72.,-8.,9.));
#1901 = DIRECTION('',(0.,1.,0.));
#1902 = DIRECTION('',(1.,0.,0.));
#1903 = DEFINITIONAL_REPRESENTATION('',(#1904),#1907);
#1904 = B_SPLINE_CURVE_WITH_KNOTS('',1,(#1905,#1906),.UNSPECIFIED.,.F.,
  .F.,(2,2),(-78.5,-62.5),.PIECEWISE_BEZIER_KNOTS.);
#1905 = CARTESIAN_POINT('',(16.,-4.));
#1906 = CARTESIAN_POINT('',(0.,-4.));
#1907 = ( GEOMETRIC_REPRESENTATION_CONTEXT(2) 
PARAMETRIC_REPRESENTATION_CONTEXT() REPRESENTATION_CONTEXT('2D SPACE',''
  ) );
#1908 = ORIENTED_EDGE('',*,*,#1909,.T.);
#1909 = EDGE_CURVE('',#1884,#1910,#1912,.T.);
#1910 = VERTEX_POINT('',#1911);
#1911 = CARTESIAN_POINT('',(-72.,8.,13.));
#1912 = SURFACE_CURVE('',#1913,(#1917,#1923),.PCURVE_S1.);
#1913 = LINE('',#1914,#1915);
#1914 = CARTESIAN_POINT('',(-72.,-62.5,13.));
#1915 = VECTOR('',#1916,1.);
#1916 = DIRECTION('',(0.,1.,0.));
#1917 = PCURVE('',#126,#1918);
#1918 = DEFINITIONAL_REPRESENTATION('',(#1919),#1922);
#1919 = B_SPLINE_CURVE_WITH_KNOTS('',1,(#1920,#1921),.UNSPECIFIED.,.F.,
  .F.,(2,2),(54.5,70.5),.PIECEWISE_BEZIER_KNOTS.);
#1920 = CARTESIAN_POINT('',(125.,125.));
#1921 = CARTESIAN_POINT('',(125.,141.));
#1922 = ( GEOMETRIC_REPRESENTATION_CONTEXT(2) 
PARAMETRIC_REPRESENTATION_CONTEXT() REPRESENTATION_CONTEXT('2D SPACE',''
  ) );
#1923 = PCURVE('',#1924,#1929);
#1924 = PLANE('',#1925);
#1925 = AXIS2_PLACEMENT_3D('',#1926,#1927,#1928);
#1926 = CARTESIAN_POINT('',(-72.,8.,9.));
#1927 = DIRECTION('',(1.,0.,0.));
#1928 = DIRECTION('',(0.,-1.,0.));
#1929 = DEFINITIONAL_REPRESENTATION('',(#1930),#1933);
#1930 = B_SPLINE_CURVE_WITH_KNOTS('',1,(#1931,#1932),.UNSPECIFIED.,.F.,
  .F.,(2,2),(54.5,70.5),.PIECEWISE_BEZIER_KNOTS.);
#1931 = CARTESIAN_POINT('',(16.,-4.));
#1932 = CARTESIAN_POINT('',(0.,-4.));
#1933 = ( GEOMETRIC_REPRESENTATION_CONTEXT(2) 
PARAMETRIC_REPRESENTATION_CONTEXT() REPRESENTATION_CONTEXT('2D SPACE',''
  ) );
#1934 = ORIENTED_EDGE('',*,*,#1935,.T.);
#1935 = EDGE_CURVE('',#1910,#1856,#1936,.T.);
#1936 = SURFACE_CURVE('',#1937,(#1941,#1947),.PCURVE_S1.);
#1937 = LINE('',#1938,#1939);
#1938 = CARTESIAN_POINT('',(-126.5,8.,13.));
#1939 = VECTOR('',#1940,1.);
#1940 = DIRECTION('',(1.,0.,0.));
#1941 = PCURVE('',#126,#1942);
#1942 = DEFINITIONAL_REPRESENTATION('',(#1943),#1946);
#1943 = B_SPLINE_CURVE_WITH_KNOTS('',1,(#1944,#1945),.UNSPECIFIED.,.F.,
  .F.,(2,2),(54.5,70.5),.PIECEWISE_BEZIER_KNOTS.);
#1944 = CARTESIAN_POINT('',(125.,141.));
#1945 = CARTESIAN_POINT('',(141.,141.));
#1946 = ( GEOMETRIC_REPRESENTATION_CONTEXT(2) 
PARAMETRIC_REPRESENTATION_CONTEXT() REPRESENTATION_CONTEXT('2D SPACE',''
  ) );
#1947 = PCURVE('',#1948,#1953);
#1948 = PLANE('',#1949);
#1949 = AXIS2_PLACEMENT_3D('',#1950,#1951,#1952);
#1950 = CARTESIAN_POINT('',(-56.,8.,9.));
#1951 = DIRECTION('',(0.,-1.,0.));
#1952 = DIRECTION('',(-1.,0.,0.));
#1953 = DEFINITIONAL_REPRESENTATION('',(#1954),#1957);
#1954 = B_SPLINE_CURVE_WITH_KNOTS('',1,(#1955,#1956),.UNSPECIFIED.,.F.,
  .F.,(2,2),(54.5,70.5),.PIECEWISE_BEZIER_KNOTS.);
#1955 = CARTESIAN_POINT('',(16.,-4.));
#1956 = CARTESIAN_POINT('',(0.,-4.));
#1957 = ( GEOMETRIC_REPRESENTATION_CONTEXT(2) 
PARAMETRIC_REPRESENTATION_CONTEXT() REPRESENTATION_CONTEXT('2D SPACE',''
  ) );
#1958 = FACE_BOUND('',#1959,.T.);
#1959 = EDGE_LOOP('',(#1960,#1988,#2014,#2040));
#1960 = ORIENTED_EDGE('',*,*,#1961,.T.);
#1961 = EDGE_CURVE('',#1962,#1964,#1966,.T.);
#1962 = VERTEX_POINT('',#1963);
#1963 = CARTESIAN_POINT('',(-26.,-82.,13.));
#1964 = VERTEX_POINT('',#1965);
#1965 = CARTESIAN_POINT('',(-26.,-98.,13.));
#1966 = SURFACE_CURVE('',#1967,(#1971,#1977),.PCURVE_S1.);
#1967 = LINE('',#1968,#1969);
#1968 = CARTESIAN_POINT('',(-26.,-115.5,13.));
#1969 = VECTOR('',#1970,1.);
#1970 = DIRECTION('',(0.,-1.,0.));
#1971 = PCURVE('',#126,#1972);
#1972 = DEFINITIONAL_REPRESENTATION('',(#1973),#1976);
#1973 = B_SPLINE_CURVE_WITH_KNOTS('',1,(#1974,#1975),.UNSPECIFIED.,.F.,
  .F.,(2,2),(-33.5,-17.5),.PIECEWISE_BEZIER_KNOTS.);
#1974 = CARTESIAN_POINT('',(171.,51.));
#1975 = CARTESIAN_POINT('',(171.,35.));
#1976 = ( GEOMETRIC_REPRESENTATION_CONTEXT(2) 
PARAMETRIC_REPRESENTATION_CONTEXT() REPRESENTATION_CONTEXT('2D SPACE',''
  ) );
#1977 = PCURVE('',#1978,#1983);
#1978 = PLANE('',#1979);
#1979 = AXIS2_PLACEMENT_3D('',#1980,#1981,#1982);
#1980 = CARTESIAN_POINT('',(-26.,-98.,9.));
#1981 = DIRECTION('',(-1.,0.,0.));
#1982 = DIRECTION('',(0.,1.,0.));
#1983 = DEFINITIONAL_REPRESENTATION('',(#1984),#1987);
#1984 = B_SPLINE_CURVE_WITH_KNOTS('',1,(#1985,#1986),.UNSPECIFIED.,.F.,
  .F.,(2,2),(-33.5,-17.5),.PIECEWISE_BEZIER_KNOTS.);
#1985 = CARTESIAN_POINT('',(16.,-4.));
#1986 = CARTESIAN_POINT('',(0.,-4.));
#1987 = ( GEOMETRIC_REPRESENTATION_CONTEXT(2) 
PARAMETRIC_REPRESENTATION_CONTEXT() REPRESENTATION_CONTEXT('2D SPACE',''
  ) );
#1988 = ORIENTED_EDGE('',*,*,#1989,.T.);
#1989 = EDGE_CURVE('',#1964,#1990,#1992,.T.);
#1990 = VERTEX_POINT('',#1991);
#1991 = CARTESIAN_POINT('',(-42.,-98.,13.));
#1992 = SURFACE_CURVE('',#1993,(#1997,#2003),.PCURVE_S1.);
#1993 = LINE('',#1994,#1995);
#1994 = CARTESIAN_POINT('',(-119.5,-98.,13.));
#1995 = VECTOR('',#1996,1.);
#1996 = DIRECTION('',(-1.,0.,0.));
#1997 = PCURVE('',#126,#1998);
#1998 = DEFINITIONAL_REPRESENTATION('',(#1999),#2002);
#1999 = B_SPLINE_CURVE_WITH_KNOTS('',1,(#2000,#2001),.UNSPECIFIED.,.F.,
  .F.,(2,2),(-93.5,-77.5),.PIECEWISE_BEZIER_KNOTS.);
#2000 = CARTESIAN_POINT('',(171.,35.));
#2001 = CARTESIAN_POINT('',(155.,35.));
#2002 = ( GEOMETRIC_REPRESENTATION_CONTEXT(2) 
PARAMETRIC_REPRESENTATION_CONTEXT() REPRESENTATION_CONTEXT('2D SPACE',''
  ) );
#2003 = PCURVE('',#2004,#2009);
#2004 = PLANE('',#2005);
#2005 = AXIS2_PLACEMENT_3D('',#2006,#2007,#2008);
#2006 = CARTESIAN_POINT('',(-42.,-98.,9.));
#2007 = DIRECTION('',(0.,1.,0.));
#2008 = DIRECTION('',(1.,0.,0.));
#2009 = DEFINITIONAL_REPRESENTATION('',(#2010),#2013);
#2010 = B_SPLINE_CURVE_WITH_KNOTS('',1,(#2011,#2012),.UNSPECIFIED.,.F.,
  .F.,(2,2),(-93.5,-77.5),.PIECEWISE_BEZIER_KNOTS.);
#2011 = CARTESIAN_POINT('',(16.,-4.));
#2012 = CARTESIAN_POINT('',(0.,-4.));
#2013 = ( GEOMETRIC_REPRESENTATION_CONTEXT(2) 
PARAMETRIC_REPRESENTATION_CONTEXT() REPRESENTATION_CONTEXT('2D SPACE',''
  ) );
#2014 = ORIENTED_EDGE('',*,*,#2015,.T.);
#2015 = EDGE_CURVE('',#1990,#2016,#2018,.T.);
#2016 = VERTEX_POINT('',#2017);
#2017 = CARTESIAN_POINT('',(-42.,-82.,13.));
#2018 = SURFACE_CURVE('',#2019,(#2023,#2029),.PCURVE_S1.);
#2019 = LINE('',#2020,#2021);
#2020 = CARTESIAN_POINT('',(-42.,-107.5,13.));
#2021 = VECTOR('',#2022,1.);
#2022 = DIRECTION('',(0.,1.,0.));
#2023 = PCURVE('',#126,#2024);
#2024 = DEFINITIONAL_REPRESENTATION('',(#2025),#2028);
#2025 = B_SPLINE_CURVE_WITH_KNOTS('',1,(#2026,#2027),.UNSPECIFIED.,.F.,
  .F.,(2,2),(9.5,25.5),.PIECEWISE_BEZIER_KNOTS.);
#2026 = CARTESIAN_POINT('',(155.,35.));
#2027 = CARTESIAN_POINT('',(155.,51.));
#2028 = ( GEOMETRIC_REPRESENTATION_CONTEXT(2) 
PARAMETRIC_REPRESENTATION_CONTEXT() REPRESENTATION_CONTEXT('2D SPACE',''
  ) );
#2029 = PCURVE('',#2030,#2035);
#2030 = PLANE('',#2031);
#2031 = AXIS2_PLACEMENT_3D('',#2032,#2033,#2034);
#2032 = CARTESIAN_POINT('',(-42.,-82.,9.));
#2033 = DIRECTION('',(1.,0.,0.));
#2034 = DIRECTION('',(0.,-1.,0.));
#2035 = DEFINITIONAL_REPRESENTATION('',(#2036),#2039);
#2036 = B_SPLINE_CURVE_WITH_KNOTS('',1,(#2037,#2038),.UNSPECIFIED.,.F.,
  .F.,(2,2),(9.5,25.5),.PIECEWISE_BEZIER_KNOTS.);
#2037 = CARTESIAN_POINT('',(16.,-4.));
#2038 = CARTESIAN_POINT('',(0.,-4.));
#2039 = ( GEOMETRIC_REPRESENTATION_CONTEXT(2) 
PARAMETRIC_REPRESENTATION_CONTEXT() REPRESENTATION_CONTEXT('2D SPACE',''
  ) );
#2040 = ORIENTED_EDGE('',*,*,#2041,.T.);
#2041 = EDGE_CURVE('',#2016,#1962,#2042,.T.);
#2042 = SURFACE_CURVE('',#2043,(#2047,#2053),.PCURVE_S1.);
#2043 = LINE('',#2044,#2045);
#2044 = CARTESIAN_POINT('',(-111.5,-82.,13.));
#2045 = VECTOR('',#2046,1.);
#2046 = DIRECTION('',(1.,0.,0.));
#2047 = PCURVE('',#126,#2048);
#2048 = DEFINITIONAL_REPRESENTATION('',(#2049),#2052);
#2049 = B_SPLINE_CURVE_WITH_KNOTS('',1,(#2050,#2051),.UNSPECIFIED.,.F.,
  .F.,(2,2),(69.5,85.5),.PIECEWISE_BEZIER_KNOTS.);
#2050 = CARTESIAN_POINT('',(155.,51.));
#2051 = CARTESIAN_POINT('',(171.,51.));
#2052 = ( GEOMETRIC_REPRESENTATION_CONTEXT(2) 
PARAMETRIC_REPRESENTATION_CONTEXT() REPRESENTATION_CONTEXT('2D SPACE',''
  ) );
#2053 = PCURVE('',#2054,#2059);
#2054 = PLANE('',#2055);
#2055 = AXIS2_PLACEMENT_3D('',#2056,#2057,#2058);
#2056 = CARTESIAN_POINT('',(-26.,-82.,9.));
#2057 = DIRECTION('',(0.,-1.,0.));
#2058 = DIRECTION('',(-1.,0.,0.));
#2059 = DEFINITIONAL_REPRESENTATION('',(#2060),#2063);
#2060 = B_SPLINE_CURVE_WITH_KNOTS('',1,(#2061,#2062),.UNSPECIFIED.,.F.,
  .F.,(2,2),(69.5,85.5),.PIECEWISE_BEZIER_KNOTS.);
#2061 = CARTESIAN_POINT('',(16.,-4.));
#2062 = CARTESIAN_POINT('',(0.,-4.));
#2063 = ( GEOMETRIC_REPRESENTATION_CONTEXT(2) 
PARAMETRIC_REPRESENTATION_CONTEXT() REPRESENTATION_CONTEXT('2D SPACE',''
  ) );
#2064 = FACE_BOUND('',#2065,.T.);
#2065 = EDGE_LOOP('',(#2066,#2094,#2120,#2146));
#2066 = ORIENTED_EDGE('',*,*,#2067,.T.);
#2067 = EDGE_CURVE('',#2068,#2070,#2072,.T.);
#2068 = VERTEX_POINT('',#2069);
#2069 = CARTESIAN_POINT('',(-26.,-52.,13.));
#2070 = VERTEX_POINT('',#2071);
#2071 = CARTESIAN_POINT('',(-26.,-68.,13.));
#2072 = SURFACE_CURVE('',#2073,(#2077,#2083),.PCURVE_S1.);
#2073 = LINE('',#2074,#2075);
#2074 = CARTESIAN_POINT('',(-26.,-100.5,13.));
#2075 = VECTOR('',#2076,1.);
#2076 = DIRECTION('',(0.,-1.,0.));
#2077 = PCURVE('',#126,#2078);
#2078 = DEFINITIONAL_REPRESENTATION('',(#2079),#2082);
#2079 = B_SPLINE_CURVE_WITH_KNOTS('',1,(#2080,#2081),.UNSPECIFIED.,.F.,
  .F.,(2,2),(-48.5,-32.5),.PIECEWISE_BEZIER_KNOTS.);
#2080 = CARTESIAN_POINT('',(171.,81.));
#2081 = CARTESIAN_POINT('',(171.,65.));
#2082 = ( GEOMETRIC_REPRESENTATION_CONTEXT(2) 
PARAMETRIC_REPRESENTATION_CONTEXT() REPRESENTATION_CONTEXT('2D SPACE',''
  ) );
#2083 = PCURVE('',#2084,#2089);
#2084 = PLANE('',#2085);
#2085 = AXIS2_PLACEMENT_3D('',#2086,#2087,#2088);
#2086 = CARTESIAN_POINT('',(-26.,-68.,9.));
#2087 = DIRECTION('',(-1.,0.,0.));
#2088 = DIRECTION('',(0.,1.,0.));
#2089 = DEFINITIONAL_REPRESENTATION('',(#2090),#2093);
#2090 = B_SPLINE_CURVE_WITH_KNOTS('',1,(#2091,#2092),.UNSPECIFIED.,.F.,
  .F.,(2,2),(-48.5,-32.5),.PIECEWISE_BEZIER_KNOTS.);
#2091 = CARTESIAN_POINT('',(16.,-4.));
#2092 = CARTESIAN_POINT('',(0.,-4.));
#2093 = ( GEOMETRIC_REPRESENTATION_CONTEXT(2) 
PARAMETRIC_REPRESENTATION_CONTEXT() REPRESENTATION_CONTEXT('2D SPACE',''
  ) );
#2094 = ORIENTED_EDGE('',*,*,#2095,.T.);
#2095 = EDGE_CURVE('',#2070,#2096,#2098,.T.);
#2096 = VERTEX_POINT('',#2097);
#2097 = CARTESIAN_POINT('',(-42.,-68.,13.));
#2098 = SURFACE_CURVE('',#2099,(#2103,#2109),.PCURVE_S1.);
#2099 = LINE('',#2100,#2101);
#2100 = CARTESIAN_POINT('',(-119.5,-68.,13.));
#2101 = VECTOR('',#2102,1.);
#2102 = DIRECTION('',(-1.,0.,0.));
#2103 = PCURVE('',#126,#2104);
#2104 = DEFINITIONAL_REPRESENTATION('',(#2105),#2108);
#2105 = B_SPLINE_CURVE_WITH_KNOTS('',1,(#2106,#2107),.UNSPECIFIED.,.F.,
  .F.,(2,2),(-93.5,-77.5),.PIECEWISE_BEZIER_KNOTS.);
#2106 = CARTESIAN_POINT('',(171.,65.));
#2107 = CARTESIAN_POINT('',(155.,65.));
#2108 = ( GEOMETRIC_REPRESENTATION_CONTEXT(2) 
PARAMETRIC_REPRESENTATION_CONTEXT() REPRESENTATION_CONTEXT('2D SPACE',''
  ) );
#2109 = PCURVE('',#2110,#2115);
#2110 = PLANE('',#2111);
#2111 = AXIS2_PLACEMENT_3D('',#2112,#2113,#2114);
#2112 = CARTESIAN_POINT('',(-42.,-68.,9.));
#2113 = DIRECTION('',(0.,1.,0.));
#2114 = DIRECTION('',(1.,0.,0.));
#2115 = DEFINITIONAL_REPRESENTATION('',(#2116),#2119);
#2116 = B_SPLINE_CURVE_WITH_KNOTS('',1,(#2117,#2118),.UNSPECIFIED.,.F.,
  .F.,(2,2),(-93.5,-77.5),.PIECEWISE_BEZIER_KNOTS.);
#2117 = CARTESIAN_POINT('',(16.,-4.));
#2118 = CARTESIAN_POINT('',(0.,-4.));
#2119 = ( GEOMETRIC_REPRESENTATION_CONTEXT(2) 
PARAMETRIC_REPRESENTATION_CONTEXT() REPRESENTATION_CONTEXT('2D SPACE',''
  ) );
#2120 = ORIENTED_EDGE('',*,*,#2121,.T.);
#2121 = EDGE_CURVE('',#2096,#2122,#2124,.T.);
#2122 = VERTEX_POINT('',#2123);
#2123 = CARTESIAN_POINT('',(-42.,-52.,13.));
#2124 = SURFACE_CURVE('',#2125,(#2129,#2135),.PCURVE_S1.);
#2125 = LINE('',#2126,#2127);
#2126 = CARTESIAN_POINT('',(-42.,-92.5,13.));
#2127 = VECTOR('',#2128,1.);
#2128 = DIRECTION('',(0.,1.,0.));
#2129 = PCURVE('',#126,#2130);
#2130 = DEFINITIONAL_REPRESENTATION('',(#2131),#2134);
#2131 = B_SPLINE_CURVE_WITH_KNOTS('',1,(#2132,#2133),.UNSPECIFIED.,.F.,
  .F.,(2,2),(24.5,40.5),.PIECEWISE_BEZIER_KNOTS.);
#2132 = CARTESIAN_POINT('',(155.,65.));
#2133 = CARTESIAN_POINT('',(155.,81.));
#2134 = ( GEOMETRIC_REPRESENTATION_CONTEXT(2) 
PARAMETRIC_REPRESENTATION_CONTEXT() REPRESENTATION_CONTEXT('2D SPACE',''
  ) );
#2135 = PCURVE('',#2136,#2141);
#2136 = PLANE('',#2137);
#2137 = AXIS2_PLACEMENT_3D('',#2138,#2139,#2140);
#2138 = CARTESIAN_POINT('',(-42.,-52.,9.));
#2139 = DIRECTION('',(1.,0.,0.));
#2140 = DIRECTION('',(0.,-1.,0.));
#2141 = DEFINITIONAL_REPRESENTATION('',(#2142),#2145);
#2142 = B_SPLINE_CURVE_WITH_KNOTS('',1,(#2143,#2144),.UNSPECIFIED.,.F.,
  .F.,(2,2),(24.5,40.5),.PIECEWISE_BEZIER_KNOTS.);
#2143 = CARTESIAN_POINT('',(16.,-4.));
#2144 = CARTESIAN_POINT('',(0.,-4.));
#2145 = ( GEOMETRIC_REPRESENTATION_CONTEXT(2) 
PARAMETRIC_REPRESENTATION_CONTEXT() REPRESENTATION_CONTEXT('2D SPACE',''
  ) );
#2146 = ORIENTED_EDGE('',*,*,#2147,.T.);
#2147 = EDGE_CURVE('',#2122,#2068,#2148,.T.);
#2148 = SURFACE_CURVE('',#2149,(#2153,#2159),.PCURVE_S1.);
#2149 = LINE('',#2150,#2151);
#2150 = CARTESIAN_POINT('',(-111.5,-52.,13.));
#2151 = VECTOR('',#2152,1.);
#2152 = DIRECTION('',(1.,0.,0.));
#2153 = PCURVE('',#126,#2154);
#2154 = DEFINITIONAL_REPRESENTATION('',(#2155),#2158);
#2155 = B_SPLINE_CURVE_WITH_KNOTS('',1,(#2156,#2157),.UNSPECIFIED.,.F.,
  .F.,(2,2),(69.5,85.5),.PIECEWISE_BEZIER_KNOTS.);
#2156 = CARTESIAN_POINT('',(155.,81.));
#2157 = CARTESIAN_POINT('',(171.,81.));
#2158 = ( GEOMETRIC_REPRESENTATION_CONTEXT(2) 
PARAMETRIC_REPRESENTATION_CONTEXT() REPRESENTATION_CONTEXT('2D SPACE',''
  ) );
#2159 = PCURVE('',#2160,#2165);
#2160 = PLANE('',#2161);
#2161 = AXIS2_PLACEMENT_3D('',#2162,#2163,#2164);
#2162 = CARTESIAN_POINT('',(-26.,-52.,9.));
#2163 = DIRECTION('',(0.,-1.,0.));
#2164 = DIRECTION('',(-1.,0.,0.));
#2165 = DEFINITIONAL_REPRESENTATION('',(#2166),#2169);
#2166 = B_SPLINE_CURVE_WITH_KNOTS('',1,(#2167,#2168),.UNSPECIFIED.,.F.,
  .F.,(2,2),(69.5,85.5),.PIECEWISE_BEZIER_KNOTS.);
#2167 = CARTESIAN_POINT('',(16.,-4.));
#2168 = CARTESIAN_POINT('',(0.,-4.));
#2169 = ( GEOMETRIC_REPRESENTATION_CONTEXT(2) 
PARAMETRIC_REPRESENTATION_CONTEXT() REPRESENTATION_CONTEXT('2D SPACE',''
  ) );
#2170 = FACE_BOUND('',#2171,.T.);
#2171 = EDGE_LOOP('',(#2172,#2200,#2226,#2252));
#2172 = ORIENTED_EDGE('',*,*,#2173,.T.);
#2173 = EDGE_CURVE('',#2174,#2176,#2178,.T.);
#2174 = VERTEX_POINT('',#2175);
#2175 = CARTESIAN_POINT('',(4.,-82.,13.));
#2176 = VERTEX_POINT('',#2177);
#2177 = CARTESIAN_POINT('',(4.,-98.,13.));
#2178 = SURFACE_CURVE('',#2179,(#2183,#2189),.PCURVE_S1.);
#2179 = LINE('',#2180,#2181);
#2180 = CARTESIAN_POINT('',(4.,-115.5,13.));
#2181 = VECTOR('',#2182,1.);
#2182 = DIRECTION('',(0.,-1.,0.));
#2183 = PCURVE('',#126,#2184);
#2184 = DEFINITIONAL_REPRESENTATION('',(#2185),#2188);
#2185 = B_SPLINE_CURVE_WITH_KNOTS('',1,(#2186,#2187),.UNSPECIFIED.,.F.,
  .F.,(2,2),(-33.5,-17.5),.PIECEWISE_BEZIER_KNOTS.);
#2186 = CARTESIAN_POINT('',(201.,51.));
#2187 = CARTESIAN_POINT('',(201.,35.));
#2188 = ( GEOMETRIC_REPRESENTATION_CONTEXT(2) 
PARAMETRIC_REPRESENTATION_CONTEXT() REPRESENTATION_CONTEXT('2D SPACE',''
  ) );
#2189 = PCURVE('',#2190,#2195);
#2190 = PLANE('',#2191);
#2191 = AXIS2_PLACEMENT_3D('',#2192,#2193,#2194);
#2192 = CARTESIAN_POINT('',(4.,-98.,9.));
#2193 = DIRECTION('',(-1.,0.,0.));
#2194 = DIRECTION('',(0.,1.,0.));
#2195 = DEFINITIONAL_REPRESENTATION('',(#2196),#2199);
#2196 = B_SPLINE_CURVE_WITH_KNOTS('',1,(#2197,#2198),.UNSPECIFIED.,.F.,
  .F.,(2,2),(-33.5,-17.5),.PIECEWISE_BEZIER_KNOTS.);
#2197 = CARTESIAN_POINT('',(16.,-4.));
#2198 = CARTESIAN_POINT('',(0.,-4.));
#2199 = ( GEOMETRIC_REPRESENTATION_CONTEXT(2) 
PARAMETRIC_REPRESENTATION_CONTEXT() REPRESENTATION_CONTEXT('2D SPACE',''
  ) );
#2200 = ORIENTED_EDGE('',*,*,#2201,.T.);
#2201 = EDGE_CURVE('',#2176,#2202,#2204,.T.);
#2202 = VERTEX_POINT('',#2203);
#2203 = CARTESIAN_POINT('',(-12.,-98.,13.));
#2204 = SURFACE_CURVE('',#2205,(#2209,#2215),.PCURVE_S1.);
#2205 = LINE('',#2206,#2207);
#2206 = CARTESIAN_POINT('',(-104.5,-98.,13.));
#2207 = VECTOR('',#2208,1.);
#2208 = DIRECTION('',(-1.,0.,0.));
#2209 = PCURVE('',#126,#2210);
#2210 = DEFINITIONAL_REPRESENTATION('',(#2211),#2214);
#2211 = B_SPLINE_CURVE_WITH_KNOTS('',1,(#2212,#2213),.UNSPECIFIED.,.F.,
  .F.,(2,2),(-108.5,-92.5),.PIECEWISE_BEZIER_KNOTS.);
#2212 = CARTESIAN_POINT('',(201.,35.));
#2213 = CARTESIAN_POINT('',(185.,35.));
#2214 = ( GEOMETRIC_REPRESENTATION_CONTEXT(2) 
PARAMETRIC_REPRESENTATION_CONTEXT() REPRESENTATION_CONTEXT('2D SPACE',''
  ) );
#2215 = PCURVE('',#2216,#2221);
#2216 = PLANE('',#2217);
#2217 = AXIS2_PLACEMENT_3D('',#2218,#2219,#2220);
#2218 = CARTESIAN_POINT('',(-12.,-98.,9.));
#2219 = DIRECTION('',(0.,1.,0.));
#2220 = DIRECTION('',(1.,0.,0.));
#2221 = DEFINITIONAL_REPRESENTATION('',(#2222),#2225);
#2222 = B_SPLINE_CURVE_WITH_KNOTS('',1,(#2223,#2224),.UNSPECIFIED.,.F.,
  .F.,(2,2),(-108.5,-92.5),.PIECEWISE_BEZIER_KNOTS.);
#2223 = CARTESIAN_POINT('',(16.,-4.));
#2224 = CARTESIAN_POINT('',(0.,-4.));
#2225 = ( GEOMETRIC_REPRESENTATION_CONTEXT(2) 
PARAMETRIC_REPRESENTATION_CONTEXT() REPRESENTATION_CONTEXT('2D SPACE',''
  ) );
#2226 = ORIENTED_EDGE('',*,*,#2227,.T.);
#2227 = EDGE_CURVE('',#2202,#2228,#2230,.T.);
#2228 = VERTEX_POINT('',#2229);
#2229 = CARTESIAN_POINT('',(-12.,-82.,13.));
#2230 = SURFACE_CURVE('',#2231,(#2235,#2241),.PCURVE_S1.);
#2231 = LINE('',#2232,#2233);
#2232 = CARTESIAN_POINT('',(-12.,-107.5,13.));
#2233 = VECTOR('',#2234,1.);
#2234 = DIRECTION('',(0.,1.,0.));
#2235 = PCURVE('',#126,#2236);
#2236 = DEFINITIONAL_REPRESENTATION('',(#2237),#2240);
#2237 = B_SPLINE_CURVE_WITH_KNOTS('',1,(#2238,#2239),.UNSPECIFIED.,.F.,
  .F.,(2,2),(9.5,25.5),.PIECEWISE_BEZIER_KNOTS.);
#2238 = CARTESIAN_POINT('',(185.,35.));
#2239 = CARTESIAN_POINT('',(185.,51.));
#2240 = ( GEOMETRIC_REPRESENTATION_CONTEXT(2) 
PARAMETRIC_REPRESENTATION_CONTEXT() REPRESENTATION_CONTEXT('2D SPACE',''
  ) );
#2241 = PCURVE('',#2242,#2247);
#2242 = PLANE('',#2243);
#2243 = AXIS2_PLACEMENT_3D('',#2244,#2245,#2246);
#2244 = CARTESIAN_POINT('',(-12.,-82.,9.));
#2245 = DIRECTION('',(1.,0.,0.));
#2246 = DIRECTION('',(0.,-1.,0.));
#2247 = DEFINITIONAL_REPRESENTATION('',(#2248),#2251);
#2248 = B_SPLINE_CURVE_WITH_KNOTS('',1,(#2249,#2250),.UNSPECIFIED.,.F.,
  .F.,(2,2),(9.5,25.5),.PIECEWISE_BEZIER_KNOTS.);
#2249 = CARTESIAN_POINT('',(16.,-4.));
#2250 = CARTESIAN_POINT('',(0.,-4.));
#2251 = ( GEOMETRIC_REPRESENTATION_CONTEXT(2) 
PARAMETRIC_REPRESENTATION_CONTEXT() REPRESENTATION_CONTEXT('2D SPACE',''
  ) );
#2252 = ORIENTED_EDGE('',*,*,#2253,.T.);
#2253 = EDGE_CURVE('',#2228,#2174,#2254,.T.);
#2254 = SURFACE_CURVE('',#2255,(#2259,#2265),.PCURVE_S1.);
#2255 = LINE('',#2256,#2257);
#2256 = CARTESIAN_POINT('',(-96.5,-82.,13.));
#2257 = VECTOR('',#2258,1.);
#2258 = DIRECTION('',(1.,0.,0.));
#2259 = PCURVE('',#126,#2260);
#2260 = DEFINITIONAL_REPRESENTATION('',(#2261),#2264);
#2261 = B_SPLINE_CURVE_WITH_KNOTS('',1,(#2262,#2263),.UNSPECIFIED.,.F.,
  .F.,(2,2),(84.5,100.5),.PIECEWISE_BEZIER_KNOTS.);
#2262 = CARTESIAN_POINT('',(185.,51.));
#2263 = CARTESIAN_POINT('',(201.,51.));
#2264 = ( GEOMETRIC_REPRESENTATION_CONTEXT(2) 
PARAMETRIC_REPRESENTATION_CONTEXT() REPRESENTATION_CONTEXT('2D SPACE',''
  ) );
#2265 = PCURVE('',#2266,#2271);
#2266 = PLANE('',#2267);
#2267 = AXIS2_PLACEMENT_3D('',#2268,#2269,#2270);
#2268 = CARTESIAN_POINT('',(4.,-82.,9.));
#2269 = DIRECTION('',(0.,-1.,0.));
#2270 = DIRECTION('',(-1.,0.,0.));
#2271 = DEFINITIONAL_REPRESENTATION('',(#2272),#2275);
#2272 = B_SPLINE_CURVE_WITH_KNOTS('',1,(#2273,#2274),.UNSPECIFIED.,.F.,
  .F.,(2,2),(84.5,100.5),.PIECEWISE_BEZIER_KNOTS.);
#2273 = CARTESIAN_POINT('',(16.,-4.));
#2274 = CARTESIAN_POINT('',(0.,-4.));
#2275 = ( GEOMETRIC_REPRESENTATION_CONTEXT(2) 
PARAMETRIC_REPRESENTATION_CONTEXT() REPRESENTATION_CONTEXT('2D SPACE',''
  ) );
#2276 = FACE_BOUND('',#2277,.T.);
#2277 = EDGE_LOOP('',(#2278,#2306,#2332,#2358));
#2278 = ORIENTED_EDGE('',*,*,#2279,.T.);
#2279 = EDGE_CURVE('',#2280,#2282,#2284,.T.);
#2280 = VERTEX_POINT('',#2281);
#2281 = CARTESIAN_POINT('',(34.,-82.,13.));
#2282 = VERTEX_POINT('',#2283);
#2283 = CARTESIAN_POINT('',(34.,-98.,13.));
#2284 = SURFACE_CURVE('',#2285,(#2289,#2295),.PCURVE_S1.);
#2285 = LINE('',#2286,#2287);
#2286 = CARTESIAN_POINT('',(34.,-115.5,13.));
#2287 = VECTOR('',#2288,1.);
#2288 = DIRECTION('',(0.,-1.,0.));
#2289 = PCURVE('',#126,#2290);
#2290 = DEFINITIONAL_REPRESENTATION('',(#2291),#2294);
#2291 = B_SPLINE_CURVE_WITH_KNOTS('',1,(#2292,#2293),.UNSPECIFIED.,.F.,
  .F.,(2,2),(-33.5,-17.5),.PIECEWISE_BEZIER_KNOTS.);
#2292 = CARTESIAN_POINT('',(231.,51.));
#2293 = CARTESIAN_POINT('',(231.,35.));
#2294 = ( GEOMETRIC_REPRESENTATION_CONTEXT(2) 
PARAMETRIC_REPRESENTATION_CONTEXT() REPRESENTATION_CONTEXT('2D SPACE',''
  ) );
#2295 = PCURVE('',#2296,#2301);
#2296 = PLANE('',#2297);
#2297 = AXIS2_PLACEMENT_3D('',#2298,#2299,#2300);
#2298 = CARTESIAN_POINT('',(34.,-98.,9.));
#2299 = DIRECTION('',(-1.,0.,0.));
#2300 = DIRECTION('',(0.,1.,0.));
#2301 = DEFINITIONAL_REPRESENTATION('',(#2302),#2305);
#2302 = B_SPLINE_CURVE_WITH_KNOTS('',1,(#2303,#2304),.UNSPECIFIED.,.F.,
  .F.,(2,2),(-33.5,-17.5),.PIECEWISE_BEZIER_KNOTS.);
#2303 = CARTESIAN_POINT('',(16.,-4.));
#2304 = CARTESIAN_POINT('',(0.,-4.));
#2305 = ( GEOMETRIC_REPRESENTATION_CONTEXT(2) 
PARAMETRIC_REPRESENTATION_CONTEXT() REPRESENTATION_CONTEXT('2D SPACE',''
  ) );
#2306 = ORIENTED_EDGE('',*,*,#2307,.T.);
#2307 = EDGE_CURVE('',#2282,#2308,#2310,.T.);
#2308 = VERTEX_POINT('',#2309);
#2309 = CARTESIAN_POINT('',(18.,-98.,13.));
#2310 = SURFACE_CURVE('',#2311,(#2315,#2321),.PCURVE_S1.);
#2311 = LINE('',#2312,#2313);
#2312 = CARTESIAN_POINT('',(-89.5,-98.,13.));
#2313 = VECTOR('',#2314,1.);
#2314 = DIRECTION('',(-1.,0.,0.));
#2315 = PCURVE('',#126,#2316);
#2316 = DEFINITIONAL_REPRESENTATION('',(#2317),#2320);
#2317 = B_SPLINE_CURVE_WITH_KNOTS('',1,(#2318,#2319),.UNSPECIFIED.,.F.,
  .F.,(2,2),(-123.5,-107.5),.PIECEWISE_BEZIER_KNOTS.);
#2318 = CARTESIAN_POINT('',(231.,35.));
#2319 = CARTESIAN_POINT('',(215.,35.));
#2320 = ( GEOMETRIC_REPRESENTATION_CONTEXT(2) 
PARAMETRIC_REPRESENTATION_CONTEXT() REPRESENTATION_CONTEXT('2D SPACE',''
  ) );
#2321 = PCURVE('',#2322,#2327);
#2322 = PLANE('',#2323);
#2323 = AXIS2_PLACEMENT_3D('',#2324,#2325,#2326);
#2324 = CARTESIAN_POINT('',(18.,-98.,9.));
#2325 = DIRECTION('',(0.,1.,0.));
#2326 = DIRECTION('',(1.,0.,0.));
#2327 = DEFINITIONAL_REPRESENTATION('',(#2328),#2331);
#2328 = B_SPLINE_CURVE_WITH_KNOTS('',1,(#2329,#2330),.UNSPECIFIED.,.F.,
  .F.,(2,2),(-123.5,-107.5),.PIECEWISE_BEZIER_KNOTS.);
#2329 = CARTESIAN_POINT('',(16.,-4.));
#2330 = CARTESIAN_POINT('',(0.,-4.));
#2331 = ( GEOMETRIC_REPRESENTATION_CONTEXT(2) 
PARAMETRIC_REPRESENTATION_CONTEXT() REPRESENTATION_CONTEXT('2D SPACE',''
  ) );
#2332 = ORIENTED_EDGE('',*,*,#2333,.T.);
#2333 = EDGE_CURVE('',#2308,#2334,#2336,.T.);
#2334 = VERTEX_POINT('',#2335);
#2335 = CARTESIAN_POINT('',(18.,-82.,13.));
#2336 = SURFACE_CURVE('',#2337,(#2341,#2347),.PCURVE_S1.);
#2337 = LINE('',#2338,#2339);
#2338 = CARTESIAN_POINT('',(18.,-107.5,13.));
#2339 = VECTOR('',#2340,1.);
#2340 = DIRECTION('',(0.,1.,0.));
#2341 = PCURVE('',#126,#2342);
#2342 = DEFINITIONAL_REPRESENTATION('',(#2343),#2346);
#2343 = B_SPLINE_CURVE_WITH_KNOTS('',1,(#2344,#2345),.UNSPECIFIED.,.F.,
  .F.,(2,2),(9.5,25.5),.PIECEWISE_BEZIER_KNOTS.);
#2344 = CARTESIAN_POINT('',(215.,35.));
#2345 = CARTESIAN_POINT('',(215.,51.));
#2346 = ( GEOMETRIC_REPRESENTATION_CONTEXT(2) 
PARAMETRIC_REPRESENTATION_CONTEXT() REPRESENTATION_CONTEXT('2D SPACE',''
  ) );
#2347 = PCURVE('',#2348,#2353);
#2348 = PLANE('',#2349);
#2349 = AXIS2_PLACEMENT_3D('',#2350,#2351,#2352);
#2350 = CARTESIAN_POINT('',(18.,-82.,9.));
#2351 = DIRECTION('',(1.,0.,0.));
#2352 = DIRECTION('',(0.,-1.,0.));
#2353 = DEFINITIONAL_REPRESENTATION('',(#2354),#2357);
#2354 = B_SPLINE_CURVE_WITH_KNOTS('',1,(#2355,#2356),.UNSPECIFIED.,.F.,
  .F.,(2,2),(9.5,25.5),.PIECEWISE_BEZIER_KNOTS.);
#2355 = CARTESIAN_POINT('',(16.,-4.));
#2356 = CARTESIAN_POINT('',(0.,-4.));
#2357 = ( GEOMETRIC_REPRESENTATION_CONTEXT(2) 
PARAMETRIC_REPRESENTATION_CONTEXT() REPRESENTATION_CONTEXT('2D SPACE',''
  ) );
#2358 = ORIENTED_EDGE('',*,*,#2359,.T.);
#2359 = EDGE_CURVE('',#2334,#2280,#2360,.T.);
#2360 = SURFACE_CURVE('',#2361,(#2365,#2371),.PCURVE_S1.);
#2361 = LINE('',#2362,#2363);
#2362 = CARTESIAN_POINT('',(-81.5,-82.,13.));
#2363 = VECTOR('',#2364,1.);
#2364 = DIRECTION('',(1.,0.,0.));
#2365 = PCURVE('',#126,#2366);
#2366 = DEFINITIONAL_REPRESENTATION('',(#2367),#2370);
#2367 = B_SPLINE_CURVE_WITH_KNOTS('',1,(#2368,#2369),.UNSPECIFIED.,.F.,
  .F.,(2,2),(99.5,115.5),.PIECEWISE_BEZIER_KNOTS.);
#2368 = CARTESIAN_POINT('',(215.,51.));
#2369 = CARTESIAN_POINT('',(231.,51.));
#2370 = ( GEOMETRIC_REPRESENTATION_CONTEXT(2) 
PARAMETRIC_REPRESENTATION_CONTEXT() REPRESENTATION_CONTEXT('2D SPACE',''
  ) );
#2371 = PCURVE('',#2372,#2377);
#2372 = PLANE('',#2373);
#2373 = AXIS2_PLACEMENT_3D('',#2374,#2375,#2376);
#2374 = CARTESIAN_POINT('',(34.,-82.,9.));
#2375 = DIRECTION('',(0.,-1.,0.));
#2376 = DIRECTION('',(-1.,0.,0.));
#2377 = DEFINITIONAL_REPRESENTATION('',(#2378),#2381);
#2378 = B_SPLINE_CURVE_WITH_KNOTS('',1,(#2379,#2380),.UNSPECIFIED.,.F.,
  .F.,(2,2),(99.5,115.5),.PIECEWISE_BEZIER_KNOTS.);
#2379 = CARTESIAN_POINT('',(16.,-4.));
#2380 = CARTESIAN_POINT('',(0.,-4.));
#2381 = ( GEOMETRIC_REPRESENTATION_CONTEXT(2) 
PARAMETRIC_REPRESENTATION_CONTEXT() REPRESENTATION_CONTEXT('2D SPACE',''
  ) );
#2382 = FACE_BOUND('',#2383,.T.);
#2383 = EDGE_LOOP('',(#2384,#2412,#2438,#2464));
#2384 = ORIENTED_EDGE('',*,*,#2385,.T.);
#2385 = EDGE_CURVE('',#2386,#2388,#2390,.T.);
#2386 = VERTEX_POINT('',#2387);
#2387 = CARTESIAN_POINT('',(4.,-52.,13.));
#2388 = VERTEX_POINT('',#2389);
#2389 = CARTESIAN_POINT('',(4.,-68.,13.));
#2390 = SURFACE_CURVE('',#2391,(#2395,#2401),.PCURVE_S1.);
#2391 = LINE('',#2392,#2393);
#2392 = CARTESIAN_POINT('',(4.,-100.5,13.));
#2393 = VECTOR('',#2394,1.);
#2394 = DIRECTION('',(0.,-1.,0.));
#2395 = PCURVE('',#126,#2396);
#2396 = DEFINITIONAL_REPRESENTATION('',(#2397),#2400);
#2397 = B_SPLINE_CURVE_WITH_KNOTS('',1,(#2398,#2399),.UNSPECIFIED.,.F.,
  .F.,(2,2),(-48.5,-32.5),.PIECEWISE_BEZIER_KNOTS.);
#2398 = CARTESIAN_POINT('',(201.,81.));
#2399 = CARTESIAN_POINT('',(201.,65.));
#2400 = ( GEOMETRIC_REPRESENTATION_CONTEXT(2) 
PARAMETRIC_REPRESENTATION_CONTEXT() REPRESENTATION_CONTEXT('2D SPACE',''
  ) );
#2401 = PCURVE('',#2402,#2407);
#2402 = PLANE('',#2403);
#2403 = AXIS2_PLACEMENT_3D('',#2404,#2405,#2406);
#2404 = CARTESIAN_POINT('',(4.,-68.,9.));
#2405 = DIRECTION('',(-1.,0.,0.));
#2406 = DIRECTION('',(0.,1.,0.));
#2407 = DEFINITIONAL_REPRESENTATION('',(#2408),#2411);
#2408 = B_SPLINE_CURVE_WITH_KNOTS('',1,(#2409,#2410),.UNSPECIFIED.,.F.,
  .F.,(2,2),(-48.5,-32.5),.PIECEWISE_BEZIER_KNOTS.);
#2409 = CARTESIAN_POINT('',(16.,-4.));
#2410 = CARTESIAN_POINT('',(0.,-4.));
#2411 = ( GEOMETRIC_REPRESENTATION_CONTEXT(2) 
PARAMETRIC_REPRESENTATION_CONTEXT() REPRESENTATION_CONTEXT('2D SPACE',''
  ) );
#2412 = ORIENTED_EDGE('',*,*,#2413,.T.);
#2413 = EDGE_CURVE('',#2388,#2414,#2416,.T.);
#2414 = VERTEX_POINT('',#2415);
#2415 = CARTESIAN_POINT('',(-12.,-68.,13.));
#2416 = SURFACE_CURVE('',#2417,(#2421,#2427),.PCURVE_S1.);
#2417 = LINE('',#2418,#2419);
#2418 = CARTESIAN_POINT('',(-104.5,-68.,13.));
#2419 = VECTOR('',#2420,1.);
#2420 = DIRECTION('',(-1.,0.,0.));
#2421 = PCURVE('',#126,#2422);
#2422 = DEFINITIONAL_REPRESENTATION('',(#2423),#2426);
#2423 = B_SPLINE_CURVE_WITH_KNOTS('',1,(#2424,#2425),.UNSPECIFIED.,.F.,
  .F.,(2,2),(-108.5,-92.5),.PIECEWISE_BEZIER_KNOTS.);
#2424 = CARTESIAN_POINT('',(201.,65.));
#2425 = CARTESIAN_POINT('',(185.,65.));
#2426 = ( GEOMETRIC_REPRESENTATION_CONTEXT(2) 
PARAMETRIC_REPRESENTATION_CONTEXT() REPRESENTATION_CONTEXT('2D SPACE',''
  ) );
#2427 = PCURVE('',#2428,#2433);
#2428 = PLANE('',#2429);
#2429 = AXIS2_PLACEMENT_3D('',#2430,#2431,#2432);
#2430 = CARTESIAN_POINT('',(-12.,-68.,9.));
#2431 = DIRECTION('',(0.,1.,0.));
#2432 = DIRECTION('',(1.,0.,0.));
#2433 = DEFINITIONAL_REPRESENTATION('',(#2434),#2437);
#2434 = B_SPLINE_CURVE_WITH_KNOTS('',1,(#2435,#2436),.UNSPECIFIED.,.F.,
  .F.,(2,2),(-108.5,-92.5),.PIECEWISE_BEZIER_KNOTS.);
#2435 = CARTESIAN_POINT('',(16.,-4.));
#2436 = CARTESIAN_POINT('',(0.,-4.));
#2437 = ( GEOMETRIC_REPRESENTATION_CONTEXT(2) 
PARAMETRIC_REPRESENTATION_CONTEXT() REPRESENTATION_CONTEXT('2D SPACE',''
  ) );
#2438 = ORIENTED_EDGE('',*,*,#2439,.T.);
#2439 = EDGE_CURVE('',#2414,#2440,#2442,.T.);
#2440 = VERTEX_POINT('',#2441);
#2441 = CARTESIAN_POINT('',(-12.,-52.,13.));
#2442 = SURFACE_CURVE('',#2443,(#2447,#2453),.PCURVE_S1.);
#2443 = LINE('',#2444,#2445);
#2444 = CARTESIAN_POINT('',(-12.,-92.5,13.));
#2445 = VECTOR('',#2446,1.);
#2446 = DIRECTION('',(0.,1.,0.));
#2447 = PCURVE('',#126,#2448);
#2448 = DEFINITIONAL_REPRESENTATION('',(#2449),#2452);
#2449 = B_SPLINE_CURVE_WITH_KNOTS('',1,(#2450,#2451),.UNSPECIFIED.,.F.,
  .F.,(2,2),(24.5,40.5),.PIECEWISE_BEZIER_KNOTS.);
#2450 = CARTESIAN_POINT('',(185.,65.));
#2451 = CARTESIAN_POINT('',(185.,81.));
#2452 = ( GEOMETRIC_REPRESENTATION_CONTEXT(2) 
PARAMETRIC_REPRESENTATION_CONTEXT() REPRESENTATION_CONTEXT('2D SPACE',''
  ) );
#2453 = PCURVE('',#2454,#2459);
#2454 = PLANE('',#2455);
#2455 = AXIS2_PLACEMENT_3D('',#2456,#2457,#2458);
#2456 = CARTESIAN_POINT('',(-12.,-52.,9.));
#2457 = DIRECTION('',(1.,0.,0.));
#2458 = DIRECTION('',(0.,-1.,0.));
#2459 = DEFINITIONAL_REPRESENTATION('',(#2460),#2463);
#2460 = B_SPLINE_CURVE_WITH_KNOTS('',1,(#2461,#2462),.UNSPECIFIED.,.F.,
  .F.,(2,2),(24.5,40.5),.PIECEWISE_BEZIER_KNOTS.);
#2461 = CARTESIAN_POINT('',(16.,-4.));
#2462 = CARTESIAN_POINT('',(0.,-4.));
#2463 = ( GEOMETRIC_REPRESENTATION_CONTEXT(2) 
PARAMETRIC_REPRESENTATION_CONTEXT() REPRESENTATION_CONTEXT('2D SPACE',''
  ) );
#2464 = ORIENTED_EDGE('',*,*,#2465,.T.);
#2465 = EDGE_CURVE('',#2440,#2386,#2466,.T.);
#2466 = SURFACE_CURVE('',#2467,(#2471,#2477),.PCURVE_S1.);
#2467 = LINE('',#2468,#2469);
#2468 = CARTESIAN_POINT('',(-96.5,-52.,13.));
#2469 = VECTOR('',#2470,1.);
#2470 = DIRECTION('',(1.,0.,0.));
#2471 = PCURVE('',#126,#2472);
#2472 = DEFINITIONAL_REPRESENTATION('',(#2473),#2476);
#2473 = B_SPLINE_CURVE_WITH_KNOTS('',1,(#2474,#2475),.UNSPECIFIED.,.F.,
  .F.,(2,2),(84.5,100.5),.PIECEWISE_BEZIER_KNOTS.);
#2474 = CARTESIAN_POINT('',(185.,81.));
#2475 = CARTESIAN_POINT('',(201.,81.));
#2476 = ( GEOMETRIC_REPRESENTATION_CONTEXT(2) 
PARAMETRIC_REPRESENTATION_CONTEXT() REPRESENTATION_CONTEXT('2D SPACE',''
  ) );
#2477 = PCURVE('',#2478,#2483);
#2478 = PLANE('',#2479);
#2479 = AXIS2_PLACEMENT_3D('',#2480,#2481,#2482);
#2480 = CARTESIAN_POINT('',(4.,-52.,9.));
#2481 = DIRECTION('',(0.,-1.,0.));
#2482 = DIRECTION('',(-1.,0.,0.));
#2483 = DEFINITIONAL_REPRESENTATION('',(#2484),#2487);
#2484 = B_SPLINE_CURVE_WITH_KNOTS('',1,(#2485,#2486),.UNSPECIFIED.,.F.,
  .F.,(2,2),(84.5,100.5),.PIECEWISE_BEZIER_KNOTS.);
#2485 = CARTESIAN_POINT('',(16.,-4.));
#2486 = CARTESIAN_POINT('',(0.,-4.));
#2487 = ( GEOMETRIC_REPRESENTATION_CONTEXT(2) 
PARAMETRIC_REPRESENTATION_CONTEXT() REPRESENTATION_CONTEXT('2D SPACE',''
  ) );
#2488 = FACE_BOUND('',#2489,.T.);
#2489 = EDGE_LOOP('',(#2490,#2518,#2544,#2570));
#2490 = ORIENTED_EDGE('',*,*,#2491,.T.);
#2491 = EDGE_CURVE('',#2492,#2494,#2496,.T.);
#2492 = VERTEX_POINT('',#2493);
#2493 = CARTESIAN_POINT('',(34.,-52.,13.));
#2494 = VERTEX_POINT('',#2495);
#2495 = CARTESIAN_POINT('',(34.,-68.,13.));
#2496 = SURFACE_CURVE('',#2497,(#2501,#2507),.PCURVE_S1.);
#2497 = LINE('',#2498,#2499);
#2498 = CARTESIAN_POINT('',(34.,-100.5,13.));
#2499 = VECTOR('',#2500,1.);
#2500 = DIRECTION('',(0.,-1.,0.));
#2501 = PCURVE('',#126,#2502);
#2502 = DEFINITIONAL_REPRESENTATION('',(#2503),#2506);
#2503 = B_SPLINE_CURVE_WITH_KNOTS('',1,(#2504,#2505),.UNSPECIFIED.,.F.,
  .F.,(2,2),(-48.5,-32.5),.PIECEWISE_BEZIER_KNOTS.);
#2504 = CARTESIAN_POINT('',(231.,81.));
#2505 = CARTESIAN_POINT('',(231.,65.));
#2506 = ( GEOMETRIC_REPRESENTATION_CONTEXT(2) 
PARAMETRIC_REPRESENTATION_CONTEXT() REPRESENTATION_CONTEXT('2D SPACE',''
  ) );
#2507 = PCURVE('',#2508,#2513);
#2508 = PLANE('',#2509);
#2509 = AXIS2_PLACEMENT_3D('',#2510,#2511,#2512);
#2510 = CARTESIAN_POINT('',(34.,-68.,9.));
#2511 = DIRECTION('',(-1.,0.,0.));
#2512 = DIRECTION('',(0.,1.,0.));
#2513 = DEFINITIONAL_REPRESENTATION('',(#2514),#2517);
#2514 = B_SPLINE_CURVE_WITH_KNOTS('',1,(#2515,#2516),.UNSPECIFIED.,.F.,
  .F.,(2,2),(-48.5,-32.5),.PIECEWISE_BEZIER_KNOTS.);
#2515 = CARTESIAN_POINT('',(16.,-4.));
#2516 = CARTESIAN_POINT('',(0.,-4.));
#2517 = ( GEOMETRIC_REPRESENTATION_CONTEXT(2) 
PARAMETRIC_REPRESENTATION_CONTEXT() REPRESENTATION_CONTEXT('2D SPACE',''
  ) );
#2518 = ORIENTED_EDGE('',*,*,#2519,.T.);
#2519 = EDGE_CURVE('',#2494,#2520,#2522,.T.);
#2520 = VERTEX_POINT('',#2521);
#2521 = CARTESIAN_POINT('',(18.,-68.,13.));
#2522 = SURFACE_CURVE('',#2523,(#2527,#2533),.PCURVE_S1.);
#2523 = LINE('',#2524,#2525);
#2524 = CARTESIAN_POINT('',(-89.5,-68.,13.));
#2525 = VECTOR('',#2526,1.);
#2526 = DIRECTION('',(-1.,0.,0.));
#2527 = PCURVE('',#126,#2528);
#2528 = DEFINITIONAL_REPRESENTATION('',(#2529),#2532);
#2529 = B_SPLINE_CURVE_WITH_KNOTS('',1,(#2530,#2531),.UNSPECIFIED.,.F.,
  .F.,(2,2),(-123.5,-107.5),.PIECEWISE_BEZIER_KNOTS.);
#2530 = CARTESIAN_POINT('',(231.,65.));
#2531 = CARTESIAN_POINT('',(215.,65.));
#2532 = ( GEOMETRIC_REPRESENTATION_CONTEXT(2) 
PARAMETRIC_REPRESENTATION_CONTEXT() REPRESENTATION_CONTEXT('2D SPACE',''
  ) );
#2533 = PCURVE('',#2534,#2539);
#2534 = PLANE('',#2535);
#2535 = AXIS2_PLACEMENT_3D('',#2536,#2537,#2538);
#2536 = CARTESIAN_POINT('',(18.,-68.,9.));
#2537 = DIRECTION('',(0.,1.,0.));
#2538 = DIRECTION('',(1.,0.,0.));
#2539 = DEFINITIONAL_REPRESENTATION('',(#2540),#2543);
#2540 = B_SPLINE_CURVE_WITH_KNOTS('',1,(#2541,#2542),.UNSPECIFIED.,.F.,
  .F.,(2,2),(-123.5,-107.5),.PIECEWISE_BEZIER_KNOTS.);
#2541 = CARTESIAN_POINT('',(16.,-4.));
#2542 = CARTESIAN_POINT('',(0.,-4.));
#2543 = ( GEOMETRIC_REPRESENTATION_CONTEXT(2) 
PARAMETRIC_REPRESENTATION_CONTEXT() REPRESENTATION_CONTEXT('2D SPACE',''
  ) );
#2544 = ORIENTED_EDGE('',*,*,#2545,.T.);
#2545 = EDGE_CURVE('',#2520,#2546,#2548,.T.);
#2546 = VERTEX_POINT('',#2547);
#2547 = CARTESIAN_POINT('',(18.,-52.,13.));
#2548 = SURFACE_CURVE('',#2549,(#2553,#2559),.PCURVE_S1.);
#2549 = LINE('',#2550,#2551);
#2550 = CARTESIAN_POINT('',(18.,-92.5,13.));
#2551 = VECTOR('',#2552,1.);
#2552 = DIRECTION('',(0.,1.,0.));
#2553 = PCURVE('',#126,#2554);
#2554 = DEFINITIONAL_REPRESENTATION('',(#2555),#2558);
#2555 = B_SPLINE_CURVE_WITH_KNOTS('',1,(#2556,#2557),.UNSPECIFIED.,.F.,
  .F.,(2,2),(24.5,40.5),.PIECEWISE_BEZIER_KNOTS.);
#2556 = CARTESIAN_POINT('',(215.,65.));
#2557 = CARTESIAN_POINT('',(215.,81.));
#2558 = ( GEOMETRIC_REPRESENTATION_CONTEXT(2) 
PARAMETRIC_REPRESENTATION_CONTEXT() REPRESENTATION_CONTEXT('2D SPACE',''
  ) );
#2559 = PCURVE('',#2560,#2565);
#2560 = PLANE('',#2561);
#2561 = AXIS2_PLACEMENT_3D('',#2562,#2563,#2564);
#2562 = CARTESIAN_POINT('',(18.,-52.,9.));
#2563 = DIRECTION('',(1.,0.,0.));
#2564 = DIRECTION('',(0.,-1.,0.));
#2565 = DEFINITIONAL_REPRESENTATION('',(#2566),#2569);
#2566 = B_SPLINE_CURVE_WITH_KNOTS('',1,(#2567,#2568),.UNSPECIFIED.,.F.,
  .F.,(2,2),(24.5,40.5),.PIECEWISE_BEZIER_KNOTS.);
#2567 = CARTESIAN_POINT('',(16.,-4.));
#2568 = CARTESIAN_POINT('',(0.,-4.));
#2569 = ( GEOMETRIC_REPRESENTATION_CONTEXT(2) 
PARAMETRIC_REPRESENTATION_CONTEXT() REPRESENTATION_CONTEXT('2D SPACE',''
  ) );
#2570 = ORIENTED_EDGE('',*,*,#2571,.T.);
#2571 = EDGE_CURVE('',#2546,#2492,#2572,.T.);
#2572 = SURFACE_CURVE('',#2573,(#2577,#2583),.PCURVE_S1.);
#2573 = LINE('',#2574,#2575);
#2574 = CARTESIAN_POINT('',(-81.5,-52.,13.));
#2575 = VECTOR('',#2576,1.);
#2576 = DIRECTION('',(1.,0.,0.));
#2577 = PCURVE('',#126,#2578);
#2578 = DEFINITIONAL_REPRESENTATION('',(#2579),#2582);
#2579 = B_SPLINE_CURVE_WITH_KNOTS('',1,(#2580,#2581),.UNSPECIFIED.,.F.,
  .F.,(2,2),(99.5,115.5),.PIECEWISE_BEZIER_KNOTS.);
#2580 = CARTESIAN_POINT('',(215.,81.));
#2581 = CARTESIAN_POINT('',(231.,81.));
#2582 = ( GEOMETRIC_REPRESENTATION_CONTEXT(2) 
PARAMETRIC_REPRESENTATION_CONTEXT() REPRESENTATION_CONTEXT('2D SPACE',''
  ) );
#2583 = PCURVE('',#2584,#2589);
#2584 = PLANE('',#2585);
#2585 = AXIS2_PLACEMENT_3D('',#2586,#2587,#2588);
#2586 = CARTESIAN_POINT('',(34.,-52.,9.));
#2587 = DIRECTION('',(0.,-1.,0.));
#2588 = DIRECTION('',(-1.,0.,0.));
#2589 = DEFINITIONAL_REPRESENTATION('',(#2590),#2593);
#2590 = B_SPLINE_CURVE_WITH_KNOTS('',1,(#2591,#2592),.UNSPECIFIED.,.F.,
  .F.,(2,2),(99.5,115.5),.PIECEWISE_BEZIER_KNOTS.);
#2591 = CARTESIAN_POINT('',(16.,-4.));
#2592 = CARTESIAN_POINT('',(0.,-4.));
#2593 = ( GEOMETRIC_REPRESENTATION_CONTEXT(2) 
PARAMETRIC_REPRESENTATION_CONTEXT() REPRESENTATION_CONTEXT('2D SPACE',''
  ) );
#2594 = FACE_BOUND('',#2595,.T.);
#2595 = EDGE_LOOP('',(#2596,#2624,#2650,#2676));
#2596 = ORIENTED_EDGE('',*,*,#2597,.T.);
#2597 = EDGE_CURVE('',#2598,#2600,#2602,.T.);
#2598 = VERTEX_POINT('',#2599);
#2599 = CARTESIAN_POINT('',(-26.,-22.,13.));
#2600 = VERTEX_POINT('',#2601);
#2601 = CARTESIAN_POINT('',(-26.,-38.,13.));
#2602 = SURFACE_CURVE('',#2603,(#2607,#2613),.PCURVE_S1.);
#2603 = LINE('',#2604,#2605);
#2604 = CARTESIAN_POINT('',(-26.,-85.5,13.));
#2605 = VECTOR('',#2606,1.);
#2606 = DIRECTION('',(0.,-1.,0.));
#2607 = PCURVE('',#126,#2608);
#2608 = DEFINITIONAL_REPRESENTATION('',(#2609),#2612);
#2609 = B_SPLINE_CURVE_WITH_KNOTS('',1,(#2610,#2611),.UNSPECIFIED.,.F.,
  .F.,(2,2),(-63.5,-47.5),.PIECEWISE_BEZIER_KNOTS.);
#2610 = CARTESIAN_POINT('',(171.,111.));
#2611 = CARTESIAN_POINT('',(171.,95.));
#2612 = ( GEOMETRIC_REPRESENTATION_CONTEXT(2) 
PARAMETRIC_REPRESENTATION_CONTEXT() REPRESENTATION_CONTEXT('2D SPACE',''
  ) );
#2613 = PCURVE('',#2614,#2619);
#2614 = PLANE('',#2615);
#2615 = AXIS2_PLACEMENT_3D('',#2616,#2617,#2618);
#2616 = CARTESIAN_POINT('',(-26.,-38.,9.));
#2617 = DIRECTION('',(-1.,0.,0.));
#2618 = DIRECTION('',(0.,1.,0.));
#2619 = DEFINITIONAL_REPRESENTATION('',(#2620),#2623);
#2620 = B_SPLINE_CURVE_WITH_KNOTS('',1,(#2621,#2622),.UNSPECIFIED.,.F.,
  .F.,(2,2),(-63.5,-47.5),.PIECEWISE_BEZIER_KNOTS.);
#2621 = CARTESIAN_POINT('',(16.,-4.));
#2622 = CARTESIAN_POINT('',(0.,-4.));
#2623 = ( GEOMETRIC_REPRESENTATION_CONTEXT(2) 
PARAMETRIC_REPRESENTATION_CONTEXT() REPRESENTATION_CONTEXT('2D SPACE',''
  ) );
#2624 = ORIENTED_EDGE('',*,*,#2625,.T.);
#2625 = EDGE_CURVE('',#2600,#2626,#2628,.T.);
#2626 = VERTEX_POINT('',#2627);
#2627 = CARTESIAN_POINT('',(-42.,-38.,13.));
#2628 = SURFACE_CURVE('',#2629,(#2633,#2639),.PCURVE_S1.);
#2629 = LINE('',#2630,#2631);
#2630 = CARTESIAN_POINT('',(-119.5,-38.,13.));
#2631 = VECTOR('',#2632,1.);
#2632 = DIRECTION('',(-1.,0.,0.));
#2633 = PCURVE('',#126,#2634);
#2634 = DEFINITIONAL_REPRESENTATION('',(#2635),#2638);
#2635 = B_SPLINE_CURVE_WITH_KNOTS('',1,(#2636,#2637),.UNSPECIFIED.,.F.,
  .F.,(2,2),(-93.5,-77.5),.PIECEWISE_BEZIER_KNOTS.);
#2636 = CARTESIAN_POINT('',(171.,95.));
#2637 = CARTESIAN_POINT('',(155.,95.));
#2638 = ( GEOMETRIC_REPRESENTATION_CONTEXT(2) 
PARAMETRIC_REPRESENTATION_CONTEXT() REPRESENTATION_CONTEXT('2D SPACE',''
  ) );
#2639 = PCURVE('',#2640,#2645);
#2640 = PLANE('',#2641);
#2641 = AXIS2_PLACEMENT_3D('',#2642,#2643,#2644);
#2642 = CARTESIAN_POINT('',(-42.,-38.,9.));
#2643 = DIRECTION('',(0.,1.,0.));
#2644 = DIRECTION('',(1.,0.,0.));
#2645 = DEFINITIONAL_REPRESENTATION('',(#2646),#2649);
#2646 = B_SPLINE_CURVE_WITH_KNOTS('',1,(#2647,#2648),.UNSPECIFIED.,.F.,
  .F.,(2,2),(-93.5,-77.5),.PIECEWISE_BEZIER_KNOTS.);
#2647 = CARTESIAN_POINT('',(16.,-4.));
#2648 = CARTESIAN_POINT('',(0.,-4.));
#2649 = ( GEOMETRIC_REPRESENTATION_CONTEXT(2) 
PARAMETRIC_REPRESENTATION_CONTEXT() REPRESENTATION_CONTEXT('2D SPACE',''
  ) );
#2650 = ORIENTED_EDGE('',*,*,#2651,.T.);
#2651 = EDGE_CURVE('',#2626,#2652,#2654,.T.);
#2652 = VERTEX_POINT('',#2653);
#2653 = CARTESIAN_POINT('',(-42.,-22.,13.));
#2654 = SURFACE_CURVE('',#2655,(#2659,#2665),.PCURVE_S1.);
#2655 = LINE('',#2656,#2657);
#2656 = CARTESIAN_POINT('',(-42.,-77.5,13.));
#2657 = VECTOR('',#2658,1.);
#2658 = DIRECTION('',(0.,1.,0.));
#2659 = PCURVE('',#126,#2660);
#2660 = DEFINITIONAL_REPRESENTATION('',(#2661),#2664);
#2661 = B_SPLINE_CURVE_WITH_KNOTS('',1,(#2662,#2663),.UNSPECIFIED.,.F.,
  .F.,(2,2),(39.5,55.5),.PIECEWISE_BEZIER_KNOTS.);
#2662 = CARTESIAN_POINT('',(155.,95.));
#2663 = CARTESIAN_POINT('',(155.,111.));
#2664 = ( GEOMETRIC_REPRESENTATION_CONTEXT(2) 
PARAMETRIC_REPRESENTATION_CONTEXT() REPRESENTATION_CONTEXT('2D SPACE',''
  ) );
#2665 = PCURVE('',#2666,#2671);
#2666 = PLANE('',#2667);
#2667 = AXIS2_PLACEMENT_3D('',#2668,#2669,#2670);
#2668 = CARTESIAN_POINT('',(-42.,-22.,9.));
#2669 = DIRECTION('',(1.,0.,0.));
#2670 = DIRECTION('',(0.,-1.,0.));
#2671 = DEFINITIONAL_REPRESENTATION('',(#2672),#2675);
#2672 = B_SPLINE_CURVE_WITH_KNOTS('',1,(#2673,#2674),.UNSPECIFIED.,.F.,
  .F.,(2,2),(39.5,55.5),.PIECEWISE_BEZIER_KNOTS.);
#2673 = CARTESIAN_POINT('',(16.,-4.));
#2674 = CARTESIAN_POINT('',(0.,-4.));
#2675 = ( GEOMETRIC_REPRESENTATION_CONTEXT(2) 
PARAMETRIC_REPRESENTATION_CONTEXT() REPRESENTATION_CONTEXT('2D SPACE',''
  ) );
#2676 = ORIENTED_EDGE('',*,*,#2677,.T.);
#2677 = EDGE_CURVE('',#2652,#2598,#2678,.T.);
#2678 = SURFACE_CURVE('',#2679,(#2683,#2689),.PCURVE_S1.);
#2679 = LINE('',#2680,#2681);
#2680 = CARTESIAN_POINT('',(-111.5,-22.,13.));
#2681 = VECTOR('',#2682,1.);
#2682 = DIRECTION('',(1.,0.,0.));
#2683 = PCURVE('',#126,#2684);
#2684 = DEFINITIONAL_REPRESENTATION('',(#2685),#2688);
#2685 = B_SPLINE_CURVE_WITH_KNOTS('',1,(#2686,#2687),.UNSPECIFIED.,.F.,
  .F.,(2,2),(69.5,85.5),.PIECEWISE_BEZIER_KNOTS.);
#2686 = CARTESIAN_POINT('',(155.,111.));
#2687 = CARTESIAN_POINT('',(171.,111.));
#2688 = ( GEOMETRIC_REPRESENTATION_CONTEXT(2) 
PARAMETRIC_REPRESENTATION_CONTEXT() REPRESENTATION_CONTEXT('2D SPACE',''
  ) );
#2689 = PCURVE('',#2690,#2695);
#2690 = PLANE('',#2691);
#2691 = AXIS2_PLACEMENT_3D('',#2692,#2693,#2694);
#2692 = CARTESIAN_POINT('',(-26.,-22.,9.));
#2693 = DIRECTION('',(0.,-1.,0.));
#2694 = DIRECTION('',(-1.,0.,0.));
#2695 = DEFINITIONAL_REPRESENTATION('',(#2696),#2699);
#2696 = B_SPLINE_CURVE_WITH_KNOTS('',1,(#2697,#2698),.UNSPECIFIED.,.F.,
  .F.,(2,2),(69.5,85.5),.PIECEWISE_BEZIER_KNOTS.);
#2697 = CARTESIAN_POINT('',(16.,-4.));
#2698 = CARTESIAN_POINT('',(0.,-4.));
#2699 = ( GEOMETRIC_REPRESENTATION_CONTEXT(2) 
PARAMETRIC_REPRESENTATION_CONTEXT() REPRESENTATION_CONTEXT('2D SPACE',''
  ) );
#2700 = FACE_BOUND('',#2701,.T.);
#2701 = EDGE_LOOP('',(#2702,#2730,#2756,#2782));
#2702 = ORIENTED_EDGE('',*,*,#2703,.T.);
#2703 = EDGE_CURVE('',#2704,#2706,#2708,.T.);
#2704 = VERTEX_POINT('',#2705);
#2705 = CARTESIAN_POINT('',(-26.,8.,13.));
#2706 = VERTEX_POINT('',#2707);
#2707 = CARTESIAN_POINT('',(-26.,-8.,13.));
#2708 = SURFACE_CURVE('',#2709,(#2713,#2719),.PCURVE_S1.);
#2709 = LINE('',#2710,#2711);
#2710 = CARTESIAN_POINT('',(-26.,-70.5,13.));
#2711 = VECTOR('',#2712,1.);
#2712 = DIRECTION('',(0.,-1.,0.));
#2713 = PCURVE('',#126,#2714);
#2714 = DEFINITIONAL_REPRESENTATION('',(#2715),#2718);
#2715 = B_SPLINE_CURVE_WITH_KNOTS('',1,(#2716,#2717),.UNSPECIFIED.,.F.,
  .F.,(2,2),(-78.5,-62.5),.PIECEWISE_BEZIER_KNOTS.);
#2716 = CARTESIAN_POINT('',(171.,141.));
#2717 = CARTESIAN_POINT('',(171.,125.));
#2718 = ( GEOMETRIC_REPRESENTATION_CONTEXT(2) 
PARAMETRIC_REPRESENTATION_CONTEXT() REPRESENTATION_CONTEXT('2D SPACE',''
  ) );
#2719 = PCURVE('',#2720,#2725);
#2720 = PLANE('',#2721);
#2721 = AXIS2_PLACEMENT_3D('',#2722,#2723,#2724);
#2722 = CARTESIAN_POINT('',(-26.,-8.,9.));
#2723 = DIRECTION('',(-1.,0.,0.));
#2724 = DIRECTION('',(0.,1.,0.));
#2725 = DEFINITIONAL_REPRESENTATION('',(#2726),#2729);
#2726 = B_SPLINE_CURVE_WITH_KNOTS('',1,(#2727,#2728),.UNSPECIFIED.,.F.,
  .F.,(2,2),(-78.5,-62.5),.PIECEWISE_BEZIER_KNOTS.);
#2727 = CARTESIAN_POINT('',(16.,-4.));
#2728 = CARTESIAN_POINT('',(0.,-4.));
#2729 = ( GEOMETRIC_REPRESENTATION_CONTEXT(2) 
PARAMETRIC_REPRESENTATION_CONTEXT() REPRESENTATION_CONTEXT('2D SPACE',''
  ) );
#2730 = ORIENTED_EDGE('',*,*,#2731,.T.);
#2731 = EDGE_CURVE('',#2706,#2732,#2734,.T.);
#2732 = VERTEX_POINT('',#2733);
#2733 = CARTESIAN_POINT('',(-42.,-8.,13.));
#2734 = SURFACE_CURVE('',#2735,(#2739,#2745),.PCURVE_S1.);
#2735 = LINE('',#2736,#2737);
#2736 = CARTESIAN_POINT('',(-119.5,-8.,13.));
#2737 = VECTOR('',#2738,1.);
#2738 = DIRECTION('',(-1.,0.,0.));
#2739 = PCURVE('',#126,#2740);
#2740 = DEFINITIONAL_REPRESENTATION('',(#2741),#2744);
#2741 = B_SPLINE_CURVE_WITH_KNOTS('',1,(#2742,#2743),.UNSPECIFIED.,.F.,
  .F.,(2,2),(-93.5,-77.5),.PIECEWISE_BEZIER_KNOTS.);
#2742 = CARTESIAN_POINT('',(171.,125.));
#2743 = CARTESIAN_POINT('',(155.,125.));
#2744 = ( GEOMETRIC_REPRESENTATION_CONTEXT(2) 
PARAMETRIC_REPRESENTATION_CONTEXT() REPRESENTATION_CONTEXT('2D SPACE',''
  ) );
#2745 = PCURVE('',#2746,#2751);
#2746 = PLANE('',#2747);
#2747 = AXIS2_PLACEMENT_3D('',#2748,#2749,#2750);
#2748 = CARTESIAN_POINT('',(-42.,-8.,9.));
#2749 = DIRECTION('',(0.,1.,0.));
#2750 = DIRECTION('',(1.,0.,0.));
#2751 = DEFINITIONAL_REPRESENTATION('',(#2752),#2755);
#2752 = B_SPLINE_CURVE_WITH_KNOTS('',1,(#2753,#2754),.UNSPECIFIED.,.F.,
  .F.,(2,2),(-93.5,-77.5),.PIECEWISE_BEZIER_KNOTS.);
#2753 = CARTESIAN_POINT('',(16.,-4.));
#2754 = CARTESIAN_POINT('',(0.,-4.));
#2755 = ( GEOMETRIC_REPRESENTATION_CONTEXT(2) 
PARAMETRIC_REPRESENTATION_CONTEXT() REPRESENTATION_CONTEXT('2D SPACE',''
  ) );
#2756 = ORIENTED_EDGE('',*,*,#2757,.T.);
#2757 = EDGE_CURVE('',#2732,#2758,#2760,.T.);
#2758 = VERTEX_POINT('',#2759);
#2759 = CARTESIAN_POINT('',(-42.,8.,13.));
#2760 = SURFACE_CURVE('',#2761,(#2765,#2771),.PCURVE_S1.);
#2761 = LINE('',#2762,#2763);
#2762 = CARTESIAN_POINT('',(-42.,-62.5,13.));
#2763 = VECTOR('',#2764,1.);
#2764 = DIRECTION('',(0.,1.,0.));
#2765 = PCURVE('',#126,#2766);
#2766 = DEFINITIONAL_REPRESENTATION('',(#2767),#2770);
#2767 = B_SPLINE_CURVE_WITH_KNOTS('',1,(#2768,#2769),.UNSPECIFIED.,.F.,
  .F.,(2,2),(54.5,70.5),.PIECEWISE_BEZIER_KNOTS.);
#2768 = CARTESIAN_POINT('',(155.,125.));
#2769 = CARTESIAN_POINT('',(155.,141.));
#2770 = ( GEOMETRIC_REPRESENTATION_CONTEXT(2) 
PARAMETRIC_REPRESENTATION_CONTEXT() REPRESENTATION_CONTEXT('2D SPACE',''
  ) );
#2771 = PCURVE('',#2772,#2777);
#2772 = PLANE('',#2773);
#2773 = AXIS2_PLACEMENT_3D('',#2774,#2775,#2776);
#2774 = CARTESIAN_POINT('',(-42.,8.,9.));
#2775 = DIRECTION('',(1.,0.,0.));
#2776 = DIRECTION('',(0.,-1.,0.));
#2777 = DEFINITIONAL_REPRESENTATION('',(#2778),#2781);
#2778 = B_SPLINE_CURVE_WITH_KNOTS('',1,(#2779,#2780),.UNSPECIFIED.,.F.,
  .F.,(2,2),(54.5,70.5),.PIECEWISE_BEZIER_KNOTS.);
#2779 = CARTESIAN_POINT('',(16.,-4.));
#2780 = CARTESIAN_POINT('',(0.,-4.));
#2781 = ( GEOMETRIC_REPRESENTATION_CONTEXT(2) 
PARAMETRIC_REPRESENTATION_CONTEXT() REPRESENTATION_CONTEXT('2D SPACE',''
  ) );
#2782 = ORIENTED_EDGE('',*,*,#2783,.T.);
#2783 = EDGE_CURVE('',#2758,#2704,#2784,.T.);
#2784 = SURFACE_CURVE('',#2785,(#2789,#2795),.PCURVE_S1.);
#2785 = LINE('',#2786,#2787);
#2786 = CARTESIAN_POINT('',(-111.5,8.,13.));
#2787 = VECTOR('',#2788,1.);
#2788 = DIRECTION('',(1.,0.,0.));
#2789 = PCURVE('',#126,#2790);
#2790 = DEFINITIONAL_REPRESENTATION('',(#2791),#2794);
#2791 = B_SPLINE_CURVE_WITH_KNOTS('',1,(#2792,#2793),.UNSPECIFIED.,.F.,
  .F.,(2,2),(69.5,85.5),.PIECEWISE_BEZIER_KNOTS.);
#2792 = CARTESIAN_POINT('',(155.,141.));
#2793 = CARTESIAN_POINT('',(171.,141.));
#2794 = ( GEOMETRIC_REPRESENTATION_CONTEXT(2) 
PARAMETRIC_REPRESENTATION_CONTEXT() REPRESENTATION_CONTEXT('2D SPACE',''
  ) );
#2795 = PCURVE('',#2796,#2801);
#2796 = PLANE('',#2797);
#2797 = AXIS2_PLACEMENT_3D('',#2798,#2799,#2800);
#2798 = CARTESIAN_POINT('',(-26.,8.,9.));
#2799 = DIRECTION('',(0.,-1.,0.));
#2800 = DIRECTION('',(-1.,0.,0.));
#2801 = DEFINITIONAL_REPRESENTATION('',(#2802),#2805);
#2802 = B_SPLINE_CURVE_WITH_KNOTS('',1,(#2803,#2804),.UNSPECIFIED.,.F.,
  .F.,(2,2),(69.5,85.5),.PIECEWISE_BEZIER_KNOTS.);
#2803 = CARTESIAN_POINT('',(16.,-4.));
#2804 = CARTESIAN_POINT('',(0.,-4.));
#2805 = ( GEOMETRIC_REPRESENTATION_CONTEXT(2) 
PARAMETRIC_REPRESENTATION_CONTEXT() REPRESENTATION_CONTEXT('2D SPACE',''
  ) );
#2806 = FACE_BOUND('',#2807,.T.);
#2807 = EDGE_LOOP('',(#2808,#2836,#2862,#2888));
#2808 = ORIENTED_EDGE('',*,*,#2809,.T.);
#2809 = EDGE_CURVE('',#2810,#2812,#2814,.T.);
#2810 = VERTEX_POINT('',#2811);
#2811 = CARTESIAN_POINT('',(4.,-22.,13.));
#2812 = VERTEX_POINT('',#2813);
#2813 = CARTESIAN_POINT('',(4.,-38.,13.));
#2814 = SURFACE_CURVE('',#2815,(#2819,#2825),.PCURVE_S1.);
#2815 = LINE('',#2816,#2817);
#2816 = CARTESIAN_POINT('',(4.,-85.5,13.));
#2817 = VECTOR('',#2818,1.);
#2818 = DIRECTION('',(0.,-1.,0.));
#2819 = PCURVE('',#126,#2820);
#2820 = DEFINITIONAL_REPRESENTATION('',(#2821),#2824);
#2821 = B_SPLINE_CURVE_WITH_KNOTS('',1,(#2822,#2823),.UNSPECIFIED.,.F.,
  .F.,(2,2),(-63.5,-47.5),.PIECEWISE_BEZIER_KNOTS.);
#2822 = CARTESIAN_POINT('',(201.,111.));
#2823 = CARTESIAN_POINT('',(201.,95.));
#2824 = ( GEOMETRIC_REPRESENTATION_CONTEXT(2) 
PARAMETRIC_REPRESENTATION_CONTEXT() REPRESENTATION_CONTEXT('2D SPACE',''
  ) );
#2825 = PCURVE('',#2826,#2831);
#2826 = PLANE('',#2827);
#2827 = AXIS2_PLACEMENT_3D('',#2828,#2829,#2830);
#2828 = CARTESIAN_POINT('',(4.,-38.,9.));
#2829 = DIRECTION('',(-1.,0.,0.));
#2830 = DIRECTION('',(0.,1.,0.));
#2831 = DEFINITIONAL_REPRESENTATION('',(#2832),#2835);
#2832 = B_SPLINE_CURVE_WITH_KNOTS('',1,(#2833,#2834),.UNSPECIFIED.,.F.,
  .F.,(2,2),(-63.5,-47.5),.PIECEWISE_BEZIER_KNOTS.);
#2833 = CARTESIAN_POINT('',(16.,-4.));
#2834 = CARTESIAN_POINT('',(0.,-4.));
#2835 = ( GEOMETRIC_REPRESENTATION_CONTEXT(2) 
PARAMETRIC_REPRESENTATION_CONTEXT() REPRESENTATION_CONTEXT('2D SPACE',''
  ) );
#2836 = ORIENTED_EDGE('',*,*,#2837,.T.);
#2837 = EDGE_CURVE('',#2812,#2838,#2840,.T.);
#2838 = VERTEX_POINT('',#2839);
#2839 = CARTESIAN_POINT('',(-12.,-38.,13.));
#2840 = SURFACE_CURVE('',#2841,(#2845,#2851),.PCURVE_S1.);
#2841 = LINE('',#2842,#2843);
#2842 = CARTESIAN_POINT('',(-104.5,-38.,13.));
#2843 = VECTOR('',#2844,1.);
#2844 = DIRECTION('',(-1.,0.,0.));
#2845 = PCURVE('',#126,#2846);
#2846 = DEFINITIONAL_REPRESENTATION('',(#2847),#2850);
#2847 = B_SPLINE_CURVE_WITH_KNOTS('',1,(#2848,#2849),.UNSPECIFIED.,.F.,
  .F.,(2,2),(-108.5,-92.5),.PIECEWISE_BEZIER_KNOTS.);
#2848 = CARTESIAN_POINT('',(201.,95.));
#2849 = CARTESIAN_POINT('',(185.,95.));
#2850 = ( GEOMETRIC_REPRESENTATION_CONTEXT(2) 
PARAMETRIC_REPRESENTATION_CONTEXT() REPRESENTATION_CONTEXT('2D SPACE',''
  ) );
#2851 = PCURVE('',#2852,#2857);
#2852 = PLANE('',#2853);
#2853 = AXIS2_PLACEMENT_3D('',#2854,#2855,#2856);
#2854 = CARTESIAN_POINT('',(-12.,-38.,9.));
#2855 = DIRECTION('',(0.,1.,0.));
#2856 = DIRECTION('',(1.,0.,0.));
#2857 = DEFINITIONAL_REPRESENTATION('',(#2858),#2861);
#2858 = B_SPLINE_CURVE_WITH_KNOTS('',1,(#2859,#2860),.UNSPECIFIED.,.F.,
  .F.,(2,2),(-108.5,-92.5),.PIECEWISE_BEZIER_KNOTS.);
#2859 = CARTESIAN_POINT('',(16.,-4.));
#2860 = CARTESIAN_POINT('',(0.,-4.));
#2861 = ( GEOMETRIC_REPRESENTATION_CONTEXT(2) 
PARAMETRIC_REPRESENTATION_CONTEXT() REPRESENTATION_CONTEXT('2D SPACE',''
  ) );
#2862 = ORIENTED_EDGE('',*,*,#2863,.T.);
#2863 = EDGE_CURVE('',#2838,#2864,#2866,.T.);
#2864 = VERTEX_POINT('',#2865);
#2865 = CARTESIAN_POINT('',(-12.,-22.,13.));
#2866 = SURFACE_CURVE('',#2867,(#2871,#2877),.PCURVE_S1.);
#2867 = LINE('',#2868,#2869);
#2868 = CARTESIAN_POINT('',(-12.,-77.5,13.));
#2869 = VECTOR('',#2870,1.);
#2870 = DIRECTION('',(0.,1.,0.));
#2871 = PCURVE('',#126,#2872);
#2872 = DEFINITIONAL_REPRESENTATION('',(#2873),#2876);
#2873 = B_SPLINE_CURVE_WITH_KNOTS('',1,(#2874,#2875),.UNSPECIFIED.,.F.,
  .F.,(2,2),(39.5,55.5),.PIECEWISE_BEZIER_KNOTS.);
#2874 = CARTESIAN_POINT('',(185.,95.));
#2875 = CARTESIAN_POINT('',(185.,111.));
#2876 = ( GEOMETRIC_REPRESENTATION_CONTEXT(2) 
PARAMETRIC_REPRESENTATION_CONTEXT() REPRESENTATION_CONTEXT('2D SPACE',''
  ) );
#2877 = PCURVE('',#2878,#2883);
#2878 = PLANE('',#2879);
#2879 = AXIS2_PLACEMENT_3D('',#2880,#2881,#2882);
#2880 = CARTESIAN_POINT('',(-12.,-22.,9.));
#2881 = DIRECTION('',(1.,0.,0.));
#2882 = DIRECTION('',(0.,-1.,0.));
#2883 = DEFINITIONAL_REPRESENTATION('',(#2884),#2887);
#2884 = B_SPLINE_CURVE_WITH_KNOTS('',1,(#2885,#2886),.UNSPECIFIED.,.F.,
  .F.,(2,2),(39.5,55.5),.PIECEWISE_BEZIER_KNOTS.);
#2885 = CARTESIAN_POINT('',(16.,-4.));
#2886 = CARTESIAN_POINT('',(0.,-4.));
#2887 = ( GEOMETRIC_REPRESENTATION_CONTEXT(2) 
PARAMETRIC_REPRESENTATION_CONTEXT() REPRESENTATION_CONTEXT('2D SPACE',''
  ) );
#2888 = ORIENTED_EDGE('',*,*,#2889,.T.);
#2889 = EDGE_CURVE('',#2864,#2810,#2890,.T.);
#2890 = SURFACE_CURVE('',#2891,(#2895,#2901),.PCURVE_S1.);
#2891 = LINE('',#2892,#2893);
#2892 = CARTESIAN_POINT('',(-96.5,-22.,13.));
#2893 = VECTOR('',#2894,1.);
#2894 = DIRECTION('',(1.,0.,0.));
#2895 = PCURVE('',#126,#2896);
#2896 = DEFINITIONAL_REPRESENTATION('',(#2897),#2900);
#2897 = B_SPLINE_CURVE_WITH_KNOTS('',1,(#2898,#2899),.UNSPECIFIED.,.F.,
  .F.,(2,2),(84.5,100.5),.PIECEWISE_BEZIER_KNOTS.);
#2898 = CARTESIAN_POINT('',(185.,111.));
#2899 = CARTESIAN_POINT('',(201.,111.));
#2900 = ( GEOMETRIC_REPRESENTATION_CONTEXT(2) 
PARAMETRIC_REPRESENTATION_CONTEXT() REPRESENTATION_CONTEXT('2D SPACE',''
  ) );
#2901 = PCURVE('',#2902,#2907);
#2902 = PLANE('',#2903);
#2903 = AXIS2_PLACEMENT_3D('',#2904,#2905,#2906);
#2904 = CARTESIAN_POINT('',(4.,-22.,9.));
#2905 = DIRECTION('',(0.,-1.,0.));
#2906 = DIRECTION('',(-1.,0.,0.));
#2907 = DEFINITIONAL_REPRESENTATION('',(#2908),#2911);
#2908 = B_SPLINE_CURVE_WITH_KNOTS('',1,(#2909,#2910),.UNSPECIFIED.,.F.,
  .F.,(2,2),(84.5,100.5),.PIECEWISE_BEZIER_KNOTS.);
#2909 = CARTESIAN_POINT('',(16.,-4.));
#2910 = CARTESIAN_POINT('',(0.,-4.));
#2911 = ( GEOMETRIC_REPRESENTATION_CONTEXT(2) 
PARAMETRIC_REPRESENTATION_CONTEXT() REPRESENTATION_CONTEXT('2D SPACE',''
  ) );
#2912 = FACE_BOUND('',#2913,.T.);
#2913 = EDGE_LOOP('',(#2914,#2942,#2968,#2994));
#2914 = ORIENTED_EDGE('',*,*,#2915,.T.);
#2915 = EDGE_CURVE('',#2916,#2918,#2920,.T.);
#2916 = VERTEX_POINT('',#2917);
#2917 = CARTESIAN_POINT('',(34.,-22.,13.));
#2918 = VERTEX_POINT('',#2919);
#2919 = CARTESIAN_POINT('',(34.,-38.,13.));
#2920 = SURFACE_CURVE('',#2921,(#2925,#2931),.PCURVE_S1.);
#2921 = LINE('',#2922,#2923);
#2922 = CARTESIAN_POINT('',(34.,-85.5,13.));
#2923 = VECTOR('',#2924,1.);
#2924 = DIRECTION('',(0.,-1.,0.));
#2925 = PCURVE('',#126,#2926);
#2926 = DEFINITIONAL_REPRESENTATION('',(#2927),#2930);
#2927 = B_SPLINE_CURVE_WITH_KNOTS('',1,(#2928,#2929),.UNSPECIFIED.,.F.,
  .F.,(2,2),(-63.5,-47.5),.PIECEWISE_BEZIER_KNOTS.);
#2928 = CARTESIAN_POINT('',(231.,111.));
#2929 = CARTESIAN_POINT('',(231.,95.));
#2930 = ( GEOMETRIC_REPRESENTATION_CONTEXT(2) 
PARAMETRIC_REPRESENTATION_CONTEXT() REPRESENTATION_CONTEXT('2D SPACE',''
  ) );
#2931 = PCURVE('',#2932,#2937);
#2932 = PLANE('',#2933);
#2933 = AXIS2_PLACEMENT_3D('',#2934,#2935,#2936);
#2934 = CARTESIAN_POINT('',(34.,-38.,9.));
#2935 = DIRECTION('',(-1.,0.,0.));
#2936 = DIRECTION('',(0.,1.,0.));
#2937 = DEFINITIONAL_REPRESENTATION('',(#2938),#2941);
#2938 = B_SPLINE_CURVE_WITH_KNOTS('',1,(#2939,#2940),.UNSPECIFIED.,.F.,
  .F.,(2,2),(-63.5,-47.5),.PIECEWISE_BEZIER_KNOTS.);
#2939 = CARTESIAN_POINT('',(16.,-4.));
#2940 = CARTESIAN_POINT('',(0.,-4.));
#2941 = ( GEOMETRIC_REPRESENTATION_CONTEXT(2) 
PARAMETRIC_REPRESENTATION_CONTEXT() REPRESENTATION_CONTEXT('2D SPACE',''
  ) );
#2942 = ORIENTED_EDGE('',*,*,#2943,.T.);
#2943 = EDGE_CURVE('',#2918,#2944,#2946,.T.);
#2944 = VERTEX_POINT('',#2945);
#2945 = CARTESIAN_POINT('',(18.,-38.,13.));
#2946 = SURFACE_CURVE('',#2947,(#2951,#2957),.PCURVE_S1.);
#2947 = LINE('',#2948,#2949);
#2948 = CARTESIAN_POINT('',(-89.5,-38.,13.));
#2949 = VECTOR('',#2950,1.);
#2950 = DIRECTION('',(-1.,0.,0.));
#2951 = PCURVE('',#126,#2952);
#2952 = DEFINITIONAL_REPRESENTATION('',(#2953),#2956);
#2953 = B_SPLINE_CURVE_WITH_KNOTS('',1,(#2954,#2955),.UNSPECIFIED.,.F.,
  .F.,(2,2),(-123.5,-107.5),.PIECEWISE_BEZIER_KNOTS.);
#2954 = CARTESIAN_POINT('',(231.,95.));
#2955 = CARTESIAN_POINT('',(215.,95.));
#2956 = ( GEOMETRIC_REPRESENTATION_CONTEXT(2) 
PARAMETRIC_REPRESENTATION_CONTEXT() REPRESENTATION_CONTEXT('2D SPACE',''
  ) );
#2957 = PCURVE('',#2958,#2963);
#2958 = PLANE('',#2959);
#2959 = AXIS2_PLACEMENT_3D('',#2960,#2961,#2962);
#2960 = CARTESIAN_POINT('',(18.,-38.,9.));
#2961 = DIRECTION('',(0.,1.,0.));
#2962 = DIRECTION('',(1.,0.,0.));
#2963 = DEFINITIONAL_REPRESENTATION('',(#2964),#2967);
#2964 = B_SPLINE_CURVE_WITH_KNOTS('',1,(#2965,#2966),.UNSPECIFIED.,.F.,
  .F.,(2,2),(-123.5,-107.5),.PIECEWISE_BEZIER_KNOTS.);
#2965 = CARTESIAN_POINT('',(16.,-4.));
#2966 = CARTESIAN_POINT('',(0.,-4.));
#2967 = ( GEOMETRIC_REPRESENTATION_CONTEXT(2) 
PARAMETRIC_REPRESENTATION_CONTEXT() REPRESENTATION_CONTEXT('2D SPACE',''
  ) );
#2968 = ORIENTED_EDGE('',*,*,#2969,.T.);
#2969 = EDGE_CURVE('',#2944,#2970,#2972,.T.);
#2970 = VERTEX_POINT('',#2971);
#2971 = CARTESIAN_POINT('',(18.,-22.,13.));
#2972 = SURFACE_CURVE('',#2973,(#2977,#2983),.PCURVE_S1.);
#2973 = LINE('',#2974,#2975);
#2974 = CARTESIAN_POINT('',(18.,-77.5,13.));
#2975 = VECTOR('',#2976,1.);
#2976 = DIRECTION('',(0.,1.,0.));
#2977 = PCURVE('',#126,#2978);
#2978 = DEFINITIONAL_REPRESENTATION('',(#2979),#2982);
#2979 = B_SPLINE_CURVE_WITH_KNOTS('',1,(#2980,#2981),.UNSPECIFIED.,.F.,
  .F.,(2,2),(39.5,55.5),.PIECEWISE_BEZIER_KNOTS.);
#2980 = CARTESIAN_POINT('',(215.,95.));
#2981 = CARTESIAN_POINT('',(215.,111.));
#2982 = ( GEOMETRIC_REPRESENTATION_CONTEXT(2) 
PARAMETRIC_REPRESENTATION_CONTEXT() REPRESENTATION_CONTEXT('2D SPACE',''
  ) );
#2983 = PCURVE('',#2984,#2989);
#2984 = PLANE('',#2985);
#2985 = AXIS2_PLACEMENT_3D('',#2986,#2987,#2988);
#2986 = CARTESIAN_POINT('',(18.,-22.,9.));
#2987 = DIRECTION('',(1.,0.,0.));
#2988 = DIRECTION('',(0.,-1.,0.));
#2989 = DEFINITIONAL_REPRESENTATION('',(#2990),#2993);
#2990 = B_SPLINE_CURVE_WITH_KNOTS('',1,(#2991,#2992),.UNSPECIFIED.,.F.,
  .F.,(2,2),(39.5,55.5),.PIECEWISE_BEZIER_KNOTS.);
#2991 = CARTESIAN_POINT('',(16.,-4.));
#2992 = CARTESIAN_POINT('',(0.,-4.));
#2993 = ( GEOMETRIC_REPRESENTATION_CONTEXT(2) 
PARAMETRIC_REPRESENTATION_CONTEXT() REPRESENTATION_CONTEXT('2D SPACE',''
  ) );
#2994 = ORIENTED_EDGE('',*,*,#2995,.T.);
#2995 = EDGE_CURVE('',#2970,#2916,#2996,.T.);
#2996 = SURFACE_CURVE('',#2997,(#3001,#3007),.PCURVE_S1.);
#2997 = LINE('',#2998,#2999);
#2998 = CARTESIAN_POINT('',(-81.5,-22.,13.));
#2999 = VECTOR('',#3000,1.);
#3000 = DIRECTION('',(1.,0.,0.));
#3001 = PCURVE('',#126,#3002);
#3002 = DEFINITIONAL_REPRESENTATION('',(#3003),#3006);
#3003 = B_SPLINE_CURVE_WITH_KNOTS('',1,(#3004,#3005),.UNSPECIFIED.,.F.,
  .F.,(2,2),(99.5,115.5),.PIECEWISE_BEZIER_KNOTS.);
#3004 = CARTESIAN_POINT('',(215.,111.));
#3005 = CARTESIAN_POINT('',(231.,111.));
#3006 = ( GEOMETRIC_REPRESENTATION_CONTEXT(2) 
PARAMETRIC_REPRESENTATION_CONTEXT() REPRESENTATION_CONTEXT('2D SPACE',''
  ) );
#3007 = PCURVE('',#3008,#3013);
#3008 = PLANE('',#3009);
#3009 = AXIS2_PLACEMENT_3D('',#3010,#3011,#3012);
#3010 = CARTESIAN_POINT('',(34.,-22.,9.));
#3011 = DIRECTION('',(0.,-1.,0.));
#3012 = DIRECTION('',(-1.,0.,0.));
#3013 = DEFINITIONAL_REPRESENTATION('',(#3014),#3017);
#3014 = B_SPLINE_CURVE_WITH_KNOTS('',1,(#3015,#3016),.UNSPECIFIED.,.F.,
  .F.,(2,2),(99.5,115.5),.PIECEWISE_BEZIER_KNOTS.);
#3015 = CARTESIAN_POINT('',(16.,-4.));
#3016 = CARTESIAN_POINT('',(0.,-4.));
#3017 = ( GEOMETRIC_REPRESENTATION_CONTEXT(2) 
PARAMETRIC_REPRESENTATION_CONTEXT() REPRESENTATION_CONTEXT('2D SPACE',''
  ) );
#3018 = FACE_BOUND('',#3019,.T.);
#3019 = EDGE_LOOP('',(#3020,#3048,#3074,#3100));
#3020 = ORIENTED_EDGE('',*,*,#3021,.T.);
#3021 = EDGE_CURVE('',#3022,#3024,#3026,.T.);
#3022 = VERTEX_POINT('',#3023);
#3023 = CARTESIAN_POINT('',(4.,8.,13.));
#3024 = VERTEX_POINT('',#3025);
#3025 = CARTESIAN_POINT('',(4.,-8.,13.));
#3026 = SURFACE_CURVE('',#3027,(#3031,#3037),.PCURVE_S1.);
#3027 = LINE('',#3028,#3029);
#3028 = CARTESIAN_POINT('',(4.,-70.5,13.));
#3029 = VECTOR('',#3030,1.);
#3030 = DIRECTION('',(0.,-1.,0.));
#3031 = PCURVE('',#126,#3032);
#3032 = DEFINITIONAL_REPRESENTATION('',(#3033),#3036);
#3033 = B_SPLINE_CURVE_WITH_KNOTS('',1,(#3034,#3035),.UNSPECIFIED.,.F.,
  .F.,(2,2),(-78.5,-62.5),.PIECEWISE_BEZIER_KNOTS.);
#3034 = CARTESIAN_POINT('',(201.,141.));
#3035 = CARTESIAN_POINT('',(201.,125.));
#3036 = ( GEOMETRIC_REPRESENTATION_CONTEXT(2) 
PARAMETRIC_REPRESENTATION_CONTEXT() REPRESENTATION_CONTEXT('2D SPACE',''
  ) );
#3037 = PCURVE('',#3038,#3043);
#3038 = PLANE('',#3039);
#3039 = AXIS2_PLACEMENT_3D('',#3040,#3041,#3042);
#3040 = CARTESIAN_POINT('',(4.,-8.,9.));
#3041 = DIRECTION('',(-1.,0.,0.));
#3042 = DIRECTION('',(0.,1.,0.));
#3043 = DEFINITIONAL_REPRESENTATION('',(#3044),#3047);
#3044 = B_SPLINE_CURVE_WITH_KNOTS('',1,(#3045,#3046),.UNSPECIFIED.,.F.,
  .F.,(2,2),(-78.5,-62.5),.PIECEWISE_BEZIER_KNOTS.);
#3045 = CARTESIAN_POINT('',(16.,-4.));
#3046 = CARTESIAN_POINT('',(0.,-4.));
#3047 = ( GEOMETRIC_REPRESENTATION_CONTEXT(2) 
PARAMETRIC_REPRESENTATION_CONTEXT() REPRESENTATION_CONTEXT('2D SPACE',''
  ) );
#3048 = ORIENTED_EDGE('',*,*,#3049,.T.);
#3049 = EDGE_CURVE('',#3024,#3050,#3052,.T.);
#3050 = VERTEX_POINT('',#3051);
#3051 = CARTESIAN_POINT('',(-12.,-8.,13.));
#3052 = SURFACE_CURVE('',#3053,(#3057,#3063),.PCURVE_S1.);
#3053 = LINE('',#3054,#3055);
#3054 = CARTESIAN_POINT('',(-104.5,-8.,13.));
#3055 = VECTOR('',#3056,1.);
#3056 = DIRECTION('',(-1.,0.,0.));
#3057 = PCURVE('',#126,#3058);
#3058 = DEFINITIONAL_REPRESENTATION('',(#3059),#3062);
#3059 = B_SPLINE_CURVE_WITH_KNOTS('',1,(#3060,#3061),.UNSPECIFIED.,.F.,
  .F.,(2,2),(-108.5,-92.5),.PIECEWISE_BEZIER_KNOTS.);
#3060 = CARTESIAN_POINT('',(201.,125.));
#3061 = CARTESIAN_POINT('',(185.,125.));
#3062 = ( GEOMETRIC_REPRESENTATION_CONTEXT(2) 
PARAMETRIC_REPRESENTATION_CONTEXT() REPRESENTATION_CONTEXT('2D SPACE',''
  ) );
#3063 = PCURVE('',#3064,#3069);
#3064 = PLANE('',#3065);
#3065 = AXIS2_PLACEMENT_3D('',#3066,#3067,#3068);
#3066 = CARTESIAN_POINT('',(-12.,-8.,9.));
#3067 = DIRECTION('',(0.,1.,0.));
#3068 = DIRECTION('',(1.,0.,0.));
#3069 = DEFINITIONAL_REPRESENTATION('',(#3070),#3073);
#3070 = B_SPLINE_CURVE_WITH_KNOTS('',1,(#3071,#3072),.UNSPECIFIED.,.F.,
  .F.,(2,2),(-108.5,-92.5),.PIECEWISE_BEZIER_KNOTS.);
#3071 = CARTESIAN_POINT('',(16.,-4.));
#3072 = CARTESIAN_POINT('',(0.,-4.));
#3073 = ( GEOMETRIC_REPRESENTATION_CONTEXT(2) 
PARAMETRIC_REPRESENTATION_CONTEXT() REPRESENTATION_CONTEXT('2D SPACE',''
  ) );
#3074 = ORIENTED_EDGE('',*,*,#3075,.T.);
#3075 = EDGE_CURVE('',#3050,#3076,#3078,.T.);
#3076 = VERTEX_POINT('',#3077);
#3077 = CARTESIAN_POINT('',(-12.,8.,13.));
#3078 = SURFACE_CURVE('',#3079,(#3083,#3089),.PCURVE_S1.);
#3079 = LINE('',#3080,#3081);
#3080 = CARTESIAN_POINT('',(-12.,-62.5,13.));
#3081 = VECTOR('',#3082,1.);
#3082 = DIRECTION('',(0.,1.,0.));
#3083 = PCURVE('',#126,#3084);
#3084 = DEFINITIONAL_REPRESENTATION('',(#3085),#3088);
#3085 = B_SPLINE_CURVE_WITH_KNOTS('',1,(#3086,#3087),.UNSPECIFIED.,.F.,
  .F.,(2,2),(54.5,70.5),.PIECEWISE_BEZIER_KNOTS.);
#3086 = CARTESIAN_POINT('',(185.,125.));
#3087 = CARTESIAN_POINT('',(185.,141.));
#3088 = ( GEOMETRIC_REPRESENTATION_CONTEXT(2) 
PARAMETRIC_REPRESENTATION_CONTEXT() REPRESENTATION_CONTEXT('2D SPACE',''
  ) );
#3089 = PCURVE('',#3090,#3095);
#3090 = PLANE('',#3091);
#3091 = AXIS2_PLACEMENT_3D('',#3092,#3093,#3094);
#3092 = CARTESIAN_POINT('',(-12.,8.,9.));
#3093 = DIRECTION('',(1.,0.,0.));
#3094 = DIRECTION('',(0.,-1.,0.));
#3095 = DEFINITIONAL_REPRESENTATION('',(#3096),#3099);
#3096 = B_SPLINE_CURVE_WITH_KNOTS('',1,(#3097,#3098),.UNSPECIFIED.,.F.,
  .F.,(2,2),(54.5,70.5),.PIECEWISE_BEZIER_KNOTS.);
#3097 = CARTESIAN_POINT('',(16.,-4.));
#3098 = CARTESIAN_POINT('',(0.,-4.));
#3099 = ( GEOMETRIC_REPRESENTATION_CONTEXT(2) 
PARAMETRIC_REPRESENTATION_CONTEXT() REPRESENTATION_CONTEXT('2D SPACE',''
  ) );
#3100 = ORIENTED_EDGE('',*,*,#3101,.T.);
#3101 = EDGE_CURVE('',#3076,#3022,#3102,.T.);
#3102 = SURFACE_CURVE('',#3103,(#3107,#3113),.PCURVE_S1.);
#3103 = LINE('',#3104,#3105);
#3104 = CARTESIAN_POINT('',(-96.5,8.,13.));
#3105 = VECTOR('',#3106,1.);
#3106 = DIRECTION('',(1.,0.,0.));
#3107 = PCURVE('',#126,#3108);
#3108 = DEFINITIONAL_REPRESENTATION('',(#3109),#3112);
#3109 = B_SPLINE_CURVE_WITH_KNOTS('',1,(#3110,#3111),.UNSPECIFIED.,.F.,
  .F.,(2,2),(84.5,100.5),.PIECEWISE_BEZIER_KNOTS.);
#3110 = CARTESIAN_POINT('',(185.,141.));
#3111 = CARTESIAN_POINT('',(201.,141.));
#3112 = ( GEOMETRIC_REPRESENTATION_CONTEXT(2) 
PARAMETRIC_REPRESENTATION_CONTEXT() REPRESENTATION_CONTEXT('2D SPACE',''
  ) );
#3113 = PCURVE('',#3114,#3119);
#3114 = PLANE('',#3115);
#3115 = AXIS2_PLACEMENT_3D('',#3116,#3117,#3118);
#3116 = CARTESIAN_POINT('',(4.,8.,9.));
#3117 = DIRECTION('',(0.,-1.,0.));
#3118 = DIRECTION('',(-1.,0.,0.));
#3119 = DEFINITIONAL_REPRESENTATION('',(#3120),#3123);
#3120 = B_SPLINE_CURVE_WITH_KNOTS('',1,(#3121,#3122),.UNSPECIFIED.,.F.,
  .F.,(2,2),(84.5,100.5),.PIECEWISE_BEZIER_KNOTS.);
#3121 = CARTESIAN_POINT('',(16.,-4.));
#3122 = CARTESIAN_POINT('',(0.,-4.));
#3123 = ( GEOMETRIC_REPRESENTATION_CONTEXT(2) 
PARAMETRIC_REPRESENTATION_CONTEXT() REPRESENTATION_CONTEXT('2D SPACE',''
  ) );
#3124 = FACE_BOUND('',#3125,.T.);
#3125 = EDGE_LOOP('',(#3126,#3154,#3180,#3206));
#3126 = ORIENTED_EDGE('',*,*,#3127,.T.);
#3127 = EDGE_CURVE('',#3128,#3130,#3132,.T.);
#3128 = VERTEX_POINT('',#3129);
#3129 = CARTESIAN_POINT('',(34.,8.,13.));
#3130 = VERTEX_POINT('',#3131);
#3131 = CARTESIAN_POINT('',(34.,-8.,13.));
#3132 = SURFACE_CURVE('',#3133,(#3137,#3143),.PCURVE_S1.);
#3133 = LINE('',#3134,#3135);
#3134 = CARTESIAN_POINT('',(34.,-70.5,13.));
#3135 = VECTOR('',#3136,1.);
#3136 = DIRECTION('',(0.,-1.,0.));
#3137 = PCURVE('',#126,#3138);
#3138 = DEFINITIONAL_REPRESENTATION('',(#3139),#3142);
#3139 = B_SPLINE_CURVE_WITH_KNOTS('',1,(#3140,#3141),.UNSPECIFIED.,.F.,
  .F.,(2,2),(-78.5,-62.5),.PIECEWISE_BEZIER_KNOTS.);
#3140 = CARTESIAN_POINT('',(231.,141.));
#3141 = CARTESIAN_POINT('',(231.,125.));
#3142 = ( GEOMETRIC_REPRESENTATION_CONTEXT(2) 
PARAMETRIC_REPRESENTATION_CONTEXT() REPRESENTATION_CONTEXT('2D SPACE',''
  ) );
#3143 = PCURVE('',#3144,#3149);
#3144 = PLANE('',#3145);
#3145 = AXIS2_PLACEMENT_3D('',#3146,#3147,#3148);
#3146 = CARTESIAN_POINT('',(34.,-8.,9.));
#3147 = DIRECTION('',(-1.,0.,0.));
#3148 = DIRECTION('',(0.,1.,0.));
#3149 = DEFINITIONAL_REPRESENTATION('',(#3150),#3153);
#3150 = B_SPLINE_CURVE_WITH_KNOTS('',1,(#3151,#3152),.UNSPECIFIED.,.F.,
  .F.,(2,2),(-78.5,-62.5),.PIECEWISE_BEZIER_KNOTS.);
#3151 = CARTESIAN_POINT('',(16.,-4.));
#3152 = CARTESIAN_POINT('',(0.,-4.));
#3153 = ( GEOMETRIC_REPRESENTATION_CONTEXT(2) 
PARAMETRIC_REPRESENTATION_CONTEXT() REPRESENTATION_CONTEXT('2D SPACE',''
  ) );
#3154 = ORIENTED_EDGE('',*,*,#3155,.T.);
#3155 = EDGE_CURVE('',#3130,#3156,#3158,.T.);
#3156 = VERTEX_POINT('',#3157);
#3157 = CARTESIAN_POINT('',(18.,-8.,13.));
#3158 = SURFACE_CURVE('',#3159,(#3163,#3169),.PCURVE_S1.);
#3159 = LINE('',#3160,#3161);
#3160 = CARTESIAN_POINT('',(-89.5,-8.,13.));
#3161 = VECTOR('',#3162,1.);
#3162 = DIRECTION('',(-1.,0.,0.));
#3163 = PCURVE('',#126,#3164);
#3164 = DEFINITIONAL_REPRESENTATION('',(#3165),#3168);
#3165 = B_SPLINE_CURVE_WITH_KNOTS('',1,(#3166,#3167),.UNSPECIFIED.,.F.,
  .F.,(2,2),(-123.5,-107.5),.PIECEWISE_BEZIER_KNOTS.);
#3166 = CARTESIAN_POINT('',(231.,125.));
#3167 = CARTESIAN_POINT('',(215.,125.));
#3168 = ( GEOMETRIC_REPRESENTATION_CONTEXT(2) 
PARAMETRIC_REPRESENTATION_CONTEXT() REPRESENTATION_CONTEXT('2D SPACE',''
  ) );
#3169 = PCURVE('',#3170,#3175);
#3170 = PLANE('',#3171);
#3171 = AXIS2_PLACEMENT_3D('',#3172,#3173,#3174);
#3172 = CARTESIAN_POINT('',(18.,-8.,9.));
#3173 = DIRECTION('',(0.,1.,0.));
#3174 = DIRECTION('',(1.,0.,0.));
#3175 = DEFINITIONAL_REPRESENTATION('',(#3176),#3179);
#3176 = B_SPLINE_CURVE_WITH_KNOTS('',1,(#3177,#3178),.UNSPECIFIED.,.F.,
  .F.,(2,2),(-123.5,-107.5),.PIECEWISE_BEZIER_KNOTS.);
#3177 = CARTESIAN_POINT('',(16.,-4.));
#3178 = CARTESIAN_POINT('',(0.,-4.));
#3179 = ( GEOMETRIC_REPRESENTATION_CONTEXT(2) 
PARAMETRIC_REPRESENTATION_CONTEXT() REPRESENTATION_CONTEXT('2D SPACE',''
  ) );
#3180 = ORIENTED_EDGE('',*,*,#3181,.T.);
#3181 = EDGE_CURVE('',#3156,#3182,#3184,.T.);
#3182 = VERTEX_POINT('',#3183);
#3183 = CARTESIAN_POINT('',(18.,8.,13.));
#3184 = SURFACE_CURVE('',#3185,(#3189,#3195),.PCURVE_S1.);
#3185 = LINE('',#3186,#3187);
#3186 = CARTESIAN_POINT('',(18.,-62.5,13.));
#3187 = VECTOR('',#3188,1.);
#3188 = DIRECTION('',(0.,1.,0.));
#3189 = PCURVE('',#126,#3190);
#3190 = DEFINITIONAL_REPRESENTATION('',(#3191),#3194);
#3191 = B_SPLINE_CURVE_WITH_KNOTS('',1,(#3192,#3193),.UNSPECIFIED.,.F.,
  .F.,(2,2),(54.5,70.5),.PIECEWISE_BEZIER_KNOTS.);
#3192 = CARTESIAN_POINT('',(215.,125.));
#3193 = CARTESIAN_POINT('',(215.,141.));
#3194 = ( GEOMETRIC_REPRESENTATION_CONTEXT(2) 
PARAMETRIC_REPRESENTATION_CONTEXT() REPRESENTATION_CONTEXT('2D SPACE',''
  ) );
#3195 = PCURVE('',#3196,#3201);
#3196 = PLANE('',#3197);
#3197 = AXIS2_PLACEMENT_3D('',#3198,#3199,#3200);
#3198 = CARTESIAN_POINT('',(18.,8.,9.));
#3199 = DIRECTION('',(1.,0.,0.));
#3200 = DIRECTION('',(0.,-1.,0.));
#3201 = DEFINITIONAL_REPRESENTATION('',(#3202),#3205);
#3202 = B_SPLINE_CURVE_WITH_KNOTS('',1,(#3203,#3204),.UNSPECIFIED.,.F.,
  .F.,(2,2),(54.5,70.5),.PIECEWISE_BEZIER_KNOTS.);
#3203 = CARTESIAN_POINT('',(16.,-4.));
#3204 = CARTESIAN_POINT('',(0.,-4.));
#3205 = ( GEOMETRIC_REPRESENTATION_CONTEXT(2) 
PARAMETRIC_REPRESENTATION_CONTEXT() REPRESENTATION_CONTEXT('2D SPACE',''
  ) );
#3206 = ORIENTED_EDGE('',*,*,#3207,.T.);
#3207 = EDGE_CURVE('',#3182,#3128,#3208,.T.);
#3208 = SURFACE_CURVE('',#3209,(#3213,#3219),.PCURVE_S1.);
#3209 = LINE('',#3210,#3211);
#3210 = CARTESIAN_POINT('',(-81.5,8.,13.));
#3211 = VECTOR('',#3212,1.);
#3212 = DIRECTION('',(1.,0.,0.));
#3213 = PCURVE('',#126,#3214);
#3214 = DEFINITIONAL_REPRESENTATION('',(#3215),#3218);
#3215 = B_SPLINE_CURVE_WITH_KNOTS('',1,(#3216,#3217),.UNSPECIFIED.,.F.,
  .F.,(2,2),(99.5,115.5),.PIECEWISE_BEZIER_KNOTS.);
#3216 = CARTESIAN_POINT('',(215.,141.));
#3217 = CARTESIAN_POINT('',(231.,141.));
#3218 = ( GEOMETRIC_REPRESENTATION_CONTEXT(2) 
PARAMETRIC_REPRESENTATION_CONTEXT() REPRESENTATION_CONTEXT('2D SPACE',''
  ) );
#3219 = PCURVE('',#3220,#3225);
#3220 = PLANE('',#3221);
#3221 = AXIS2_PLACEMENT_3D('',#3222,#3223,#3224);
#3222 = CARTESIAN_POINT('',(34.,8.,9.));
#3223 = DIRECTION('',(0.,-1.,0.));
#3224 = DIRECTION('',(-1.,0.,0.));
#3225 = DEFINITIONAL_REPRESENTATION('',(#3226),#3229);
#3226 = B_SPLINE_CURVE_WITH_KNOTS('',1,(#3227,#3228),.UNSPECIFIED.,.F.,
  .F.,(2,2),(99.5,115.5),.PIECEWISE_BEZIER_KNOTS.);
#3227 = CARTESIAN_POINT('',(16.,-4.));
#3228 = CARTESIAN_POINT('',(0.,-4.));
#3229 = ( GEOMETRIC_REPRESENTATION_CONTEXT(2) 
PARAMETRIC_REPRESENTATION_CONTEXT() REPRESENTATION_CONTEXT('2D SPACE',''
  ) );
#3230 = FACE_BOUND('',#3231,.T.);
#3231 = EDGE_LOOP('',(#3232,#3260,#3286,#3312));
#3232 = ORIENTED_EDGE('',*,*,#3233,.T.);
#3233 = EDGE_CURVE('',#3234,#3236,#3238,.T.);
#3234 = VERTEX_POINT('',#3235);
#3235 = CARTESIAN_POINT('',(-146.,38.,13.));
#3236 = VERTEX_POINT('',#3237);
#3237 = CARTESIAN_POINT('',(-146.,22.,13.));
#3238 = SURFACE_CURVE('',#3239,(#3243,#3249),.PCURVE_S1.);
#3239 = LINE('',#3240,#3241);
#3240 = CARTESIAN_POINT('',(-146.,-55.5,13.));
#3241 = VECTOR('',#3242,1.);
#3242 = DIRECTION('',(0.,-1.,0.));
#3243 = PCURVE('',#126,#3244);
#3244 = DEFINITIONAL_REPRESENTATION('',(#3245),#3248);
#3245 = B_SPLINE_CURVE_WITH_KNOTS('',1,(#3246,#3247),.UNSPECIFIED.,.F.,
  .F.,(2,2),(-93.5,-77.5),.PIECEWISE_BEZIER_KNOTS.);
#3246 = CARTESIAN_POINT('',(51.,171.));
#3247 = CARTESIAN_POINT('',(51.,155.));
#3248 = ( GEOMETRIC_REPRESENTATION_CONTEXT(2) 
PARAMETRIC_REPRESENTATION_CONTEXT() REPRESENTATION_CONTEXT('2D SPACE',''
  ) );
#3249 = PCURVE('',#3250,#3255);
#3250 = PLANE('',#3251);
#3251 = AXIS2_PLACEMENT_3D('',#3252,#3253,#3254);
#3252 = CARTESIAN_POINT('',(-146.,22.,9.));
#3253 = DIRECTION('',(-1.,0.,0.));
#3254 = DIRECTION('',(0.,1.,0.));
#3255 = DEFINITIONAL_REPRESENTATION('',(#3256),#3259);
#3256 = B_SPLINE_CURVE_WITH_KNOTS('',1,(#3257,#3258),.UNSPECIFIED.,.F.,
  .F.,(2,2),(-93.5,-77.5),.PIECEWISE_BEZIER_KNOTS.);
#3257 = CARTESIAN_POINT('',(16.,-4.));
#3258 = CARTESIAN_POINT('',(0.,-4.));
#3259 = ( GEOMETRIC_REPRESENTATION_CONTEXT(2) 
PARAMETRIC_REPRESENTATION_CONTEXT() REPRESENTATION_CONTEXT('2D SPACE',''
  ) );
#3260 = ORIENTED_EDGE('',*,*,#3261,.T.);
#3261 = EDGE_CURVE('',#3236,#3262,#3264,.T.);
#3262 = VERTEX_POINT('',#3263);
#3263 = CARTESIAN_POINT('',(-162.,22.,13.));
#3264 = SURFACE_CURVE('',#3265,(#3269,#3275),.PCURVE_S1.);
#3265 = LINE('',#3266,#3267);
#3266 = CARTESIAN_POINT('',(-179.5,22.,13.));
#3267 = VECTOR('',#3268,1.);
#3268 = DIRECTION('',(-1.,0.,0.));
#3269 = PCURVE('',#126,#3270);
#3270 = DEFINITIONAL_REPRESENTATION('',(#3271),#3274);
#3271 = B_SPLINE_CURVE_WITH_KNOTS('',1,(#3272,#3273),.UNSPECIFIED.,.F.,
  .F.,(2,2),(-33.5,-17.5),.PIECEWISE_BEZIER_KNOTS.);
#3272 = CARTESIAN_POINT('',(51.,155.));
#3273 = CARTESIAN_POINT('',(35.,155.));
#3274 = ( GEOMETRIC_REPRESENTATION_CONTEXT(2) 
PARAMETRIC_REPRESENTATION_CONTEXT() REPRESENTATION_CONTEXT('2D SPACE',''
  ) );
#3275 = PCURVE('',#3276,#3281);
#3276 = PLANE('',#3277);
#3277 = AXIS2_PLACEMENT_3D('',#3278,#3279,#3280);
#3278 = CARTESIAN_POINT('',(-162.,22.,9.));
#3279 = DIRECTION('',(0.,1.,0.));
#3280 = DIRECTION('',(1.,0.,0.));
#3281 = DEFINITIONAL_REPRESENTATION('',(#3282),#3285);
#3282 = B_SPLINE_CURVE_WITH_KNOTS('',1,(#3283,#3284),.UNSPECIFIED.,.F.,
  .F.,(2,2),(-33.5,-17.5),.PIECEWISE_BEZIER_KNOTS.);
#3283 = CARTESIAN_POINT('',(16.,-4.));
#3284 = CARTESIAN_POINT('',(0.,-4.));
#3285 = ( GEOMETRIC_REPRESENTATION_CONTEXT(2) 
PARAMETRIC_REPRESENTATION_CONTEXT() REPRESENTATION_CONTEXT('2D SPACE',''
  ) );
#3286 = ORIENTED_EDGE('',*,*,#3287,.T.);
#3287 = EDGE_CURVE('',#3262,#3288,#3290,.T.);
#3288 = VERTEX_POINT('',#3289);
#3289 = CARTESIAN_POINT('',(-162.,38.,13.));
#3290 = SURFACE_CURVE('',#3291,(#3295,#3301),.PCURVE_S1.);
#3291 = LINE('',#3292,#3293);
#3292 = CARTESIAN_POINT('',(-162.,-47.5,13.));
#3293 = VECTOR('',#3294,1.);
#3294 = DIRECTION('',(0.,1.,0.));
#3295 = PCURVE('',#126,#3296);
#3296 = DEFINITIONAL_REPRESENTATION('',(#3297),#3300);
#3297 = B_SPLINE_CURVE_WITH_KNOTS('',1,(#3298,#3299),.UNSPECIFIED.,.F.,
  .F.,(2,2),(69.5,85.5),.PIECEWISE_BEZIER_KNOTS.);
#3298 = CARTESIAN_POINT('',(35.,155.));
#3299 = CARTESIAN_POINT('',(35.,171.));
#3300 = ( GEOMETRIC_REPRESENTATION_CONTEXT(2) 
PARAMETRIC_REPRESENTATION_CONTEXT() REPRESENTATION_CONTEXT('2D SPACE',''
  ) );
#3301 = PCURVE('',#3302,#3307);
#3302 = PLANE('',#3303);
#3303 = AXIS2_PLACEMENT_3D('',#3304,#3305,#3306);
#3304 = CARTESIAN_POINT('',(-162.,38.,9.));
#3305 = DIRECTION('',(1.,0.,0.));
#3306 = DIRECTION('',(0.,-1.,0.));
#3307 = DEFINITIONAL_REPRESENTATION('',(#3308),#3311);
#3308 = B_SPLINE_CURVE_WITH_KNOTS('',1,(#3309,#3310),.UNSPECIFIED.,.F.,
  .F.,(2,2),(69.5,85.5),.PIECEWISE_BEZIER_KNOTS.);
#3309 = CARTESIAN_POINT('',(16.,-4.));
#3310 = CARTESIAN_POINT('',(0.,-4.));
#3311 = ( GEOMETRIC_REPRESENTATION_CONTEXT(2) 
PARAMETRIC_REPRESENTATION_CONTEXT() REPRESENTATION_CONTEXT('2D SPACE',''
  ) );
#3312 = ORIENTED_EDGE('',*,*,#3313,.T.);
#3313 = EDGE_CURVE('',#3288,#3234,#3314,.T.);
#3314 = SURFACE_CURVE('',#3315,(#3319,#3325),.PCURVE_S1.);
#3315 = LINE('',#3316,#3317);
#3316 = CARTESIAN_POINT('',(-171.5,38.,13.));
#3317 = VECTOR('',#3318,1.);
#3318 = DIRECTION('',(1.,0.,0.));
#3319 = PCURVE('',#126,#3320);
#3320 = DEFINITIONAL_REPRESENTATION('',(#3321),#3324);
#3321 = B_SPLINE_CURVE_WITH_KNOTS('',1,(#3322,#3323),.UNSPECIFIED.,.F.,
  .F.,(2,2),(9.5,25.5),.PIECEWISE_BEZIER_KNOTS.);
#3322 = CARTESIAN_POINT('',(35.,171.));
#3323 = CARTESIAN_POINT('',(51.,171.));
#3324 = ( GEOMETRIC_REPRESENTATION_CONTEXT(2) 
PARAMETRIC_REPRESENTATION_CONTEXT() REPRESENTATION_CONTEXT('2D SPACE',''
  ) );
#3325 = PCURVE('',#3326,#3331);
#3326 = PLANE('',#3327);
#3327 = AXIS2_PLACEMENT_3D('',#3328,#3329,#3330);
#3328 = CARTESIAN_POINT('',(-146.,38.,9.));
#3329 = DIRECTION('',(0.,-1.,0.));
#3330 = DIRECTION('',(-1.,0.,0.));
#3331 = DEFINITIONAL_REPRESENTATION('',(#3332),#3335);
#3332 = B_SPLINE_CURVE_WITH_KNOTS('',1,(#3333,#3334),.UNSPECIFIED.,.F.,
  .F.,(2,2),(9.5,25.5),.PIECEWISE_BEZIER_KNOTS.);
#3333 = CARTESIAN_POINT('',(16.,-4.));
#3334 = CARTESIAN_POINT('',(0.,-4.));
#3335 = ( GEOMETRIC_REPRESENTATION_CONTEXT(2) 
PARAMETRIC_REPRESENTATION_CONTEXT() REPRESENTATION_CONTEXT('2D SPACE',''
  ) );
#3336 = FACE_BOUND('',#3337,.T.);
#3337 = EDGE_LOOP('',(#3338,#3366,#3392,#3418));
#3338 = ORIENTED_EDGE('',*,*,#3339,.T.);
#3339 = EDGE_CURVE('',#3340,#3342,#3344,.T.);
#3340 = VERTEX_POINT('',#3341);
#3341 = CARTESIAN_POINT('',(-116.,38.,13.));
#3342 = VERTEX_POINT('',#3343);
#3343 = CARTESIAN_POINT('',(-116.,22.,13.));
#3344 = SURFACE_CURVE('',#3345,(#3349,#3355),.PCURVE_S1.);
#3345 = LINE('',#3346,#3347);
#3346 = CARTESIAN_POINT('',(-116.,-55.5,13.));
#3347 = VECTOR('',#3348,1.);
#3348 = DIRECTION('',(0.,-1.,0.));
#3349 = PCURVE('',#126,#3350);
#3350 = DEFINITIONAL_REPRESENTATION('',(#3351),#3354);
#3351 = B_SPLINE_CURVE_WITH_KNOTS('',1,(#3352,#3353),.UNSPECIFIED.,.F.,
  .F.,(2,2),(-93.5,-77.5),.PIECEWISE_BEZIER_KNOTS.);
#3352 = CARTESIAN_POINT('',(81.,171.));
#3353 = CARTESIAN_POINT('',(81.,155.));
#3354 = ( GEOMETRIC_REPRESENTATION_CONTEXT(2) 
PARAMETRIC_REPRESENTATION_CONTEXT() REPRESENTATION_CONTEXT('2D SPACE',''
  ) );
#3355 = PCURVE('',#3356,#3361);
#3356 = PLANE('',#3357);
#3357 = AXIS2_PLACEMENT_3D('',#3358,#3359,#3360);
#3358 = CARTESIAN_POINT('',(-116.,22.,9.));
#3359 = DIRECTION('',(-1.,0.,0.));
#3360 = DIRECTION('',(0.,1.,0.));
#3361 = DEFINITIONAL_REPRESENTATION('',(#3362),#3365);
#3362 = B_SPLINE_CURVE_WITH_KNOTS('',1,(#3363,#3364),.UNSPECIFIED.,.F.,
  .F.,(2,2),(-93.5,-77.5),.PIECEWISE_BEZIER_KNOTS.);
#3363 = CARTESIAN_POINT('',(16.,-4.));
#3364 = CARTESIAN_POINT('',(0.,-4.));
#3365 = ( GEOMETRIC_REPRESENTATION_CONTEXT(2) 
PARAMETRIC_REPRESENTATION_CONTEXT() REPRESENTATION_CONTEXT('2D SPACE',''
  ) );
#3366 = ORIENTED_EDGE('',*,*,#3367,.T.);
#3367 = EDGE_CURVE('',#3342,#3368,#3370,.T.);
#3368 = VERTEX_POINT('',#3369);
#3369 = CARTESIAN_POINT('',(-132.,22.,13.));
#3370 = SURFACE_CURVE('',#3371,(#3375,#3381),.PCURVE_S1.);
#3371 = LINE('',#3372,#3373);
#3372 = CARTESIAN_POINT('',(-164.5,22.,13.));
#3373 = VECTOR('',#3374,1.);
#3374 = DIRECTION('',(-1.,0.,0.));
#3375 = PCURVE('',#126,#3376);
#3376 = DEFINITIONAL_REPRESENTATION('',(#3377),#3380);
#3377 = B_SPLINE_CURVE_WITH_KNOTS('',1,(#3378,#3379),.UNSPECIFIED.,.F.,
  .F.,(2,2),(-48.5,-32.5),.PIECEWISE_BEZIER_KNOTS.);
#3378 = CARTESIAN_POINT('',(81.,155.));
#3379 = CARTESIAN_POINT('',(65.,155.));
#3380 = ( GEOMETRIC_REPRESENTATION_CONTEXT(2) 
PARAMETRIC_REPRESENTATION_CONTEXT() REPRESENTATION_CONTEXT('2D SPACE',''
  ) );
#3381 = PCURVE('',#3382,#3387);
#3382 = PLANE('',#3383);
#3383 = AXIS2_PLACEMENT_3D('',#3384,#3385,#3386);
#3384 = CARTESIAN_POINT('',(-132.,22.,9.));
#3385 = DIRECTION('',(0.,1.,0.));
#3386 = DIRECTION('',(1.,0.,0.));
#3387 = DEFINITIONAL_REPRESENTATION('',(#3388),#3391);
#3388 = B_SPLINE_CURVE_WITH_KNOTS('',1,(#3389,#3390),.UNSPECIFIED.,.F.,
  .F.,(2,2),(-48.5,-32.5),.PIECEWISE_BEZIER_KNOTS.);
#3389 = CARTESIAN_POINT('',(16.,-4.));
#3390 = CARTESIAN_POINT('',(0.,-4.));
#3391 = ( GEOMETRIC_REPRESENTATION_CONTEXT(2) 
PARAMETRIC_REPRESENTATION_CONTEXT() REPRESENTATION_CONTEXT('2D SPACE',''
  ) );
#3392 = ORIENTED_EDGE('',*,*,#3393,.T.);
#3393 = EDGE_CURVE('',#3368,#3394,#3396,.T.);
#3394 = VERTEX_POINT('',#3395);
#3395 = CARTESIAN_POINT('',(-132.,38.,13.));
#3396 = SURFACE_CURVE('',#3397,(#3401,#3407),.PCURVE_S1.);
#3397 = LINE('',#3398,#3399);
#3398 = CARTESIAN_POINT('',(-132.,-47.5,13.));
#3399 = VECTOR('',#3400,1.);
#3400 = DIRECTION('',(0.,1.,0.));
#3401 = PCURVE('',#126,#3402);
#3402 = DEFINITIONAL_REPRESENTATION('',(#3403),#3406);
#3403 = B_SPLINE_CURVE_WITH_KNOTS('',1,(#3404,#3405),.UNSPECIFIED.,.F.,
  .F.,(2,2),(69.5,85.5),.PIECEWISE_BEZIER_KNOTS.);
#3404 = CARTESIAN_POINT('',(65.,155.));
#3405 = CARTESIAN_POINT('',(65.,171.));
#3406 = ( GEOMETRIC_REPRESENTATION_CONTEXT(2) 
PARAMETRIC_REPRESENTATION_CONTEXT() REPRESENTATION_CONTEXT('2D SPACE',''
  ) );
#3407 = PCURVE('',#3408,#3413);
#3408 = PLANE('',#3409);
#3409 = AXIS2_PLACEMENT_3D('',#3410,#3411,#3412);
#3410 = CARTESIAN_POINT('',(-132.,38.,9.));
#3411 = DIRECTION('',(1.,0.,0.));
#3412 = DIRECTION('',(0.,-1.,0.));
#3413 = DEFINITIONAL_REPRESENTATION('',(#3414),#3417);
#3414 = B_SPLINE_CURVE_WITH_KNOTS('',1,(#3415,#3416),.UNSPECIFIED.,.F.,
  .F.,(2,2),(69.5,85.5),.PIECEWISE_BEZIER_KNOTS.);
#3415 = CARTESIAN_POINT('',(16.,-4.));
#3416 = CARTESIAN_POINT('',(0.,-4.));
#3417 = ( GEOMETRIC_REPRESENTATION_CONTEXT(2) 
PARAMETRIC_REPRESENTATION_CONTEXT() REPRESENTATION_CONTEXT('2D SPACE',''
  ) );
#3418 = ORIENTED_EDGE('',*,*,#3419,.T.);
#3419 = EDGE_CURVE('',#3394,#3340,#3420,.T.);
#3420 = SURFACE_CURVE('',#3421,(#3425,#3431),.PCURVE_S1.);
#3421 = LINE('',#3422,#3423);
#3422 = CARTESIAN_POINT('',(-156.5,38.,13.));
#3423 = VECTOR('',#3424,1.);
#3424 = DIRECTION('',(1.,0.,0.));
#3425 = PCURVE('',#126,#3426);
#3426 = DEFINITIONAL_REPRESENTATION('',(#3427),#3430);
#3427 = B_SPLINE_CURVE_WITH_KNOTS('',1,(#3428,#3429),.UNSPECIFIED.,.F.,
  .F.,(2,2),(24.5,40.5),.PIECEWISE_BEZIER_KNOTS.);
#3428 = CARTESIAN_POINT('',(65.,171.));
#3429 = CARTESIAN_POINT('',(81.,171.));
#3430 = ( GEOMETRIC_REPRESENTATION_CONTEXT(2) 
PARAMETRIC_REPRESENTATION_CONTEXT() REPRESENTATION_CONTEXT('2D SPACE',''
  ) );
#3431 = PCURVE('',#3432,#3437);
#3432 = PLANE('',#3433);
#3433 = AXIS2_PLACEMENT_3D('',#3434,#3435,#3436);
#3434 = CARTESIAN_POINT('',(-116.,38.,9.));
#3435 = DIRECTION('',(0.,-1.,0.));
#3436 = DIRECTION('',(-1.,0.,0.));
#3437 = DEFINITIONAL_REPRESENTATION('',(#3438),#3441);
#3438 = B_SPLINE_CURVE_WITH_KNOTS('',1,(#3439,#3440),.UNSPECIFIED.,.F.,
  .F.,(2,2),(24.5,40.5),.PIECEWISE_BEZIER_KNOTS.);
#3439 = CARTESIAN_POINT('',(16.,-4.));
#3440 = CARTESIAN_POINT('',(0.,-4.));
#3441 = ( GEOMETRIC_REPRESENTATION_CONTEXT(2) 
PARAMETRIC_REPRESENTATION_CONTEXT() REPRESENTATION_CONTEXT('2D SPACE',''
  ) );
#3442 = FACE_BOUND('',#3443,.T.);
#3443 = EDGE_LOOP('',(#3444,#3472,#3498,#3524));
#3444 = ORIENTED_EDGE('',*,*,#3445,.T.);
#3445 = EDGE_CURVE('',#3446,#3448,#3450,.T.);
#3446 = VERTEX_POINT('',#3447);
#3447 = CARTESIAN_POINT('',(-86.,38.,13.));
#3448 = VERTEX_POINT('',#3449);
#3449 = CARTESIAN_POINT('',(-86.,22.,13.));
#3450 = SURFACE_CURVE('',#3451,(#3455,#3461),.PCURVE_S1.);
#3451 = LINE('',#3452,#3453);
#3452 = CARTESIAN_POINT('',(-86.,-55.5,13.));
#3453 = VECTOR('',#3454,1.);
#3454 = DIRECTION('',(0.,-1.,0.));
#3455 = PCURVE('',#126,#3456);
#3456 = DEFINITIONAL_REPRESENTATION('',(#3457),#3460);
#3457 = B_SPLINE_CURVE_WITH_KNOTS('',1,(#3458,#3459),.UNSPECIFIED.,.F.,
  .F.,(2,2),(-93.5,-77.5),.PIECEWISE_BEZIER_KNOTS.);
#3458 = CARTESIAN_POINT('',(111.,171.));
#3459 = CARTESIAN_POINT('',(111.,155.));
#3460 = ( GEOMETRIC_REPRESENTATION_CONTEXT(2) 
PARAMETRIC_REPRESENTATION_CONTEXT() REPRESENTATION_CONTEXT('2D SPACE',''
  ) );
#3461 = PCURVE('',#3462,#3467);
#3462 = PLANE('',#3463);
#3463 = AXIS2_PLACEMENT_3D('',#3464,#3465,#3466);
#3464 = CARTESIAN_POINT('',(-86.,22.,9.));
#3465 = DIRECTION('',(-1.,0.,0.));
#3466 = DIRECTION('',(0.,1.,0.));
#3467 = DEFINITIONAL_REPRESENTATION('',(#3468),#3471);
#3468 = B_SPLINE_CURVE_WITH_KNOTS('',1,(#3469,#3470),.UNSPECIFIED.,.F.,
  .F.,(2,2),(-93.5,-77.5),.PIECEWISE_BEZIER_KNOTS.);
#3469 = CARTESIAN_POINT('',(16.,-4.));
#3470 = CARTESIAN_POINT('',(0.,-4.));
#3471 = ( GEOMETRIC_REPRESENTATION_CONTEXT(2) 
PARAMETRIC_REPRESENTATION_CONTEXT() REPRESENTATION_CONTEXT('2D SPACE',''
  ) );
#3472 = ORIENTED_EDGE('',*,*,#3473,.T.);
#3473 = EDGE_CURVE('',#3448,#3474,#3476,.T.);
#3474 = VERTEX_POINT('',#3475);
#3475 = CARTESIAN_POINT('',(-102.,22.,13.));
#3476 = SURFACE_CURVE('',#3477,(#3481,#3487),.PCURVE_S1.);
#3477 = LINE('',#3478,#3479);
#3478 = CARTESIAN_POINT('',(-149.5,22.,13.));
#3479 = VECTOR('',#3480,1.);
#3480 = DIRECTION('',(-1.,0.,0.));
#3481 = PCURVE('',#126,#3482);
#3482 = DEFINITIONAL_REPRESENTATION('',(#3483),#3486);
#3483 = B_SPLINE_CURVE_WITH_KNOTS('',1,(#3484,#3485),.UNSPECIFIED.,.F.,
  .F.,(2,2),(-63.5,-47.5),.PIECEWISE_BEZIER_KNOTS.);
#3484 = CARTESIAN_POINT('',(111.,155.));
#3485 = CARTESIAN_POINT('',(95.,155.));
#3486 = ( GEOMETRIC_REPRESENTATION_CONTEXT(2) 
PARAMETRIC_REPRESENTATION_CONTEXT() REPRESENTATION_CONTEXT('2D SPACE',''
  ) );
#3487 = PCURVE('',#3488,#3493);
#3488 = PLANE('',#3489);
#3489 = AXIS2_PLACEMENT_3D('',#3490,#3491,#3492);
#3490 = CARTESIAN_POINT('',(-102.,22.,9.));
#3491 = DIRECTION('',(0.,1.,0.));
#3492 = DIRECTION('',(1.,0.,0.));
#3493 = DEFINITIONAL_REPRESENTATION('',(#3494),#3497);
#3494 = B_SPLINE_CURVE_WITH_KNOTS('',1,(#3495,#3496),.UNSPECIFIED.,.F.,
  .F.,(2,2),(-63.5,-47.5),.PIECEWISE_BEZIER_KNOTS.);
#3495 = CARTESIAN_POINT('',(16.,-4.));
#3496 = CARTESIAN_POINT('',(0.,-4.));
#3497 = ( GEOMETRIC_REPRESENTATION_CONTEXT(2) 
PARAMETRIC_REPRESENTATION_CONTEXT() REPRESENTATION_CONTEXT('2D SPACE',''
  ) );
#3498 = ORIENTED_EDGE('',*,*,#3499,.T.);
#3499 = EDGE_CURVE('',#3474,#3500,#3502,.T.);
#3500 = VERTEX_POINT('',#3501);
#3501 = CARTESIAN_POINT('',(-102.,38.,13.));
#3502 = SURFACE_CURVE('',#3503,(#3507,#3513),.PCURVE_S1.);
#3503 = LINE('',#3504,#3505);
#3504 = CARTESIAN_POINT('',(-102.,-47.5,13.));
#3505 = VECTOR('',#3506,1.);
#3506 = DIRECTION('',(0.,1.,0.));
#3507 = PCURVE('',#126,#3508);
#3508 = DEFINITIONAL_REPRESENTATION('',(#3509),#3512);
#3509 = B_SPLINE_CURVE_WITH_KNOTS('',1,(#3510,#3511),.UNSPECIFIED.,.F.,
  .F.,(2,2),(69.5,85.5),.PIECEWISE_BEZIER_KNOTS.);
#3510 = CARTESIAN_POINT('',(95.,155.));
#3511 = CARTESIAN_POINT('',(95.,171.));
#3512 = ( GEOMETRIC_REPRESENTATION_CONTEXT(2) 
PARAMETRIC_REPRESENTATION_CONTEXT() REPRESENTATION_CONTEXT('2D SPACE',''
  ) );
#3513 = PCURVE('',#3514,#3519);
#3514 = PLANE('',#3515);
#3515 = AXIS2_PLACEMENT_3D('',#3516,#3517,#3518);
#3516 = CARTESIAN_POINT('',(-102.,38.,9.));
#3517 = DIRECTION('',(1.,0.,0.));
#3518 = DIRECTION('',(0.,-1.,0.));
#3519 = DEFINITIONAL_REPRESENTATION('',(#3520),#3523);
#3520 = B_SPLINE_CURVE_WITH_KNOTS('',1,(#3521,#3522),.UNSPECIFIED.,.F.,
  .F.,(2,2),(69.5,85.5),.PIECEWISE_BEZIER_KNOTS.);
#3521 = CARTESIAN_POINT('',(16.,-4.));
#3522 = CARTESIAN_POINT('',(0.,-4.));
#3523 = ( GEOMETRIC_REPRESENTATION_CONTEXT(2) 
PARAMETRIC_REPRESENTATION_CONTEXT() REPRESENTATION_CONTEXT('2D SPACE',''
  ) );
#3524 = ORIENTED_EDGE('',*,*,#3525,.T.);
#3525 = EDGE_CURVE('',#3500,#3446,#3526,.T.);
#3526 = SURFACE_CURVE('',#3527,(#3531,#3537),.PCURVE_S1.);
#3527 = LINE('',#3528,#3529);
#3528 = CARTESIAN_POINT('',(-141.5,38.,13.));
#3529 = VECTOR('',#3530,1.);
#3530 = DIRECTION('',(1.,0.,0.));
#3531 = PCURVE('',#126,#3532);
#3532 = DEFINITIONAL_REPRESENTATION('',(#3533),#3536);
#3533 = B_SPLINE_CURVE_WITH_KNOTS('',1,(#3534,#3535),.UNSPECIFIED.,.F.,
  .F.,(2,2),(39.5,55.5),.PIECEWISE_BEZIER_KNOTS.);
#3534 = CARTESIAN_POINT('',(95.,171.));
#3535 = CARTESIAN_POINT('',(111.,171.));
#3536 = ( GEOMETRIC_REPRESENTATION_CONTEXT(2) 
PARAMETRIC_REPRESENTATION_CONTEXT() REPRESENTATION_CONTEXT('2D SPACE',''
  ) );
#3537 = PCURVE('',#3538,#3543);
#3538 = PLANE('',#3539);
#3539 = AXIS2_PLACEMENT_3D('',#3540,#3541,#3542);
#3540 = CARTESIAN_POINT('',(-86.,38.,9.));
#3541 = DIRECTION('',(0.,-1.,0.));
#3542 = DIRECTION('',(-1.,0.,0.));
#3543 = DEFINITIONAL_REPRESENTATION('',(#3544),#3547);
#3544 = B_SPLINE_CURVE_WITH_KNOTS('',1,(#3545,#3546),.UNSPECIFIED.,.F.,
  .F.,(2,2),(39.5,55.5),.PIECEWISE_BEZIER_KNOTS.);
#3545 = CARTESIAN_POINT('',(16.,-4.));
#3546 = CARTESIAN_POINT('',(0.,-4.));
#3547 = ( GEOMETRIC_REPRESENTATION_CONTEXT(2) 
PARAMETRIC_REPRESENTATION_CONTEXT() REPRESENTATION_CONTEXT('2D SPACE',''
  ) );
#3548 = FACE_BOUND('',#3549,.T.);
#3549 = EDGE_LOOP('',(#3550,#3578,#3604,#3630));
#3550 = ORIENTED_EDGE('',*,*,#3551,.T.);
#3551 = EDGE_CURVE('',#3552,#3554,#3556,.T.);
#3552 = VERTEX_POINT('',#3553);
#3553 = CARTESIAN_POINT('',(-56.,38.,13.));
#3554 = VERTEX_POINT('',#3555);
#3555 = CARTESIAN_POINT('',(-56.,22.,13.));
#3556 = SURFACE_CURVE('',#3557,(#3561,#3567),.PCURVE_S1.);
#3557 = LINE('',#3558,#3559);
#3558 = CARTESIAN_POINT('',(-56.,-55.5,13.));
#3559 = VECTOR('',#3560,1.);
#3560 = DIRECTION('',(0.,-1.,0.));
#3561 = PCURVE('',#126,#3562);
#3562 = DEFINITIONAL_REPRESENTATION('',(#3563),#3566);
#3563 = B_SPLINE_CURVE_WITH_KNOTS('',1,(#3564,#3565),.UNSPECIFIED.,.F.,
  .F.,(2,2),(-93.5,-77.5),.PIECEWISE_BEZIER_KNOTS.);
#3564 = CARTESIAN_POINT('',(141.,171.));
#3565 = CARTESIAN_POINT('',(141.,155.));
#3566 = ( GEOMETRIC_REPRESENTATION_CONTEXT(2) 
PARAMETRIC_REPRESENTATION_CONTEXT() REPRESENTATION_CONTEXT('2D SPACE',''
  ) );
#3567 = PCURVE('',#3568,#3573);
#3568 = PLANE('',#3569);
#3569 = AXIS2_PLACEMENT_3D('',#3570,#3571,#3572);
#3570 = CARTESIAN_POINT('',(-56.,22.,9.));
#3571 = DIRECTION('',(-1.,0.,0.));
#3572 = DIRECTION('',(0.,1.,0.));
#3573 = DEFINITIONAL_REPRESENTATION('',(#3574),#3577);
#3574 = B_SPLINE_CURVE_WITH_KNOTS('',1,(#3575,#3576),.UNSPECIFIED.,.F.,
  .F.,(2,2),(-93.5,-77.5),.PIECEWISE_BEZIER_KNOTS.);
#3575 = CARTESIAN_POINT('',(16.,-4.));
#3576 = CARTESIAN_POINT('',(0.,-4.));
#3577 = ( GEOMETRIC_REPRESENTATION_CONTEXT(2) 
PARAMETRIC_REPRESENTATION_CONTEXT() REPRESENTATION_CONTEXT('2D SPACE',''
  ) );
#3578 = ORIENTED_EDGE('',*,*,#3579,.T.);
#3579 = EDGE_CURVE('',#3554,#3580,#3582,.T.);
#3580 = VERTEX_POINT('',#3581);
#3581 = CARTESIAN_POINT('',(-72.,22.,13.));
#3582 = SURFACE_CURVE('',#3583,(#3587,#3593),.PCURVE_S1.);
#3583 = LINE('',#3584,#3585);
#3584 = CARTESIAN_POINT('',(-134.5,22.,13.));
#3585 = VECTOR('',#3586,1.);
#3586 = DIRECTION('',(-1.,0.,0.));
#3587 = PCURVE('',#126,#3588);
#3588 = DEFINITIONAL_REPRESENTATION('',(#3589),#3592);
#3589 = B_SPLINE_CURVE_WITH_KNOTS('',1,(#3590,#3591),.UNSPECIFIED.,.F.,
  .F.,(2,2),(-78.5,-62.5),.PIECEWISE_BEZIER_KNOTS.);
#3590 = CARTESIAN_POINT('',(141.,155.));
#3591 = CARTESIAN_POINT('',(125.,155.));
#3592 = ( GEOMETRIC_REPRESENTATION_CONTEXT(2) 
PARAMETRIC_REPRESENTATION_CONTEXT() REPRESENTATION_CONTEXT('2D SPACE',''
  ) );
#3593 = PCURVE('',#3594,#3599);
#3594 = PLANE('',#3595);
#3595 = AXIS2_PLACEMENT_3D('',#3596,#3597,#3598);
#3596 = CARTESIAN_POINT('',(-72.,22.,9.));
#3597 = DIRECTION('',(0.,1.,0.));
#3598 = DIRECTION('',(1.,0.,0.));
#3599 = DEFINITIONAL_REPRESENTATION('',(#3600),#3603);
#3600 = B_SPLINE_CURVE_WITH_KNOTS('',1,(#3601,#3602),.UNSPECIFIED.,.F.,
  .F.,(2,2),(-78.5,-62.5),.PIECEWISE_BEZIER_KNOTS.);
#3601 = CARTESIAN_POINT('',(16.,-4.));
#3602 = CARTESIAN_POINT('',(0.,-4.));
#3603 = ( GEOMETRIC_REPRESENTATION_CONTEXT(2) 
PARAMETRIC_REPRESENTATION_CONTEXT() REPRESENTATION_CONTEXT('2D SPACE',''
  ) );
#3604 = ORIENTED_EDGE('',*,*,#3605,.T.);
#3605 = EDGE_CURVE('',#3580,#3606,#3608,.T.);
#3606 = VERTEX_POINT('',#3607);
#3607 = CARTESIAN_POINT('',(-72.,38.,13.));
#3608 = SURFACE_CURVE('',#3609,(#3613,#3619),.PCURVE_S1.);
#3609 = LINE('',#3610,#3611);
#3610 = CARTESIAN_POINT('',(-72.,-47.5,13.));
#3611 = VECTOR('',#3612,1.);
#3612 = DIRECTION('',(0.,1.,0.));
#3613 = PCURVE('',#126,#3614);
#3614 = DEFINITIONAL_REPRESENTATION('',(#3615),#3618);
#3615 = B_SPLINE_CURVE_WITH_KNOTS('',1,(#3616,#3617),.UNSPECIFIED.,.F.,
  .F.,(2,2),(69.5,85.5),.PIECEWISE_BEZIER_KNOTS.);
#3616 = CARTESIAN_POINT('',(125.,155.));
#3617 = CARTESIAN_POINT('',(125.,171.));
#3618 = ( GEOMETRIC_REPRESENTATION_CONTEXT(2) 
PARAMETRIC_REPRESENTATION_CONTEXT() REPRESENTATION_CONTEXT('2D SPACE',''
  ) );
#3619 = PCURVE('',#3620,#3625);
#3620 = PLANE('',#3621);
#3621 = AXIS2_PLACEMENT_3D('',#3622,#3623,#3624);
#3622 = CARTESIAN_POINT('',(-72.,38.,9.));
#3623 = DIRECTION('',(1.,0.,0.));
#3624 = DIRECTION('',(0.,-1.,0.));
#3625 = DEFINITIONAL_REPRESENTATION('',(#3626),#3629);
#3626 = B_SPLINE_CURVE_WITH_KNOTS('',1,(#3627,#3628),.UNSPECIFIED.,.F.,
  .F.,(2,2),(69.5,85.5),.PIECEWISE_BEZIER_KNOTS.);
#3627 = CARTESIAN_POINT('',(16.,-4.));
#3628 = CARTESIAN_POINT('',(0.,-4.));
#3629 = ( GEOMETRIC_REPRESENTATION_CONTEXT(2) 
PARAMETRIC_REPRESENTATION_CONTEXT() REPRESENTATION_CONTEXT('2D SPACE',''
  ) );
#3630 = ORIENTED_EDGE('',*,*,#3631,.T.);
#3631 = EDGE_CURVE('',#3606,#3552,#3632,.T.);
#3632 = SURFACE_CURVE('',#3633,(#3637,#3643),.PCURVE_S1.);
#3633 = LINE('',#3634,#3635);
#3634 = CARTESIAN_POINT('',(-126.5,38.,13.));
#3635 = VECTOR('',#3636,1.);
#3636 = DIRECTION('',(1.,0.,0.));
#3637 = PCURVE('',#126,#3638);
#3638 = DEFINITIONAL_REPRESENTATION('',(#3639),#3642);
#3639 = B_SPLINE_CURVE_WITH_KNOTS('',1,(#3640,#3641),.UNSPECIFIED.,.F.,
  .F.,(2,2),(54.5,70.5),.PIECEWISE_BEZIER_KNOTS.);
#3640 = CARTESIAN_POINT('',(125.,171.));
#3641 = CARTESIAN_POINT('',(141.,171.));
#3642 = ( GEOMETRIC_REPRESENTATION_CONTEXT(2) 
PARAMETRIC_REPRESENTATION_CONTEXT() REPRESENTATION_CONTEXT('2D SPACE',''
  ) );
#3643 = PCURVE('',#3644,#3649);
#3644 = PLANE('',#3645);
#3645 = AXIS2_PLACEMENT_3D('',#3646,#3647,#3648);
#3646 = CARTESIAN_POINT('',(-56.,38.,9.));
#3647 = DIRECTION('',(0.,-1.,0.));
#3648 = DIRECTION('',(-1.,0.,0.));
#3649 = DEFINITIONAL_REPRESENTATION('',(#3650),#3653);
#3650 = B_SPLINE_CURVE_WITH_KNOTS('',1,(#3651,#3652),.UNSPECIFIED.,.F.,
  .F.,(2,2),(54.5,70.5),.PIECEWISE_BEZIER_KNOTS.);
#3651 = CARTESIAN_POINT('',(16.,-4.));
#3652 = CARTESIAN_POINT('',(0.,-4.));
#3653 = ( GEOMETRIC_REPRESENTATION_CONTEXT(2) 
PARAMETRIC_REPRESENTATION_CONTEXT() REPRESENTATION_CONTEXT('2D SPACE',''
  ) );
#3654 = FACE_BOUND('',#3655,.T.);
#3655 = EDGE_LOOP('',(#3656,#3684,#3710,#3736));
#3656 = ORIENTED_EDGE('',*,*,#3657,.T.);
#3657 = EDGE_CURVE('',#3658,#3660,#3662,.T.);
#3658 = VERTEX_POINT('',#3659);
#3659 = CARTESIAN_POINT('',(-146.,68.,13.));
#3660 = VERTEX_POINT('',#3661);
#3661 = CARTESIAN_POINT('',(-146.,52.,13.));
#3662 = SURFACE_CURVE('',#3663,(#3667,#3673),.PCURVE_S1.);
#3663 = LINE('',#3664,#3665);
#3664 = CARTESIAN_POINT('',(-146.,-40.5,13.));
#3665 = VECTOR('',#3666,1.);
#3666 = DIRECTION('',(0.,-1.,0.));
#3667 = PCURVE('',#126,#3668);
#3668 = DEFINITIONAL_REPRESENTATION('',(#3669),#3672);
#3669 = B_SPLINE_CURVE_WITH_KNOTS('',1,(#3670,#3671),.UNSPECIFIED.,.F.,
  .F.,(2,2),(-108.5,-92.5),.PIECEWISE_BEZIER_KNOTS.);
#3670 = CARTESIAN_POINT('',(51.,201.));
#3671 = CARTESIAN_POINT('',(51.,185.));
#3672 = ( GEOMETRIC_REPRESENTATION_CONTEXT(2) 
PARAMETRIC_REPRESENTATION_CONTEXT() REPRESENTATION_CONTEXT('2D SPACE',''
  ) );
#3673 = PCURVE('',#3674,#3679);
#3674 = PLANE('',#3675);
#3675 = AXIS2_PLACEMENT_3D('',#3676,#3677,#3678);
#3676 = CARTESIAN_POINT('',(-146.,52.,9.));
#3677 = DIRECTION('',(-1.,0.,0.));
#3678 = DIRECTION('',(0.,1.,0.));
#3679 = DEFINITIONAL_REPRESENTATION('',(#3680),#3683);
#3680 = B_SPLINE_CURVE_WITH_KNOTS('',1,(#3681,#3682),.UNSPECIFIED.,.F.,
  .F.,(2,2),(-108.5,-92.5),.PIECEWISE_BEZIER_KNOTS.);
#3681 = CARTESIAN_POINT('',(16.,-4.));
#3682 = CARTESIAN_POINT('',(0.,-4.));
#3683 = ( GEOMETRIC_REPRESENTATION_CONTEXT(2) 
PARAMETRIC_REPRESENTATION_CONTEXT() REPRESENTATION_CONTEXT('2D SPACE',''
  ) );
#3684 = ORIENTED_EDGE('',*,*,#3685,.T.);
#3685 = EDGE_CURVE('',#3660,#3686,#3688,.T.);
#3686 = VERTEX_POINT('',#3687);
#3687 = CARTESIAN_POINT('',(-162.,52.,13.));
#3688 = SURFACE_CURVE('',#3689,(#3693,#3699),.PCURVE_S1.);
#3689 = LINE('',#3690,#3691);
#3690 = CARTESIAN_POINT('',(-179.5,52.,13.));
#3691 = VECTOR('',#3692,1.);
#3692 = DIRECTION('',(-1.,0.,0.));
#3693 = PCURVE('',#126,#3694);
#3694 = DEFINITIONAL_REPRESENTATION('',(#3695),#3698);
#3695 = B_SPLINE_CURVE_WITH_KNOTS('',1,(#3696,#3697),.UNSPECIFIED.,.F.,
  .F.,(2,2),(-33.5,-17.5),.PIECEWISE_BEZIER_KNOTS.);
#3696 = CARTESIAN_POINT('',(51.,185.));
#3697 = CARTESIAN_POINT('',(35.,185.));
#3698 = ( GEOMETRIC_REPRESENTATION_CONTEXT(2) 
PARAMETRIC_REPRESENTATION_CONTEXT() REPRESENTATION_CONTEXT('2D SPACE',''
  ) );
#3699 = PCURVE('',#3700,#3705);
#3700 = PLANE('',#3701);
#3701 = AXIS2_PLACEMENT_3D('',#3702,#3703,#3704);
#3702 = CARTESIAN_POINT('',(-162.,52.,9.));
#3703 = DIRECTION('',(0.,1.,0.));
#3704 = DIRECTION('',(1.,0.,0.));
#3705 = DEFINITIONAL_REPRESENTATION('',(#3706),#3709);
#3706 = B_SPLINE_CURVE_WITH_KNOTS('',1,(#3707,#3708),.UNSPECIFIED.,.F.,
  .F.,(2,2),(-33.5,-17.5),.PIECEWISE_BEZIER_KNOTS.);
#3707 = CARTESIAN_POINT('',(16.,-4.));
#3708 = CARTESIAN_POINT('',(0.,-4.));
#3709 = ( GEOMETRIC_REPRESENTATION_CONTEXT(2) 
PARAMETRIC_REPRESENTATION_CONTEXT() REPRESENTATION_CONTEXT('2D SPACE',''
  ) );
#3710 = ORIENTED_EDGE('',*,*,#3711,.T.);
#3711 = EDGE_CURVE('',#3686,#3712,#3714,.T.);
#3712 = VERTEX_POINT('',#3713);
#3713 = CARTESIAN_POINT('',(-162.,68.,13.));
#3714 = SURFACE_CURVE('',#3715,(#3719,#3725),.PCURVE_S1.);
#3715 = LINE('',#3716,#3717);
#3716 = CARTESIAN_POINT('',(-162.,-32.5,13.));
#3717 = VECTOR('',#3718,1.);
#3718 = DIRECTION('',(0.,1.,0.));
#3719 = PCURVE('',#126,#3720);
#3720 = DEFINITIONAL_REPRESENTATION('',(#3721),#3724);
#3721 = B_SPLINE_CURVE_WITH_KNOTS('',1,(#3722,#3723),.UNSPECIFIED.,.F.,
  .F.,(2,2),(84.5,100.5),.PIECEWISE_BEZIER_KNOTS.);
#3722 = CARTESIAN_POINT('',(35.,185.));
#3723 = CARTESIAN_POINT('',(35.,201.));
#3724 = ( GEOMETRIC_REPRESENTATION_CONTEXT(2) 
PARAMETRIC_REPRESENTATION_CONTEXT() REPRESENTATION_CONTEXT('2D SPACE',''
  ) );
#3725 = PCURVE('',#3726,#3731);
#3726 = PLANE('',#3727);
#3727 = AXIS2_PLACEMENT_3D('',#3728,#3729,#3730);
#3728 = CARTESIAN_POINT('',(-162.,68.,9.));
#3729 = DIRECTION('',(1.,0.,0.));
#3730 = DIRECTION('',(0.,-1.,0.));
#3731 = DEFINITIONAL_REPRESENTATION('',(#3732),#3735);
#3732 = B_SPLINE_CURVE_WITH_KNOTS('',1,(#3733,#3734),.UNSPECIFIED.,.F.,
  .F.,(2,2),(84.5,100.5),.PIECEWISE_BEZIER_KNOTS.);
#3733 = CARTESIAN_POINT('',(16.,-4.));
#3734 = CARTESIAN_POINT('',(0.,-4.));
#3735 = ( GEOMETRIC_REPRESENTATION_CONTEXT(2) 
PARAMETRIC_REPRESENTATION_CONTEXT() REPRESENTATION_CONTEXT('2D SPACE',''
  ) );
#3736 = ORIENTED_EDGE('',*,*,#3737,.T.);
#3737 = EDGE_CURVE('',#3712,#3658,#3738,.T.);
#3738 = SURFACE_CURVE('',#3739,(#3743,#3749),.PCURVE_S1.);
#3739 = LINE('',#3740,#3741);
#3740 = CARTESIAN_POINT('',(-171.5,68.,13.));
#3741 = VECTOR('',#3742,1.);
#3742 = DIRECTION('',(1.,0.,0.));
#3743 = PCURVE('',#126,#3744);
#3744 = DEFINITIONAL_REPRESENTATION('',(#3745),#3748);
#3745 = B_SPLINE_CURVE_WITH_KNOTS('',1,(#3746,#3747),.UNSPECIFIED.,.F.,
  .F.,(2,2),(9.5,25.5),.PIECEWISE_BEZIER_KNOTS.);
#3746 = CARTESIAN_POINT('',(35.,201.));
#3747 = CARTESIAN_POINT('',(51.,201.));
#3748 = ( GEOMETRIC_REPRESENTATION_CONTEXT(2) 
PARAMETRIC_REPRESENTATION_CONTEXT() REPRESENTATION_CONTEXT('2D SPACE',''
  ) );
#3749 = PCURVE('',#3750,#3755);
#3750 = PLANE('',#3751);
#3751 = AXIS2_PLACEMENT_3D('',#3752,#3753,#3754);
#3752 = CARTESIAN_POINT('',(-146.,68.,9.));
#3753 = DIRECTION('',(0.,-1.,0.));
#3754 = DIRECTION('',(-1.,0.,0.));
#3755 = DEFINITIONAL_REPRESENTATION('',(#3756),#3759);
#3756 = B_SPLINE_CURVE_WITH_KNOTS('',1,(#3757,#3758),.UNSPECIFIED.,.F.,
  .F.,(2,2),(9.5,25.5),.PIECEWISE_BEZIER_KNOTS.);
#3757 = CARTESIAN_POINT('',(16.,-4.));
#3758 = CARTESIAN_POINT('',(0.,-4.));
#3759 = ( GEOMETRIC_REPRESENTATION_CONTEXT(2) 
PARAMETRIC_REPRESENTATION_CONTEXT() REPRESENTATION_CONTEXT('2D SPACE',''
  ) );
#3760 = FACE_BOUND('',#3761,.T.);
#3761 = EDGE_LOOP('',(#3762,#3790,#3816,#3842));
#3762 = ORIENTED_EDGE('',*,*,#3763,.T.);
#3763 = EDGE_CURVE('',#3764,#3766,#3768,.T.);
#3764 = VERTEX_POINT('',#3765);
#3765 = CARTESIAN_POINT('',(-116.,68.,13.));
#3766 = VERTEX_POINT('',#3767);
#3767 = CARTESIAN_POINT('',(-116.,52.,13.));
#3768 = SURFACE_CURVE('',#3769,(#3773,#3779),.PCURVE_S1.);
#3769 = LINE('',#3770,#3771);
#3770 = CARTESIAN_POINT('',(-116.,-40.5,13.));
#3771 = VECTOR('',#3772,1.);
#3772 = DIRECTION('',(0.,-1.,0.));
#3773 = PCURVE('',#126,#3774);
#3774 = DEFINITIONAL_REPRESENTATION('',(#3775),#3778);
#3775 = B_SPLINE_CURVE_WITH_KNOTS('',1,(#3776,#3777),.UNSPECIFIED.,.F.,
  .F.,(2,2),(-108.5,-92.5),.PIECEWISE_BEZIER_KNOTS.);
#3776 = CARTESIAN_POINT('',(81.,201.));
#3777 = CARTESIAN_POINT('',(81.,185.));
#3778 = ( GEOMETRIC_REPRESENTATION_CONTEXT(2) 
PARAMETRIC_REPRESENTATION_CONTEXT() REPRESENTATION_CONTEXT('2D SPACE',''
  ) );
#3779 = PCURVE('',#3780,#3785);
#3780 = PLANE('',#3781);
#3781 = AXIS2_PLACEMENT_3D('',#3782,#3783,#3784);
#3782 = CARTESIAN_POINT('',(-116.,52.,9.));
#3783 = DIRECTION('',(-1.,0.,0.));
#3784 = DIRECTION('',(0.,1.,0.));
#3785 = DEFINITIONAL_REPRESENTATION('',(#3786),#3789);
#3786 = B_SPLINE_CURVE_WITH_KNOTS('',1,(#3787,#3788),.UNSPECIFIED.,.F.,
  .F.,(2,2),(-108.5,-92.5),.PIECEWISE_BEZIER_KNOTS.);
#3787 = CARTESIAN_POINT('',(16.,-4.));
#3788 = CARTESIAN_POINT('',(0.,-4.));
#3789 = ( GEOMETRIC_REPRESENTATION_CONTEXT(2) 
PARAMETRIC_REPRESENTATION_CONTEXT() REPRESENTATION_CONTEXT('2D SPACE',''
  ) );
#3790 = ORIENTED_EDGE('',*,*,#3791,.T.);
#3791 = EDGE_CURVE('',#3766,#3792,#3794,.T.);
#3792 = VERTEX_POINT('',#3793);
#3793 = CARTESIAN_POINT('',(-132.,52.,13.));
#3794 = SURFACE_CURVE('',#3795,(#3799,#3805),.PCURVE_S1.);
#3795 = LINE('',#3796,#3797);
#3796 = CARTESIAN_POINT('',(-164.5,52.,13.));
#3797 = VECTOR('',#3798,1.);
#3798 = DIRECTION('',(-1.,0.,0.));
#3799 = PCURVE('',#126,#3800);
#3800 = DEFINITIONAL_REPRESENTATION('',(#3801),#3804);
#3801 = B_SPLINE_CURVE_WITH_KNOTS('',1,(#3802,#3803),.UNSPECIFIED.,.F.,
  .F.,(2,2),(-48.5,-32.5),.PIECEWISE_BEZIER_KNOTS.);
#3802 = CARTESIAN_POINT('',(81.,185.));
#3803 = CARTESIAN_POINT('',(65.,185.));
#3804 = ( GEOMETRIC_REPRESENTATION_CONTEXT(2) 
PARAMETRIC_REPRESENTATION_CONTEXT() REPRESENTATION_CONTEXT('2D SPACE',''
  ) );
#3805 = PCURVE('',#3806,#3811);
#3806 = PLANE('',#3807);
#3807 = AXIS2_PLACEMENT_3D('',#3808,#3809,#3810);
#3808 = CARTESIAN_POINT('',(-132.,52.,9.));
#3809 = DIRECTION('',(0.,1.,0.));
#3810 = DIRECTION('',(1.,0.,0.));
#3811 = DEFINITIONAL_REPRESENTATION('',(#3812),#3815);
#3812 = B_SPLINE_CURVE_WITH_KNOTS('',1,(#3813,#3814),.UNSPECIFIED.,.F.,
  .F.,(2,2),(-48.5,-32.5),.PIECEWISE_BEZIER_KNOTS.);
#3813 = CARTESIAN_POINT('',(16.,-4.));
#3814 = CARTESIAN_POINT('',(0.,-4.));
#3815 = ( GEOMETRIC_REPRESENTATION_CONTEXT(2) 
PARAMETRIC_REPRESENTATION_CONTEXT() REPRESENTATION_CONTEXT('2D SPACE',''
  ) );
#3816 = ORIENTED_EDGE('',*,*,#3817,.T.);
#3817 = EDGE_CURVE('',#3792,#3818,#3820,.T.);
#3818 = VERTEX_POINT('',#3819);
#3819 = CARTESIAN_POINT('',(-132.,68.,13.));
#3820 = SURFACE_CURVE('',#3821,(#3825,#3831),.PCURVE_S1.);
#3821 = LINE('',#3822,#3823);
#3822 = CARTESIAN_POINT('',(-132.,-32.5,13.));
#3823 = VECTOR('',#3824,1.);
#3824 = DIRECTION('',(0.,1.,0.));
#3825 = PCURVE('',#126,#3826);
#3826 = DEFINITIONAL_REPRESENTATION('',(#3827),#3830);
#3827 = B_SPLINE_CURVE_WITH_KNOTS('',1,(#3828,#3829),.UNSPECIFIED.,.F.,
  .F.,(2,2),(84.5,100.5),.PIECEWISE_BEZIER_KNOTS.);
#3828 = CARTESIAN_POINT('',(65.,185.));
#3829 = CARTESIAN_POINT('',(65.,201.));
#3830 = ( GEOMETRIC_REPRESENTATION_CONTEXT(2) 
PARAMETRIC_REPRESENTATION_CONTEXT() REPRESENTATION_CONTEXT('2D SPACE',''
  ) );
#3831 = PCURVE('',#3832,#3837);
#3832 = PLANE('',#3833);
#3833 = AXIS2_PLACEMENT_3D('',#3834,#3835,#3836);
#3834 = CARTESIAN_POINT('',(-132.,68.,9.));
#3835 = DIRECTION('',(1.,0.,0.));
#3836 = DIRECTION('',(0.,-1.,0.));
#3837 = DEFINITIONAL_REPRESENTATION('',(#3838),#3841);
#3838 = B_SPLINE_CURVE_WITH_KNOTS('',1,(#3839,#3840),.UNSPECIFIED.,.F.,
  .F.,(2,2),(84.5,100.5),.PIECEWISE_BEZIER_KNOTS.);
#3839 = CARTESIAN_POINT('',(16.,-4.));
#3840 = CARTESIAN_POINT('',(0.,-4.));
#3841 = ( GEOMETRIC_REPRESENTATION_CONTEXT(2) 
PARAMETRIC_REPRESENTATION_CONTEXT() REPRESENTATION_CONTEXT('2D SPACE',''
  ) );
#3842 = ORIENTED_EDGE('',*,*,#3843,.T.);
#3843 = EDGE_CURVE('',#3818,#3764,#3844,.T.);
#3844 = SURFACE_CURVE('',#3845,(#3849,#3855),.PCURVE_S1.);
#3845 = LINE('',#3846,#3847);
#3846 = CARTESIAN_POINT('',(-156.5,68.,13.));
#3847 = VECTOR('',#3848,1.);
#3848 = DIRECTION('',(1.,0.,0.));
#3849 = PCURVE('',#126,#3850);
#3850 = DEFINITIONAL_REPRESENTATION('',(#3851),#3854);
#3851 = B_SPLINE_CURVE_WITH_KNOTS('',1,(#3852,#3853),.UNSPECIFIED.,.F.,
  .F.,(2,2),(24.5,40.5),.PIECEWISE_BEZIER_KNOTS.);
#3852 = CARTESIAN_POINT('',(65.,201.));
#3853 = CARTESIAN_POINT('',(81.,201.));
#3854 = ( GEOMETRIC_REPRESENTATION_CONTEXT(2) 
PARAMETRIC_REPRESENTATION_CONTEXT() REPRESENTATION_CONTEXT('2D SPACE',''
  ) );
#3855 = PCURVE('',#3856,#3861);
#3856 = PLANE('',#3857);
#3857 = AXIS2_PLACEMENT_3D('',#3858,#3859,#3860);
#3858 = CARTESIAN_POINT('',(-116.,68.,9.));
#3859 = DIRECTION('',(0.,-1.,0.));
#3860 = DIRECTION('',(-1.,0.,0.));
#3861 = DEFINITIONAL_REPRESENTATION('',(#3862),#3865);
#3862 = B_SPLINE_CURVE_WITH_KNOTS('',1,(#3863,#3864),.UNSPECIFIED.,.F.,
  .F.,(2,2),(24.5,40.5),.PIECEWISE_BEZIER_KNOTS.);
#3863 = CARTESIAN_POINT('',(16.,-4.));
#3864 = CARTESIAN_POINT('',(0.,-4.));
#3865 = ( GEOMETRIC_REPRESENTATION_CONTEXT(2) 
PARAMETRIC_REPRESENTATION_CONTEXT() REPRESENTATION_CONTEXT('2D SPACE',''
  ) );
#3866 = FACE_BOUND('',#3867,.T.);
#3867 = EDGE_LOOP('',(#3868,#3896,#3922,#3948));
#3868 = ORIENTED_EDGE('',*,*,#3869,.T.);
#3869 = EDGE_CURVE('',#3870,#3872,#3874,.T.);
#3870 = VERTEX_POINT('',#3871);
#3871 = CARTESIAN_POINT('',(-146.,98.,13.));
#3872 = VERTEX_POINT('',#3873);
#3873 = CARTESIAN_POINT('',(-146.,82.,13.));
#3874 = SURFACE_CURVE('',#3875,(#3879,#3885),.PCURVE_S1.);
#3875 = LINE('',#3876,#3877);
#3876 = CARTESIAN_POINT('',(-146.,-25.5,13.));
#3877 = VECTOR('',#3878,1.);
#3878 = DIRECTION('',(0.,-1.,0.));
#3879 = PCURVE('',#126,#3880);
#3880 = DEFINITIONAL_REPRESENTATION('',(#3881),#3884);
#3881 = B_SPLINE_CURVE_WITH_KNOTS('',1,(#3882,#3883),.UNSPECIFIED.,.F.,
  .F.,(2,2),(-123.5,-107.5),.PIECEWISE_BEZIER_KNOTS.);
#3882 = CARTESIAN_POINT('',(51.,231.));
#3883 = CARTESIAN_POINT('',(51.,215.));
#3884 = ( GEOMETRIC_REPRESENTATION_CONTEXT(2) 
PARAMETRIC_REPRESENTATION_CONTEXT() REPRESENTATION_CONTEXT('2D SPACE',''
  ) );
#3885 = PCURVE('',#3886,#3891);
#3886 = PLANE('',#3887);
#3887 = AXIS2_PLACEMENT_3D('',#3888,#3889,#3890);
#3888 = CARTESIAN_POINT('',(-146.,82.,9.));
#3889 = DIRECTION('',(-1.,0.,0.));
#3890 = DIRECTION('',(0.,1.,0.));
#3891 = DEFINITIONAL_REPRESENTATION('',(#3892),#3895);
#3892 = B_SPLINE_CURVE_WITH_KNOTS('',1,(#3893,#3894),.UNSPECIFIED.,.F.,
  .F.,(2,2),(-123.5,-107.5),.PIECEWISE_BEZIER_KNOTS.);
#3893 = CARTESIAN_POINT('',(16.,-4.));
#3894 = CARTESIAN_POINT('',(0.,-4.));
#3895 = ( GEOMETRIC_REPRESENTATION_CONTEXT(2) 
PARAMETRIC_REPRESENTATION_CONTEXT() REPRESENTATION_CONTEXT('2D SPACE',''
  ) );
#3896 = ORIENTED_EDGE('',*,*,#3897,.T.);
#3897 = EDGE_CURVE('',#3872,#3898,#3900,.T.);
#3898 = VERTEX_POINT('',#3899);
#3899 = CARTESIAN_POINT('',(-162.,82.,13.));
#3900 = SURFACE_CURVE('',#3901,(#3905,#3911),.PCURVE_S1.);
#3901 = LINE('',#3902,#3903);
#3902 = CARTESIAN_POINT('',(-179.5,82.,13.));
#3903 = VECTOR('',#3904,1.);
#3904 = DIRECTION('',(-1.,0.,0.));
#3905 = PCURVE('',#126,#3906);
#3906 = DEFINITIONAL_REPRESENTATION('',(#3907),#3910);
#3907 = B_SPLINE_CURVE_WITH_KNOTS('',1,(#3908,#3909),.UNSPECIFIED.,.F.,
  .F.,(2,2),(-33.5,-17.5),.PIECEWISE_BEZIER_KNOTS.);
#3908 = CARTESIAN_POINT('',(51.,215.));
#3909 = CARTESIAN_POINT('',(35.,215.));
#3910 = ( GEOMETRIC_REPRESENTATION_CONTEXT(2) 
PARAMETRIC_REPRESENTATION_CONTEXT() REPRESENTATION_CONTEXT('2D SPACE',''
  ) );
#3911 = PCURVE('',#3912,#3917);
#3912 = PLANE('',#3913);
#3913 = AXIS2_PLACEMENT_3D('',#3914,#3915,#3916);
#3914 = CARTESIAN_POINT('',(-162.,82.,9.));
#3915 = DIRECTION('',(0.,1.,0.));
#3916 = DIRECTION('',(1.,0.,0.));
#3917 = DEFINITIONAL_REPRESENTATION('',(#3918),#3921);
#3918 = B_SPLINE_CURVE_WITH_KNOTS('',1,(#3919,#3920),.UNSPECIFIED.,.F.,
  .F.,(2,2),(-33.5,-17.5),.PIECEWISE_BEZIER_KNOTS.);
#3919 = CARTESIAN_POINT('',(16.,-4.));
#3920 = CARTESIAN_POINT('',(0.,-4.));
#3921 = ( GEOMETRIC_REPRESENTATION_CONTEXT(2) 
PARAMETRIC_REPRESENTATION_CONTEXT() REPRESENTATION_CONTEXT('2D SPACE',''
  ) );
#3922 = ORIENTED_EDGE('',*,*,#3923,.T.);
#3923 = EDGE_CURVE('',#3898,#3924,#3926,.T.);
#3924 = VERTEX_POINT('',#3925);
#3925 = CARTESIAN_POINT('',(-162.,98.,13.));
#3926 = SURFACE_CURVE('',#3927,(#3931,#3937),.PCURVE_S1.);
#3927 = LINE('',#3928,#3929);
#3928 = CARTESIAN_POINT('',(-162.,-17.5,13.));
#3929 = VECTOR('',#3930,1.);
#3930 = DIRECTION('',(0.,1.,0.));
#3931 = PCURVE('',#126,#3932);
#3932 = DEFINITIONAL_REPRESENTATION('',(#3933),#3936);
#3933 = B_SPLINE_CURVE_WITH_KNOTS('',1,(#3934,#3935),.UNSPECIFIED.,.F.,
  .F.,(2,2),(99.5,115.5),.PIECEWISE_BEZIER_KNOTS.);
#3934 = CARTESIAN_POINT('',(35.,215.));
#3935 = CARTESIAN_POINT('',(35.,231.));
#3936 = ( GEOMETRIC_REPRESENTATION_CONTEXT(2) 
PARAMETRIC_REPRESENTATION_CONTEXT() REPRESENTATION_CONTEXT('2D SPACE',''
  ) );
#3937 = PCURVE('',#3938,#3943);
#3938 = PLANE('',#3939);
#3939 = AXIS2_PLACEMENT_3D('',#3940,#3941,#3942);
#3940 = CARTESIAN_POINT('',(-162.,98.,9.));
#3941 = DIRECTION('',(1.,0.,0.));
#3942 = DIRECTION('',(0.,-1.,0.));
#3943 = DEFINITIONAL_REPRESENTATION('',(#3944),#3947);
#3944 = B_SPLINE_CURVE_WITH_KNOTS('',1,(#3945,#3946),.UNSPECIFIED.,.F.,
  .F.,(2,2),(99.5,115.5),.PIECEWISE_BEZIER_KNOTS.);
#3945 = CARTESIAN_POINT('',(16.,-4.));
#3946 = CARTESIAN_POINT('',(0.,-4.));
#3947 = ( GEOMETRIC_REPRESENTATION_CONTEXT(2) 
PARAMETRIC_REPRESENTATION_CONTEXT() REPRESENTATION_CONTEXT('2D SPACE',''
  ) );
#3948 = ORIENTED_EDGE('',*,*,#3949,.T.);
#3949 = EDGE_CURVE('',#3924,#3870,#3950,.T.);
#3950 = SURFACE_CURVE('',#3951,(#3955,#3961),.PCURVE_S1.);
#3951 = LINE('',#3952,#3953);
#3952 = CARTESIAN_POINT('',(-171.5,98.,13.));
#3953 = VECTOR('',#3954,1.);
#3954 = DIRECTION('',(1.,0.,0.));
#3955 = PCURVE('',#126,#3956);
#3956 = DEFINITIONAL_REPRESENTATION('',(#3957),#3960);
#3957 = B_SPLINE_CURVE_WITH_KNOTS('',1,(#3958,#3959),.UNSPECIFIED.,.F.,
  .F.,(2,2),(9.5,25.5),.PIECEWISE_BEZIER_KNOTS.);
#3958 = CARTESIAN_POINT('',(35.,231.));
#3959 = CARTESIAN_POINT('',(51.,231.));
#3960 = ( GEOMETRIC_REPRESENTATION_CONTEXT(2) 
PARAMETRIC_REPRESENTATION_CONTEXT() REPRESENTATION_CONTEXT('2D SPACE',''
  ) );
#3961 = PCURVE('',#3962,#3967);
#3962 = PLANE('',#3963);
#3963 = AXIS2_PLACEMENT_3D('',#3964,#3965,#3966);
#3964 = CARTESIAN_POINT('',(-146.,98.,9.));
#3965 = DIRECTION('',(0.,-1.,0.));
#3966 = DIRECTION('',(-1.,0.,0.));
#3967 = DEFINITIONAL_REPRESENTATION('',(#3968),#3971);
#3968 = B_SPLINE_CURVE_WITH_KNOTS('',1,(#3969,#3970),.UNSPECIFIED.,.F.,
  .F.,(2,2),(9.5,25.5),.PIECEWISE_BEZIER_KNOTS.);
#3969 = CARTESIAN_POINT('',(16.,-4.));
#3970 = CARTESIAN_POINT('',(0.,-4.));
#3971 = ( GEOMETRIC_REPRESENTATION_CONTEXT(2) 
PARAMETRIC_REPRESENTATION_CONTEXT() REPRESENTATION_CONTEXT('2D SPACE',''
  ) );
#3972 = FACE_BOUND('',#3973,.T.);
#3973 = EDGE_LOOP('',(#3974,#4002,#4028,#4054));
#3974 = ORIENTED_EDGE('',*,*,#3975,.T.);
#3975 = EDGE_CURVE('',#3976,#3978,#3980,.T.);
#3976 = VERTEX_POINT('',#3977);
#3977 = CARTESIAN_POINT('',(-116.,98.,13.));
#3978 = VERTEX_POINT('',#3979);
#3979 = CARTESIAN_POINT('',(-116.,82.,13.));
#3980 = SURFACE_CURVE('',#3981,(#3985,#3991),.PCURVE_S1.);
#3981 = LINE('',#3982,#3983);
#3982 = CARTESIAN_POINT('',(-116.,-25.5,13.));
#3983 = VECTOR('',#3984,1.);
#3984 = DIRECTION('',(0.,-1.,0.));
#3985 = PCURVE('',#126,#3986);
#3986 = DEFINITIONAL_REPRESENTATION('',(#3987),#3990);
#3987 = B_SPLINE_CURVE_WITH_KNOTS('',1,(#3988,#3989),.UNSPECIFIED.,.F.,
  .F.,(2,2),(-123.5,-107.5),.PIECEWISE_BEZIER_KNOTS.);
#3988 = CARTESIAN_POINT('',(81.,231.));
#3989 = CARTESIAN_POINT('',(81.,215.));
#3990 = ( GEOMETRIC_REPRESENTATION_CONTEXT(2) 
PARAMETRIC_REPRESENTATION_CONTEXT() REPRESENTATION_CONTEXT('2D SPACE',''
  ) );
#3991 = PCURVE('',#3992,#3997);
#3992 = PLANE('',#3993);
#3993 = AXIS2_PLACEMENT_3D('',#3994,#3995,#3996);
#3994 = CARTESIAN_POINT('',(-116.,82.,9.));
#3995 = DIRECTION('',(-1.,0.,0.));
#3996 = DIRECTION('',(0.,1.,0.));
#3997 = DEFINITIONAL_REPRESENTATION('',(#3998),#4001);
#3998 = B_SPLINE_CURVE_WITH_KNOTS('',1,(#3999,#4000),.UNSPECIFIED.,.F.,
  .F.,(2,2),(-123.5,-107.5),.PIECEWISE_BEZIER_KNOTS.);
#3999 = CARTESIAN_POINT('',(16.,-4.));
#4000 = CARTESIAN_POINT('',(0.,-4.));
#4001 = ( GEOMETRIC_REPRESENTATION_CONTEXT(2) 
PARAMETRIC_REPRESENTATION_CONTEXT() REPRESENTATION_CONTEXT('2D SPACE',''
  ) );
#4002 = ORIENTED_EDGE('',*,*,#4003,.T.);
#4003 = EDGE_CURVE('',#3978,#4004,#4006,.T.);
#4004 = VERTEX_POINT('',#4005);
#4005 = CARTESIAN_POINT('',(-132.,82.,13.));
#4006 = SURFACE_CURVE('',#4007,(#4011,#4017),.PCURVE_S1.);
#4007 = LINE('',#4008,#4009);
#4008 = CARTESIAN_POINT('',(-164.5,82.,13.));
#4009 = VECTOR('',#4010,1.);
#4010 = DIRECTION('',(-1.,0.,0.));
#4011 = PCURVE('',#126,#4012);
#4012 = DEFINITIONAL_REPRESENTATION('',(#4013),#4016);
#4013 = B_SPLINE_CURVE_WITH_KNOTS('',1,(#4014,#4015),.UNSPECIFIED.,.F.,
  .F.,(2,2),(-48.5,-32.5),.PIECEWISE_BEZIER_KNOTS.);
#4014 = CARTESIAN_POINT('',(81.,215.));
#4015 = CARTESIAN_POINT('',(65.,215.));
#4016 = ( GEOMETRIC_REPRESENTATION_CONTEXT(2) 
PARAMETRIC_REPRESENTATION_CONTEXT() REPRESENTATION_CONTEXT('2D SPACE',''
  ) );
#4017 = PCURVE('',#4018,#4023);
#4018 = PLANE('',#4019);
#4019 = AXIS2_PLACEMENT_3D('',#4020,#4021,#4022);
#4020 = CARTESIAN_POINT('',(-132.,82.,9.));
#4021 = DIRECTION('',(0.,1.,0.));
#4022 = DIRECTION('',(1.,0.,0.));
#4023 = DEFINITIONAL_REPRESENTATION('',(#4024),#4027);
#4024 = B_SPLINE_CURVE_WITH_KNOTS('',1,(#4025,#4026),.UNSPECIFIED.,.F.,
  .F.,(2,2),(-48.5,-32.5),.PIECEWISE_BEZIER_KNOTS.);
#4025 = CARTESIAN_POINT('',(16.,-4.));
#4026 = CARTESIAN_POINT('',(0.,-4.));
#4027 = ( GEOMETRIC_REPRESENTATION_CONTEXT(2) 
PARAMETRIC_REPRESENTATION_CONTEXT() REPRESENTATION_CONTEXT('2D SPACE',''
  ) );
#4028 = ORIENTED_EDGE('',*,*,#4029,.T.);
#4029 = EDGE_CURVE('',#4004,#4030,#4032,.T.);
#4030 = VERTEX_POINT('',#4031);
#4031 = CARTESIAN_POINT('',(-132.,98.,13.));
#4032 = SURFACE_CURVE('',#4033,(#4037,#4043),.PCURVE_S1.);
#4033 = LINE('',#4034,#4035);
#4034 = CARTESIAN_POINT('',(-132.,-17.5,13.));
#4035 = VECTOR('',#4036,1.);
#4036 = DIRECTION('',(0.,1.,0.));
#4037 = PCURVE('',#126,#4038);
#4038 = DEFINITIONAL_REPRESENTATION('',(#4039),#4042);
#4039 = B_SPLINE_CURVE_WITH_KNOTS('',1,(#4040,#4041),.UNSPECIFIED.,.F.,
  .F.,(2,2),(99.5,115.5),.PIECEWISE_BEZIER_KNOTS.);
#4040 = CARTESIAN_POINT('',(65.,215.));
#4041 = CARTESIAN_POINT('',(65.,231.));
#4042 = ( GEOMETRIC_REPRESENTATION_CONTEXT(2) 
PARAMETRIC_REPRESENTATION_CONTEXT() REPRESENTATION_CONTEXT('2D SPACE',''
  ) );
#4043 = PCURVE('',#4044,#4049);
#4044 = PLANE('',#4045);
#4045 = AXIS2_PLACEMENT_3D('',#4046,#4047,#4048);
#4046 = CARTESIAN_POINT('',(-132.,98.,9.));
#4047 = DIRECTION('',(1.,0.,0.));
#4048 = DIRECTION('',(0.,-1.,0.));
#4049 = DEFINITIONAL_REPRESENTATION('',(#4050),#4053);
#4050 = B_SPLINE_CURVE_WITH_KNOTS('',1,(#4051,#4052),.UNSPECIFIED.,.F.,
  .F.,(2,2),(99.5,115.5),.PIECEWISE_BEZIER_KNOTS.);
#4051 = CARTESIAN_POINT('',(16.,-4.));
#4052 = CARTESIAN_POINT('',(0.,-4.));
#4053 = ( GEOMETRIC_REPRESENTATION_CONTEXT(2) 
PARAMETRIC_REPRESENTATION_CONTEXT() REPRESENTATION_CONTEXT('2D SPACE',''
  ) );
#4054 = ORIENTED_EDGE('',*,*,#4055,.T.);
#4055 = EDGE_CURVE('',#4030,#3976,#4056,.T.);
#4056 = SURFACE_CURVE('',#4057,(#4061,#4067),.PCURVE_S1.);
#4057 = LINE('',#4058,#4059);
#4058 = CARTESIAN_POINT('',(-156.5,98.,13.));
#4059 = VECTOR('',#4060,1.);
#4060 = DIRECTION('',(1.,0.,0.));
#4061 = PCURVE('',#126,#4062);
#4062 = DEFINITIONAL_REPRESENTATION('',(#4063),#4066);
#4063 = B_SPLINE_CURVE_WITH_KNOTS('',1,(#4064,#4065),.UNSPECIFIED.,.F.,
  .F.,(2,2),(24.5,40.5),.PIECEWISE_BEZIER_KNOTS.);
#4064 = CARTESIAN_POINT('',(65.,231.));
#4065 = CARTESIAN_POINT('',(81.,231.));
#4066 = ( GEOMETRIC_REPRESENTATION_CONTEXT(2) 
PARAMETRIC_REPRESENTATION_CONTEXT() REPRESENTATION_CONTEXT('2D SPACE',''
  ) );
#4067 = PCURVE('',#4068,#4073);
#4068 = PLANE('',#4069);
#4069 = AXIS2_PLACEMENT_3D('',#4070,#4071,#4072);
#4070 = CARTESIAN_POINT('',(-116.,98.,9.));
#4071 = DIRECTION('',(0.,-1.,0.));
#4072 = DIRECTION('',(-1.,0.,0.));
#4073 = DEFINITIONAL_REPRESENTATION('',(#4074),#4077);
#4074 = B_SPLINE_CURVE_WITH_KNOTS('',1,(#4075,#4076),.UNSPECIFIED.,.F.,
  .F.,(2,2),(24.5,40.5),.PIECEWISE_BEZIER_KNOTS.);
#4075 = CARTESIAN_POINT('',(16.,-4.));
#4076 = CARTESIAN_POINT('',(0.,-4.));
#4077 = ( GEOMETRIC_REPRESENTATION_CONTEXT(2) 
PARAMETRIC_REPRESENTATION_CONTEXT() REPRESENTATION_CONTEXT('2D SPACE',''
  ) );
#4078 = FACE_BOUND('',#4079,.T.);
#4079 = EDGE_LOOP('',(#4080,#4108,#4134,#4160));
#4080 = ORIENTED_EDGE('',*,*,#4081,.T.);
#4081 = EDGE_CURVE('',#4082,#4084,#4086,.T.);
#4082 = VERTEX_POINT('',#4083);
#4083 = CARTESIAN_POINT('',(-86.,68.,13.));
#4084 = VERTEX_POINT('',#4085);
#4085 = CARTESIAN_POINT('',(-86.,52.,13.));
#4086 = SURFACE_CURVE('',#4087,(#4091,#4097),.PCURVE_S1.);
#4087 = LINE('',#4088,#4089);
#4088 = CARTESIAN_POINT('',(-86.,-40.5,13.));
#4089 = VECTOR('',#4090,1.);
#4090 = DIRECTION('',(0.,-1.,0.));
#4091 = PCURVE('',#126,#4092);
#4092 = DEFINITIONAL_REPRESENTATION('',(#4093),#4096);
#4093 = B_SPLINE_CURVE_WITH_KNOTS('',1,(#4094,#4095),.UNSPECIFIED.,.F.,
  .F.,(2,2),(-108.5,-92.5),.PIECEWISE_BEZIER_KNOTS.);
#4094 = CARTESIAN_POINT('',(111.,201.));
#4095 = CARTESIAN_POINT('',(111.,185.));
#4096 = ( GEOMETRIC_REPRESENTATION_CONTEXT(2) 
PARAMETRIC_REPRESENTATION_CONTEXT() REPRESENTATION_CONTEXT('2D SPACE',''
  ) );
#4097 = PCURVE('',#4098,#4103);
#4098 = PLANE('',#4099);
#4099 = AXIS2_PLACEMENT_3D('',#4100,#4101,#4102);
#4100 = CARTESIAN_POINT('',(-86.,52.,9.));
#4101 = DIRECTION('',(-1.,0.,0.));
#4102 = DIRECTION('',(0.,1.,0.));
#4103 = DEFINITIONAL_REPRESENTATION('',(#4104),#4107);
#4104 = B_SPLINE_CURVE_WITH_KNOTS('',1,(#4105,#4106),.UNSPECIFIED.,.F.,
  .F.,(2,2),(-108.5,-92.5),.PIECEWISE_BEZIER_KNOTS.);
#4105 = CARTESIAN_POINT('',(16.,-4.));
#4106 = CARTESIAN_POINT('',(0.,-4.));
#4107 = ( GEOMETRIC_REPRESENTATION_CONTEXT(2) 
PARAMETRIC_REPRESENTATION_CONTEXT() REPRESENTATION_CONTEXT('2D SPACE',''
  ) );
#4108 = ORIENTED_EDGE('',*,*,#4109,.T.);
#4109 = EDGE_CURVE('',#4084,#4110,#4112,.T.);
#4110 = VERTEX_POINT('',#4111);
#4111 = CARTESIAN_POINT('',(-102.,52.,13.));
#4112 = SURFACE_CURVE('',#4113,(#4117,#4123),.PCURVE_S1.);
#4113 = LINE('',#4114,#4115);
#4114 = CARTESIAN_POINT('',(-149.5,52.,13.));
#4115 = VECTOR('',#4116,1.);
#4116 = DIRECTION('',(-1.,0.,0.));
#4117 = PCURVE('',#126,#4118);
#4118 = DEFINITIONAL_REPRESENTATION('',(#4119),#4122);
#4119 = B_SPLINE_CURVE_WITH_KNOTS('',1,(#4120,#4121),.UNSPECIFIED.,.F.,
  .F.,(2,2),(-63.5,-47.5),.PIECEWISE_BEZIER_KNOTS.);
#4120 = CARTESIAN_POINT('',(111.,185.));
#4121 = CARTESIAN_POINT('',(95.,185.));
#4122 = ( GEOMETRIC_REPRESENTATION_CONTEXT(2) 
PARAMETRIC_REPRESENTATION_CONTEXT() REPRESENTATION_CONTEXT('2D SPACE',''
  ) );
#4123 = PCURVE('',#4124,#4129);
#4124 = PLANE('',#4125);
#4125 = AXIS2_PLACEMENT_3D('',#4126,#4127,#4128);
#4126 = CARTESIAN_POINT('',(-102.,52.,9.));
#4127 = DIRECTION('',(0.,1.,0.));
#4128 = DIRECTION('',(1.,0.,0.));
#4129 = DEFINITIONAL_REPRESENTATION('',(#4130),#4133);
#4130 = B_SPLINE_CURVE_WITH_KNOTS('',1,(#4131,#4132),.UNSPECIFIED.,.F.,
  .F.,(2,2),(-63.5,-47.5),.PIECEWISE_BEZIER_KNOTS.);
#4131 = CARTESIAN_POINT('',(16.,-4.));
#4132 = CARTESIAN_POINT('',(0.,-4.));
#4133 = ( GEOMETRIC_REPRESENTATION_CONTEXT(2) 
PARAMETRIC_REPRESENTATION_CONTEXT() REPRESENTATION_CONTEXT('2D SPACE',''
  ) );
#4134 = ORIENTED_EDGE('',*,*,#4135,.T.);
#4135 = EDGE_CURVE('',#4110,#4136,#4138,.T.);
#4136 = VERTEX_POINT('',#4137);
#4137 = CARTESIAN_POINT('',(-102.,68.,13.));
#4138 = SURFACE_CURVE('',#4139,(#4143,#4149),.PCURVE_S1.);
#4139 = LINE('',#4140,#4141);
#4140 = CARTESIAN_POINT('',(-102.,-32.5,13.));
#4141 = VECTOR('',#4142,1.);
#4142 = DIRECTION('',(0.,1.,0.));
#4143 = PCURVE('',#126,#4144);
#4144 = DEFINITIONAL_REPRESENTATION('',(#4145),#4148);
#4145 = B_SPLINE_CURVE_WITH_KNOTS('',1,(#4146,#4147),.UNSPECIFIED.,.F.,
  .F.,(2,2),(84.5,100.5),.PIECEWISE_BEZIER_KNOTS.);
#4146 = CARTESIAN_POINT('',(95.,185.));
#4147 = CARTESIAN_POINT('',(95.,201.));
#4148 = ( GEOMETRIC_REPRESENTATION_CONTEXT(2) 
PARAMETRIC_REPRESENTATION_CONTEXT() REPRESENTATION_CONTEXT('2D SPACE',''
  ) );
#4149 = PCURVE('',#4150,#4155);
#4150 = PLANE('',#4151);
#4151 = AXIS2_PLACEMENT_3D('',#4152,#4153,#4154);
#4152 = CARTESIAN_POINT('',(-102.,68.,9.));
#4153 = DIRECTION('',(1.,0.,0.));
#4154 = DIRECTION('',(0.,-1.,0.));
#4155 = DEFINITIONAL_REPRESENTATION('',(#4156),#4159);
#4156 = B_SPLINE_CURVE_WITH_KNOTS('',1,(#4157,#4158),.UNSPECIFIED.,.F.,
  .F.,(2,2),(84.5,100.5),.PIECEWISE_BEZIER_KNOTS.);
#4157 = CARTESIAN_POINT('',(16.,-4.));
#4158 = CARTESIAN_POINT('',(0.,-4.));
#4159 = ( GEOMETRIC_REPRESENTATION_CONTEXT(2) 
PARAMETRIC_REPRESENTATION_CONTEXT() REPRESENTATION_CONTEXT('2D SPACE',''
  ) );
#4160 = ORIENTED_EDGE('',*,*,#4161,.T.);
#4161 = EDGE_CURVE('',#4136,#4082,#4162,.T.);
#4162 = SURFACE_CURVE('',#4163,(#4167,#4173),.PCURVE_S1.);
#4163 = LINE('',#4164,#4165);
#4164 = CARTESIAN_POINT('',(-141.5,68.,13.));
#4165 = VECTOR('',#4166,1.);
#4166 = DIRECTION('',(1.,0.,0.));
#4167 = PCURVE('',#126,#4168);
#4168 = DEFINITIONAL_REPRESENTATION('',(#4169),#4172);
#4169 = B_SPLINE_CURVE_WITH_KNOTS('',1,(#4170,#4171),.UNSPECIFIED.,.F.,
  .F.,(2,2),(39.5,55.5),.PIECEWISE_BEZIER_KNOTS.);
#4170 = CARTESIAN_POINT('',(95.,201.));
#4171 = CARTESIAN_POINT('',(111.,201.));
#4172 = ( GEOMETRIC_REPRESENTATION_CONTEXT(2) 
PARAMETRIC_REPRESENTATION_CONTEXT() REPRESENTATION_CONTEXT('2D SPACE',''
  ) );
#4173 = PCURVE('',#4174,#4179);
#4174 = PLANE('',#4175);
#4175 = AXIS2_PLACEMENT_3D('',#4176,#4177,#4178);
#4176 = CARTESIAN_POINT('',(-86.,68.,9.));
#4177 = DIRECTION('',(0.,-1.,0.));
#4178 = DIRECTION('',(-1.,0.,0.));
#4179 = DEFINITIONAL_REPRESENTATION('',(#4180),#4183);
#4180 = B_SPLINE_CURVE_WITH_KNOTS('',1,(#4181,#4182),.UNSPECIFIED.,.F.,
  .F.,(2,2),(39.5,55.5),.PIECEWISE_BEZIER_KNOTS.);
#4181 = CARTESIAN_POINT('',(16.,-4.));
#4182 = CARTESIAN_POINT('',(0.,-4.));
#4183 = ( GEOMETRIC_REPRESENTATION_CONTEXT(2) 
PARAMETRIC_REPRESENTATION_CONTEXT() REPRESENTATION_CONTEXT('2D SPACE',''
  ) );
#4184 = FACE_BOUND('',#4185,.T.);
#4185 = EDGE_LOOP('',(#4186,#4214,#4240,#4266));
#4186 = ORIENTED_EDGE('',*,*,#4187,.T.);
#4187 = EDGE_CURVE('',#4188,#4190,#4192,.T.);
#4188 = VERTEX_POINT('',#4189);
#4189 = CARTESIAN_POINT('',(-56.,68.,13.));
#4190 = VERTEX_POINT('',#4191);
#4191 = CARTESIAN_POINT('',(-56.,52.,13.));
#4192 = SURFACE_CURVE('',#4193,(#4197,#4203),.PCURVE_S1.);
#4193 = LINE('',#4194,#4195);
#4194 = CARTESIAN_POINT('',(-56.,-40.5,13.));
#4195 = VECTOR('',#4196,1.);
#4196 = DIRECTION('',(0.,-1.,0.));
#4197 = PCURVE('',#126,#4198);
#4198 = DEFINITIONAL_REPRESENTATION('',(#4199),#4202);
#4199 = B_SPLINE_CURVE_WITH_KNOTS('',1,(#4200,#4201),.UNSPECIFIED.,.F.,
  .F.,(2,2),(-108.5,-92.5),.PIECEWISE_BEZIER_KNOTS.);
#4200 = CARTESIAN_POINT('',(141.,201.));
#4201 = CARTESIAN_POINT('',(141.,185.));
#4202 = ( GEOMETRIC_REPRESENTATION_CONTEXT(2) 
PARAMETRIC_REPRESENTATION_CONTEXT() REPRESENTATION_CONTEXT('2D SPACE',''
  ) );
#4203 = PCURVE('',#4204,#4209);
#4204 = PLANE('',#4205);
#4205 = AXIS2_PLACEMENT_3D('',#4206,#4207,#4208);
#4206 = CARTESIAN_POINT('',(-56.,52.,9.));
#4207 = DIRECTION('',(-1.,0.,0.));
#4208 = DIRECTION('',(0.,1.,0.));
#4209 = DEFINITIONAL_REPRESENTATION('',(#4210),#4213);
#4210 = B_SPLINE_CURVE_WITH_KNOTS('',1,(#4211,#4212),.UNSPECIFIED.,.F.,
  .F.,(2,2),(-108.5,-92.5),.PIECEWISE_BEZIER_KNOTS.);
#4211 = CARTESIAN_POINT('',(16.,-4.));
#4212 = CARTESIAN_POINT('',(0.,-4.));
#4213 = ( GEOMETRIC_REPRESENTATION_CONTEXT(2) 
PARAMETRIC_REPRESENTATION_CONTEXT() REPRESENTATION_CONTEXT('2D SPACE',''
  ) );
#4214 = ORIENTED_EDGE('',*,*,#4215,.T.);
#4215 = EDGE_CURVE('',#4190,#4216,#4218,.T.);
#4216 = VERTEX_POINT('',#4217);
#4217 = CARTESIAN_POINT('',(-72.,52.,13.));
#4218 = SURFACE_CURVE('',#4219,(#4223,#4229),.PCURVE_S1.);
#4219 = LINE('',#4220,#4221);
#4220 = CARTESIAN_POINT('',(-134.5,52.,13.));
#4221 = VECTOR('',#4222,1.);
#4222 = DIRECTION('',(-1.,0.,0.));
#4223 = PCURVE('',#126,#4224);
#4224 = DEFINITIONAL_REPRESENTATION('',(#4225),#4228);
#4225 = B_SPLINE_CURVE_WITH_KNOTS('',1,(#4226,#4227),.UNSPECIFIED.,.F.,
  .F.,(2,2),(-78.5,-62.5),.PIECEWISE_BEZIER_KNOTS.);
#4226 = CARTESIAN_POINT('',(141.,185.));
#4227 = CARTESIAN_POINT('',(125.,185.));
#4228 = ( GEOMETRIC_REPRESENTATION_CONTEXT(2) 
PARAMETRIC_REPRESENTATION_CONTEXT() REPRESENTATION_CONTEXT('2D SPACE',''
  ) );
#4229 = PCURVE('',#4230,#4235);
#4230 = PLANE('',#4231);
#4231 = AXIS2_PLACEMENT_3D('',#4232,#4233,#4234);
#4232 = CARTESIAN_POINT('',(-72.,52.,9.));
#4233 = DIRECTION('',(0.,1.,0.));
#4234 = DIRECTION('',(1.,0.,0.));
#4235 = DEFINITIONAL_REPRESENTATION('',(#4236),#4239);
#4236 = B_SPLINE_CURVE_WITH_KNOTS('',1,(#4237,#4238),.UNSPECIFIED.,.F.,
  .F.,(2,2),(-78.5,-62.5),.PIECEWISE_BEZIER_KNOTS.);
#4237 = CARTESIAN_POINT('',(16.,-4.));
#4238 = CARTESIAN_POINT('',(0.,-4.));
#4239 = ( GEOMETRIC_REPRESENTATION_CONTEXT(2) 
PARAMETRIC_REPRESENTATION_CONTEXT() REPRESENTATION_CONTEXT('2D SPACE',''
  ) );
#4240 = ORIENTED_EDGE('',*,*,#4241,.T.);
#4241 = EDGE_CURVE('',#4216,#4242,#4244,.T.);
#4242 = VERTEX_POINT('',#4243);
#4243 = CARTESIAN_POINT('',(-72.,68.,13.));
#4244 = SURFACE_CURVE('',#4245,(#4249,#4255),.PCURVE_S1.);
#4245 = LINE('',#4246,#4247);
#4246 = CARTESIAN_POINT('',(-72.,-32.5,13.));
#4247 = VECTOR('',#4248,1.);
#4248 = DIRECTION('',(0.,1.,0.));
#4249 = PCURVE('',#126,#4250);
#4250 = DEFINITIONAL_REPRESENTATION('',(#4251),#4254);
#4251 = B_SPLINE_CURVE_WITH_KNOTS('',1,(#4252,#4253),.UNSPECIFIED.,.F.,
  .F.,(2,2),(84.5,100.5),.PIECEWISE_BEZIER_KNOTS.);
#4252 = CARTESIAN_POINT('',(125.,185.));
#4253 = CARTESIAN_POINT('',(125.,201.));
#4254 = ( GEOMETRIC_REPRESENTATION_CONTEXT(2) 
PARAMETRIC_REPRESENTATION_CONTEXT() REPRESENTATION_CONTEXT('2D SPACE',''
  ) );
#4255 = PCURVE('',#4256,#4261);
#4256 = PLANE('',#4257);
#4257 = AXIS2_PLACEMENT_3D('',#4258,#4259,#4260);
#4258 = CARTESIAN_POINT('',(-72.,68.,9.));
#4259 = DIRECTION('',(1.,0.,0.));
#4260 = DIRECTION('',(0.,-1.,0.));
#4261 = DEFINITIONAL_REPRESENTATION('',(#4262),#4265);
#4262 = B_SPLINE_CURVE_WITH_KNOTS('',1,(#4263,#4264),.UNSPECIFIED.,.F.,
  .F.,(2,2),(84.5,100.5),.PIECEWISE_BEZIER_KNOTS.);
#4263 = CARTESIAN_POINT('',(16.,-4.));
#4264 = CARTESIAN_POINT('',(0.,-4.));
#4265 = ( GEOMETRIC_REPRESENTATION_CONTEXT(2) 
PARAMETRIC_REPRESENTATION_CONTEXT() REPRESENTATION_CONTEXT('2D SPACE',''
  ) );
#4266 = ORIENTED_EDGE('',*,*,#4267,.T.);
#4267 = EDGE_CURVE('',#4242,#4188,#4268,.T.);
#4268 = SURFACE_CURVE('',#4269,(#4273,#4279),.PCURVE_S1.);
#4269 = LINE('',#4270,#4271);
#4270 = CARTESIAN_POINT('',(-126.5,68.,13.));
#4271 = VECTOR('',#4272,1.);
#4272 = DIRECTION('',(1.,0.,0.));
#4273 = PCURVE('',#126,#4274);
#4274 = DEFINITIONAL_REPRESENTATION('',(#4275),#4278);
#4275 = B_SPLINE_CURVE_WITH_KNOTS('',1,(#4276,#4277),.UNSPECIFIED.,.F.,
  .F.,(2,2),(54.5,70.5),.PIECEWISE_BEZIER_KNOTS.);
#4276 = CARTESIAN_POINT('',(125.,201.));
#4277 = CARTESIAN_POINT('',(141.,201.));
#4278 = ( GEOMETRIC_REPRESENTATION_CONTEXT(2) 
PARAMETRIC_REPRESENTATION_CONTEXT() REPRESENTATION_CONTEXT('2D SPACE',''
  ) );
#4279 = PCURVE('',#4280,#4285);
#4280 = PLANE('',#4281);
#4281 = AXIS2_PLACEMENT_3D('',#4282,#4283,#4284);
#4282 = CARTESIAN_POINT('',(-56.,68.,9.));
#4283 = DIRECTION('',(0.,-1.,0.));
#4284 = DIRECTION('',(-1.,0.,0.));
#4285 = DEFINITIONAL_REPRESENTATION('',(#4286),#4289);
#4286 = B_SPLINE_CURVE_WITH_KNOTS('',1,(#4287,#4288),.UNSPECIFIED.,.F.,
  .F.,(2,2),(54.5,70.5),.PIECEWISE_BEZIER_KNOTS.);
#4287 = CARTESIAN_POINT('',(16.,-4.));
#4288 = CARTESIAN_POINT('',(0.,-4.));
#4289 = ( GEOMETRIC_REPRESENTATION_CONTEXT(2) 
PARAMETRIC_REPRESENTATION_CONTEXT() REPRESENTATION_CONTEXT('2D SPACE',''
  ) );
#4290 = FACE_BOUND('',#4291,.T.);
#4291 = EDGE_LOOP('',(#4292,#4320,#4346,#4372));
#4292 = ORIENTED_EDGE('',*,*,#4293,.T.);
#4293 = EDGE_CURVE('',#4294,#4296,#4298,.T.);
#4294 = VERTEX_POINT('',#4295);
#4295 = CARTESIAN_POINT('',(-86.,98.,13.));
#4296 = VERTEX_POINT('',#4297);
#4297 = CARTESIAN_POINT('',(-86.,82.,13.));
#4298 = SURFACE_CURVE('',#4299,(#4303,#4309),.PCURVE_S1.);
#4299 = LINE('',#4300,#4301);
#4300 = CARTESIAN_POINT('',(-86.,-25.5,13.));
#4301 = VECTOR('',#4302,1.);
#4302 = DIRECTION('',(0.,-1.,0.));
#4303 = PCURVE('',#126,#4304);
#4304 = DEFINITIONAL_REPRESENTATION('',(#4305),#4308);
#4305 = B_SPLINE_CURVE_WITH_KNOTS('',1,(#4306,#4307),.UNSPECIFIED.,.F.,
  .F.,(2,2),(-123.5,-107.5),.PIECEWISE_BEZIER_KNOTS.);
#4306 = CARTESIAN_POINT('',(111.,231.));
#4307 = CARTESIAN_POINT('',(111.,215.));
#4308 = ( GEOMETRIC_REPRESENTATION_CONTEXT(2) 
PARAMETRIC_REPRESENTATION_CONTEXT() REPRESENTATION_CONTEXT('2D SPACE',''
  ) );
#4309 = PCURVE('',#4310,#4315);
#4310 = PLANE('',#4311);
#4311 = AXIS2_PLACEMENT_3D('',#4312,#4313,#4314);
#4312 = CARTESIAN_POINT('',(-86.,82.,9.));
#4313 = DIRECTION('',(-1.,0.,0.));
#4314 = DIRECTION('',(0.,1.,0.));
#4315 = DEFINITIONAL_REPRESENTATION('',(#4316),#4319);
#4316 = B_SPLINE_CURVE_WITH_KNOTS('',1,(#4317,#4318),.UNSPECIFIED.,.F.,
  .F.,(2,2),(-123.5,-107.5),.PIECEWISE_BEZIER_KNOTS.);
#4317 = CARTESIAN_POINT('',(16.,-4.));
#4318 = CARTESIAN_POINT('',(0.,-4.));
#4319 = ( GEOMETRIC_REPRESENTATION_CONTEXT(2) 
PARAMETRIC_REPRESENTATION_CONTEXT() REPRESENTATION_CONTEXT('2D SPACE',''
  ) );
#4320 = ORIENTED_EDGE('',*,*,#4321,.T.);
#4321 = EDGE_CURVE('',#4296,#4322,#4324,.T.);
#4322 = VERTEX_POINT('',#4323);
#4323 = CARTESIAN_POINT('',(-102.,82.,13.));
#4324 = SURFACE_CURVE('',#4325,(#4329,#4335),.PCURVE_S1.);
#4325 = LINE('',#4326,#4327);
#4326 = CARTESIAN_POINT('',(-149.5,82.,13.));
#4327 = VECTOR('',#4328,1.);
#4328 = DIRECTION('',(-1.,0.,0.));
#4329 = PCURVE('',#126,#4330);
#4330 = DEFINITIONAL_REPRESENTATION('',(#4331),#4334);
#4331 = B_SPLINE_CURVE_WITH_KNOTS('',1,(#4332,#4333),.UNSPECIFIED.,.F.,
  .F.,(2,2),(-63.5,-47.5),.PIECEWISE_BEZIER_KNOTS.);
#4332 = CARTESIAN_POINT('',(111.,215.));
#4333 = CARTESIAN_POINT('',(95.,215.));
#4334 = ( GEOMETRIC_REPRESENTATION_CONTEXT(2) 
PARAMETRIC_REPRESENTATION_CONTEXT() REPRESENTATION_CONTEXT('2D SPACE',''
  ) );
#4335 = PCURVE('',#4336,#4341);
#4336 = PLANE('',#4337);
#4337 = AXIS2_PLACEMENT_3D('',#4338,#4339,#4340);
#4338 = CARTESIAN_POINT('',(-102.,82.,9.));
#4339 = DIRECTION('',(0.,1.,0.));
#4340 = DIRECTION('',(1.,0.,0.));
#4341 = DEFINITIONAL_REPRESENTATION('',(#4342),#4345);
#4342 = B_SPLINE_CURVE_WITH_KNOTS('',1,(#4343,#4344),.UNSPECIFIED.,.F.,
  .F.,(2,2),(-63.5,-47.5),.PIECEWISE_BEZIER_KNOTS.);
#4343 = CARTESIAN_POINT('',(16.,-4.));
#4344 = CARTESIAN_POINT('',(0.,-4.));
#4345 = ( GEOMETRIC_REPRESENTATION_CONTEXT(2) 
PARAMETRIC_REPRESENTATION_CONTEXT() REPRESENTATION_CONTEXT('2D SPACE',''
  ) );
#4346 = ORIENTED_EDGE('',*,*,#4347,.T.);
#4347 = EDGE_CURVE('',#4322,#4348,#4350,.T.);
#4348 = VERTEX_POINT('',#4349);
#4349 = CARTESIAN_POINT('',(-102.,98.,13.));
#4350 = SURFACE_CURVE('',#4351,(#4355,#4361),.PCURVE_S1.);
#4351 = LINE('',#4352,#4353);
#4352 = CARTESIAN_POINT('',(-102.,-17.5,13.));
#4353 = VECTOR('',#4354,1.);
#4354 = DIRECTION('',(0.,1.,0.));
#4355 = PCURVE('',#126,#4356);
#4356 = DEFINITIONAL_REPRESENTATION('',(#4357),#4360);
#4357 = B_SPLINE_CURVE_WITH_KNOTS('',1,(#4358,#4359),.UNSPECIFIED.,.F.,
  .F.,(2,2),(99.5,115.5),.PIECEWISE_BEZIER_KNOTS.);
#4358 = CARTESIAN_POINT('',(95.,215.));
#4359 = CARTESIAN_POINT('',(95.,231.));
#4360 = ( GEOMETRIC_REPRESENTATION_CONTEXT(2) 
PARAMETRIC_REPRESENTATION_CONTEXT() REPRESENTATION_CONTEXT('2D SPACE',''
  ) );
#4361 = PCURVE('',#4362,#4367);
#4362 = PLANE('',#4363);
#4363 = AXIS2_PLACEMENT_3D('',#4364,#4365,#4366);
#4364 = CARTESIAN_POINT('',(-102.,98.,9.));
#4365 = DIRECTION('',(1.,0.,0.));
#4366 = DIRECTION('',(0.,-1.,0.));
#4367 = DEFINITIONAL_REPRESENTATION('',(#4368),#4371);
#4368 = B_SPLINE_CURVE_WITH_KNOTS('',1,(#4369,#4370),.UNSPECIFIED.,.F.,
  .F.,(2,2),(99.5,115.5),.PIECEWISE_BEZIER_KNOTS.);
#4369 = CARTESIAN_POINT('',(16.,-4.));
#4370 = CARTESIAN_POINT('',(0.,-4.));
#4371 = ( GEOMETRIC_REPRESENTATION_CONTEXT(2) 
PARAMETRIC_REPRESENTATION_CONTEXT() REPRESENTATION_CONTEXT('2D SPACE',''
  ) );
#4372 = ORIENTED_EDGE('',*,*,#4373,.T.);
#4373 = EDGE_CURVE('',#4348,#4294,#4374,.T.);
#4374 = SURFACE_CURVE('',#4375,(#4379,#4385),.PCURVE_S1.);
#4375 = LINE('',#4376,#4377);
#4376 = CARTESIAN_POINT('',(-141.5,98.,13.));
#4377 = VECTOR('',#4378,1.);
#4378 = DIRECTION('',(1.,0.,0.));
#4379 = PCURVE('',#126,#4380);
#4380 = DEFINITIONAL_REPRESENTATION('',(#4381),#4384);
#4381 = B_SPLINE_CURVE_WITH_KNOTS('',1,(#4382,#4383),.UNSPECIFIED.,.F.,
  .F.,(2,2),(39.5,55.5),.PIECEWISE_BEZIER_KNOTS.);
#4382 = CARTESIAN_POINT('',(95.,231.));
#4383 = CARTESIAN_POINT('',(111.,231.));
#4384 = ( GEOMETRIC_REPRESENTATION_CONTEXT(2) 
PARAMETRIC_REPRESENTATION_CONTEXT() REPRESENTATION_CONTEXT('2D SPACE',''
  ) );
#4385 = PCURVE('',#4386,#4391);
#4386 = PLANE('',#4387);
#4387 = AXIS2_PLACEMENT_3D('',#4388,#4389,#4390);
#4388 = CARTESIAN_POINT('',(-86.,98.,9.));
#4389 = DIRECTION('',(0.,-1.,0.));
#4390 = DIRECTION('',(-1.,0.,0.));
#4391 = DEFINITIONAL_REPRESENTATION('',(#4392),#4395);
#4392 = B_SPLINE_CURVE_WITH_KNOTS('',1,(#4393,#4394),.UNSPECIFIED.,.F.,
  .F.,(2,2),(39.5,55.5),.PIECEWISE_BEZIER_KNOTS.);
#4393 = CARTESIAN_POINT('',(16.,-4.));
#4394 = CARTESIAN_POINT('',(0.,-4.));
#4395 = ( GEOMETRIC_REPRESENTATION_CONTEXT(2) 
PARAMETRIC_REPRESENTATION_CONTEXT() REPRESENTATION_CONTEXT('2D SPACE',''
  ) );
#4396 = FACE_BOUND('',#4397,.T.);
#4397 = EDGE_LOOP('',(#4398,#4426,#4452,#4478));
#4398 = ORIENTED_EDGE('',*,*,#4399,.T.);
#4399 = EDGE_CURVE('',#4400,#4402,#4404,.T.);
#4400 = VERTEX_POINT('',#4401);
#4401 = CARTESIAN_POINT('',(-56.,98.,13.));
#4402 = VERTEX_POINT('',#4403);
#4403 = CARTESIAN_POINT('',(-56.,82.,13.));
#4404 = SURFACE_CURVE('',#4405,(#4409,#4415),.PCURVE_S1.);
#4405 = LINE('',#4406,#4407);
#4406 = CARTESIAN_POINT('',(-56.,-25.5,13.));
#4407 = VECTOR('',#4408,1.);
#4408 = DIRECTION('',(0.,-1.,0.));
#4409 = PCURVE('',#126,#4410);
#4410 = DEFINITIONAL_REPRESENTATION('',(#4411),#4414);
#4411 = B_SPLINE_CURVE_WITH_KNOTS('',1,(#4412,#4413),.UNSPECIFIED.,.F.,
  .F.,(2,2),(-123.5,-107.5),.PIECEWISE_BEZIER_KNOTS.);
#4412 = CARTESIAN_POINT('',(141.,231.));
#4413 = CARTESIAN_POINT('',(141.,215.));
#4414 = ( GEOMETRIC_REPRESENTATION_CONTEXT(2) 
PARAMETRIC_REPRESENTATION_CONTEXT() REPRESENTATION_CONTEXT('2D SPACE',''
  ) );
#4415 = PCURVE('',#4416,#4421);
#4416 = PLANE('',#4417);
#4417 = AXIS2_PLACEMENT_3D('',#4418,#4419,#4420);
#4418 = CARTESIAN_POINT('',(-56.,82.,9.));
#4419 = DIRECTION('',(-1.,0.,0.));
#4420 = DIRECTION('',(0.,1.,0.));
#4421 = DEFINITIONAL_REPRESENTATION('',(#4422),#4425);
#4422 = B_SPLINE_CURVE_WITH_KNOTS('',1,(#4423,#4424),.UNSPECIFIED.,.F.,
  .F.,(2,2),(-123.5,-107.5),.PIECEWISE_BEZIER_KNOTS.);
#4423 = CARTESIAN_POINT('',(16.,-4.));
#4424 = CARTESIAN_POINT('',(0.,-4.));
#4425 = ( GEOMETRIC_REPRESENTATION_CONTEXT(2) 
PARAMETRIC_REPRESENTATION_CONTEXT() REPRESENTATION_CONTEXT('2D SPACE',''
  ) );
#4426 = ORIENTED_EDGE('',*,*,#4427,.T.);
#4427 = EDGE_CURVE('',#4402,#4428,#4430,.T.);
#4428 = VERTEX_POINT('',#4429);
#4429 = CARTESIAN_POINT('',(-72.,82.,13.));
#4430 = SURFACE_CURVE('',#4431,(#4435,#4441),.PCURVE_S1.);
#4431 = LINE('',#4432,#4433);
#4432 = CARTESIAN_POINT('',(-134.5,82.,13.));
#4433 = VECTOR('',#4434,1.);
#4434 = DIRECTION('',(-1.,0.,0.));
#4435 = PCURVE('',#126,#4436);
#4436 = DEFINITIONAL_REPRESENTATION('',(#4437),#4440);
#4437 = B_SPLINE_CURVE_WITH_KNOTS('',1,(#4438,#4439),.UNSPECIFIED.,.F.,
  .F.,(2,2),(-78.5,-62.5),.PIECEWISE_BEZIER_KNOTS.);
#4438 = CARTESIAN_POINT('',(141.,215.));
#4439 = CARTESIAN_POINT('',(125.,215.));
#4440 = ( GEOMETRIC_REPRESENTATION_CONTEXT(2) 
PARAMETRIC_REPRESENTATION_CONTEXT() REPRESENTATION_CONTEXT('2D SPACE',''
  ) );
#4441 = PCURVE('',#4442,#4447);
#4442 = PLANE('',#4443);
#4443 = AXIS2_PLACEMENT_3D('',#4444,#4445,#4446);
#4444 = CARTESIAN_POINT('',(-72.,82.,9.));
#4445 = DIRECTION('',(0.,1.,0.));
#4446 = DIRECTION('',(1.,0.,0.));
#4447 = DEFINITIONAL_REPRESENTATION('',(#4448),#4451);
#4448 = B_SPLINE_CURVE_WITH_KNOTS('',1,(#4449,#4450),.UNSPECIFIED.,.F.,
  .F.,(2,2),(-78.5,-62.5),.PIECEWISE_BEZIER_KNOTS.);
#4449 = CARTESIAN_POINT('',(16.,-4.));
#4450 = CARTESIAN_POINT('',(0.,-4.));
#4451 = ( GEOMETRIC_REPRESENTATION_CONTEXT(2) 
PARAMETRIC_REPRESENTATION_CONTEXT() REPRESENTATION_CONTEXT('2D SPACE',''
  ) );
#4452 = ORIENTED_EDGE('',*,*,#4453,.T.);
#4453 = EDGE_CURVE('',#4428,#4454,#4456,.T.);
#4454 = VERTEX_POINT('',#4455);
#4455 = CARTESIAN_POINT('',(-72.,98.,13.));
#4456 = SURFACE_CURVE('',#4457,(#4461,#4467),.PCURVE_S1.);
#4457 = LINE('',#4458,#4459);
#4458 = CARTESIAN_POINT('',(-72.,-17.5,13.));
#4459 = VECTOR('',#4460,1.);
#4460 = DIRECTION('',(0.,1.,0.));
#4461 = PCURVE('',#126,#4462);
#4462 = DEFINITIONAL_REPRESENTATION('',(#4463),#4466);
#4463 = B_SPLINE_CURVE_WITH_KNOTS('',1,(#4464,#4465),.UNSPECIFIED.,.F.,
  .F.,(2,2),(99.5,115.5),.PIECEWISE_BEZIER_KNOTS.);
#4464 = CARTESIAN_POINT('',(125.,215.));
#4465 = CARTESIAN_POINT('',(125.,231.));
#4466 = ( GEOMETRIC_REPRESENTATION_CONTEXT(2) 
PARAMETRIC_REPRESENTATION_CONTEXT() REPRESENTATION_CONTEXT('2D SPACE',''
  ) );
#4467 = PCURVE('',#4468,#4473);
#4468 = PLANE('',#4469);
#4469 = AXIS2_PLACEMENT_3D('',#4470,#4471,#4472);
#4470 = CARTESIAN_POINT('',(-72.,98.,9.));
#4471 = DIRECTION('',(1.,0.,0.));
#4472 = DIRECTION('',(0.,-1.,0.));
#4473 = DEFINITIONAL_REPRESENTATION('',(#4474),#4477);
#4474 = B_SPLINE_CURVE_WITH_KNOTS('',1,(#4475,#4476),.UNSPECIFIED.,.F.,
  .F.,(2,2),(99.5,115.5),.PIECEWISE_BEZIER_KNOTS.);
#4475 = CARTESIAN_POINT('',(16.,-4.));
#4476 = CARTESIAN_POINT('',(0.,-4.));
#4477 = ( GEOMETRIC_REPRESENTATION_CONTEXT(2) 
PARAMETRIC_REPRESENTATION_CONTEXT() REPRESENTATION_CONTEXT('2D SPACE',''
  ) );
#4478 = ORIENTED_EDGE('',*,*,#4479,.T.);
#4479 = EDGE_CURVE('',#4454,#4400,#4480,.T.);
#4480 = SURFACE_CURVE('',#4481,(#4485,#4491),.PCURVE_S1.);
#4481 = LINE('',#4482,#4483);
#4482 = CARTESIAN_POINT('',(-126.5,98.,13.));
#4483 = VECTOR('',#4484,1.);
#4484 = DIRECTION('',(1.,0.,0.));
#4485 = PCURVE('',#126,#4486);
#4486 = DEFINITIONAL_REPRESENTATION('',(#4487),#4490);
#4487 = B_SPLINE_CURVE_WITH_KNOTS('',1,(#4488,#4489),.UNSPECIFIED.,.F.,
  .F.,(2,2),(54.5,70.5),.PIECEWISE_BEZIER_KNOTS.);
#4488 = CARTESIAN_POINT('',(125.,231.));
#4489 = CARTESIAN_POINT('',(141.,231.));
#4490 = ( GEOMETRIC_REPRESENTATION_CONTEXT(2) 
PARAMETRIC_REPRESENTATION_CONTEXT() REPRESENTATION_CONTEXT('2D SPACE',''
  ) );
#4491 = PCURVE('',#4492,#4497);
#4492 = PLANE('',#4493);
#4493 = AXIS2_PLACEMENT_3D('',#4494,#4495,#4496);
#4494 = CARTESIAN_POINT('',(-56.,98.,9.));
#4495 = DIRECTION('',(0.,-1.,0.));
#4496 = DIRECTION('',(-1.,0.,0.));
#4497 = DEFINITIONAL_REPRESENTATION('',(#4498),#4501);
#4498 = B_SPLINE_CURVE_WITH_KNOTS('',1,(#4499,#4500),.UNSPECIFIED.,.F.,
  .F.,(2,2),(54.5,70.5),.PIECEWISE_BEZIER_KNOTS.);
#4499 = CARTESIAN_POINT('',(16.,-4.));
#4500 = CARTESIAN_POINT('',(0.,-4.));
#4501 = ( GEOMETRIC_REPRESENTATION_CONTEXT(2) 
PARAMETRIC_REPRESENTATION_CONTEXT() REPRESENTATION_CONTEXT('2D SPACE',''
  ) );
#4502 = FACE_BOUND('',#4503,.T.);
#4503 = EDGE_LOOP('',(#4504,#4532,#4558,#4584));
#4504 = ORIENTED_EDGE('',*,*,#4505,.T.);
#4505 = EDGE_CURVE('',#4506,#4508,#4510,.T.);
#4506 = VERTEX_POINT('',#4507);
#4507 = CARTESIAN_POINT('',(-26.,38.,13.));
#4508 = VERTEX_POINT('',#4509);
#4509 = CARTESIAN_POINT('',(-26.,22.,13.));
#4510 = SURFACE_CURVE('',#4511,(#4515,#4521),.PCURVE_S1.);
#4511 = LINE('',#4512,#4513);
#4512 = CARTESIAN_POINT('',(-26.,-55.5,13.));
#4513 = VECTOR('',#4514,1.);
#4514 = DIRECTION('',(0.,-1.,0.));
#4515 = PCURVE('',#126,#4516);
#4516 = DEFINITIONAL_REPRESENTATION('',(#4517),#4520);
#4517 = B_SPLINE_CURVE_WITH_KNOTS('',1,(#4518,#4519),.UNSPECIFIED.,.F.,
  .F.,(2,2),(-93.5,-77.5),.PIECEWISE_BEZIER_KNOTS.);
#4518 = CARTESIAN_POINT('',(171.,171.));
#4519 = CARTESIAN_POINT('',(171.,155.));
#4520 = ( GEOMETRIC_REPRESENTATION_CONTEXT(2) 
PARAMETRIC_REPRESENTATION_CONTEXT() REPRESENTATION_CONTEXT('2D SPACE',''
  ) );
#4521 = PCURVE('',#4522,#4527);
#4522 = PLANE('',#4523);
#4523 = AXIS2_PLACEMENT_3D('',#4524,#4525,#4526);
#4524 = CARTESIAN_POINT('',(-26.,22.,9.));
#4525 = DIRECTION('',(-1.,0.,0.));
#4526 = DIRECTION('',(0.,1.,0.));
#4527 = DEFINITIONAL_REPRESENTATION('',(#4528),#4531);
#4528 = B_SPLINE_CURVE_WITH_KNOTS('',1,(#4529,#4530),.UNSPECIFIED.,.F.,
  .F.,(2,2),(-93.5,-77.5),.PIECEWISE_BEZIER_KNOTS.);
#4529 = CARTESIAN_POINT('',(16.,-4.));
#4530 = CARTESIAN_POINT('',(0.,-4.));
#4531 = ( GEOMETRIC_REPRESENTATION_CONTEXT(2) 
PARAMETRIC_REPRESENTATION_CONTEXT() REPRESENTATION_CONTEXT('2D SPACE',''
  ) );
#4532 = ORIENTED_EDGE('',*,*,#4533,.T.);
#4533 = EDGE_CURVE('',#4508,#4534,#4536,.T.);
#4534 = VERTEX_POINT('',#4535);
#4535 = CARTESIAN_POINT('',(-42.,22.,13.));
#4536 = SURFACE_CURVE('',#4537,(#4541,#4547),.PCURVE_S1.);
#4537 = LINE('',#4538,#4539);
#4538 = CARTESIAN_POINT('',(-119.5,22.,13.));
#4539 = VECTOR('',#4540,1.);
#4540 = DIRECTION('',(-1.,0.,0.));
#4541 = PCURVE('',#126,#4542);
#4542 = DEFINITIONAL_REPRESENTATION('',(#4543),#4546);
#4543 = B_SPLINE_CURVE_WITH_KNOTS('',1,(#4544,#4545),.UNSPECIFIED.,.F.,
  .F.,(2,2),(-93.5,-77.5),.PIECEWISE_BEZIER_KNOTS.);
#4544 = CARTESIAN_POINT('',(171.,155.));
#4545 = CARTESIAN_POINT('',(155.,155.));
#4546 = ( GEOMETRIC_REPRESENTATION_CONTEXT(2) 
PARAMETRIC_REPRESENTATION_CONTEXT() REPRESENTATION_CONTEXT('2D SPACE',''
  ) );
#4547 = PCURVE('',#4548,#4553);
#4548 = PLANE('',#4549);
#4549 = AXIS2_PLACEMENT_3D('',#4550,#4551,#4552);
#4550 = CARTESIAN_POINT('',(-42.,22.,9.));
#4551 = DIRECTION('',(0.,1.,0.));
#4552 = DIRECTION('',(1.,0.,0.));
#4553 = DEFINITIONAL_REPRESENTATION('',(#4554),#4557);
#4554 = B_SPLINE_CURVE_WITH_KNOTS('',1,(#4555,#4556),.UNSPECIFIED.,.F.,
  .F.,(2,2),(-93.5,-77.5),.PIECEWISE_BEZIER_KNOTS.);
#4555 = CARTESIAN_POINT('',(16.,-4.));
#4556 = CARTESIAN_POINT('',(0.,-4.));
#4557 = ( GEOMETRIC_REPRESENTATION_CONTEXT(2) 
PARAMETRIC_REPRESENTATION_CONTEXT() REPRESENTATION_CONTEXT('2D SPACE',''
  ) );
#4558 = ORIENTED_EDGE('',*,*,#4559,.T.);
#4559 = EDGE_CURVE('',#4534,#4560,#4562,.T.);
#4560 = VERTEX_POINT('',#4561);
#4561 = CARTESIAN_POINT('',(-42.,38.,13.));
#4562 = SURFACE_CURVE('',#4563,(#4567,#4573),.PCURVE_S1.);
#4563 = LINE('',#4564,#4565);
#4564 = CARTESIAN_POINT('',(-42.,-47.5,13.));
#4565 = VECTOR('',#4566,1.);
#4566 = DIRECTION('',(0.,1.,0.));
#4567 = PCURVE('',#126,#4568);
#4568 = DEFINITIONAL_REPRESENTATION('',(#4569),#4572);
#4569 = B_SPLINE_CURVE_WITH_KNOTS('',1,(#4570,#4571),.UNSPECIFIED.,.F.,
  .F.,(2,2),(69.5,85.5),.PIECEWISE_BEZIER_KNOTS.);
#4570 = CARTESIAN_POINT('',(155.,155.));
#4571 = CARTESIAN_POINT('',(155.,171.));
#4572 = ( GEOMETRIC_REPRESENTATION_CONTEXT(2) 
PARAMETRIC_REPRESENTATION_CONTEXT() REPRESENTATION_CONTEXT('2D SPACE',''
  ) );
#4573 = PCURVE('',#4574,#4579);
#4574 = PLANE('',#4575);
#4575 = AXIS2_PLACEMENT_3D('',#4576,#4577,#4578);
#4576 = CARTESIAN_POINT('',(-42.,38.,9.));
#4577 = DIRECTION('',(1.,0.,0.));
#4578 = DIRECTION('',(0.,-1.,0.));
#4579 = DEFINITIONAL_REPRESENTATION('',(#4580),#4583);
#4580 = B_SPLINE_CURVE_WITH_KNOTS('',1,(#4581,#4582),.UNSPECIFIED.,.F.,
  .F.,(2,2),(69.5,85.5),.PIECEWISE_BEZIER_KNOTS.);
#4581 = CARTESIAN_POINT('',(16.,-4.));
#4582 = CARTESIAN_POINT('',(0.,-4.));
#4583 = ( GEOMETRIC_REPRESENTATION_CONTEXT(2) 
PARAMETRIC_REPRESENTATION_CONTEXT() REPRESENTATION_CONTEXT('2D SPACE',''
  ) );
#4584 = ORIENTED_EDGE('',*,*,#4585,.T.);
#4585 = EDGE_CURVE('',#4560,#4506,#4586,.T.);
#4586 = SURFACE_CURVE('',#4587,(#4591,#4597),.PCURVE_S1.);
#4587 = LINE('',#4588,#4589);
#4588 = CARTESIAN_POINT('',(-111.5,38.,13.));
#4589 = VECTOR('',#4590,1.);
#4590 = DIRECTION('',(1.,0.,0.));
#4591 = PCURVE('',#126,#4592);
#4592 = DEFINITIONAL_REPRESENTATION('',(#4593),#4596);
#4593 = B_SPLINE_CURVE_WITH_KNOTS('',1,(#4594,#4595),.UNSPECIFIED.,.F.,
  .F.,(2,2),(69.5,85.5),.PIECEWISE_BEZIER_KNOTS.);
#4594 = CARTESIAN_POINT('',(155.,171.));
#4595 = CARTESIAN_POINT('',(171.,171.));
#4596 = ( GEOMETRIC_REPRESENTATION_CONTEXT(2) 
PARAMETRIC_REPRESENTATION_CONTEXT() REPRESENTATION_CONTEXT('2D SPACE',''
  ) );
#4597 = PCURVE('',#4598,#4603);
#4598 = PLANE('',#4599);
#4599 = AXIS2_PLACEMENT_3D('',#4600,#4601,#4602);
#4600 = CARTESIAN_POINT('',(-26.,38.,9.));
#4601 = DIRECTION('',(0.,-1.,0.));
#4602 = DIRECTION('',(-1.,0.,0.));
#4603 = DEFINITIONAL_REPRESENTATION('',(#4604),#4607);
#4604 = B_SPLINE_CURVE_WITH_KNOTS('',1,(#4605,#4606),.UNSPECIFIED.,.F.,
  .F.,(2,2),(69.5,85.5),.PIECEWISE_BEZIER_KNOTS.);
#4605 = CARTESIAN_POINT('',(16.,-4.));
#4606 = CARTESIAN_POINT('',(0.,-4.));
#4607 = ( GEOMETRIC_REPRESENTATION_CONTEXT(2) 
PARAMETRIC_REPRESENTATION_CONTEXT() REPRESENTATION_CONTEXT('2D SPACE',''
  ) );
#4608 = FACE_BOUND('',#4609,.T.);
#4609 = EDGE_LOOP('',(#4610,#4638,#4664,#4690));
#4610 = ORIENTED_EDGE('',*,*,#4611,.T.);
#4611 = EDGE_CURVE('',#4612,#4614,#4616,.T.);
#4612 = VERTEX_POINT('',#4613);
#4613 = CARTESIAN_POINT('',(4.,38.,13.));
#4614 = VERTEX_POINT('',#4615);
#4615 = CARTESIAN_POINT('',(4.,22.,13.));
#4616 = SURFACE_CURVE('',#4617,(#4621,#4627),.PCURVE_S1.);
#4617 = LINE('',#4618,#4619);
#4618 = CARTESIAN_POINT('',(4.,-55.5,13.));
#4619 = VECTOR('',#4620,1.);
#4620 = DIRECTION('',(0.,-1.,0.));
#4621 = PCURVE('',#126,#4622);
#4622 = DEFINITIONAL_REPRESENTATION('',(#4623),#4626);
#4623 = B_SPLINE_CURVE_WITH_KNOTS('',1,(#4624,#4625),.UNSPECIFIED.,.F.,
  .F.,(2,2),(-93.5,-77.5),.PIECEWISE_BEZIER_KNOTS.);
#4624 = CARTESIAN_POINT('',(201.,171.));
#4625 = CARTESIAN_POINT('',(201.,155.));
#4626 = ( GEOMETRIC_REPRESENTATION_CONTEXT(2) 
PARAMETRIC_REPRESENTATION_CONTEXT() REPRESENTATION_CONTEXT('2D SPACE',''
  ) );
#4627 = PCURVE('',#4628,#4633);
#4628 = PLANE('',#4629);
#4629 = AXIS2_PLACEMENT_3D('',#4630,#4631,#4632);
#4630 = CARTESIAN_POINT('',(4.,22.,9.));
#4631 = DIRECTION('',(-1.,0.,0.));
#4632 = DIRECTION('',(0.,1.,0.));
#4633 = DEFINITIONAL_REPRESENTATION('',(#4634),#4637);
#4634 = B_SPLINE_CURVE_WITH_KNOTS('',1,(#4635,#4636),.UNSPECIFIED.,.F.,
  .F.,(2,2),(-93.5,-77.5),.PIECEWISE_BEZIER_KNOTS.);
#4635 = CARTESIAN_POINT('',(16.,-4.));
#4636 = CARTESIAN_POINT('',(0.,-4.));
#4637 = ( GEOMETRIC_REPRESENTATION_CONTEXT(2) 
PARAMETRIC_REPRESENTATION_CONTEXT() REPRESENTATION_CONTEXT('2D SPACE',''
  ) );
#4638 = ORIENTED_EDGE('',*,*,#4639,.T.);
#4639 = EDGE_CURVE('',#4614,#4640,#4642,.T.);
#4640 = VERTEX_POINT('',#4641);
#4641 = CARTESIAN_POINT('',(-12.,22.,13.));
#4642 = SURFACE_CURVE('',#4643,(#4647,#4653),.PCURVE_S1.);
#4643 = LINE('',#4644,#4645);
#4644 = CARTESIAN_POINT('',(-104.5,22.,13.));
#4645 = VECTOR('',#4646,1.);
#4646 = DIRECTION('',(-1.,0.,0.));
#4647 = PCURVE('',#126,#4648);
#4648 = DEFINITIONAL_REPRESENTATION('',(#4649),#4652);
#4649 = B_SPLINE_CURVE_WITH_KNOTS('',1,(#4650,#4651),.UNSPECIFIED.,.F.,
  .F.,(2,2),(-108.5,-92.5),.PIECEWISE_BEZIER_KNOTS.);
#4650 = CARTESIAN_POINT('',(201.,155.));
#4651 = CARTESIAN_POINT('',(185.,155.));
#4652 = ( GEOMETRIC_REPRESENTATION_CONTEXT(2) 
PARAMETRIC_REPRESENTATION_CONTEXT() REPRESENTATION_CONTEXT('2D SPACE',''
  ) );
#4653 = PCURVE('',#4654,#4659);
#4654 = PLANE('',#4655);
#4655 = AXIS2_PLACEMENT_3D('',#4656,#4657,#4658);
#4656 = CARTESIAN_POINT('',(-12.,22.,9.));
#4657 = DIRECTION('',(0.,1.,0.));
#4658 = DIRECTION('',(1.,0.,0.));
#4659 = DEFINITIONAL_REPRESENTATION('',(#4660),#4663);
#4660 = B_SPLINE_CURVE_WITH_KNOTS('',1,(#4661,#4662),.UNSPECIFIED.,.F.,
  .F.,(2,2),(-108.5,-92.5),.PIECEWISE_BEZIER_KNOTS.);
#4661 = CARTESIAN_POINT('',(16.,-4.));
#4662 = CARTESIAN_POINT('',(0.,-4.));
#4663 = ( GEOMETRIC_REPRESENTATION_CONTEXT(2) 
PARAMETRIC_REPRESENTATION_CONTEXT() REPRESENTATION_CONTEXT('2D SPACE',''
  ) );
#4664 = ORIENTED_EDGE('',*,*,#4665,.T.);
#4665 = EDGE_CURVE('',#4640,#4666,#4668,.T.);
#4666 = VERTEX_POINT('',#4667);
#4667 = CARTESIAN_POINT('',(-12.,38.,13.));
#4668 = SURFACE_CURVE('',#4669,(#4673,#4679),.PCURVE_S1.);
#4669 = LINE('',#4670,#4671);
#4670 = CARTESIAN_POINT('',(-12.,-47.5,13.));
#4671 = VECTOR('',#4672,1.);
#4672 = DIRECTION('',(0.,1.,0.));
#4673 = PCURVE('',#126,#4674);
#4674 = DEFINITIONAL_REPRESENTATION('',(#4675),#4678);
#4675 = B_SPLINE_CURVE_WITH_KNOTS('',1,(#4676,#4677),.UNSPECIFIED.,.F.,
  .F.,(2,2),(69.5,85.5),.PIECEWISE_BEZIER_KNOTS.);
#4676 = CARTESIAN_POINT('',(185.,155.));
#4677 = CARTESIAN_POINT('',(185.,171.));
#4678 = ( GEOMETRIC_REPRESENTATION_CONTEXT(2) 
PARAMETRIC_REPRESENTATION_CONTEXT() REPRESENTATION_CONTEXT('2D SPACE',''
  ) );
#4679 = PCURVE('',#4680,#4685);
#4680 = PLANE('',#4681);
#4681 = AXIS2_PLACEMENT_3D('',#4682,#4683,#4684);
#4682 = CARTESIAN_POINT('',(-12.,38.,9.));
#4683 = DIRECTION('',(1.,0.,0.));
#4684 = DIRECTION('',(0.,-1.,0.));
#4685 = DEFINITIONAL_REPRESENTATION('',(#4686),#4689);
#4686 = B_SPLINE_CURVE_WITH_KNOTS('',1,(#4687,#4688),.UNSPECIFIED.,.F.,
  .F.,(2,2),(69.5,85.5),.PIECEWISE_BEZIER_KNOTS.);
#4687 = CARTESIAN_POINT('',(16.,-4.));
#4688 = CARTESIAN_POINT('',(0.,-4.));
#4689 = ( GEOMETRIC_REPRESENTATION_CONTEXT(2) 
PARAMETRIC_REPRESENTATION_CONTEXT() REPRESENTATION_CONTEXT('2D SPACE',''
  ) );
#4690 = ORIENTED_EDGE('',*,*,#4691,.T.);
#4691 = EDGE_CURVE('',#4666,#4612,#4692,.T.);
#4692 = SURFACE_CURVE('',#4693,(#4697,#4703),.PCURVE_S1.);
#4693 = LINE('',#4694,#4695);
#4694 = CARTESIAN_POINT('',(-96.5,38.,13.));
#4695 = VECTOR('',#4696,1.);
#4696 = DIRECTION('',(1.,0.,0.));
#4697 = PCURVE('',#126,#4698);
#4698 = DEFINITIONAL_REPRESENTATION('',(#4699),#4702);
#4699 = B_SPLINE_CURVE_WITH_KNOTS('',1,(#4700,#4701),.UNSPECIFIED.,.F.,
  .F.,(2,2),(84.5,100.5),.PIECEWISE_BEZIER_KNOTS.);
#4700 = CARTESIAN_POINT('',(185.,171.));
#4701 = CARTESIAN_POINT('',(201.,171.));
#4702 = ( GEOMETRIC_REPRESENTATION_CONTEXT(2) 
PARAMETRIC_REPRESENTATION_CONTEXT() REPRESENTATION_CONTEXT('2D SPACE',''
  ) );
#4703 = PCURVE('',#4704,#4709);
#4704 = PLANE('',#4705);
#4705 = AXIS2_PLACEMENT_3D('',#4706,#4707,#4708);
#4706 = CARTESIAN_POINT('',(4.,38.,9.));
#4707 = DIRECTION('',(0.,-1.,0.));
#4708 = DIRECTION('',(-1.,0.,0.));
#4709 = DEFINITIONAL_REPRESENTATION('',(#4710),#4713);
#4710 = B_SPLINE_CURVE_WITH_KNOTS('',1,(#4711,#4712),.UNSPECIFIED.,.F.,
  .F.,(2,2),(84.5,100.5),.PIECEWISE_BEZIER_KNOTS.);
#4711 = CARTESIAN_POINT('',(16.,-4.));
#4712 = CARTESIAN_POINT('',(0.,-4.));
#4713 = ( GEOMETRIC_REPRESENTATION_CONTEXT(2) 
PARAMETRIC_REPRESENTATION_CONTEXT() REPRESENTATION_CONTEXT('2D SPACE',''
  ) );
#4714 = FACE_BOUND('',#4715,.T.);
#4715 = EDGE_LOOP('',(#4716,#4744,#4770,#4796));
#4716 = ORIENTED_EDGE('',*,*,#4717,.T.);
#4717 = EDGE_CURVE('',#4718,#4720,#4722,.T.);
#4718 = VERTEX_POINT('',#4719);
#4719 = CARTESIAN_POINT('',(34.,38.,13.));
#4720 = VERTEX_POINT('',#4721);
#4721 = CARTESIAN_POINT('',(34.,22.,13.));
#4722 = SURFACE_CURVE('',#4723,(#4727,#4733),.PCURVE_S1.);
#4723 = LINE('',#4724,#4725);
#4724 = CARTESIAN_POINT('',(34.,-55.5,13.));
#4725 = VECTOR('',#4726,1.);
#4726 = DIRECTION('',(0.,-1.,0.));
#4727 = PCURVE('',#126,#4728);
#4728 = DEFINITIONAL_REPRESENTATION('',(#4729),#4732);
#4729 = B_SPLINE_CURVE_WITH_KNOTS('',1,(#4730,#4731),.UNSPECIFIED.,.F.,
  .F.,(2,2),(-93.5,-77.5),.PIECEWISE_BEZIER_KNOTS.);
#4730 = CARTESIAN_POINT('',(231.,171.));
#4731 = CARTESIAN_POINT('',(231.,155.));
#4732 = ( GEOMETRIC_REPRESENTATION_CONTEXT(2) 
PARAMETRIC_REPRESENTATION_CONTEXT() REPRESENTATION_CONTEXT('2D SPACE',''
  ) );
#4733 = PCURVE('',#4734,#4739);
#4734 = PLANE('',#4735);
#4735 = AXIS2_PLACEMENT_3D('',#4736,#4737,#4738);
#4736 = CARTESIAN_POINT('',(34.,22.,9.));
#4737 = DIRECTION('',(-1.,0.,0.));
#4738 = DIRECTION('',(0.,1.,0.));
#4739 = DEFINITIONAL_REPRESENTATION('',(#4740),#4743);
#4740 = B_SPLINE_CURVE_WITH_KNOTS('',1,(#4741,#4742),.UNSPECIFIED.,.F.,
  .F.,(2,2),(-93.5,-77.5),.PIECEWISE_BEZIER_KNOTS.);
#4741 = CARTESIAN_POINT('',(16.,-4.));
#4742 = CARTESIAN_POINT('',(0.,-4.));
#4743 = ( GEOMETRIC_REPRESENTATION_CONTEXT(2) 
PARAMETRIC_REPRESENTATION_CONTEXT() REPRESENTATION_CONTEXT('2D SPACE',''
  ) );
#4744 = ORIENTED_EDGE('',*,*,#4745,.T.);
#4745 = EDGE_CURVE('',#4720,#4746,#4748,.T.);
#4746 = VERTEX_POINT('',#4747);
#4747 = CARTESIAN_POINT('',(18.,22.,13.));
#4748 = SURFACE_CURVE('',#4749,(#4753,#4759),.PCURVE_S1.);
#4749 = LINE('',#4750,#4751);
#4750 = CARTESIAN_POINT('',(-89.5,22.,13.));
#4751 = VECTOR('',#4752,1.);
#4752 = DIRECTION('',(-1.,0.,0.));
#4753 = PCURVE('',#126,#4754);
#4754 = DEFINITIONAL_REPRESENTATION('',(#4755),#4758);
#4755 = B_SPLINE_CURVE_WITH_KNOTS('',1,(#4756,#4757),.UNSPECIFIED.,.F.,
  .F.,(2,2),(-123.5,-107.5),.PIECEWISE_BEZIER_KNOTS.);
#4756 = CARTESIAN_POINT('',(231.,155.));
#4757 = CARTESIAN_POINT('',(215.,155.));
#4758 = ( GEOMETRIC_REPRESENTATION_CONTEXT(2) 
PARAMETRIC_REPRESENTATION_CONTEXT() REPRESENTATION_CONTEXT('2D SPACE',''
  ) );
#4759 = PCURVE('',#4760,#4765);
#4760 = PLANE('',#4761);
#4761 = AXIS2_PLACEMENT_3D('',#4762,#4763,#4764);
#4762 = CARTESIAN_POINT('',(18.,22.,9.));
#4763 = DIRECTION('',(0.,1.,0.));
#4764 = DIRECTION('',(1.,0.,0.));
#4765 = DEFINITIONAL_REPRESENTATION('',(#4766),#4769);
#4766 = B_SPLINE_CURVE_WITH_KNOTS('',1,(#4767,#4768),.UNSPECIFIED.,.F.,
  .F.,(2,2),(-123.5,-107.5),.PIECEWISE_BEZIER_KNOTS.);
#4767 = CARTESIAN_POINT('',(16.,-4.));
#4768 = CARTESIAN_POINT('',(0.,-4.));
#4769 = ( GEOMETRIC_REPRESENTATION_CONTEXT(2) 
PARAMETRIC_REPRESENTATION_CONTEXT() REPRESENTATION_CONTEXT('2D SPACE',''
  ) );
#4770 = ORIENTED_EDGE('',*,*,#4771,.T.);
#4771 = EDGE_CURVE('',#4746,#4772,#4774,.T.);
#4772 = VERTEX_POINT('',#4773);
#4773 = CARTESIAN_POINT('',(18.,38.,13.));
#4774 = SURFACE_CURVE('',#4775,(#4779,#4785),.PCURVE_S1.);
#4775 = LINE('',#4776,#4777);
#4776 = CARTESIAN_POINT('',(18.,-47.5,13.));
#4777 = VECTOR('',#4778,1.);
#4778 = DIRECTION('',(0.,1.,0.));
#4779 = PCURVE('',#126,#4780);
#4780 = DEFINITIONAL_REPRESENTATION('',(#4781),#4784);
#4781 = B_SPLINE_CURVE_WITH_KNOTS('',1,(#4782,#4783),.UNSPECIFIED.,.F.,
  .F.,(2,2),(69.5,85.5),.PIECEWISE_BEZIER_KNOTS.);
#4782 = CARTESIAN_POINT('',(215.,155.));
#4783 = CARTESIAN_POINT('',(215.,171.));
#4784 = ( GEOMETRIC_REPRESENTATION_CONTEXT(2) 
PARAMETRIC_REPRESENTATION_CONTEXT() REPRESENTATION_CONTEXT('2D SPACE',''
  ) );
#4785 = PCURVE('',#4786,#4791);
#4786 = PLANE('',#4787);
#4787 = AXIS2_PLACEMENT_3D('',#4788,#4789,#4790);
#4788 = CARTESIAN_POINT('',(18.,38.,9.));
#4789 = DIRECTION('',(1.,0.,0.));
#4790 = DIRECTION('',(0.,-1.,0.));
#4791 = DEFINITIONAL_REPRESENTATION('',(#4792),#4795);
#4792 = B_SPLINE_CURVE_WITH_KNOTS('',1,(#4793,#4794),.UNSPECIFIED.,.F.,
  .F.,(2,2),(69.5,85.5),.PIECEWISE_BEZIER_KNOTS.);
#4793 = CARTESIAN_POINT('',(16.,-4.));
#4794 = CARTESIAN_POINT('',(0.,-4.));
#4795 = ( GEOMETRIC_REPRESENTATION_CONTEXT(2) 
PARAMETRIC_REPRESENTATION_CONTEXT() REPRESENTATION_CONTEXT('2D SPACE',''
  ) );
#4796 = ORIENTED_EDGE('',*,*,#4797,.T.);
#4797 = EDGE_CURVE('',#4772,#4718,#4798,.T.);
#4798 = SURFACE_CURVE('',#4799,(#4803,#4809),.PCURVE_S1.);
#4799 = LINE('',#4800,#4801);
#4800 = CARTESIAN_POINT('',(-81.5,38.,13.));
#4801 = VECTOR('',#4802,1.);
#4802 = DIRECTION('',(1.,0.,0.));
#4803 = PCURVE('',#126,#4804);
#4804 = DEFINITIONAL_REPRESENTATION('',(#4805),#4808);
#4805 = B_SPLINE_CURVE_WITH_KNOTS('',1,(#4806,#4807),.UNSPECIFIED.,.F.,
  .F.,(2,2),(99.5,115.5),.PIECEWISE_BEZIER_KNOTS.);
#4806 = CARTESIAN_POINT('',(215.,171.));
#4807 = CARTESIAN_POINT('',(231.,171.));
#4808 = ( GEOMETRIC_REPRESENTATION_CONTEXT(2) 
PARAMETRIC_REPRESENTATION_CONTEXT() REPRESENTATION_CONTEXT('2D SPACE',''
  ) );
#4809 = PCURVE('',#4810,#4815);
#4810 = PLANE('',#4811);
#4811 = AXIS2_PLACEMENT_3D('',#4812,#4813,#4814);
#4812 = CARTESIAN_POINT('',(34.,38.,9.));
#4813 = DIRECTION('',(0.,-1.,0.));
#4814 = DIRECTION('',(-1.,0.,0.));
#4815 = DEFINITIONAL_REPRESENTATION('',(#4816),#4819);
#4816 = B_SPLINE_CURVE_WITH_KNOTS('',1,(#4817,#4818),.UNSPECIFIED.,.F.,
  .F.,(2,2),(99.5,115.5),.PIECEWISE_BEZIER_KNOTS.);
#4817 = CARTESIAN_POINT('',(16.,-4.));
#4818 = CARTESIAN_POINT('',(0.,-4.));
#4819 = ( GEOMETRIC_REPRESENTATION_CONTEXT(2) 
PARAMETRIC_REPRESENTATION_CONTEXT() REPRESENTATION_CONTEXT('2D SPACE',''
  ) );
#4820 = FACE_BOUND('',#4821,.T.);
#4821 = EDGE_LOOP('',(#4822,#4850,#4876,#4902));
#4822 = ORIENTED_EDGE('',*,*,#4823,.T.);
#4823 = EDGE_CURVE('',#4824,#4826,#4828,.T.);
#4824 = VERTEX_POINT('',#4825);
#4825 = CARTESIAN_POINT('',(-26.,68.,13.));
#4826 = VERTEX_POINT('',#4827);
#4827 = CARTESIAN_POINT('',(-26.,52.,13.));
#4828 = SURFACE_CURVE('',#4829,(#4833,#4839),.PCURVE_S1.);
#4829 = LINE('',#4830,#4831);
#4830 = CARTESIAN_POINT('',(-26.,-40.5,13.));
#4831 = VECTOR('',#4832,1.);
#4832 = DIRECTION('',(0.,-1.,0.));
#4833 = PCURVE('',#126,#4834);
#4834 = DEFINITIONAL_REPRESENTATION('',(#4835),#4838);
#4835 = B_SPLINE_CURVE_WITH_KNOTS('',1,(#4836,#4837),.UNSPECIFIED.,.F.,
  .F.,(2,2),(-108.5,-92.5),.PIECEWISE_BEZIER_KNOTS.);
#4836 = CARTESIAN_POINT('',(171.,201.));
#4837 = CARTESIAN_POINT('',(171.,185.));
#4838 = ( GEOMETRIC_REPRESENTATION_CONTEXT(2) 
PARAMETRIC_REPRESENTATION_CONTEXT() REPRESENTATION_CONTEXT('2D SPACE',''
  ) );
#4839 = PCURVE('',#4840,#4845);
#4840 = PLANE('',#4841);
#4841 = AXIS2_PLACEMENT_3D('',#4842,#4843,#4844);
#4842 = CARTESIAN_POINT('',(-26.,52.,9.));
#4843 = DIRECTION('',(-1.,0.,0.));
#4844 = DIRECTION('',(0.,1.,0.));
#4845 = DEFINITIONAL_REPRESENTATION('',(#4846),#4849);
#4846 = B_SPLINE_CURVE_WITH_KNOTS('',1,(#4847,#4848),.UNSPECIFIED.,.F.,
  .F.,(2,2),(-108.5,-92.5),.PIECEWISE_BEZIER_KNOTS.);
#4847 = CARTESIAN_POINT('',(16.,-4.));
#4848 = CARTESIAN_POINT('',(0.,-4.));
#4849 = ( GEOMETRIC_REPRESENTATION_CONTEXT(2) 
PARAMETRIC_REPRESENTATION_CONTEXT() REPRESENTATION_CONTEXT('2D SPACE',''
  ) );
#4850 = ORIENTED_EDGE('',*,*,#4851,.T.);
#4851 = EDGE_CURVE('',#4826,#4852,#4854,.T.);
#4852 = VERTEX_POINT('',#4853);
#4853 = CARTESIAN_POINT('',(-42.,52.,13.));
#4854 = SURFACE_CURVE('',#4855,(#4859,#4865),.PCURVE_S1.);
#4855 = LINE('',#4856,#4857);
#4856 = CARTESIAN_POINT('',(-119.5,52.,13.));
#4857 = VECTOR('',#4858,1.);
#4858 = DIRECTION('',(-1.,0.,0.));
#4859 = PCURVE('',#126,#4860);
#4860 = DEFINITIONAL_REPRESENTATION('',(#4861),#4864);
#4861 = B_SPLINE_CURVE_WITH_KNOTS('',1,(#4862,#4863),.UNSPECIFIED.,.F.,
  .F.,(2,2),(-93.5,-77.5),.PIECEWISE_BEZIER_KNOTS.);
#4862 = CARTESIAN_POINT('',(171.,185.));
#4863 = CARTESIAN_POINT('',(155.,185.));
#4864 = ( GEOMETRIC_REPRESENTATION_CONTEXT(2) 
PARAMETRIC_REPRESENTATION_CONTEXT() REPRESENTATION_CONTEXT('2D SPACE',''
  ) );
#4865 = PCURVE('',#4866,#4871);
#4866 = PLANE('',#4867);
#4867 = AXIS2_PLACEMENT_3D('',#4868,#4869,#4870);
#4868 = CARTESIAN_POINT('',(-42.,52.,9.));
#4869 = DIRECTION('',(0.,1.,0.));
#4870 = DIRECTION('',(1.,0.,0.));
#4871 = DEFINITIONAL_REPRESENTATION('',(#4872),#4875);
#4872 = B_SPLINE_CURVE_WITH_KNOTS('',1,(#4873,#4874),.UNSPECIFIED.,.F.,
  .F.,(2,2),(-93.5,-77.5),.PIECEWISE_BEZIER_KNOTS.);
#4873 = CARTESIAN_POINT('',(16.,-4.));
#4874 = CARTESIAN_POINT('',(0.,-4.));
#4875 = ( GEOMETRIC_REPRESENTATION_CONTEXT(2) 
PARAMETRIC_REPRESENTATION_CONTEXT() REPRESENTATION_CONTEXT('2D SPACE',''
  ) );
#4876 = ORIENTED_EDGE('',*,*,#4877,.T.);
#4877 = EDGE_CURVE('',#4852,#4878,#4880,.T.);
#4878 = VERTEX_POINT('',#4879);
#4879 = CARTESIAN_POINT('',(-42.,68.,13.));
#4880 = SURFACE_CURVE('',#4881,(#4885,#4891),.PCURVE_S1.);
#4881 = LINE('',#4882,#4883);
#4882 = CARTESIAN_POINT('',(-42.,-32.5,13.));
#4883 = VECTOR('',#4884,1.);
#4884 = DIRECTION('',(0.,1.,0.));
#4885 = PCURVE('',#126,#4886);
#4886 = DEFINITIONAL_REPRESENTATION('',(#4887),#4890);
#4887 = B_SPLINE_CURVE_WITH_KNOTS('',1,(#4888,#4889),.UNSPECIFIED.,.F.,
  .F.,(2,2),(84.5,100.5),.PIECEWISE_BEZIER_KNOTS.);
#4888 = CARTESIAN_POINT('',(155.,185.));
#4889 = CARTESIAN_POINT('',(155.,201.));
#4890 = ( GEOMETRIC_REPRESENTATION_CONTEXT(2) 
PARAMETRIC_REPRESENTATION_CONTEXT() REPRESENTATION_CONTEXT('2D SPACE',''
  ) );
#4891 = PCURVE('',#4892,#4897);
#4892 = PLANE('',#4893);
#4893 = AXIS2_PLACEMENT_3D('',#4894,#4895,#4896);
#4894 = CARTESIAN_POINT('',(-42.,68.,9.));
#4895 = DIRECTION('',(1.,0.,0.));
#4896 = DIRECTION('',(0.,-1.,0.));
#4897 = DEFINITIONAL_REPRESENTATION('',(#4898),#4901);
#4898 = B_SPLINE_CURVE_WITH_KNOTS('',1,(#4899,#4900),.UNSPECIFIED.,.F.,
  .F.,(2,2),(84.5,100.5),.PIECEWISE_BEZIER_KNOTS.);
#4899 = CARTESIAN_POINT('',(16.,-4.));
#4900 = CARTESIAN_POINT('',(0.,-4.));
#4901 = ( GEOMETRIC_REPRESENTATION_CONTEXT(2) 
PARAMETRIC_REPRESENTATION_CONTEXT() REPRESENTATION_CONTEXT('2D SPACE',''
  ) );
#4902 = ORIENTED_EDGE('',*,*,#4903,.T.);
#4903 = EDGE_CURVE('',#4878,#4824,#4904,.T.);
#4904 = SURFACE_CURVE('',#4905,(#4909,#4915),.PCURVE_S1.);
#4905 = LINE('',#4906,#4907);
#4906 = CARTESIAN_POINT('',(-111.5,68.,13.));
#4907 = VECTOR('',#4908,1.);
#4908 = DIRECTION('',(1.,0.,0.));
#4909 = PCURVE('',#126,#4910);
#4910 = DEFINITIONAL_REPRESENTATION('',(#4911),#4914);
#4911 = B_SPLINE_CURVE_WITH_KNOTS('',1,(#4912,#4913),.UNSPECIFIED.,.F.,
  .F.,(2,2),(69.5,85.5),.PIECEWISE_BEZIER_KNOTS.);
#4912 = CARTESIAN_POINT('',(155.,201.));
#4913 = CARTESIAN_POINT('',(171.,201.));
#4914 = ( GEOMETRIC_REPRESENTATION_CONTEXT(2) 
PARAMETRIC_REPRESENTATION_CONTEXT() REPRESENTATION_CONTEXT('2D SPACE',''
  ) );
#4915 = PCURVE('',#4916,#4921);
#4916 = PLANE('',#4917);
#4917 = AXIS2_PLACEMENT_3D('',#4918,#4919,#4920);
#4918 = CARTESIAN_POINT('',(-26.,68.,9.));
#4919 = DIRECTION('',(0.,-1.,0.));
#4920 = DIRECTION('',(-1.,0.,0.));
#4921 = DEFINITIONAL_REPRESENTATION('',(#4922),#4925);
#4922 = B_SPLINE_CURVE_WITH_KNOTS('',1,(#4923,#4924),.UNSPECIFIED.,.F.,
  .F.,(2,2),(69.5,85.5),.PIECEWISE_BEZIER_KNOTS.);
#4923 = CARTESIAN_POINT('',(16.,-4.));
#4924 = CARTESIAN_POINT('',(0.,-4.));
#4925 = ( GEOMETRIC_REPRESENTATION_CONTEXT(2) 
PARAMETRIC_REPRESENTATION_CONTEXT() REPRESENTATION_CONTEXT('2D SPACE',''
  ) );
#4926 = FACE_BOUND('',#4927,.T.);
#4927 = EDGE_LOOP('',(#4928,#4956,#4982,#5008));
#4928 = ORIENTED_EDGE('',*,*,#4929,.T.);
#4929 = EDGE_CURVE('',#4930,#4932,#4934,.T.);
#4930 = VERTEX_POINT('',#4931);
#4931 = CARTESIAN_POINT('',(-26.,98.,13.));
#4932 = VERTEX_POINT('',#4933);
#4933 = CARTESIAN_POINT('',(-26.,82.,13.));
#4934 = SURFACE_CURVE('',#4935,(#4939,#4945),.PCURVE_S1.);
#4935 = LINE('',#4936,#4937);
#4936 = CARTESIAN_POINT('',(-26.,-25.5,13.));
#4937 = VECTOR('',#4938,1.);
#4938 = DIRECTION('',(0.,-1.,0.));
#4939 = PCURVE('',#126,#4940);
#4940 = DEFINITIONAL_REPRESENTATION('',(#4941),#4944);
#4941 = B_SPLINE_CURVE_WITH_KNOTS('',1,(#4942,#4943),.UNSPECIFIED.,.F.,
  .F.,(2,2),(-123.5,-107.5),.PIECEWISE_BEZIER_KNOTS.);
#4942 = CARTESIAN_POINT('',(171.,231.));
#4943 = CARTESIAN_POINT('',(171.,215.));
#4944 = ( GEOMETRIC_REPRESENTATION_CONTEXT(2) 
PARAMETRIC_REPRESENTATION_CONTEXT() REPRESENTATION_CONTEXT('2D SPACE',''
  ) );
#4945 = PCURVE('',#4946,#4951);
#4946 = PLANE('',#4947);
#4947 = AXIS2_PLACEMENT_3D('',#4948,#4949,#4950);
#4948 = CARTESIAN_POINT('',(-26.,82.,9.));
#4949 = DIRECTION('',(-1.,0.,0.));
#4950 = DIRECTION('',(0.,1.,0.));
#4951 = DEFINITIONAL_REPRESENTATION('',(#4952),#4955);
#4952 = B_SPLINE_CURVE_WITH_KNOTS('',1,(#4953,#4954),.UNSPECIFIED.,.F.,
  .F.,(2,2),(-123.5,-107.5),.PIECEWISE_BEZIER_KNOTS.);
#4953 = CARTESIAN_POINT('',(16.,-4.));
#4954 = CARTESIAN_POINT('',(0.,-4.));
#4955 = ( GEOMETRIC_REPRESENTATION_CONTEXT(2) 
PARAMETRIC_REPRESENTATION_CONTEXT() REPRESENTATION_CONTEXT('2D SPACE',''
  ) );
#4956 = ORIENTED_EDGE('',*,*,#4957,.T.);
#4957 = EDGE_CURVE('',#4932,#4958,#4960,.T.);
#4958 = VERTEX_POINT('',#4959);
#4959 = CARTESIAN_POINT('',(-42.,82.,13.));
#4960 = SURFACE_CURVE('',#4961,(#4965,#4971),.PCURVE_S1.);
#4961 = LINE('',#4962,#4963);
#4962 = CARTESIAN_POINT('',(-119.5,82.,13.));
#4963 = VECTOR('',#4964,1.);
#4964 = DIRECTION('',(-1.,0.,0.));
#4965 = PCURVE('',#126,#4966);
#4966 = DEFINITIONAL_REPRESENTATION('',(#4967),#4970);
#4967 = B_SPLINE_CURVE_WITH_KNOTS('',1,(#4968,#4969),.UNSPECIFIED.,.F.,
  .F.,(2,2),(-93.5,-77.5),.PIECEWISE_BEZIER_KNOTS.);
#4968 = CARTESIAN_POINT('',(171.,215.));
#4969 = CARTESIAN_POINT('',(155.,215.));
#4970 = ( GEOMETRIC_REPRESENTATION_CONTEXT(2) 
PARAMETRIC_REPRESENTATION_CONTEXT() REPRESENTATION_CONTEXT('2D SPACE',''
  ) );
#4971 = PCURVE('',#4972,#4977);
#4972 = PLANE('',#4973);
#4973 = AXIS2_PLACEMENT_3D('',#4974,#4975,#4976);
#4974 = CARTESIAN_POINT('',(-42.,82.,9.));
#4975 = DIRECTION('',(0.,1.,0.));
#4976 = DIRECTION('',(1.,0.,0.));
#4977 = DEFINITIONAL_REPRESENTATION('',(#4978),#4981);
#4978 = B_SPLINE_CURVE_WITH_KNOTS('',1,(#4979,#4980),.UNSPECIFIED.,.F.,
  .F.,(2,2),(-93.5,-77.5),.PIECEWISE_BEZIER_KNOTS.);
#4979 = CARTESIAN_POINT('',(16.,-4.));
#4980 = CARTESIAN_POINT('',(0.,-4.));
#4981 = ( GEOMETRIC_REPRESENTATION_CONTEXT(2) 
PARAMETRIC_REPRESENTATION_CONTEXT() REPRESENTATION_CONTEXT('2D SPACE',''
  ) );
#4982 = ORIENTED_EDGE('',*,*,#4983,.T.);
#4983 = EDGE_CURVE('',#4958,#4984,#4986,.T.);
#4984 = VERTEX_POINT('',#4985);
#4985 = CARTESIAN_POINT('',(-42.,98.,13.));
#4986 = SURFACE_CURVE('',#4987,(#4991,#4997),.PCURVE_S1.);
#4987 = LINE('',#4988,#4989);
#4988 = CARTESIAN_POINT('',(-42.,-17.5,13.));
#4989 = VECTOR('',#4990,1.);
#4990 = DIRECTION('',(0.,1.,0.));
#4991 = PCURVE('',#126,#4992);
#4992 = DEFINITIONAL_REPRESENTATION('',(#4993),#4996);
#4993 = B_SPLINE_CURVE_WITH_KNOTS('',1,(#4994,#4995),.UNSPECIFIED.,.F.,
  .F.,(2,2),(99.5,115.5),.PIECEWISE_BEZIER_KNOTS.);
#4994 = CARTESIAN_POINT('',(155.,215.));
#4995 = CARTESIAN_POINT('',(155.,231.));
#4996 = ( GEOMETRIC_REPRESENTATION_CONTEXT(2) 
PARAMETRIC_REPRESENTATION_CONTEXT() REPRESENTATION_CONTEXT('2D SPACE',''
  ) );
#4997 = PCURVE('',#4998,#5003);
#4998 = PLANE('',#4999);
#4999 = AXIS2_PLACEMENT_3D('',#5000,#5001,#5002);
#5000 = CARTESIAN_POINT('',(-42.,98.,9.));
#5001 = DIRECTION('',(1.,0.,0.));
#5002 = DIRECTION('',(0.,-1.,0.));
#5003 = DEFINITIONAL_REPRESENTATION('',(#5004),#5007);
#5004 = B_SPLINE_CURVE_WITH_KNOTS('',1,(#5005,#5006),.UNSPECIFIED.,.F.,
  .F.,(2,2),(99.5,115.5),.PIECEWISE_BEZIER_KNOTS.);
#5005 = CARTESIAN_POINT('',(16.,-4.));
#5006 = CARTESIAN_POINT('',(0.,-4.));
#5007 = ( GEOMETRIC_REPRESENTATION_CONTEXT(2) 
PARAMETRIC_REPRESENTATION_CONTEXT() REPRESENTATION_CONTEXT('2D SPACE',''
  ) );
#5008 = ORIENTED_EDGE('',*,*,#5009,.T.);
#5009 = EDGE_CURVE('',#4984,#4930,#5010,.T.);
#5010 = SURFACE_CURVE('',#5011,(#5015,#5021),.PCURVE_S1.);
#5011 = LINE('',#5012,#5013);
#5012 = CARTESIAN_POINT('',(-111.5,98.,13.));
#5013 = VECTOR('',#5014,1.);
#5014 = DIRECTION('',(1.,0.,0.));
#5015 = PCURVE('',#126,#5016);
#5016 = DEFINITIONAL_REPRESENTATION('',(#5017),#5020);
#5017 = B_SPLINE_CURVE_WITH_KNOTS('',1,(#5018,#5019),.UNSPECIFIED.,.F.,
  .F.,(2,2),(69.5,85.5),.PIECEWISE_BEZIER_KNOTS.);
#5018 = CARTESIAN_POINT('',(155.,231.));
#5019 = CARTESIAN_POINT('',(171.,231.));
#5020 = ( GEOMETRIC_REPRESENTATION_CONTEXT(2) 
PARAMETRIC_REPRESENTATION_CONTEXT() REPRESENTATION_CONTEXT('2D SPACE',''
  ) );
#5021 = PCURVE('',#5022,#5027);
#5022 = PLANE('',#5023);
#5023 = AXIS2_PLACEMENT_3D('',#5024,#5025,#5026);
#5024 = CARTESIAN_POINT('',(-26.,98.,9.));
#5025 = DIRECTION('',(0.,-1.,0.));
#5026 = DIRECTION('',(-1.,0.,0.));
#5027 = DEFINITIONAL_REPRESENTATION('',(#5028),#5031);
#5028 = B_SPLINE_CURVE_WITH_KNOTS('',1,(#5029,#5030),.UNSPECIFIED.,.F.,
  .F.,(2,2),(69.5,85.5),.PIECEWISE_BEZIER_KNOTS.);
#5029 = CARTESIAN_POINT('',(16.,-4.));
#5030 = CARTESIAN_POINT('',(0.,-4.));
#5031 = ( GEOMETRIC_REPRESENTATION_CONTEXT(2) 
PARAMETRIC_REPRESENTATION_CONTEXT() REPRESENTATION_CONTEXT('2D SPACE',''
  ) );
#5032 = FACE_BOUND('',#5033,.T.);
#5033 = EDGE_LOOP('',(#5034,#5062,#5088,#5114));
#5034 = ORIENTED_EDGE('',*,*,#5035,.T.);
#5035 = EDGE_CURVE('',#5036,#5038,#5040,.T.);
#5036 = VERTEX_POINT('',#5037);
#5037 = CARTESIAN_POINT('',(4.,68.,13.));
#5038 = VERTEX_POINT('',#5039);
#5039 = CARTESIAN_POINT('',(4.,52.,13.));
#5040 = SURFACE_CURVE('',#5041,(#5045,#5051),.PCURVE_S1.);
#5041 = LINE('',#5042,#5043);
#5042 = CARTESIAN_POINT('',(4.,-40.5,13.));
#5043 = VECTOR('',#5044,1.);
#5044 = DIRECTION('',(0.,-1.,0.));
#5045 = PCURVE('',#126,#5046);
#5046 = DEFINITIONAL_REPRESENTATION('',(#5047),#5050);
#5047 = B_SPLINE_CURVE_WITH_KNOTS('',1,(#5048,#5049),.UNSPECIFIED.,.F.,
  .F.,(2,2),(-108.5,-92.5),.PIECEWISE_BEZIER_KNOTS.);
#5048 = CARTESIAN_POINT('',(201.,201.));
#5049 = CARTESIAN_POINT('',(201.,185.));
#5050 = ( GEOMETRIC_REPRESENTATION_CONTEXT(2) 
PARAMETRIC_REPRESENTATION_CONTEXT() REPRESENTATION_CONTEXT('2D SPACE',''
  ) );
#5051 = PCURVE('',#5052,#5057);
#5052 = PLANE('',#5053);
#5053 = AXIS2_PLACEMENT_3D('',#5054,#5055,#5056);
#5054 = CARTESIAN_POINT('',(4.,52.,9.));
#5055 = DIRECTION('',(-1.,0.,0.));
#5056 = DIRECTION('',(0.,1.,0.));
#5057 = DEFINITIONAL_REPRESENTATION('',(#5058),#5061);
#5058 = B_SPLINE_CURVE_WITH_KNOTS('',1,(#5059,#5060),.UNSPECIFIED.,.F.,
  .F.,(2,2),(-108.5,-92.5),.PIECEWISE_BEZIER_KNOTS.);
#5059 = CARTESIAN_POINT('',(16.,-4.));
#5060 = CARTESIAN_POINT('',(0.,-4.));
#5061 = ( GEOMETRIC_REPRESENTATION_CONTEXT(2) 
PARAMETRIC_REPRESENTATION_CONTEXT() REPRESENTATION_CONTEXT('2D SPACE',''
  ) );
#5062 = ORIENTED_EDGE('',*,*,#5063,.T.);
#5063 = EDGE_CURVE('',#5038,#5064,#5066,.T.);
#5064 = VERTEX_POINT('',#5065);
#5065 = CARTESIAN_POINT('',(-12.,52.,13.));
#5066 = SURFACE_CURVE('',#5067,(#5071,#5077),.PCURVE_S1.);
#5067 = LINE('',#5068,#5069);
#5068 = CARTESIAN_POINT('',(-104.5,52.,13.));
#5069 = VECTOR('',#5070,1.);
#5070 = DIRECTION('',(-1.,0.,0.));
#5071 = PCURVE('',#126,#5072);
#5072 = DEFINITIONAL_REPRESENTATION('',(#5073),#5076);
#5073 = B_SPLINE_CURVE_WITH_KNOTS('',1,(#5074,#5075),.UNSPECIFIED.,.F.,
  .F.,(2,2),(-108.5,-92.5),.PIECEWISE_BEZIER_KNOTS.);
#5074 = CARTESIAN_POINT('',(201.,185.));
#5075 = CARTESIAN_POINT('',(185.,185.));
#5076 = ( GEOMETRIC_REPRESENTATION_CONTEXT(2) 
PARAMETRIC_REPRESENTATION_CONTEXT() REPRESENTATION_CONTEXT('2D SPACE',''
  ) );
#5077 = PCURVE('',#5078,#5083);
#5078 = PLANE('',#5079);
#5079 = AXIS2_PLACEMENT_3D('',#5080,#5081,#5082);
#5080 = CARTESIAN_POINT('',(-12.,52.,9.));
#5081 = DIRECTION('',(0.,1.,0.));
#5082 = DIRECTION('',(1.,0.,0.));
#5083 = DEFINITIONAL_REPRESENTATION('',(#5084),#5087);
#5084 = B_SPLINE_CURVE_WITH_KNOTS('',1,(#5085,#5086),.UNSPECIFIED.,.F.,
  .F.,(2,2),(-108.5,-92.5),.PIECEWISE_BEZIER_KNOTS.);
#5085 = CARTESIAN_POINT('',(16.,-4.));
#5086 = CARTESIAN_POINT('',(0.,-4.));
#5087 = ( GEOMETRIC_REPRESENTATION_CONTEXT(2) 
PARAMETRIC_REPRESENTATION_CONTEXT() REPRESENTATION_CONTEXT('2D SPACE',''
  ) );
#5088 = ORIENTED_EDGE('',*,*,#5089,.T.);
#5089 = EDGE_CURVE('',#5064,#5090,#5092,.T.);
#5090 = VERTEX_POINT('',#5091);
#5091 = CARTESIAN_POINT('',(-12.,68.,13.));
#5092 = SURFACE_CURVE('',#5093,(#5097,#5103),.PCURVE_S1.);
#5093 = LINE('',#5094,#5095);
#5094 = CARTESIAN_POINT('',(-12.,-32.5,13.));
#5095 = VECTOR('',#5096,1.);
#5096 = DIRECTION('',(0.,1.,0.));
#5097 = PCURVE('',#126,#5098);
#5098 = DEFINITIONAL_REPRESENTATION('',(#5099),#5102);
#5099 = B_SPLINE_CURVE_WITH_KNOTS('',1,(#5100,#5101),.UNSPECIFIED.,.F.,
  .F.,(2,2),(84.5,100.5),.PIECEWISE_BEZIER_KNOTS.);
#5100 = CARTESIAN_POINT('',(185.,185.));
#5101 = CARTESIAN_POINT('',(185.,201.));
#5102 = ( GEOMETRIC_REPRESENTATION_CONTEXT(2) 
PARAMETRIC_REPRESENTATION_CONTEXT() REPRESENTATION_CONTEXT('2D SPACE',''
  ) );
#5103 = PCURVE('',#5104,#5109);
#5104 = PLANE('',#5105);
#5105 = AXIS2_PLACEMENT_3D('',#5106,#5107,#5108);
#5106 = CARTESIAN_POINT('',(-12.,68.,9.));
#5107 = DIRECTION('',(1.,0.,0.));
#5108 = DIRECTION('',(0.,-1.,0.));
#5109 = DEFINITIONAL_REPRESENTATION('',(#5110),#5113);
#5110 = B_SPLINE_CURVE_WITH_KNOTS('',1,(#5111,#5112),.UNSPECIFIED.,.F.,
  .F.,(2,2),(84.5,100.5),.PIECEWISE_BEZIER_KNOTS.);
#5111 = CARTESIAN_POINT('',(16.,-4.));
#5112 = CARTESIAN_POINT('',(0.,-4.));
#5113 = ( GEOMETRIC_REPRESENTATION_CONTEXT(2) 
PARAMETRIC_REPRESENTATION_CONTEXT() REPRESENTATION_CONTEXT('2D SPACE',''
  ) );
#5114 = ORIENTED_EDGE('',*,*,#5115,.T.);
#5115 = EDGE_CURVE('',#5090,#5036,#5116,.T.);
#5116 = SURFACE_CURVE('',#5117,(#5121,#5127),.PCURVE_S1.);
#5117 = LINE('',#5118,#5119);
#5118 = CARTESIAN_POINT('',(-96.5,68.,13.));
#5119 = VECTOR('',#5120,1.);
#5120 = DIRECTION('',(1.,0.,0.));
#5121 = PCURVE('',#126,#5122);
#5122 = DEFINITIONAL_REPRESENTATION('',(#5123),#5126);
#5123 = B_SPLINE_CURVE_WITH_KNOTS('',1,(#5124,#5125),.UNSPECIFIED.,.F.,
  .F.,(2,2),(84.5,100.5),.PIECEWISE_BEZIER_KNOTS.);
#5124 = CARTESIAN_POINT('',(185.,201.));
#5125 = CARTESIAN_POINT('',(201.,201.));
#5126 = ( GEOMETRIC_REPRESENTATION_CONTEXT(2) 
PARAMETRIC_REPRESENTATION_CONTEXT() REPRESENTATION_CONTEXT('2D SPACE',''
  ) );
#5127 = PCURVE('',#5128,#5133);
#5128 = PLANE('',#5129);
#5129 = AXIS2_PLACEMENT_3D('',#5130,#5131,#5132);
#5130 = CARTESIAN_POINT('',(4.,68.,9.));
#5131 = DIRECTION('',(0.,-1.,0.));
#5132 = DIRECTION('',(-1.,0.,0.));
#5133 = DEFINITIONAL_REPRESENTATION('',(#5134),#5137);
#5134 = B_SPLINE_CURVE_WITH_KNOTS('',1,(#5135,#5136),.UNSPECIFIED.,.F.,
  .F.,(2,2),(84.5,100.5),.PIECEWISE_BEZIER_KNOTS.);
#5135 = CARTESIAN_POINT('',(16.,-4.));
#5136 = CARTESIAN_POINT('',(0.,-4.));
#5137 = ( GEOMETRIC_REPRESENTATION_CONTEXT(2) 
PARAMETRIC_REPRESENTATION_CONTEXT() REPRESENTATION_CONTEXT('2D SPACE',''
  ) );
#5138 = FACE_BOUND('',#5139,.T.);
#5139 = EDGE_LOOP('',(#5140,#5168,#5194,#5220));
#5140 = ORIENTED_EDGE('',*,*,#5141,.T.);
#5141 = EDGE_CURVE('',#5142,#5144,#5146,.T.);
#5142 = VERTEX_POINT('',#5143);
#5143 = CARTESIAN_POINT('',(34.,68.,13.));
#5144 = VERTEX_POINT('',#5145);
#5145 = CARTESIAN_POINT('',(34.,52.,13.));
#5146 = SURFACE_CURVE('',#5147,(#5151,#5157),.PCURVE_S1.);
#5147 = LINE('',#5148,#5149);
#5148 = CARTESIAN_POINT('',(34.,-40.5,13.));
#5149 = VECTOR('',#5150,1.);
#5150 = DIRECTION('',(0.,-1.,0.));
#5151 = PCURVE('',#126,#5152);
#5152 = DEFINITIONAL_REPRESENTATION('',(#5153),#5156);
#5153 = B_SPLINE_CURVE_WITH_KNOTS('',1,(#5154,#5155),.UNSPECIFIED.,.F.,
  .F.,(2,2),(-108.5,-92.5),.PIECEWISE_BEZIER_KNOTS.);
#5154 = CARTESIAN_POINT('',(231.,201.));
#5155 = CARTESIAN_POINT('',(231.,185.));
#5156 = ( GEOMETRIC_REPRESENTATION_CONTEXT(2) 
PARAMETRIC_REPRESENTATION_CONTEXT() REPRESENTATION_CONTEXT('2D SPACE',''
  ) );
#5157 = PCURVE('',#5158,#5163);
#5158 = PLANE('',#5159);
#5159 = AXIS2_PLACEMENT_3D('',#5160,#5161,#5162);
#5160 = CARTESIAN_POINT('',(34.,52.,9.));
#5161 = DIRECTION('',(-1.,0.,0.));
#5162 = DIRECTION('',(0.,1.,0.));
#5163 = DEFINITIONAL_REPRESENTATION('',(#5164),#5167);
#5164 = B_SPLINE_CURVE_WITH_KNOTS('',1,(#5165,#5166),.UNSPECIFIED.,.F.,
  .F.,(2,2),(-108.5,-92.5),.PIECEWISE_BEZIER_KNOTS.);
#5165 = CARTESIAN_POINT('',(16.,-4.));
#5166 = CARTESIAN_POINT('',(0.,-4.));
#5167 = ( GEOMETRIC_REPRESENTATION_CONTEXT(2) 
PARAMETRIC_REPRESENTATION_CONTEXT() REPRESENTATION_CONTEXT('2D SPACE',''
  ) );
#5168 = ORIENTED_EDGE('',*,*,#5169,.T.);
#5169 = EDGE_CURVE('',#5144,#5170,#5172,.T.);
#5170 = VERTEX_POINT('',#5171);
#5171 = CARTESIAN_POINT('',(18.,52.,13.));
#5172 = SURFACE_CURVE('',#5173,(#5177,#5183),.PCURVE_S1.);
#5173 = LINE('',#5174,#5175);
#5174 = CARTESIAN_POINT('',(-89.5,52.,13.));
#5175 = VECTOR('',#5176,1.);
#5176 = DIRECTION('',(-1.,0.,0.));
#5177 = PCURVE('',#126,#5178);
#5178 = DEFINITIONAL_REPRESENTATION('',(#5179),#5182);
#5179 = B_SPLINE_CURVE_WITH_KNOTS('',1,(#5180,#5181),.UNSPECIFIED.,.F.,
  .F.,(2,2),(-123.5,-107.5),.PIECEWISE_BEZIER_KNOTS.);
#5180 = CARTESIAN_POINT('',(231.,185.));
#5181 = CARTESIAN_POINT('',(215.,185.));
#5182 = ( GEOMETRIC_REPRESENTATION_CONTEXT(2) 
PARAMETRIC_REPRESENTATION_CONTEXT() REPRESENTATION_CONTEXT('2D SPACE',''
  ) );
#5183 = PCURVE('',#5184,#5189);
#5184 = PLANE('',#5185);
#5185 = AXIS2_PLACEMENT_3D('',#5186,#5187,#5188);
#5186 = CARTESIAN_POINT('',(18.,52.,9.));
#5187 = DIRECTION('',(0.,1.,0.));
#5188 = DIRECTION('',(1.,0.,0.));
#5189 = DEFINITIONAL_REPRESENTATION('',(#5190),#5193);
#5190 = B_SPLINE_CURVE_WITH_KNOTS('',1,(#5191,#5192),.UNSPECIFIED.,.F.,
  .F.,(2,2),(-123.5,-107.5),.PIECEWISE_BEZIER_KNOTS.);
#5191 = CARTESIAN_POINT('',(16.,-4.));
#5192 = CARTESIAN_POINT('',(0.,-4.));
#5193 = ( GEOMETRIC_REPRESENTATION_CONTEXT(2) 
PARAMETRIC_REPRESENTATION_CONTEXT() REPRESENTATION_CONTEXT('2D SPACE',''
  ) );
#5194 = ORIENTED_EDGE('',*,*,#5195,.T.);
#5195 = EDGE_CURVE('',#5170,#5196,#5198,.T.);
#5196 = VERTEX_POINT('',#5197);
#5197 = CARTESIAN_POINT('',(18.,68.,13.));
#5198 = SURFACE_CURVE('',#5199,(#5203,#5209),.PCURVE_S1.);
#5199 = LINE('',#5200,#5201);
#5200 = CARTESIAN_POINT('',(18.,-32.5,13.));
#5201 = VECTOR('',#5202,1.);
#5202 = DIRECTION('',(0.,1.,0.));
#5203 = PCURVE('',#126,#5204);
#5204 = DEFINITIONAL_REPRESENTATION('',(#5205),#5208);
#5205 = B_SPLINE_CURVE_WITH_KNOTS('',1,(#5206,#5207),.UNSPECIFIED.,.F.,
  .F.,(2,2),(84.5,100.5),.PIECEWISE_BEZIER_KNOTS.);
#5206 = CARTESIAN_POINT('',(215.,185.));
#5207 = CARTESIAN_POINT('',(215.,201.));
#5208 = ( GEOMETRIC_REPRESENTATION_CONTEXT(2) 
PARAMETRIC_REPRESENTATION_CONTEXT() REPRESENTATION_CONTEXT('2D SPACE',''
  ) );
#5209 = PCURVE('',#5210,#5215);
#5210 = PLANE('',#5211);
#5211 = AXIS2_PLACEMENT_3D('',#5212,#5213,#5214);
#5212 = CARTESIAN_POINT('',(18.,68.,9.));
#5213 = DIRECTION('',(1.,0.,0.));
#5214 = DIRECTION('',(0.,-1.,0.));
#5215 = DEFINITIONAL_REPRESENTATION('',(#5216),#5219);
#5216 = B_SPLINE_CURVE_WITH_KNOTS('',1,(#5217,#5218),.UNSPECIFIED.,.F.,
  .F.,(2,2),(84.5,100.5),.PIECEWISE_BEZIER_KNOTS.);
#5217 = CARTESIAN_POINT('',(16.,-4.));
#5218 = CARTESIAN_POINT('',(0.,-4.));
#5219 = ( GEOMETRIC_REPRESENTATION_CONTEXT(2) 
PARAMETRIC_REPRESENTATION_CONTEXT() REPRESENTATION_CONTEXT('2D SPACE',''
  ) );
#5220 = ORIENTED_EDGE('',*,*,#5221,.T.);
#5221 = EDGE_CURVE('',#5196,#5142,#5222,.T.);
#5222 = SURFACE_CURVE('',#5223,(#5227,#5233),.PCURVE_S1.);
#5223 = LINE('',#5224,#5225);
#5224 = CARTESIAN_POINT('',(-81.5,68.,13.));
#5225 = VECTOR('',#5226,1.);
#5226 = DIRECTION('',(1.,0.,0.));
#5227 = PCURVE('',#126,#5228);
#5228 = DEFINITIONAL_REPRESENTATION('',(#5229),#5232);
#5229 = B_SPLINE_CURVE_WITH_KNOTS('',1,(#5230,#5231),.UNSPECIFIED.,.F.,
  .F.,(2,2),(99.5,115.5),.PIECEWISE_BEZIER_KNOTS.);
#5230 = CARTESIAN_POINT('',(215.,201.));
#5231 = CARTESIAN_POINT('',(231.,201.));
#5232 = ( GEOMETRIC_REPRESENTATION_CONTEXT(2) 
PARAMETRIC_REPRESENTATION_CONTEXT() REPRESENTATION_CONTEXT('2D SPACE',''
  ) );
#5233 = PCURVE('',#5234,#5239);
#5234 = PLANE('',#5235);
#5235 = AXIS2_PLACEMENT_3D('',#5236,#5237,#5238);
#5236 = CARTESIAN_POINT('',(34.,68.,9.));
#5237 = DIRECTION('',(0.,-1.,0.));
#5238 = DIRECTION('',(-1.,0.,0.));
#5239 = DEFINITIONAL_REPRESENTATION('',(#5240),#5243);
#5240 = B_SPLINE_CURVE_WITH_KNOTS('',1,(#5241,#5242),.UNSPECIFIED.,.F.,
  .F.,(2,2),(99.5,115.5),.PIECEWISE_BEZIER_KNOTS.);
#5241 = CARTESIAN_POINT('',(16.,-4.));
#5242 = CARTESIAN_POINT('',(0.,-4.));
#5243 = ( GEOMETRIC_REPRESENTATION_CONTEXT(2) 
PARAMETRIC_REPRESENTATION_CONTEXT() REPRESENTATION_CONTEXT('2D SPACE',''
  ) );
#5244 = FACE_BOUND('',#5245,.T.);
#5245 = EDGE_LOOP('',(#5246,#5274,#5300,#5326));
#5246 = ORIENTED_EDGE('',*,*,#5247,.T.);
#5247 = EDGE_CURVE('',#5248,#5250,#5252,.T.);
#5248 = VERTEX_POINT('',#5249);
#5249 = CARTESIAN_POINT('',(4.,98.,13.));
#5250 = VERTEX_POINT('',#5251);
#5251 = CARTESIAN_POINT('',(4.,82.,13.));
#5252 = SURFACE_CURVE('',#5253,(#5257,#5263),.PCURVE_S1.);
#5253 = LINE('',#5254,#5255);
#5254 = CARTESIAN_POINT('',(4.,-25.5,13.));
#5255 = VECTOR('',#5256,1.);
#5256 = DIRECTION('',(0.,-1.,0.));
#5257 = PCURVE('',#126,#5258);
#5258 = DEFINITIONAL_REPRESENTATION('',(#5259),#5262);
#5259 = B_SPLINE_CURVE_WITH_KNOTS('',1,(#5260,#5261),.UNSPECIFIED.,.F.,
  .F.,(2,2),(-123.5,-107.5),.PIECEWISE_BEZIER_KNOTS.);
#5260 = CARTESIAN_POINT('',(201.,231.));
#5261 = CARTESIAN_POINT('',(201.,215.));
#5262 = ( GEOMETRIC_REPRESENTATION_CONTEXT(2) 
PARAMETRIC_REPRESENTATION_CONTEXT() REPRESENTATION_CONTEXT('2D SPACE',''
  ) );
#5263 = PCURVE('',#5264,#5269);
#5264 = PLANE('',#5265);
#5265 = AXIS2_PLACEMENT_3D('',#5266,#5267,#5268);
#5266 = CARTESIAN_POINT('',(4.,82.,9.));
#5267 = DIRECTION('',(-1.,0.,0.));
#5268 = DIRECTION('',(0.,1.,0.));
#5269 = DEFINITIONAL_REPRESENTATION('',(#5270),#5273);
#5270 = B_SPLINE_CURVE_WITH_KNOTS('',1,(#5271,#5272),.UNSPECIFIED.,.F.,
  .F.,(2,2),(-123.5,-107.5),.PIECEWISE_BEZIER_KNOTS.);
#5271 = CARTESIAN_POINT('',(16.,-4.));
#5272 = CARTESIAN_POINT('',(0.,-4.));
#5273 = ( GEOMETRIC_REPRESENTATION_CONTEXT(2) 
PARAMETRIC_REPRESENTATION_CONTEXT() REPRESENTATION_CONTEXT('2D SPACE',''
  ) );
#5274 = ORIENTED_EDGE('',*,*,#5275,.T.);
#5275 = EDGE_CURVE('',#5250,#5276,#5278,.T.);
#5276 = VERTEX_POINT('',#5277);
#5277 = CARTESIAN_POINT('',(-12.,82.,13.));
#5278 = SURFACE_CURVE('',#5279,(#5283,#5289),.PCURVE_S1.);
#5279 = LINE('',#5280,#5281);
#5280 = CARTESIAN_POINT('',(-104.5,82.,13.));
#5281 = VECTOR('',#5282,1.);
#5282 = DIRECTION('',(-1.,0.,0.));
#5283 = PCURVE('',#126,#5284);
#5284 = DEFINITIONAL_REPRESENTATION('',(#5285),#5288);
#5285 = B_SPLINE_CURVE_WITH_KNOTS('',1,(#5286,#5287),.UNSPECIFIED.,.F.,
  .F.,(2,2),(-108.5,-92.5),.PIECEWISE_BEZIER_KNOTS.);
#5286 = CARTESIAN_POINT('',(201.,215.));
#5287 = CARTESIAN_POINT('',(185.,215.));
#5288 = ( GEOMETRIC_REPRESENTATION_CONTEXT(2) 
PARAMETRIC_REPRESENTATION_CONTEXT() REPRESENTATION_CONTEXT('2D SPACE',''
  ) );
#5289 = PCURVE('',#5290,#5295);
#5290 = PLANE('',#5291);
#5291 = AXIS2_PLACEMENT_3D('',#5292,#5293,#5294);
#5292 = CARTESIAN_POINT('',(-12.,82.,9.));
#5293 = DIRECTION('',(0.,1.,0.));
#5294 = DIRECTION('',(1.,0.,0.));
#5295 = DEFINITIONAL_REPRESENTATION('',(#5296),#5299);
#5296 = B_SPLINE_CURVE_WITH_KNOTS('',1,(#5297,#5298),.UNSPECIFIED.,.F.,
  .F.,(2,2),(-108.5,-92.5),.PIECEWISE_BEZIER_KNOTS.);
#5297 = CARTESIAN_POINT('',(16.,-4.));
#5298 = CARTESIAN_POINT('',(0.,-4.));
#5299 = ( GEOMETRIC_REPRESENTATION_CONTEXT(2) 
PARAMETRIC_REPRESENTATION_CONTEXT() REPRESENTATION_CONTEXT('2D SPACE',''
  ) );
#5300 = ORIENTED_EDGE('',*,*,#5301,.T.);
#5301 = EDGE_CURVE('',#5276,#5302,#5304,.T.);
#5302 = VERTEX_POINT('',#5303);
#5303 = CARTESIAN_POINT('',(-12.,98.,13.));
#5304 = SURFACE_CURVE('',#5305,(#5309,#5315),.PCURVE_S1.);
#5305 = LINE('',#5306,#5307);
#5306 = CARTESIAN_POINT('',(-12.,-17.5,13.));
#5307 = VECTOR('',#5308,1.);
#5308 = DIRECTION('',(0.,1.,0.));
#5309 = PCURVE('',#126,#5310);
#5310 = DEFINITIONAL_REPRESENTATION('',(#5311),#5314);
#5311 = B_SPLINE_CURVE_WITH_KNOTS('',1,(#5312,#5313),.UNSPECIFIED.,.F.,
  .F.,(2,2),(99.5,115.5),.PIECEWISE_BEZIER_KNOTS.);
#5312 = CARTESIAN_POINT('',(185.,215.));
#5313 = CARTESIAN_POINT('',(185.,231.));
#5314 = ( GEOMETRIC_REPRESENTATION_CONTEXT(2) 
PARAMETRIC_REPRESENTATION_CONTEXT() REPRESENTATION_CONTEXT('2D SPACE',''
  ) );
#5315 = PCURVE('',#5316,#5321);
#5316 = PLANE('',#5317);
#5317 = AXIS2_PLACEMENT_3D('',#5318,#5319,#5320);
#5318 = CARTESIAN_POINT('',(-12.,98.,9.));
#5319 = DIRECTION('',(1.,0.,0.));
#5320 = DIRECTION('',(0.,-1.,0.));
#5321 = DEFINITIONAL_REPRESENTATION('',(#5322),#5325);
#5322 = B_SPLINE_CURVE_WITH_KNOTS('',1,(#5323,#5324),.UNSPECIFIED.,.F.,
  .F.,(2,2),(99.5,115.5),.PIECEWISE_BEZIER_KNOTS.);
#5323 = CARTESIAN_POINT('',(16.,-4.));
#5324 = CARTESIAN_POINT('',(0.,-4.));
#5325 = ( GEOMETRIC_REPRESENTATION_CONTEXT(2) 
PARAMETRIC_REPRESENTATION_CONTEXT() REPRESENTATION_CONTEXT('2D SPACE',''
  ) );
#5326 = ORIENTED_EDGE('',*,*,#5327,.T.);
#5327 = EDGE_CURVE('',#5302,#5248,#5328,.T.);
#5328 = SURFACE_CURVE('',#5329,(#5333,#5339),.PCURVE_S1.);
#5329 = LINE('',#5330,#5331);
#5330 = CARTESIAN_POINT('',(-96.5,98.,13.));
#5331 = VECTOR('',#5332,1.);
#5332 = DIRECTION('',(1.,0.,0.));
#5333 = PCURVE('',#126,#5334);
#5334 = DEFINITIONAL_REPRESENTATION('',(#5335),#5338);
#5335 = B_SPLINE_CURVE_WITH_KNOTS('',1,(#5336,#5337),.UNSPECIFIED.,.F.,
  .F.,(2,2),(84.5,100.5),.PIECEWISE_BEZIER_KNOTS.);
#5336 = CARTESIAN_POINT('',(185.,231.));
#5337 = CARTESIAN_POINT('',(201.,231.));
#5338 = ( GEOMETRIC_REPRESENTATION_CONTEXT(2) 
PARAMETRIC_REPRESENTATION_CONTEXT() REPRESENTATION_CONTEXT('2D SPACE',''
  ) );
#5339 = PCURVE('',#5340,#5345);
#5340 = PLANE('',#5341);
#5341 = AXIS2_PLACEMENT_3D('',#5342,#5343,#5344);
#5342 = CARTESIAN_POINT('',(4.,98.,9.));
#5343 = DIRECTION('',(0.,-1.,0.));
#5344 = DIRECTION('',(-1.,0.,0.));
#5345 = DEFINITIONAL_REPRESENTATION('',(#5346),#5349);
#5346 = B_SPLINE_CURVE_WITH_KNOTS('',1,(#5347,#5348),.UNSPECIFIED.,.F.,
  .F.,(2,2),(84.5,100.5),.PIECEWISE_BEZIER_KNOTS.);
#5347 = CARTESIAN_POINT('',(16.,-4.));
#5348 = CARTESIAN_POINT('',(0.,-4.));
#5349 = ( GEOMETRIC_REPRESENTATION_CONTEXT(2) 
PARAMETRIC_REPRESENTATION_CONTEXT() REPRESENTATION_CONTEXT('2D SPACE',''
  ) );
#5350 = FACE_BOUND('',#5351,.T.);
#5351 = EDGE_LOOP('',(#5352,#5380,#5406,#5432));
#5352 = ORIENTED_EDGE('',*,*,#5353,.T.);
#5353 = EDGE_CURVE('',#5354,#5356,#5358,.T.);
#5354 = VERTEX_POINT('',#5355);
#5355 = CARTESIAN_POINT('',(34.,98.,13.));
#5356 = VERTEX_POINT('',#5357);
#5357 = CARTESIAN_POINT('',(34.,82.,13.));
#5358 = SURFACE_CURVE('',#5359,(#5363,#5369),.PCURVE_S1.);
#5359 = LINE('',#5360,#5361);
#5360 = CARTESIAN_POINT('',(34.,-25.5,13.));
#5361 = VECTOR('',#5362,1.);
#5362 = DIRECTION('',(0.,-1.,0.));
#5363 = PCURVE('',#126,#5364);
#5364 = DEFINITIONAL_REPRESENTATION('',(#5365),#5368);
#5365 = B_SPLINE_CURVE_WITH_KNOTS('',1,(#5366,#5367),.UNSPECIFIED.,.F.,
  .F.,(2,2),(-123.5,-107.5),.PIECEWISE_BEZIER_KNOTS.);
#5366 = CARTESIAN_POINT('',(231.,231.));
#5367 = CARTESIAN_POINT('',(231.,215.));
#5368 = ( GEOMETRIC_REPRESENTATION_CONTEXT(2) 
PARAMETRIC_REPRESENTATION_CONTEXT() REPRESENTATION_CONTEXT('2D SPACE',''
  ) );
#5369 = PCURVE('',#5370,#5375);
#5370 = PLANE('',#5371);
#5371 = AXIS2_PLACEMENT_3D('',#5372,#5373,#5374);
#5372 = CARTESIAN_POINT('',(34.,82.,9.));
#5373 = DIRECTION('',(-1.,0.,0.));
#5374 = DIRECTION('',(0.,1.,0.));
#5375 = DEFINITIONAL_REPRESENTATION('',(#5376),#5379);
#5376 = B_SPLINE_CURVE_WITH_KNOTS('',1,(#5377,#5378),.UNSPECIFIED.,.F.,
  .F.,(2,2),(-123.5,-107.5),.PIECEWISE_BEZIER_KNOTS.);
#5377 = CARTESIAN_POINT('',(16.,-4.));
#5378 = CARTESIAN_POINT('',(0.,-4.));
#5379 = ( GEOMETRIC_REPRESENTATION_CONTEXT(2) 
PARAMETRIC_REPRESENTATION_CONTEXT() REPRESENTATION_CONTEXT('2D SPACE',''
  ) );
#5380 = ORIENTED_EDGE('',*,*,#5381,.T.);
#5381 = EDGE_CURVE('',#5356,#5382,#5384,.T.);
#5382 = VERTEX_POINT('',#5383);
#5383 = CARTESIAN_POINT('',(18.,82.,13.));
#5384 = SURFACE_CURVE('',#5385,(#5389,#5395),.PCURVE_S1.);
#5385 = LINE('',#5386,#5387);
#5386 = CARTESIAN_POINT('',(-89.5,82.,13.));
#5387 = VECTOR('',#5388,1.);
#5388 = DIRECTION('',(-1.,0.,0.));
#5389 = PCURVE('',#126,#5390);
#5390 = DEFINITIONAL_REPRESENTATION('',(#5391),#5394);
#5391 = B_SPLINE_CURVE_WITH_KNOTS('',1,(#5392,#5393),.UNSPECIFIED.,.F.,
  .F.,(2,2),(-123.5,-107.5),.PIECEWISE_BEZIER_KNOTS.);
#5392 = CARTESIAN_POINT('',(231.,215.));
#5393 = CARTESIAN_POINT('',(215.,215.));
#5394 = ( GEOMETRIC_REPRESENTATION_CONTEXT(2) 
PARAMETRIC_REPRESENTATION_CONTEXT() REPRESENTATION_CONTEXT('2D SPACE',''
  ) );
#5395 = PCURVE('',#5396,#5401);
#5396 = PLANE('',#5397);
#5397 = AXIS2_PLACEMENT_3D('',#5398,#5399,#5400);
#5398 = CARTESIAN_POINT('',(18.,82.,9.));
#5399 = DIRECTION('',(0.,1.,0.));
#5400 = DIRECTION('',(1.,0.,0.));
#5401 = DEFINITIONAL_REPRESENTATION('',(#5402),#5405);
#5402 = B_SPLINE_CURVE_WITH_KNOTS('',1,(#5403,#5404),.UNSPECIFIED.,.F.,
  .F.,(2,2),(-123.5,-107.5),.PIECEWISE_BEZIER_KNOTS.);
#5403 = CARTESIAN_POINT('',(16.,-4.));
#5404 = CARTESIAN_POINT('',(0.,-4.));
#5405 = ( GEOMETRIC_REPRESENTATION_CONTEXT(2) 
PARAMETRIC_REPRESENTATION_CONTEXT() REPRESENTATION_CONTEXT('2D SPACE',''
  ) );
#5406 = ORIENTED_EDGE('',*,*,#5407,.T.);
#5407 = EDGE_CURVE('',#5382,#5408,#5410,.T.);
#5408 = VERTEX_POINT('',#5409);
#5409 = CARTESIAN_POINT('',(18.,98.,13.));
#5410 = SURFACE_CURVE('',#5411,(#5415,#5421),.PCURVE_S1.);
#5411 = LINE('',#5412,#5413);
#5412 = CARTESIAN_POINT('',(18.,-17.5,13.));
#5413 = VECTOR('',#5414,1.);
#5414 = DIRECTION('',(0.,1.,0.));
#5415 = PCURVE('',#126,#5416);
#5416 = DEFINITIONAL_REPRESENTATION('',(#5417),#5420);
#5417 = B_SPLINE_CURVE_WITH_KNOTS('',1,(#5418,#5419),.UNSPECIFIED.,.F.,
  .F.,(2,2),(99.5,115.5),.PIECEWISE_BEZIER_KNOTS.);
#5418 = CARTESIAN_POINT('',(215.,215.));
#5419 = CARTESIAN_POINT('',(215.,231.));
#5420 = ( GEOMETRIC_REPRESENTATION_CONTEXT(2) 
PARAMETRIC_REPRESENTATION_CONTEXT() REPRESENTATION_CONTEXT('2D SPACE',''
  ) );
#5421 = PCURVE('',#5422,#5427);
#5422 = PLANE('',#5423);
#5423 = AXIS2_PLACEMENT_3D('',#5424,#5425,#5426);
#5424 = CARTESIAN_POINT('',(18.,98.,9.));
#5425 = DIRECTION('',(1.,0.,0.));
#5426 = DIRECTION('',(0.,-1.,0.));
#5427 = DEFINITIONAL_REPRESENTATION('',(#5428),#5431);
#5428 = B_SPLINE_CURVE_WITH_KNOTS('',1,(#5429,#5430),.UNSPECIFIED.,.F.,
  .F.,(2,2),(99.5,115.5),.PIECEWISE_BEZIER_KNOTS.);
#5429 = CARTESIAN_POINT('',(16.,-4.));
#5430 = CARTESIAN_POINT('',(0.,-4.));
#5431 = ( GEOMETRIC_REPRESENTATION_CONTEXT(2) 
PARAMETRIC_REPRESENTATION_CONTEXT() REPRESENTATION_CONTEXT('2D SPACE',''
  ) );
#5432 = ORIENTED_EDGE('',*,*,#5433,.T.);
#5433 = EDGE_CURVE('',#5408,#5354,#5434,.T.);
#5434 = SURFACE_CURVE('',#5435,(#5439,#5445),.PCURVE_S1.);
#5435 = LINE('',#5436,#5437);
#5436 = CARTESIAN_POINT('',(-81.5,98.,13.));
#5437 = VECTOR('',#5438,1.);
#5438 = DIRECTION('',(1.,0.,0.));
#5439 = PCURVE('',#126,#5440);
#5440 = DEFINITIONAL_REPRESENTATION('',(#5441),#5444);
#5441 = B_SPLINE_CURVE_WITH_KNOTS('',1,(#5442,#5443),.UNSPECIFIED.,.F.,
  .F.,(2,2),(99.5,115.5),.PIECEWISE_BEZIER_KNOTS.);
#5442 = CARTESIAN_POINT('',(215.,231.));
#5443 = CARTESIAN_POINT('',(231.,231.));
#5444 = ( GEOMETRIC_REPRESENTATION_CONTEXT(2) 
PARAMETRIC_REPRESENTATION_CONTEXT() REPRESENTATION_CONTEXT('2D SPACE',''
  ) );
#5445 = PCURVE('',#5446,#5451);
#5446 = PLANE('',#5447);
#5447 = AXIS2_PLACEMENT_3D('',#5448,#5449,#5450);
#5448 = CARTESIAN_POINT('',(34.,98.,9.));
#5449 = DIRECTION('',(0.,-1.,0.));
#5450 = DIRECTION('',(-1.,0.,0.));
#5451 = DEFINITIONAL_REPRESENTATION('',(#5452),#5455);
#5452 = B_SPLINE_CURVE_WITH_KNOTS('',1,(#5453,#5454),.UNSPECIFIED.,.F.,
  .F.,(2,2),(99.5,115.5),.PIECEWISE_BEZIER_KNOTS.);
#5453 = CARTESIAN_POINT('',(16.,-4.));
#5454 = CARTESIAN_POINT('',(0.,-4.));
#5455 = ( GEOMETRIC_REPRESENTATION_CONTEXT(2) 
PARAMETRIC_REPRESENTATION_CONTEXT() REPRESENTATION_CONTEXT('2D SPACE',''
  ) );
#5456 = ADVANCED_FACE('',(#5457),#100,.T.);
#5457 = FACE_BOUND('',#5458,.T.);
#5458 = EDGE_LOOP('',(#5459,#5482,#5483,#5484));
#5459 = ORIENTED_EDGE('',*,*,#5460,.F.);
#5460 = EDGE_CURVE('',#57,#5461,#5463,.T.);
#5461 = VERTEX_POINT('',#5462);
#5462 = CARTESIAN_POINT('',(69.,133.,10.));
#5463 = SURFACE_CURVE('',#5464,(#5468,#5475),.PCURVE_S1.);
#5464 = LINE('',#5465,#5466);
#5465 = CARTESIAN_POINT('',(-197.,133.,10.));
#5466 = VECTOR('',#5467,1.);
#5467 = DIRECTION('',(1.,0.,0.));
#5468 = PCURVE('',#100,#5469);
#5469 = DEFINITIONAL_REPRESENTATION('',(#5470),#5474);
#5470 = LINE('',#5471,#5472);
#5471 = CARTESIAN_POINT('',(0.,0.));
#5472 = VECTOR('',#5473,1.);
#5473 = DIRECTION('',(0.,1.));
#5474 = ( GEOMETRIC_REPRESENTATION_CONTEXT(2) 
PARAMETRIC_REPRESENTATION_CONTEXT() REPRESENTATION_CONTEXT('2D SPACE',''
  ) );
#5475 = PCURVE('',#72,#5476);
#5476 = DEFINITIONAL_REPRESENTATION('',(#5477),#5481);
#5477 = LINE('',#5478,#5479);
#5478 = CARTESIAN_POINT('',(0.,266.));
#5479 = VECTOR('',#5480,1.);
#5480 = DIRECTION('',(1.,0.));
#5481 = ( GEOMETRIC_REPRESENTATION_CONTEXT(2) 
PARAMETRIC_REPRESENTATION_CONTEXT() REPRESENTATION_CONTEXT('2D SPACE',''
  ) );
#5482 = ORIENTED_EDGE('',*,*,#84,.T.);
#5483 = ORIENTED_EDGE('',*,*,#242,.T.);
#5484 = ORIENTED_EDGE('',*,*,#5485,.F.);
#5485 = EDGE_CURVE('',#5461,#220,#5486,.T.);
#5486 = SURFACE_CURVE('',#5487,(#5491,#5498),.PCURVE_S1.);
#5487 = LINE('',#5488,#5489);
#5488 = CARTESIAN_POINT('',(69.,133.,10.));
#5489 = VECTOR('',#5490,1.);
#5490 = DIRECTION('',(0.,0.,1.));
#5491 = PCURVE('',#100,#5492);
#5492 = DEFINITIONAL_REPRESENTATION('',(#5493),#5497);
#5493 = LINE('',#5494,#5495);
#5494 = CARTESIAN_POINT('',(0.,266.));
#5495 = VECTOR('',#5496,1.);
#5496 = DIRECTION('',(1.,0.));
#5497 = ( GEOMETRIC_REPRESENTATION_CONTEXT(2) 
PARAMETRIC_REPRESENTATION_CONTEXT() REPRESENTATION_CONTEXT('2D SPACE',''
  ) );
#5498 = PCURVE('',#202,#5499);
#5499 = DEFINITIONAL_REPRESENTATION('',(#5500),#5504);
#5500 = LINE('',#5501,#5502);
#5501 = CARTESIAN_POINT('',(0.,-266.));
#5502 = VECTOR('',#5503,1.);
#5503 = DIRECTION('',(1.,0.));
#5504 = ( GEOMETRIC_REPRESENTATION_CONTEXT(2) 
PARAMETRIC_REPRESENTATION_CONTEXT() REPRESENTATION_CONTEXT('2D SPACE',''
  ) );
#5505 = ADVANCED_FACE('',(#5506,#5532,#5618,#5704,#5790,#5876,#5962,
    #6048,#6134,#6220,#6306,#6392,#6478,#6564,#6650,#6736,#6822,#6908,
    #6994,#7080,#7166,#7252,#7338,#7424,#7510,#7596,#7682,#7768,#7854,
    #7940,#8026,#8112,#8198,#8284,#8370,#8456,#8542,#8628,#8714,#8800,
    #8886,#8972,#9058,#9144,#9230,#9316,#9402,#9488,#9574,#9660),#72,.F.
  );
#5506 = FACE_BOUND('',#5507,.F.);
#5507 = EDGE_LOOP('',(#5508,#5509,#5510,#5531));
#5508 = ORIENTED_EDGE('',*,*,#56,.F.);
#5509 = ORIENTED_EDGE('',*,*,#141,.T.);
#5510 = ORIENTED_EDGE('',*,*,#5511,.T.);
#5511 = EDGE_CURVE('',#142,#5461,#5512,.T.);
#5512 = SURFACE_CURVE('',#5513,(#5517,#5524),.PCURVE_S1.);
#5513 = LINE('',#5514,#5515);
#5514 = CARTESIAN_POINT('',(69.,-133.,10.));
#5515 = VECTOR('',#5516,1.);
#5516 = DIRECTION('',(0.,1.,0.));
#5517 = PCURVE('',#72,#5518);
#5518 = DEFINITIONAL_REPRESENTATION('',(#5519),#5523);
#5519 = LINE('',#5520,#5521);
#5520 = CARTESIAN_POINT('',(266.,0.));
#5521 = VECTOR('',#5522,1.);
#5522 = DIRECTION('',(0.,1.));
#5523 = ( GEOMETRIC_REPRESENTATION_CONTEXT(2) 
PARAMETRIC_REPRESENTATION_CONTEXT() REPRESENTATION_CONTEXT('2D SPACE',''
  ) );
#5524 = PCURVE('',#202,#5525);
#5525 = DEFINITIONAL_REPRESENTATION('',(#5526),#5530);
#5526 = LINE('',#5527,#5528);
#5527 = CARTESIAN_POINT('',(0.,0.));
#5528 = VECTOR('',#5529,1.);
#5529 = DIRECTION('',(0.,-1.));
#5530 = ( GEOMETRIC_REPRESENTATION_CONTEXT(2) 
PARAMETRIC_REPRESENTATION_CONTEXT() REPRESENTATION_CONTEXT('2D SPACE',''
  ) );
#5531 = ORIENTED_EDGE('',*,*,#5460,.F.);
#5532 = FACE_BOUND('',#5533,.F.);
#5533 = EDGE_LOOP('',(#5534,#5557,#5578,#5599));
#5534 = ORIENTED_EDGE('',*,*,#5535,.T.);
#5535 = EDGE_CURVE('',#5536,#5538,#5540,.T.);
#5536 = VERTEX_POINT('',#5537);
#5537 = CARTESIAN_POINT('',(-146.,-82.,10.));
#5538 = VERTEX_POINT('',#5539);
#5539 = CARTESIAN_POINT('',(-146.,-98.,10.));
#5540 = SURFACE_CURVE('',#5541,(#5545,#5551),.PCURVE_S1.);
#5541 = LINE('',#5542,#5543);
#5542 = CARTESIAN_POINT('',(-146.,-115.5,10.));
#5543 = VECTOR('',#5544,1.);
#5544 = DIRECTION('',(0.,-1.,0.));
#5545 = PCURVE('',#72,#5546);
#5546 = DEFINITIONAL_REPRESENTATION('',(#5547),#5550);
#5547 = B_SPLINE_CURVE_WITH_KNOTS('',1,(#5548,#5549),.UNSPECIFIED.,.F.,
  .F.,(2,2),(-33.5,-17.5),.PIECEWISE_BEZIER_KNOTS.);
#5548 = CARTESIAN_POINT('',(51.,51.));
#5549 = CARTESIAN_POINT('',(51.,35.));
#5550 = ( GEOMETRIC_REPRESENTATION_CONTEXT(2) 
PARAMETRIC_REPRESENTATION_CONTEXT() REPRESENTATION_CONTEXT('2D SPACE',''
  ) );
#5551 = PCURVE('',#282,#5552);
#5552 = DEFINITIONAL_REPRESENTATION('',(#5553),#5556);
#5553 = B_SPLINE_CURVE_WITH_KNOTS('',1,(#5554,#5555),.UNSPECIFIED.,.F.,
  .F.,(2,2),(-33.5,-17.5),.PIECEWISE_BEZIER_KNOTS.);
#5554 = CARTESIAN_POINT('',(16.,-1.));
#5555 = CARTESIAN_POINT('',(0.,-1.));
#5556 = ( GEOMETRIC_REPRESENTATION_CONTEXT(2) 
PARAMETRIC_REPRESENTATION_CONTEXT() REPRESENTATION_CONTEXT('2D SPACE',''
  ) );
#5557 = ORIENTED_EDGE('',*,*,#5558,.T.);
#5558 = EDGE_CURVE('',#5538,#5559,#5561,.T.);
#5559 = VERTEX_POINT('',#5560);
#5560 = CARTESIAN_POINT('',(-162.,-98.,10.));
#5561 = SURFACE_CURVE('',#5562,(#5566,#5572),.PCURVE_S1.);
#5562 = LINE('',#5563,#5564);
#5563 = CARTESIAN_POINT('',(-179.5,-98.,10.));
#5564 = VECTOR('',#5565,1.);
#5565 = DIRECTION('',(-1.,0.,0.));
#5566 = PCURVE('',#72,#5567);
#5567 = DEFINITIONAL_REPRESENTATION('',(#5568),#5571);
#5568 = B_SPLINE_CURVE_WITH_KNOTS('',1,(#5569,#5570),.UNSPECIFIED.,.F.,
  .F.,(2,2),(-33.5,-17.5),.PIECEWISE_BEZIER_KNOTS.);
#5569 = CARTESIAN_POINT('',(51.,35.));
#5570 = CARTESIAN_POINT('',(35.,35.));
#5571 = ( GEOMETRIC_REPRESENTATION_CONTEXT(2) 
PARAMETRIC_REPRESENTATION_CONTEXT() REPRESENTATION_CONTEXT('2D SPACE',''
  ) );
#5572 = PCURVE('',#308,#5573);
#5573 = DEFINITIONAL_REPRESENTATION('',(#5574),#5577);
#5574 = B_SPLINE_CURVE_WITH_KNOTS('',1,(#5575,#5576),.UNSPECIFIED.,.F.,
  .F.,(2,2),(-33.5,-17.5),.PIECEWISE_BEZIER_KNOTS.);
#5575 = CARTESIAN_POINT('',(16.,-1.));
#5576 = CARTESIAN_POINT('',(0.,-1.));
#5577 = ( GEOMETRIC_REPRESENTATION_CONTEXT(2) 
PARAMETRIC_REPRESENTATION_CONTEXT() REPRESENTATION_CONTEXT('2D SPACE',''
  ) );
#5578 = ORIENTED_EDGE('',*,*,#5579,.T.);
#5579 = EDGE_CURVE('',#5559,#5580,#5582,.T.);
#5580 = VERTEX_POINT('',#5581);
#5581 = CARTESIAN_POINT('',(-162.,-82.,10.));
#5582 = SURFACE_CURVE('',#5583,(#5587,#5593),.PCURVE_S1.);
#5583 = LINE('',#5584,#5585);
#5584 = CARTESIAN_POINT('',(-162.,-107.5,10.));
#5585 = VECTOR('',#5586,1.);
#5586 = DIRECTION('',(0.,1.,0.));
#5587 = PCURVE('',#72,#5588);
#5588 = DEFINITIONAL_REPRESENTATION('',(#5589),#5592);
#5589 = B_SPLINE_CURVE_WITH_KNOTS('',1,(#5590,#5591),.UNSPECIFIED.,.F.,
  .F.,(2,2),(9.5,25.5),.PIECEWISE_BEZIER_KNOTS.);
#5590 = CARTESIAN_POINT('',(35.,35.));
#5591 = CARTESIAN_POINT('',(35.,51.));
#5592 = ( GEOMETRIC_REPRESENTATION_CONTEXT(2) 
PARAMETRIC_REPRESENTATION_CONTEXT() REPRESENTATION_CONTEXT('2D SPACE',''
  ) );
#5593 = PCURVE('',#334,#5594);
#5594 = DEFINITIONAL_REPRESENTATION('',(#5595),#5598);
#5595 = B_SPLINE_CURVE_WITH_KNOTS('',1,(#5596,#5597),.UNSPECIFIED.,.F.,
  .F.,(2,2),(9.5,25.5),.PIECEWISE_BEZIER_KNOTS.);
#5596 = CARTESIAN_POINT('',(16.,-1.));
#5597 = CARTESIAN_POINT('',(0.,-1.));
#5598 = ( GEOMETRIC_REPRESENTATION_CONTEXT(2) 
PARAMETRIC_REPRESENTATION_CONTEXT() REPRESENTATION_CONTEXT('2D SPACE',''
  ) );
#5599 = ORIENTED_EDGE('',*,*,#5600,.T.);
#5600 = EDGE_CURVE('',#5580,#5536,#5601,.T.);
#5601 = SURFACE_CURVE('',#5602,(#5606,#5612),.PCURVE_S1.);
#5602 = LINE('',#5603,#5604);
#5603 = CARTESIAN_POINT('',(-171.5,-82.,10.));
#5604 = VECTOR('',#5605,1.);
#5605 = DIRECTION('',(1.,0.,0.));
#5606 = PCURVE('',#72,#5607);
#5607 = DEFINITIONAL_REPRESENTATION('',(#5608),#5611);
#5608 = B_SPLINE_CURVE_WITH_KNOTS('',1,(#5609,#5610),.UNSPECIFIED.,.F.,
  .F.,(2,2),(9.5,25.5),.PIECEWISE_BEZIER_KNOTS.);
#5609 = CARTESIAN_POINT('',(35.,51.));
#5610 = CARTESIAN_POINT('',(51.,51.));
#5611 = ( GEOMETRIC_REPRESENTATION_CONTEXT(2) 
PARAMETRIC_REPRESENTATION_CONTEXT() REPRESENTATION_CONTEXT('2D SPACE',''
  ) );
#5612 = PCURVE('',#358,#5613);
#5613 = DEFINITIONAL_REPRESENTATION('',(#5614),#5617);
#5614 = B_SPLINE_CURVE_WITH_KNOTS('',1,(#5615,#5616),.UNSPECIFIED.,.F.,
  .F.,(2,2),(9.5,25.5),.PIECEWISE_BEZIER_KNOTS.);
#5615 = CARTESIAN_POINT('',(16.,-1.));
#5616 = CARTESIAN_POINT('',(0.,-1.));
#5617 = ( GEOMETRIC_REPRESENTATION_CONTEXT(2) 
PARAMETRIC_REPRESENTATION_CONTEXT() REPRESENTATION_CONTEXT('2D SPACE',''
  ) );
#5618 = FACE_BOUND('',#5619,.F.);
#5619 = EDGE_LOOP('',(#5620,#5643,#5664,#5685));
#5620 = ORIENTED_EDGE('',*,*,#5621,.T.);
#5621 = EDGE_CURVE('',#5622,#5624,#5626,.T.);
#5622 = VERTEX_POINT('',#5623);
#5623 = CARTESIAN_POINT('',(-116.,-82.,10.));
#5624 = VERTEX_POINT('',#5625);
#5625 = CARTESIAN_POINT('',(-116.,-98.,10.));
#5626 = SURFACE_CURVE('',#5627,(#5631,#5637),.PCURVE_S1.);
#5627 = LINE('',#5628,#5629);
#5628 = CARTESIAN_POINT('',(-116.,-115.5,10.));
#5629 = VECTOR('',#5630,1.);
#5630 = DIRECTION('',(0.,-1.,0.));
#5631 = PCURVE('',#72,#5632);
#5632 = DEFINITIONAL_REPRESENTATION('',(#5633),#5636);
#5633 = B_SPLINE_CURVE_WITH_KNOTS('',1,(#5634,#5635),.UNSPECIFIED.,.F.,
  .F.,(2,2),(-33.5,-17.5),.PIECEWISE_BEZIER_KNOTS.);
#5634 = CARTESIAN_POINT('',(81.,51.));
#5635 = CARTESIAN_POINT('',(81.,35.));
#5636 = ( GEOMETRIC_REPRESENTATION_CONTEXT(2) 
PARAMETRIC_REPRESENTATION_CONTEXT() REPRESENTATION_CONTEXT('2D SPACE',''
  ) );
#5637 = PCURVE('',#388,#5638);
#5638 = DEFINITIONAL_REPRESENTATION('',(#5639),#5642);
#5639 = B_SPLINE_CURVE_WITH_KNOTS('',1,(#5640,#5641),.UNSPECIFIED.,.F.,
  .F.,(2,2),(-33.5,-17.5),.PIECEWISE_BEZIER_KNOTS.);
#5640 = CARTESIAN_POINT('',(16.,-1.));
#5641 = CARTESIAN_POINT('',(0.,-1.));
#5642 = ( GEOMETRIC_REPRESENTATION_CONTEXT(2) 
PARAMETRIC_REPRESENTATION_CONTEXT() REPRESENTATION_CONTEXT('2D SPACE',''
  ) );
#5643 = ORIENTED_EDGE('',*,*,#5644,.T.);
#5644 = EDGE_CURVE('',#5624,#5645,#5647,.T.);
#5645 = VERTEX_POINT('',#5646);
#5646 = CARTESIAN_POINT('',(-132.,-98.,10.));
#5647 = SURFACE_CURVE('',#5648,(#5652,#5658),.PCURVE_S1.);
#5648 = LINE('',#5649,#5650);
#5649 = CARTESIAN_POINT('',(-164.5,-98.,10.));
#5650 = VECTOR('',#5651,1.);
#5651 = DIRECTION('',(-1.,0.,0.));
#5652 = PCURVE('',#72,#5653);
#5653 = DEFINITIONAL_REPRESENTATION('',(#5654),#5657);
#5654 = B_SPLINE_CURVE_WITH_KNOTS('',1,(#5655,#5656),.UNSPECIFIED.,.F.,
  .F.,(2,2),(-48.5,-32.5),.PIECEWISE_BEZIER_KNOTS.);
#5655 = CARTESIAN_POINT('',(81.,35.));
#5656 = CARTESIAN_POINT('',(65.,35.));
#5657 = ( GEOMETRIC_REPRESENTATION_CONTEXT(2) 
PARAMETRIC_REPRESENTATION_CONTEXT() REPRESENTATION_CONTEXT('2D SPACE',''
  ) );
#5658 = PCURVE('',#414,#5659);
#5659 = DEFINITIONAL_REPRESENTATION('',(#5660),#5663);
#5660 = B_SPLINE_CURVE_WITH_KNOTS('',1,(#5661,#5662),.UNSPECIFIED.,.F.,
  .F.,(2,2),(-48.5,-32.5),.PIECEWISE_BEZIER_KNOTS.);
#5661 = CARTESIAN_POINT('',(16.,-1.));
#5662 = CARTESIAN_POINT('',(0.,-1.));
#5663 = ( GEOMETRIC_REPRESENTATION_CONTEXT(2) 
PARAMETRIC_REPRESENTATION_CONTEXT() REPRESENTATION_CONTEXT('2D SPACE',''
  ) );
#5664 = ORIENTED_EDGE('',*,*,#5665,.T.);
#5665 = EDGE_CURVE('',#5645,#5666,#5668,.T.);
#5666 = VERTEX_POINT('',#5667);
#5667 = CARTESIAN_POINT('',(-132.,-82.,10.));
#5668 = SURFACE_CURVE('',#5669,(#5673,#5679),.PCURVE_S1.);
#5669 = LINE('',#5670,#5671);
#5670 = CARTESIAN_POINT('',(-132.,-107.5,10.));
#5671 = VECTOR('',#5672,1.);
#5672 = DIRECTION('',(0.,1.,0.));
#5673 = PCURVE('',#72,#5674);
#5674 = DEFINITIONAL_REPRESENTATION('',(#5675),#5678);
#5675 = B_SPLINE_CURVE_WITH_KNOTS('',1,(#5676,#5677),.UNSPECIFIED.,.F.,
  .F.,(2,2),(9.5,25.5),.PIECEWISE_BEZIER_KNOTS.);
#5676 = CARTESIAN_POINT('',(65.,35.));
#5677 = CARTESIAN_POINT('',(65.,51.));
#5678 = ( GEOMETRIC_REPRESENTATION_CONTEXT(2) 
PARAMETRIC_REPRESENTATION_CONTEXT() REPRESENTATION_CONTEXT('2D SPACE',''
  ) );
#5679 = PCURVE('',#440,#5680);
#5680 = DEFINITIONAL_REPRESENTATION('',(#5681),#5684);
#5681 = B_SPLINE_CURVE_WITH_KNOTS('',1,(#5682,#5683),.UNSPECIFIED.,.F.,
  .F.,(2,2),(9.5,25.5),.PIECEWISE_BEZIER_KNOTS.);
#5682 = CARTESIAN_POINT('',(16.,-1.));
#5683 = CARTESIAN_POINT('',(0.,-1.));
#5684 = ( GEOMETRIC_REPRESENTATION_CONTEXT(2) 
PARAMETRIC_REPRESENTATION_CONTEXT() REPRESENTATION_CONTEXT('2D SPACE',''
  ) );
#5685 = ORIENTED_EDGE('',*,*,#5686,.T.);
#5686 = EDGE_CURVE('',#5666,#5622,#5687,.T.);
#5687 = SURFACE_CURVE('',#5688,(#5692,#5698),.PCURVE_S1.);
#5688 = LINE('',#5689,#5690);
#5689 = CARTESIAN_POINT('',(-156.5,-82.,10.));
#5690 = VECTOR('',#5691,1.);
#5691 = DIRECTION('',(1.,0.,0.));
#5692 = PCURVE('',#72,#5693);
#5693 = DEFINITIONAL_REPRESENTATION('',(#5694),#5697);
#5694 = B_SPLINE_CURVE_WITH_KNOTS('',1,(#5695,#5696),.UNSPECIFIED.,.F.,
  .F.,(2,2),(24.5,40.5),.PIECEWISE_BEZIER_KNOTS.);
#5695 = CARTESIAN_POINT('',(65.,51.));
#5696 = CARTESIAN_POINT('',(81.,51.));
#5697 = ( GEOMETRIC_REPRESENTATION_CONTEXT(2) 
PARAMETRIC_REPRESENTATION_CONTEXT() REPRESENTATION_CONTEXT('2D SPACE',''
  ) );
#5698 = PCURVE('',#464,#5699);
#5699 = DEFINITIONAL_REPRESENTATION('',(#5700),#5703);
#5700 = B_SPLINE_CURVE_WITH_KNOTS('',1,(#5701,#5702),.UNSPECIFIED.,.F.,
  .F.,(2,2),(24.5,40.5),.PIECEWISE_BEZIER_KNOTS.);
#5701 = CARTESIAN_POINT('',(16.,-1.));
#5702 = CARTESIAN_POINT('',(0.,-1.));
#5703 = ( GEOMETRIC_REPRESENTATION_CONTEXT(2) 
PARAMETRIC_REPRESENTATION_CONTEXT() REPRESENTATION_CONTEXT('2D SPACE',''
  ) );
#5704 = FACE_BOUND('',#5705,.F.);
#5705 = EDGE_LOOP('',(#5706,#5729,#5750,#5771));
#5706 = ORIENTED_EDGE('',*,*,#5707,.T.);
#5707 = EDGE_CURVE('',#5708,#5710,#5712,.T.);
#5708 = VERTEX_POINT('',#5709);
#5709 = CARTESIAN_POINT('',(-146.,-52.,10.));
#5710 = VERTEX_POINT('',#5711);
#5711 = CARTESIAN_POINT('',(-146.,-68.,10.));
#5712 = SURFACE_CURVE('',#5713,(#5717,#5723),.PCURVE_S1.);
#5713 = LINE('',#5714,#5715);
#5714 = CARTESIAN_POINT('',(-146.,-100.5,10.));
#5715 = VECTOR('',#5716,1.);
#5716 = DIRECTION('',(0.,-1.,0.));
#5717 = PCURVE('',#72,#5718);
#5718 = DEFINITIONAL_REPRESENTATION('',(#5719),#5722);
#5719 = B_SPLINE_CURVE_WITH_KNOTS('',1,(#5720,#5721),.UNSPECIFIED.,.F.,
  .F.,(2,2),(-48.5,-32.5),.PIECEWISE_BEZIER_KNOTS.);
#5720 = CARTESIAN_POINT('',(51.,81.));
#5721 = CARTESIAN_POINT('',(51.,65.));
#5722 = ( GEOMETRIC_REPRESENTATION_CONTEXT(2) 
PARAMETRIC_REPRESENTATION_CONTEXT() REPRESENTATION_CONTEXT('2D SPACE',''
  ) );
#5723 = PCURVE('',#494,#5724);
#5724 = DEFINITIONAL_REPRESENTATION('',(#5725),#5728);
#5725 = B_SPLINE_CURVE_WITH_KNOTS('',1,(#5726,#5727),.UNSPECIFIED.,.F.,
  .F.,(2,2),(-48.5,-32.5),.PIECEWISE_BEZIER_KNOTS.);
#5726 = CARTESIAN_POINT('',(16.,-1.));
#5727 = CARTESIAN_POINT('',(0.,-1.));
#5728 = ( GEOMETRIC_REPRESENTATION_CONTEXT(2) 
PARAMETRIC_REPRESENTATION_CONTEXT() REPRESENTATION_CONTEXT('2D SPACE',''
  ) );
#5729 = ORIENTED_EDGE('',*,*,#5730,.T.);
#5730 = EDGE_CURVE('',#5710,#5731,#5733,.T.);
#5731 = VERTEX_POINT('',#5732);
#5732 = CARTESIAN_POINT('',(-162.,-68.,10.));
#5733 = SURFACE_CURVE('',#5734,(#5738,#5744),.PCURVE_S1.);
#5734 = LINE('',#5735,#5736);
#5735 = CARTESIAN_POINT('',(-179.5,-68.,10.));
#5736 = VECTOR('',#5737,1.);
#5737 = DIRECTION('',(-1.,0.,0.));
#5738 = PCURVE('',#72,#5739);
#5739 = DEFINITIONAL_REPRESENTATION('',(#5740),#5743);
#5740 = B_SPLINE_CURVE_WITH_KNOTS('',1,(#5741,#5742),.UNSPECIFIED.,.F.,
  .F.,(2,2),(-33.5,-17.5),.PIECEWISE_BEZIER_KNOTS.);
#5741 = CARTESIAN_POINT('',(51.,65.));
#5742 = CARTESIAN_POINT('',(35.,65.));
#5743 = ( GEOMETRIC_REPRESENTATION_CONTEXT(2) 
PARAMETRIC_REPRESENTATION_CONTEXT() REPRESENTATION_CONTEXT('2D SPACE',''
  ) );
#5744 = PCURVE('',#520,#5745);
#5745 = DEFINITIONAL_REPRESENTATION('',(#5746),#5749);
#5746 = B_SPLINE_CURVE_WITH_KNOTS('',1,(#5747,#5748),.UNSPECIFIED.,.F.,
  .F.,(2,2),(-33.5,-17.5),.PIECEWISE_BEZIER_KNOTS.);
#5747 = CARTESIAN_POINT('',(16.,-1.));
#5748 = CARTESIAN_POINT('',(0.,-1.));
#5749 = ( GEOMETRIC_REPRESENTATION_CONTEXT(2) 
PARAMETRIC_REPRESENTATION_CONTEXT() REPRESENTATION_CONTEXT('2D SPACE',''
  ) );
#5750 = ORIENTED_EDGE('',*,*,#5751,.T.);
#5751 = EDGE_CURVE('',#5731,#5752,#5754,.T.);
#5752 = VERTEX_POINT('',#5753);
#5753 = CARTESIAN_POINT('',(-162.,-52.,10.));
#5754 = SURFACE_CURVE('',#5755,(#5759,#5765),.PCURVE_S1.);
#5755 = LINE('',#5756,#5757);
#5756 = CARTESIAN_POINT('',(-162.,-92.5,10.));
#5757 = VECTOR('',#5758,1.);
#5758 = DIRECTION('',(0.,1.,0.));
#5759 = PCURVE('',#72,#5760);
#5760 = DEFINITIONAL_REPRESENTATION('',(#5761),#5764);
#5761 = B_SPLINE_CURVE_WITH_KNOTS('',1,(#5762,#5763),.UNSPECIFIED.,.F.,
  .F.,(2,2),(24.5,40.5),.PIECEWISE_BEZIER_KNOTS.);
#5762 = CARTESIAN_POINT('',(35.,65.));
#5763 = CARTESIAN_POINT('',(35.,81.));
#5764 = ( GEOMETRIC_REPRESENTATION_CONTEXT(2) 
PARAMETRIC_REPRESENTATION_CONTEXT() REPRESENTATION_CONTEXT('2D SPACE',''
  ) );
#5765 = PCURVE('',#546,#5766);
#5766 = DEFINITIONAL_REPRESENTATION('',(#5767),#5770);
#5767 = B_SPLINE_CURVE_WITH_KNOTS('',1,(#5768,#5769),.UNSPECIFIED.,.F.,
  .F.,(2,2),(24.5,40.5),.PIECEWISE_BEZIER_KNOTS.);
#5768 = CARTESIAN_POINT('',(16.,-1.));
#5769 = CARTESIAN_POINT('',(0.,-1.));
#5770 = ( GEOMETRIC_REPRESENTATION_CONTEXT(2) 
PARAMETRIC_REPRESENTATION_CONTEXT() REPRESENTATION_CONTEXT('2D SPACE',''
  ) );
#5771 = ORIENTED_EDGE('',*,*,#5772,.T.);
#5772 = EDGE_CURVE('',#5752,#5708,#5773,.T.);
#5773 = SURFACE_CURVE('',#5774,(#5778,#5784),.PCURVE_S1.);
#5774 = LINE('',#5775,#5776);
#5775 = CARTESIAN_POINT('',(-171.5,-52.,10.));
#5776 = VECTOR('',#5777,1.);
#5777 = DIRECTION('',(1.,0.,0.));
#5778 = PCURVE('',#72,#5779);
#5779 = DEFINITIONAL_REPRESENTATION('',(#5780),#5783);
#5780 = B_SPLINE_CURVE_WITH_KNOTS('',1,(#5781,#5782),.UNSPECIFIED.,.F.,
  .F.,(2,2),(9.5,25.5),.PIECEWISE_BEZIER_KNOTS.);
#5781 = CARTESIAN_POINT('',(35.,81.));
#5782 = CARTESIAN_POINT('',(51.,81.));
#5783 = ( GEOMETRIC_REPRESENTATION_CONTEXT(2) 
PARAMETRIC_REPRESENTATION_CONTEXT() REPRESENTATION_CONTEXT('2D SPACE',''
  ) );
#5784 = PCURVE('',#570,#5785);
#5785 = DEFINITIONAL_REPRESENTATION('',(#5786),#5789);
#5786 = B_SPLINE_CURVE_WITH_KNOTS('',1,(#5787,#5788),.UNSPECIFIED.,.F.,
  .F.,(2,2),(9.5,25.5),.PIECEWISE_BEZIER_KNOTS.);
#5787 = CARTESIAN_POINT('',(16.,-1.));
#5788 = CARTESIAN_POINT('',(0.,-1.));
#5789 = ( GEOMETRIC_REPRESENTATION_CONTEXT(2) 
PARAMETRIC_REPRESENTATION_CONTEXT() REPRESENTATION_CONTEXT('2D SPACE',''
  ) );
#5790 = FACE_BOUND('',#5791,.F.);
#5791 = EDGE_LOOP('',(#5792,#5815,#5836,#5857));
#5792 = ORIENTED_EDGE('',*,*,#5793,.T.);
#5793 = EDGE_CURVE('',#5794,#5796,#5798,.T.);
#5794 = VERTEX_POINT('',#5795);
#5795 = CARTESIAN_POINT('',(-116.,-52.,10.));
#5796 = VERTEX_POINT('',#5797);
#5797 = CARTESIAN_POINT('',(-116.,-68.,10.));
#5798 = SURFACE_CURVE('',#5799,(#5803,#5809),.PCURVE_S1.);
#5799 = LINE('',#5800,#5801);
#5800 = CARTESIAN_POINT('',(-116.,-100.5,10.));
#5801 = VECTOR('',#5802,1.);
#5802 = DIRECTION('',(0.,-1.,0.));
#5803 = PCURVE('',#72,#5804);
#5804 = DEFINITIONAL_REPRESENTATION('',(#5805),#5808);
#5805 = B_SPLINE_CURVE_WITH_KNOTS('',1,(#5806,#5807),.UNSPECIFIED.,.F.,
  .F.,(2,2),(-48.5,-32.5),.PIECEWISE_BEZIER_KNOTS.);
#5806 = CARTESIAN_POINT('',(81.,81.));
#5807 = CARTESIAN_POINT('',(81.,65.));
#5808 = ( GEOMETRIC_REPRESENTATION_CONTEXT(2) 
PARAMETRIC_REPRESENTATION_CONTEXT() REPRESENTATION_CONTEXT('2D SPACE',''
  ) );
#5809 = PCURVE('',#600,#5810);
#5810 = DEFINITIONAL_REPRESENTATION('',(#5811),#5814);
#5811 = B_SPLINE_CURVE_WITH_KNOTS('',1,(#5812,#5813),.UNSPECIFIED.,.F.,
  .F.,(2,2),(-48.5,-32.5),.PIECEWISE_BEZIER_KNOTS.);
#5812 = CARTESIAN_POINT('',(16.,-1.));
#5813 = CARTESIAN_POINT('',(0.,-1.));
#5814 = ( GEOMETRIC_REPRESENTATION_CONTEXT(2) 
PARAMETRIC_REPRESENTATION_CONTEXT() REPRESENTATION_CONTEXT('2D SPACE',''
  ) );
#5815 = ORIENTED_EDGE('',*,*,#5816,.T.);
#5816 = EDGE_CURVE('',#5796,#5817,#5819,.T.);
#5817 = VERTEX_POINT('',#5818);
#5818 = CARTESIAN_POINT('',(-132.,-68.,10.));
#5819 = SURFACE_CURVE('',#5820,(#5824,#5830),.PCURVE_S1.);
#5820 = LINE('',#5821,#5822);
#5821 = CARTESIAN_POINT('',(-164.5,-68.,10.));
#5822 = VECTOR('',#5823,1.);
#5823 = DIRECTION('',(-1.,0.,0.));
#5824 = PCURVE('',#72,#5825);
#5825 = DEFINITIONAL_REPRESENTATION('',(#5826),#5829);
#5826 = B_SPLINE_CURVE_WITH_KNOTS('',1,(#5827,#5828),.UNSPECIFIED.,.F.,
  .F.,(2,2),(-48.5,-32.5),.PIECEWISE_BEZIER_KNOTS.);
#5827 = CARTESIAN_POINT('',(81.,65.));
#5828 = CARTESIAN_POINT('',(65.,65.));
#5829 = ( GEOMETRIC_REPRESENTATION_CONTEXT(2) 
PARAMETRIC_REPRESENTATION_CONTEXT() REPRESENTATION_CONTEXT('2D SPACE',''
  ) );
#5830 = PCURVE('',#626,#5831);
#5831 = DEFINITIONAL_REPRESENTATION('',(#5832),#5835);
#5832 = B_SPLINE_CURVE_WITH_KNOTS('',1,(#5833,#5834),.UNSPECIFIED.,.F.,
  .F.,(2,2),(-48.5,-32.5),.PIECEWISE_BEZIER_KNOTS.);
#5833 = CARTESIAN_POINT('',(16.,-1.));
#5834 = CARTESIAN_POINT('',(0.,-1.));
#5835 = ( GEOMETRIC_REPRESENTATION_CONTEXT(2) 
PARAMETRIC_REPRESENTATION_CONTEXT() REPRESENTATION_CONTEXT('2D SPACE',''
  ) );
#5836 = ORIENTED_EDGE('',*,*,#5837,.T.);
#5837 = EDGE_CURVE('',#5817,#5838,#5840,.T.);
#5838 = VERTEX_POINT('',#5839);
#5839 = CARTESIAN_POINT('',(-132.,-52.,10.));
#5840 = SURFACE_CURVE('',#5841,(#5845,#5851),.PCURVE_S1.);
#5841 = LINE('',#5842,#5843);
#5842 = CARTESIAN_POINT('',(-132.,-92.5,10.));
#5843 = VECTOR('',#5844,1.);
#5844 = DIRECTION('',(0.,1.,0.));
#5845 = PCURVE('',#72,#5846);
#5846 = DEFINITIONAL_REPRESENTATION('',(#5847),#5850);
#5847 = B_SPLINE_CURVE_WITH_KNOTS('',1,(#5848,#5849),.UNSPECIFIED.,.F.,
  .F.,(2,2),(24.5,40.5),.PIECEWISE_BEZIER_KNOTS.);
#5848 = CARTESIAN_POINT('',(65.,65.));
#5849 = CARTESIAN_POINT('',(65.,81.));
#5850 = ( GEOMETRIC_REPRESENTATION_CONTEXT(2) 
PARAMETRIC_REPRESENTATION_CONTEXT() REPRESENTATION_CONTEXT('2D SPACE',''
  ) );
#5851 = PCURVE('',#652,#5852);
#5852 = DEFINITIONAL_REPRESENTATION('',(#5853),#5856);
#5853 = B_SPLINE_CURVE_WITH_KNOTS('',1,(#5854,#5855),.UNSPECIFIED.,.F.,
  .F.,(2,2),(24.5,40.5),.PIECEWISE_BEZIER_KNOTS.);
#5854 = CARTESIAN_POINT('',(16.,-1.));
#5855 = CARTESIAN_POINT('',(0.,-1.));
#5856 = ( GEOMETRIC_REPRESENTATION_CONTEXT(2) 
PARAMETRIC_REPRESENTATION_CONTEXT() REPRESENTATION_CONTEXT('2D SPACE',''
  ) );
#5857 = ORIENTED_EDGE('',*,*,#5858,.T.);
#5858 = EDGE_CURVE('',#5838,#5794,#5859,.T.);
#5859 = SURFACE_CURVE('',#5860,(#5864,#5870),.PCURVE_S1.);
#5860 = LINE('',#5861,#5862);
#5861 = CARTESIAN_POINT('',(-156.5,-52.,10.));
#5862 = VECTOR('',#5863,1.);
#5863 = DIRECTION('',(1.,0.,0.));
#5864 = PCURVE('',#72,#5865);
#5865 = DEFINITIONAL_REPRESENTATION('',(#5866),#5869);
#5866 = B_SPLINE_CURVE_WITH_KNOTS('',1,(#5867,#5868),.UNSPECIFIED.,.F.,
  .F.,(2,2),(24.5,40.5),.PIECEWISE_BEZIER_KNOTS.);
#5867 = CARTESIAN_POINT('',(65.,81.));
#5868 = CARTESIAN_POINT('',(81.,81.));
#5869 = ( GEOMETRIC_REPRESENTATION_CONTEXT(2) 
PARAMETRIC_REPRESENTATION_CONTEXT() REPRESENTATION_CONTEXT('2D SPACE',''
  ) );
#5870 = PCURVE('',#676,#5871);
#5871 = DEFINITIONAL_REPRESENTATION('',(#5872),#5875);
#5872 = B_SPLINE_CURVE_WITH_KNOTS('',1,(#5873,#5874),.UNSPECIFIED.,.F.,
  .F.,(2,2),(24.5,40.5),.PIECEWISE_BEZIER_KNOTS.);
#5873 = CARTESIAN_POINT('',(16.,-1.));
#5874 = CARTESIAN_POINT('',(0.,-1.));
#5875 = ( GEOMETRIC_REPRESENTATION_CONTEXT(2) 
PARAMETRIC_REPRESENTATION_CONTEXT() REPRESENTATION_CONTEXT('2D SPACE',''
  ) );
#5876 = FACE_BOUND('',#5877,.F.);
#5877 = EDGE_LOOP('',(#5878,#5901,#5922,#5943));
#5878 = ORIENTED_EDGE('',*,*,#5879,.T.);
#5879 = EDGE_CURVE('',#5880,#5882,#5884,.T.);
#5880 = VERTEX_POINT('',#5881);
#5881 = CARTESIAN_POINT('',(-86.,-82.,10.));
#5882 = VERTEX_POINT('',#5883);
#5883 = CARTESIAN_POINT('',(-86.,-98.,10.));
#5884 = SURFACE_CURVE('',#5885,(#5889,#5895),.PCURVE_S1.);
#5885 = LINE('',#5886,#5887);
#5886 = CARTESIAN_POINT('',(-86.,-115.5,10.));
#5887 = VECTOR('',#5888,1.);
#5888 = DIRECTION('',(0.,-1.,0.));
#5889 = PCURVE('',#72,#5890);
#5890 = DEFINITIONAL_REPRESENTATION('',(#5891),#5894);
#5891 = B_SPLINE_CURVE_WITH_KNOTS('',1,(#5892,#5893),.UNSPECIFIED.,.F.,
  .F.,(2,2),(-33.5,-17.5),.PIECEWISE_BEZIER_KNOTS.);
#5892 = CARTESIAN_POINT('',(111.,51.));
#5893 = CARTESIAN_POINT('',(111.,35.));
#5894 = ( GEOMETRIC_REPRESENTATION_CONTEXT(2) 
PARAMETRIC_REPRESENTATION_CONTEXT() REPRESENTATION_CONTEXT('2D SPACE',''
  ) );
#5895 = PCURVE('',#706,#5896);
#5896 = DEFINITIONAL_REPRESENTATION('',(#5897),#5900);
#5897 = B_SPLINE_CURVE_WITH_KNOTS('',1,(#5898,#5899),.UNSPECIFIED.,.F.,
  .F.,(2,2),(-33.5,-17.5),.PIECEWISE_BEZIER_KNOTS.);
#5898 = CARTESIAN_POINT('',(16.,-1.));
#5899 = CARTESIAN_POINT('',(0.,-1.));
#5900 = ( GEOMETRIC_REPRESENTATION_CONTEXT(2) 
PARAMETRIC_REPRESENTATION_CONTEXT() REPRESENTATION_CONTEXT('2D SPACE',''
  ) );
#5901 = ORIENTED_EDGE('',*,*,#5902,.T.);
#5902 = EDGE_CURVE('',#5882,#5903,#5905,.T.);
#5903 = VERTEX_POINT('',#5904);
#5904 = CARTESIAN_POINT('',(-102.,-98.,10.));
#5905 = SURFACE_CURVE('',#5906,(#5910,#5916),.PCURVE_S1.);
#5906 = LINE('',#5907,#5908);
#5907 = CARTESIAN_POINT('',(-149.5,-98.,10.));
#5908 = VECTOR('',#5909,1.);
#5909 = DIRECTION('',(-1.,0.,0.));
#5910 = PCURVE('',#72,#5911);
#5911 = DEFINITIONAL_REPRESENTATION('',(#5912),#5915);
#5912 = B_SPLINE_CURVE_WITH_KNOTS('',1,(#5913,#5914),.UNSPECIFIED.,.F.,
  .F.,(2,2),(-63.5,-47.5),.PIECEWISE_BEZIER_KNOTS.);
#5913 = CARTESIAN_POINT('',(111.,35.));
#5914 = CARTESIAN_POINT('',(95.,35.));
#5915 = ( GEOMETRIC_REPRESENTATION_CONTEXT(2) 
PARAMETRIC_REPRESENTATION_CONTEXT() REPRESENTATION_CONTEXT('2D SPACE',''
  ) );
#5916 = PCURVE('',#732,#5917);
#5917 = DEFINITIONAL_REPRESENTATION('',(#5918),#5921);
#5918 = B_SPLINE_CURVE_WITH_KNOTS('',1,(#5919,#5920),.UNSPECIFIED.,.F.,
  .F.,(2,2),(-63.5,-47.5),.PIECEWISE_BEZIER_KNOTS.);
#5919 = CARTESIAN_POINT('',(16.,-1.));
#5920 = CARTESIAN_POINT('',(0.,-1.));
#5921 = ( GEOMETRIC_REPRESENTATION_CONTEXT(2) 
PARAMETRIC_REPRESENTATION_CONTEXT() REPRESENTATION_CONTEXT('2D SPACE',''
  ) );
#5922 = ORIENTED_EDGE('',*,*,#5923,.T.);
#5923 = EDGE_CURVE('',#5903,#5924,#5926,.T.);
#5924 = VERTEX_POINT('',#5925);
#5925 = CARTESIAN_POINT('',(-102.,-82.,10.));
#5926 = SURFACE_CURVE('',#5927,(#5931,#5937),.PCURVE_S1.);
#5927 = LINE('',#5928,#5929);
#5928 = CARTESIAN_POINT('',(-102.,-107.5,10.));
#5929 = VECTOR('',#5930,1.);
#5930 = DIRECTION('',(0.,1.,0.));
#5931 = PCURVE('',#72,#5932);
#5932 = DEFINITIONAL_REPRESENTATION('',(#5933),#5936);
#5933 = B_SPLINE_CURVE_WITH_KNOTS('',1,(#5934,#5935),.UNSPECIFIED.,.F.,
  .F.,(2,2),(9.5,25.5),.PIECEWISE_BEZIER_KNOTS.);
#5934 = CARTESIAN_POINT('',(95.,35.));
#5935 = CARTESIAN_POINT('',(95.,51.));
#5936 = ( GEOMETRIC_REPRESENTATION_CONTEXT(2) 
PARAMETRIC_REPRESENTATION_CONTEXT() REPRESENTATION_CONTEXT('2D SPACE',''
  ) );
#5937 = PCURVE('',#758,#5938);
#5938 = DEFINITIONAL_REPRESENTATION('',(#5939),#5942);
#5939 = B_SPLINE_CURVE_WITH_KNOTS('',1,(#5940,#5941),.UNSPECIFIED.,.F.,
  .F.,(2,2),(9.5,25.5),.PIECEWISE_BEZIER_KNOTS.);
#5940 = CARTESIAN_POINT('',(16.,-1.));
#5941 = CARTESIAN_POINT('',(0.,-1.));
#5942 = ( GEOMETRIC_REPRESENTATION_CONTEXT(2) 
PARAMETRIC_REPRESENTATION_CONTEXT() REPRESENTATION_CONTEXT('2D SPACE',''
  ) );
#5943 = ORIENTED_EDGE('',*,*,#5944,.T.);
#5944 = EDGE_CURVE('',#5924,#5880,#5945,.T.);
#5945 = SURFACE_CURVE('',#5946,(#5950,#5956),.PCURVE_S1.);
#5946 = LINE('',#5947,#5948);
#5947 = CARTESIAN_POINT('',(-141.5,-82.,10.));
#5948 = VECTOR('',#5949,1.);
#5949 = DIRECTION('',(1.,0.,0.));
#5950 = PCURVE('',#72,#5951);
#5951 = DEFINITIONAL_REPRESENTATION('',(#5952),#5955);
#5952 = B_SPLINE_CURVE_WITH_KNOTS('',1,(#5953,#5954),.UNSPECIFIED.,.F.,
  .F.,(2,2),(39.5,55.5),.PIECEWISE_BEZIER_KNOTS.);
#5953 = CARTESIAN_POINT('',(95.,51.));
#5954 = CARTESIAN_POINT('',(111.,51.));
#5955 = ( GEOMETRIC_REPRESENTATION_CONTEXT(2) 
PARAMETRIC_REPRESENTATION_CONTEXT() REPRESENTATION_CONTEXT('2D SPACE',''
  ) );
#5956 = PCURVE('',#782,#5957);
#5957 = DEFINITIONAL_REPRESENTATION('',(#5958),#5961);
#5958 = B_SPLINE_CURVE_WITH_KNOTS('',1,(#5959,#5960),.UNSPECIFIED.,.F.,
  .F.,(2,2),(39.5,55.5),.PIECEWISE_BEZIER_KNOTS.);
#5959 = CARTESIAN_POINT('',(16.,-1.));
#5960 = CARTESIAN_POINT('',(0.,-1.));
#5961 = ( GEOMETRIC_REPRESENTATION_CONTEXT(2) 
PARAMETRIC_REPRESENTATION_CONTEXT() REPRESENTATION_CONTEXT('2D SPACE',''
  ) );
#5962 = FACE_BOUND('',#5963,.F.);
#5963 = EDGE_LOOP('',(#5964,#5987,#6008,#6029));
#5964 = ORIENTED_EDGE('',*,*,#5965,.T.);
#5965 = EDGE_CURVE('',#5966,#5968,#5970,.T.);
#5966 = VERTEX_POINT('',#5967);
#5967 = CARTESIAN_POINT('',(-56.,-82.,10.));
#5968 = VERTEX_POINT('',#5969);
#5969 = CARTESIAN_POINT('',(-56.,-98.,10.));
#5970 = SURFACE_CURVE('',#5971,(#5975,#5981),.PCURVE_S1.);
#5971 = LINE('',#5972,#5973);
#5972 = CARTESIAN_POINT('',(-56.,-115.5,10.));
#5973 = VECTOR('',#5974,1.);
#5974 = DIRECTION('',(0.,-1.,0.));
#5975 = PCURVE('',#72,#5976);
#5976 = DEFINITIONAL_REPRESENTATION('',(#5977),#5980);
#5977 = B_SPLINE_CURVE_WITH_KNOTS('',1,(#5978,#5979),.UNSPECIFIED.,.F.,
  .F.,(2,2),(-33.5,-17.5),.PIECEWISE_BEZIER_KNOTS.);
#5978 = CARTESIAN_POINT('',(141.,51.));
#5979 = CARTESIAN_POINT('',(141.,35.));
#5980 = ( GEOMETRIC_REPRESENTATION_CONTEXT(2) 
PARAMETRIC_REPRESENTATION_CONTEXT() REPRESENTATION_CONTEXT('2D SPACE',''
  ) );
#5981 = PCURVE('',#812,#5982);
#5982 = DEFINITIONAL_REPRESENTATION('',(#5983),#5986);
#5983 = B_SPLINE_CURVE_WITH_KNOTS('',1,(#5984,#5985),.UNSPECIFIED.,.F.,
  .F.,(2,2),(-33.5,-17.5),.PIECEWISE_BEZIER_KNOTS.);
#5984 = CARTESIAN_POINT('',(16.,-1.));
#5985 = CARTESIAN_POINT('',(0.,-1.));
#5986 = ( GEOMETRIC_REPRESENTATION_CONTEXT(2) 
PARAMETRIC_REPRESENTATION_CONTEXT() REPRESENTATION_CONTEXT('2D SPACE',''
  ) );
#5987 = ORIENTED_EDGE('',*,*,#5988,.T.);
#5988 = EDGE_CURVE('',#5968,#5989,#5991,.T.);
#5989 = VERTEX_POINT('',#5990);
#5990 = CARTESIAN_POINT('',(-72.,-98.,10.));
#5991 = SURFACE_CURVE('',#5992,(#5996,#6002),.PCURVE_S1.);
#5992 = LINE('',#5993,#5994);
#5993 = CARTESIAN_POINT('',(-134.5,-98.,10.));
#5994 = VECTOR('',#5995,1.);
#5995 = DIRECTION('',(-1.,0.,0.));
#5996 = PCURVE('',#72,#5997);
#5997 = DEFINITIONAL_REPRESENTATION('',(#5998),#6001);
#5998 = B_SPLINE_CURVE_WITH_KNOTS('',1,(#5999,#6000),.UNSPECIFIED.,.F.,
  .F.,(2,2),(-78.5,-62.5),.PIECEWISE_BEZIER_KNOTS.);
#5999 = CARTESIAN_POINT('',(141.,35.));
#6000 = CARTESIAN_POINT('',(125.,35.));
#6001 = ( GEOMETRIC_REPRESENTATION_CONTEXT(2) 
PARAMETRIC_REPRESENTATION_CONTEXT() REPRESENTATION_CONTEXT('2D SPACE',''
  ) );
#6002 = PCURVE('',#838,#6003);
#6003 = DEFINITIONAL_REPRESENTATION('',(#6004),#6007);
#6004 = B_SPLINE_CURVE_WITH_KNOTS('',1,(#6005,#6006),.UNSPECIFIED.,.F.,
  .F.,(2,2),(-78.5,-62.5),.PIECEWISE_BEZIER_KNOTS.);
#6005 = CARTESIAN_POINT('',(16.,-1.));
#6006 = CARTESIAN_POINT('',(0.,-1.));
#6007 = ( GEOMETRIC_REPRESENTATION_CONTEXT(2) 
PARAMETRIC_REPRESENTATION_CONTEXT() REPRESENTATION_CONTEXT('2D SPACE',''
  ) );
#6008 = ORIENTED_EDGE('',*,*,#6009,.T.);
#6009 = EDGE_CURVE('',#5989,#6010,#6012,.T.);
#6010 = VERTEX_POINT('',#6011);
#6011 = CARTESIAN_POINT('',(-72.,-82.,10.));
#6012 = SURFACE_CURVE('',#6013,(#6017,#6023),.PCURVE_S1.);
#6013 = LINE('',#6014,#6015);
#6014 = CARTESIAN_POINT('',(-72.,-107.5,10.));
#6015 = VECTOR('',#6016,1.);
#6016 = DIRECTION('',(0.,1.,0.));
#6017 = PCURVE('',#72,#6018);
#6018 = DEFINITIONAL_REPRESENTATION('',(#6019),#6022);
#6019 = B_SPLINE_CURVE_WITH_KNOTS('',1,(#6020,#6021),.UNSPECIFIED.,.F.,
  .F.,(2,2),(9.5,25.5),.PIECEWISE_BEZIER_KNOTS.);
#6020 = CARTESIAN_POINT('',(125.,35.));
#6021 = CARTESIAN_POINT('',(125.,51.));
#6022 = ( GEOMETRIC_REPRESENTATION_CONTEXT(2) 
PARAMETRIC_REPRESENTATION_CONTEXT() REPRESENTATION_CONTEXT('2D SPACE',''
  ) );
#6023 = PCURVE('',#864,#6024);
#6024 = DEFINITIONAL_REPRESENTATION('',(#6025),#6028);
#6025 = B_SPLINE_CURVE_WITH_KNOTS('',1,(#6026,#6027),.UNSPECIFIED.,.F.,
  .F.,(2,2),(9.5,25.5),.PIECEWISE_BEZIER_KNOTS.);
#6026 = CARTESIAN_POINT('',(16.,-1.));
#6027 = CARTESIAN_POINT('',(0.,-1.));
#6028 = ( GEOMETRIC_REPRESENTATION_CONTEXT(2) 
PARAMETRIC_REPRESENTATION_CONTEXT() REPRESENTATION_CONTEXT('2D SPACE',''
  ) );
#6029 = ORIENTED_EDGE('',*,*,#6030,.T.);
#6030 = EDGE_CURVE('',#6010,#5966,#6031,.T.);
#6031 = SURFACE_CURVE('',#6032,(#6036,#6042),.PCURVE_S1.);
#6032 = LINE('',#6033,#6034);
#6033 = CARTESIAN_POINT('',(-126.5,-82.,10.));
#6034 = VECTOR('',#6035,1.);
#6035 = DIRECTION('',(1.,0.,0.));
#6036 = PCURVE('',#72,#6037);
#6037 = DEFINITIONAL_REPRESENTATION('',(#6038),#6041);
#6038 = B_SPLINE_CURVE_WITH_KNOTS('',1,(#6039,#6040),.UNSPECIFIED.,.F.,
  .F.,(2,2),(54.5,70.5),.PIECEWISE_BEZIER_KNOTS.);
#6039 = CARTESIAN_POINT('',(125.,51.));
#6040 = CARTESIAN_POINT('',(141.,51.));
#6041 = ( GEOMETRIC_REPRESENTATION_CONTEXT(2) 
PARAMETRIC_REPRESENTATION_CONTEXT() REPRESENTATION_CONTEXT('2D SPACE',''
  ) );
#6042 = PCURVE('',#888,#6043);
#6043 = DEFINITIONAL_REPRESENTATION('',(#6044),#6047);
#6044 = B_SPLINE_CURVE_WITH_KNOTS('',1,(#6045,#6046),.UNSPECIFIED.,.F.,
  .F.,(2,2),(54.5,70.5),.PIECEWISE_BEZIER_KNOTS.);
#6045 = CARTESIAN_POINT('',(16.,-1.));
#6046 = CARTESIAN_POINT('',(0.,-1.));
#6047 = ( GEOMETRIC_REPRESENTATION_CONTEXT(2) 
PARAMETRIC_REPRESENTATION_CONTEXT() REPRESENTATION_CONTEXT('2D SPACE',''
  ) );
#6048 = FACE_BOUND('',#6049,.F.);
#6049 = EDGE_LOOP('',(#6050,#6073,#6094,#6115));
#6050 = ORIENTED_EDGE('',*,*,#6051,.T.);
#6051 = EDGE_CURVE('',#6052,#6054,#6056,.T.);
#6052 = VERTEX_POINT('',#6053);
#6053 = CARTESIAN_POINT('',(-86.,-52.,10.));
#6054 = VERTEX_POINT('',#6055);
#6055 = CARTESIAN_POINT('',(-86.,-68.,10.));
#6056 = SURFACE_CURVE('',#6057,(#6061,#6067),.PCURVE_S1.);
#6057 = LINE('',#6058,#6059);
#6058 = CARTESIAN_POINT('',(-86.,-100.5,10.));
#6059 = VECTOR('',#6060,1.);
#6060 = DIRECTION('',(0.,-1.,0.));
#6061 = PCURVE('',#72,#6062);
#6062 = DEFINITIONAL_REPRESENTATION('',(#6063),#6066);
#6063 = B_SPLINE_CURVE_WITH_KNOTS('',1,(#6064,#6065),.UNSPECIFIED.,.F.,
  .F.,(2,2),(-48.5,-32.5),.PIECEWISE_BEZIER_KNOTS.);
#6064 = CARTESIAN_POINT('',(111.,81.));
#6065 = CARTESIAN_POINT('',(111.,65.));
#6066 = ( GEOMETRIC_REPRESENTATION_CONTEXT(2) 
PARAMETRIC_REPRESENTATION_CONTEXT() REPRESENTATION_CONTEXT('2D SPACE',''
  ) );
#6067 = PCURVE('',#918,#6068);
#6068 = DEFINITIONAL_REPRESENTATION('',(#6069),#6072);
#6069 = B_SPLINE_CURVE_WITH_KNOTS('',1,(#6070,#6071),.UNSPECIFIED.,.F.,
  .F.,(2,2),(-48.5,-32.5),.PIECEWISE_BEZIER_KNOTS.);
#6070 = CARTESIAN_POINT('',(16.,-1.));
#6071 = CARTESIAN_POINT('',(0.,-1.));
#6072 = ( GEOMETRIC_REPRESENTATION_CONTEXT(2) 
PARAMETRIC_REPRESENTATION_CONTEXT() REPRESENTATION_CONTEXT('2D SPACE',''
  ) );
#6073 = ORIENTED_EDGE('',*,*,#6074,.T.);
#6074 = EDGE_CURVE('',#6054,#6075,#6077,.T.);
#6075 = VERTEX_POINT('',#6076);
#6076 = CARTESIAN_POINT('',(-102.,-68.,10.));
#6077 = SURFACE_CURVE('',#6078,(#6082,#6088),.PCURVE_S1.);
#6078 = LINE('',#6079,#6080);
#6079 = CARTESIAN_POINT('',(-149.5,-68.,10.));
#6080 = VECTOR('',#6081,1.);
#6081 = DIRECTION('',(-1.,0.,0.));
#6082 = PCURVE('',#72,#6083);
#6083 = DEFINITIONAL_REPRESENTATION('',(#6084),#6087);
#6084 = B_SPLINE_CURVE_WITH_KNOTS('',1,(#6085,#6086),.UNSPECIFIED.,.F.,
  .F.,(2,2),(-63.5,-47.5),.PIECEWISE_BEZIER_KNOTS.);
#6085 = CARTESIAN_POINT('',(111.,65.));
#6086 = CARTESIAN_POINT('',(95.,65.));
#6087 = ( GEOMETRIC_REPRESENTATION_CONTEXT(2) 
PARAMETRIC_REPRESENTATION_CONTEXT() REPRESENTATION_CONTEXT('2D SPACE',''
  ) );
#6088 = PCURVE('',#944,#6089);
#6089 = DEFINITIONAL_REPRESENTATION('',(#6090),#6093);
#6090 = B_SPLINE_CURVE_WITH_KNOTS('',1,(#6091,#6092),.UNSPECIFIED.,.F.,
  .F.,(2,2),(-63.5,-47.5),.PIECEWISE_BEZIER_KNOTS.);
#6091 = CARTESIAN_POINT('',(16.,-1.));
#6092 = CARTESIAN_POINT('',(0.,-1.));
#6093 = ( GEOMETRIC_REPRESENTATION_CONTEXT(2) 
PARAMETRIC_REPRESENTATION_CONTEXT() REPRESENTATION_CONTEXT('2D SPACE',''
  ) );
#6094 = ORIENTED_EDGE('',*,*,#6095,.T.);
#6095 = EDGE_CURVE('',#6075,#6096,#6098,.T.);
#6096 = VERTEX_POINT('',#6097);
#6097 = CARTESIAN_POINT('',(-102.,-52.,10.));
#6098 = SURFACE_CURVE('',#6099,(#6103,#6109),.PCURVE_S1.);
#6099 = LINE('',#6100,#6101);
#6100 = CARTESIAN_POINT('',(-102.,-92.5,10.));
#6101 = VECTOR('',#6102,1.);
#6102 = DIRECTION('',(0.,1.,0.));
#6103 = PCURVE('',#72,#6104);
#6104 = DEFINITIONAL_REPRESENTATION('',(#6105),#6108);
#6105 = B_SPLINE_CURVE_WITH_KNOTS('',1,(#6106,#6107),.UNSPECIFIED.,.F.,
  .F.,(2,2),(24.5,40.5),.PIECEWISE_BEZIER_KNOTS.);
#6106 = CARTESIAN_POINT('',(95.,65.));
#6107 = CARTESIAN_POINT('',(95.,81.));
#6108 = ( GEOMETRIC_REPRESENTATION_CONTEXT(2) 
PARAMETRIC_REPRESENTATION_CONTEXT() REPRESENTATION_CONTEXT('2D SPACE',''
  ) );
#6109 = PCURVE('',#970,#6110);
#6110 = DEFINITIONAL_REPRESENTATION('',(#6111),#6114);
#6111 = B_SPLINE_CURVE_WITH_KNOTS('',1,(#6112,#6113),.UNSPECIFIED.,.F.,
  .F.,(2,2),(24.5,40.5),.PIECEWISE_BEZIER_KNOTS.);
#6112 = CARTESIAN_POINT('',(16.,-1.));
#6113 = CARTESIAN_POINT('',(0.,-1.));
#6114 = ( GEOMETRIC_REPRESENTATION_CONTEXT(2) 
PARAMETRIC_REPRESENTATION_CONTEXT() REPRESENTATION_CONTEXT('2D SPACE',''
  ) );
#6115 = ORIENTED_EDGE('',*,*,#6116,.T.);
#6116 = EDGE_CURVE('',#6096,#6052,#6117,.T.);
#6117 = SURFACE_CURVE('',#6118,(#6122,#6128),.PCURVE_S1.);
#6118 = LINE('',#6119,#6120);
#6119 = CARTESIAN_POINT('',(-141.5,-52.,10.));
#6120 = VECTOR('',#6121,1.);
#6121 = DIRECTION('',(1.,0.,0.));
#6122 = PCURVE('',#72,#6123);
#6123 = DEFINITIONAL_REPRESENTATION('',(#6124),#6127);
#6124 = B_SPLINE_CURVE_WITH_KNOTS('',1,(#6125,#6126),.UNSPECIFIED.,.F.,
  .F.,(2,2),(39.5,55.5),.PIECEWISE_BEZIER_KNOTS.);
#6125 = CARTESIAN_POINT('',(95.,81.));
#6126 = CARTESIAN_POINT('',(111.,81.));
#6127 = ( GEOMETRIC_REPRESENTATION_CONTEXT(2) 
PARAMETRIC_REPRESENTATION_CONTEXT() REPRESENTATION_CONTEXT('2D SPACE',''
  ) );
#6128 = PCURVE('',#994,#6129);
#6129 = DEFINITIONAL_REPRESENTATION('',(#6130),#6133);
#6130 = B_SPLINE_CURVE_WITH_KNOTS('',1,(#6131,#6132),.UNSPECIFIED.,.F.,
  .F.,(2,2),(39.5,55.5),.PIECEWISE_BEZIER_KNOTS.);
#6131 = CARTESIAN_POINT('',(16.,-1.));
#6132 = CARTESIAN_POINT('',(0.,-1.));
#6133 = ( GEOMETRIC_REPRESENTATION_CONTEXT(2) 
PARAMETRIC_REPRESENTATION_CONTEXT() REPRESENTATION_CONTEXT('2D SPACE',''
  ) );
#6134 = FACE_BOUND('',#6135,.F.);
#6135 = EDGE_LOOP('',(#6136,#6159,#6180,#6201));
#6136 = ORIENTED_EDGE('',*,*,#6137,.T.);
#6137 = EDGE_CURVE('',#6138,#6140,#6142,.T.);
#6138 = VERTEX_POINT('',#6139);
#6139 = CARTESIAN_POINT('',(-56.,-52.,10.));
#6140 = VERTEX_POINT('',#6141);
#6141 = CARTESIAN_POINT('',(-56.,-68.,10.));
#6142 = SURFACE_CURVE('',#6143,(#6147,#6153),.PCURVE_S1.);
#6143 = LINE('',#6144,#6145);
#6144 = CARTESIAN_POINT('',(-56.,-100.5,10.));
#6145 = VECTOR('',#6146,1.);
#6146 = DIRECTION('',(0.,-1.,0.));
#6147 = PCURVE('',#72,#6148);
#6148 = DEFINITIONAL_REPRESENTATION('',(#6149),#6152);
#6149 = B_SPLINE_CURVE_WITH_KNOTS('',1,(#6150,#6151),.UNSPECIFIED.,.F.,
  .F.,(2,2),(-48.5,-32.5),.PIECEWISE_BEZIER_KNOTS.);
#6150 = CARTESIAN_POINT('',(141.,81.));
#6151 = CARTESIAN_POINT('',(141.,65.));
#6152 = ( GEOMETRIC_REPRESENTATION_CONTEXT(2) 
PARAMETRIC_REPRESENTATION_CONTEXT() REPRESENTATION_CONTEXT('2D SPACE',''
  ) );
#6153 = PCURVE('',#1024,#6154);
#6154 = DEFINITIONAL_REPRESENTATION('',(#6155),#6158);
#6155 = B_SPLINE_CURVE_WITH_KNOTS('',1,(#6156,#6157),.UNSPECIFIED.,.F.,
  .F.,(2,2),(-48.5,-32.5),.PIECEWISE_BEZIER_KNOTS.);
#6156 = CARTESIAN_POINT('',(16.,-1.));
#6157 = CARTESIAN_POINT('',(0.,-1.));
#6158 = ( GEOMETRIC_REPRESENTATION_CONTEXT(2) 
PARAMETRIC_REPRESENTATION_CONTEXT() REPRESENTATION_CONTEXT('2D SPACE',''
  ) );
#6159 = ORIENTED_EDGE('',*,*,#6160,.T.);
#6160 = EDGE_CURVE('',#6140,#6161,#6163,.T.);
#6161 = VERTEX_POINT('',#6162);
#6162 = CARTESIAN_POINT('',(-72.,-68.,10.));
#6163 = SURFACE_CURVE('',#6164,(#6168,#6174),.PCURVE_S1.);
#6164 = LINE('',#6165,#6166);
#6165 = CARTESIAN_POINT('',(-134.5,-68.,10.));
#6166 = VECTOR('',#6167,1.);
#6167 = DIRECTION('',(-1.,0.,0.));
#6168 = PCURVE('',#72,#6169);
#6169 = DEFINITIONAL_REPRESENTATION('',(#6170),#6173);
#6170 = B_SPLINE_CURVE_WITH_KNOTS('',1,(#6171,#6172),.UNSPECIFIED.,.F.,
  .F.,(2,2),(-78.5,-62.5),.PIECEWISE_BEZIER_KNOTS.);
#6171 = CARTESIAN_POINT('',(141.,65.));
#6172 = CARTESIAN_POINT('',(125.,65.));
#6173 = ( GEOMETRIC_REPRESENTATION_CONTEXT(2) 
PARAMETRIC_REPRESENTATION_CONTEXT() REPRESENTATION_CONTEXT('2D SPACE',''
  ) );
#6174 = PCURVE('',#1050,#6175);
#6175 = DEFINITIONAL_REPRESENTATION('',(#6176),#6179);
#6176 = B_SPLINE_CURVE_WITH_KNOTS('',1,(#6177,#6178),.UNSPECIFIED.,.F.,
  .F.,(2,2),(-78.5,-62.5),.PIECEWISE_BEZIER_KNOTS.);
#6177 = CARTESIAN_POINT('',(16.,-1.));
#6178 = CARTESIAN_POINT('',(0.,-1.));
#6179 = ( GEOMETRIC_REPRESENTATION_CONTEXT(2) 
PARAMETRIC_REPRESENTATION_CONTEXT() REPRESENTATION_CONTEXT('2D SPACE',''
  ) );
#6180 = ORIENTED_EDGE('',*,*,#6181,.T.);
#6181 = EDGE_CURVE('',#6161,#6182,#6184,.T.);
#6182 = VERTEX_POINT('',#6183);
#6183 = CARTESIAN_POINT('',(-72.,-52.,10.));
#6184 = SURFACE_CURVE('',#6185,(#6189,#6195),.PCURVE_S1.);
#6185 = LINE('',#6186,#6187);
#6186 = CARTESIAN_POINT('',(-72.,-92.5,10.));
#6187 = VECTOR('',#6188,1.);
#6188 = DIRECTION('',(0.,1.,0.));
#6189 = PCURVE('',#72,#6190);
#6190 = DEFINITIONAL_REPRESENTATION('',(#6191),#6194);
#6191 = B_SPLINE_CURVE_WITH_KNOTS('',1,(#6192,#6193),.UNSPECIFIED.,.F.,
  .F.,(2,2),(24.5,40.5),.PIECEWISE_BEZIER_KNOTS.);
#6192 = CARTESIAN_POINT('',(125.,65.));
#6193 = CARTESIAN_POINT('',(125.,81.));
#6194 = ( GEOMETRIC_REPRESENTATION_CONTEXT(2) 
PARAMETRIC_REPRESENTATION_CONTEXT() REPRESENTATION_CONTEXT('2D SPACE',''
  ) );
#6195 = PCURVE('',#1076,#6196);
#6196 = DEFINITIONAL_REPRESENTATION('',(#6197),#6200);
#6197 = B_SPLINE_CURVE_WITH_KNOTS('',1,(#6198,#6199),.UNSPECIFIED.,.F.,
  .F.,(2,2),(24.5,40.5),.PIECEWISE_BEZIER_KNOTS.);
#6198 = CARTESIAN_POINT('',(16.,-1.));
#6199 = CARTESIAN_POINT('',(0.,-1.));
#6200 = ( GEOMETRIC_REPRESENTATION_CONTEXT(2) 
PARAMETRIC_REPRESENTATION_CONTEXT() REPRESENTATION_CONTEXT('2D SPACE',''
  ) );
#6201 = ORIENTED_EDGE('',*,*,#6202,.T.);
#6202 = EDGE_CURVE('',#6182,#6138,#6203,.T.);
#6203 = SURFACE_CURVE('',#6204,(#6208,#6214),.PCURVE_S1.);
#6204 = LINE('',#6205,#6206);
#6205 = CARTESIAN_POINT('',(-126.5,-52.,10.));
#6206 = VECTOR('',#6207,1.);
#6207 = DIRECTION('',(1.,0.,0.));
#6208 = PCURVE('',#72,#6209);
#6209 = DEFINITIONAL_REPRESENTATION('',(#6210),#6213);
#6210 = B_SPLINE_CURVE_WITH_KNOTS('',1,(#6211,#6212),.UNSPECIFIED.,.F.,
  .F.,(2,2),(54.5,70.5),.PIECEWISE_BEZIER_KNOTS.);
#6211 = CARTESIAN_POINT('',(125.,81.));
#6212 = CARTESIAN_POINT('',(141.,81.));
#6213 = ( GEOMETRIC_REPRESENTATION_CONTEXT(2) 
PARAMETRIC_REPRESENTATION_CONTEXT() REPRESENTATION_CONTEXT('2D SPACE',''
  ) );
#6214 = PCURVE('',#1100,#6215);
#6215 = DEFINITIONAL_REPRESENTATION('',(#6216),#6219);
#6216 = B_SPLINE_CURVE_WITH_KNOTS('',1,(#6217,#6218),.UNSPECIFIED.,.F.,
  .F.,(2,2),(54.5,70.5),.PIECEWISE_BEZIER_KNOTS.);
#6217 = CARTESIAN_POINT('',(16.,-1.));
#6218 = CARTESIAN_POINT('',(0.,-1.));
#6219 = ( GEOMETRIC_REPRESENTATION_CONTEXT(2) 
PARAMETRIC_REPRESENTATION_CONTEXT() REPRESENTATION_CONTEXT('2D SPACE',''
  ) );
#6220 = FACE_BOUND('',#6221,.F.);
#6221 = EDGE_LOOP('',(#6222,#6245,#6266,#6287));
#6222 = ORIENTED_EDGE('',*,*,#6223,.T.);
#6223 = EDGE_CURVE('',#6224,#6226,#6228,.T.);
#6224 = VERTEX_POINT('',#6225);
#6225 = CARTESIAN_POINT('',(-146.,-22.,10.));
#6226 = VERTEX_POINT('',#6227);
#6227 = CARTESIAN_POINT('',(-146.,-38.,10.));
#6228 = SURFACE_CURVE('',#6229,(#6233,#6239),.PCURVE_S1.);
#6229 = LINE('',#6230,#6231);
#6230 = CARTESIAN_POINT('',(-146.,-85.5,10.));
#6231 = VECTOR('',#6232,1.);
#6232 = DIRECTION('',(0.,-1.,0.));
#6233 = PCURVE('',#72,#6234);
#6234 = DEFINITIONAL_REPRESENTATION('',(#6235),#6238);
#6235 = B_SPLINE_CURVE_WITH_KNOTS('',1,(#6236,#6237),.UNSPECIFIED.,.F.,
  .F.,(2,2),(-63.5,-47.5),.PIECEWISE_BEZIER_KNOTS.);
#6236 = CARTESIAN_POINT('',(51.,111.));
#6237 = CARTESIAN_POINT('',(51.,95.));
#6238 = ( GEOMETRIC_REPRESENTATION_CONTEXT(2) 
PARAMETRIC_REPRESENTATION_CONTEXT() REPRESENTATION_CONTEXT('2D SPACE',''
  ) );
#6239 = PCURVE('',#1130,#6240);
#6240 = DEFINITIONAL_REPRESENTATION('',(#6241),#6244);
#6241 = B_SPLINE_CURVE_WITH_KNOTS('',1,(#6242,#6243),.UNSPECIFIED.,.F.,
  .F.,(2,2),(-63.5,-47.5),.PIECEWISE_BEZIER_KNOTS.);
#6242 = CARTESIAN_POINT('',(16.,-1.));
#6243 = CARTESIAN_POINT('',(0.,-1.));
#6244 = ( GEOMETRIC_REPRESENTATION_CONTEXT(2) 
PARAMETRIC_REPRESENTATION_CONTEXT() REPRESENTATION_CONTEXT('2D SPACE',''
  ) );
#6245 = ORIENTED_EDGE('',*,*,#6246,.T.);
#6246 = EDGE_CURVE('',#6226,#6247,#6249,.T.);
#6247 = VERTEX_POINT('',#6248);
#6248 = CARTESIAN_POINT('',(-162.,-38.,10.));
#6249 = SURFACE_CURVE('',#6250,(#6254,#6260),.PCURVE_S1.);
#6250 = LINE('',#6251,#6252);
#6251 = CARTESIAN_POINT('',(-179.5,-38.,10.));
#6252 = VECTOR('',#6253,1.);
#6253 = DIRECTION('',(-1.,0.,0.));
#6254 = PCURVE('',#72,#6255);
#6255 = DEFINITIONAL_REPRESENTATION('',(#6256),#6259);
#6256 = B_SPLINE_CURVE_WITH_KNOTS('',1,(#6257,#6258),.UNSPECIFIED.,.F.,
  .F.,(2,2),(-33.5,-17.5),.PIECEWISE_BEZIER_KNOTS.);
#6257 = CARTESIAN_POINT('',(51.,95.));
#6258 = CARTESIAN_POINT('',(35.,95.));
#6259 = ( GEOMETRIC_REPRESENTATION_CONTEXT(2) 
PARAMETRIC_REPRESENTATION_CONTEXT() REPRESENTATION_CONTEXT('2D SPACE',''
  ) );
#6260 = PCURVE('',#1156,#6261);
#6261 = DEFINITIONAL_REPRESENTATION('',(#6262),#6265);
#6262 = B_SPLINE_CURVE_WITH_KNOTS('',1,(#6263,#6264),.UNSPECIFIED.,.F.,
  .F.,(2,2),(-33.5,-17.5),.PIECEWISE_BEZIER_KNOTS.);
#6263 = CARTESIAN_POINT('',(16.,-1.));
#6264 = CARTESIAN_POINT('',(0.,-1.));
#6265 = ( GEOMETRIC_REPRESENTATION_CONTEXT(2) 
PARAMETRIC_REPRESENTATION_CONTEXT() REPRESENTATION_CONTEXT('2D SPACE',''
  ) );
#6266 = ORIENTED_EDGE('',*,*,#6267,.T.);
#6267 = EDGE_CURVE('',#6247,#6268,#6270,.T.);
#6268 = VERTEX_POINT('',#6269);
#6269 = CARTESIAN_POINT('',(-162.,-22.,10.));
#6270 = SURFACE_CURVE('',#6271,(#6275,#6281),.PCURVE_S1.);
#6271 = LINE('',#6272,#6273);
#6272 = CARTESIAN_POINT('',(-162.,-77.5,10.));
#6273 = VECTOR('',#6274,1.);
#6274 = DIRECTION('',(0.,1.,0.));
#6275 = PCURVE('',#72,#6276);
#6276 = DEFINITIONAL_REPRESENTATION('',(#6277),#6280);
#6277 = B_SPLINE_CURVE_WITH_KNOTS('',1,(#6278,#6279),.UNSPECIFIED.,.F.,
  .F.,(2,2),(39.5,55.5),.PIECEWISE_BEZIER_KNOTS.);
#6278 = CARTESIAN_POINT('',(35.,95.));
#6279 = CARTESIAN_POINT('',(35.,111.));
#6280 = ( GEOMETRIC_REPRESENTATION_CONTEXT(2) 
PARAMETRIC_REPRESENTATION_CONTEXT() REPRESENTATION_CONTEXT('2D SPACE',''
  ) );
#6281 = PCURVE('',#1182,#6282);
#6282 = DEFINITIONAL_REPRESENTATION('',(#6283),#6286);
#6283 = B_SPLINE_CURVE_WITH_KNOTS('',1,(#6284,#6285),.UNSPECIFIED.,.F.,
  .F.,(2,2),(39.5,55.5),.PIECEWISE_BEZIER_KNOTS.);
#6284 = CARTESIAN_POINT('',(16.,-1.));
#6285 = CARTESIAN_POINT('',(0.,-1.));
#6286 = ( GEOMETRIC_REPRESENTATION_CONTEXT(2) 
PARAMETRIC_REPRESENTATION_CONTEXT() REPRESENTATION_CONTEXT('2D SPACE',''
  ) );
#6287 = ORIENTED_EDGE('',*,*,#6288,.T.);
#6288 = EDGE_CURVE('',#6268,#6224,#6289,.T.);
#6289 = SURFACE_CURVE('',#6290,(#6294,#6300),.PCURVE_S1.);
#6290 = LINE('',#6291,#6292);
#6291 = CARTESIAN_POINT('',(-171.5,-22.,10.));
#6292 = VECTOR('',#6293,1.);
#6293 = DIRECTION('',(1.,0.,0.));
#6294 = PCURVE('',#72,#6295);
#6295 = DEFINITIONAL_REPRESENTATION('',(#6296),#6299);
#6296 = B_SPLINE_CURVE_WITH_KNOTS('',1,(#6297,#6298),.UNSPECIFIED.,.F.,
  .F.,(2,2),(9.5,25.5),.PIECEWISE_BEZIER_KNOTS.);
#6297 = CARTESIAN_POINT('',(35.,111.));
#6298 = CARTESIAN_POINT('',(51.,111.));
#6299 = ( GEOMETRIC_REPRESENTATION_CONTEXT(2) 
PARAMETRIC_REPRESENTATION_CONTEXT() REPRESENTATION_CONTEXT('2D SPACE',''
  ) );
#6300 = PCURVE('',#1206,#6301);
#6301 = DEFINITIONAL_REPRESENTATION('',(#6302),#6305);
#6302 = B_SPLINE_CURVE_WITH_KNOTS('',1,(#6303,#6304),.UNSPECIFIED.,.F.,
  .F.,(2,2),(9.5,25.5),.PIECEWISE_BEZIER_KNOTS.);
#6303 = CARTESIAN_POINT('',(16.,-1.));
#6304 = CARTESIAN_POINT('',(0.,-1.));
#6305 = ( GEOMETRIC_REPRESENTATION_CONTEXT(2) 
PARAMETRIC_REPRESENTATION_CONTEXT() REPRESENTATION_CONTEXT('2D SPACE',''
  ) );
#6306 = FACE_BOUND('',#6307,.F.);
#6307 = EDGE_LOOP('',(#6308,#6331,#6352,#6373));
#6308 = ORIENTED_EDGE('',*,*,#6309,.T.);
#6309 = EDGE_CURVE('',#6310,#6312,#6314,.T.);
#6310 = VERTEX_POINT('',#6311);
#6311 = CARTESIAN_POINT('',(-116.,-22.,10.));
#6312 = VERTEX_POINT('',#6313);
#6313 = CARTESIAN_POINT('',(-116.,-38.,10.));
#6314 = SURFACE_CURVE('',#6315,(#6319,#6325),.PCURVE_S1.);
#6315 = LINE('',#6316,#6317);
#6316 = CARTESIAN_POINT('',(-116.,-85.5,10.));
#6317 = VECTOR('',#6318,1.);
#6318 = DIRECTION('',(0.,-1.,0.));
#6319 = PCURVE('',#72,#6320);
#6320 = DEFINITIONAL_REPRESENTATION('',(#6321),#6324);
#6321 = B_SPLINE_CURVE_WITH_KNOTS('',1,(#6322,#6323),.UNSPECIFIED.,.F.,
  .F.,(2,2),(-63.5,-47.5),.PIECEWISE_BEZIER_KNOTS.);
#6322 = CARTESIAN_POINT('',(81.,111.));
#6323 = CARTESIAN_POINT('',(81.,95.));
#6324 = ( GEOMETRIC_REPRESENTATION_CONTEXT(2) 
PARAMETRIC_REPRESENTATION_CONTEXT() REPRESENTATION_CONTEXT('2D SPACE',''
  ) );
#6325 = PCURVE('',#1236,#6326);
#6326 = DEFINITIONAL_REPRESENTATION('',(#6327),#6330);
#6327 = B_SPLINE_CURVE_WITH_KNOTS('',1,(#6328,#6329),.UNSPECIFIED.,.F.,
  .F.,(2,2),(-63.5,-47.5),.PIECEWISE_BEZIER_KNOTS.);
#6328 = CARTESIAN_POINT('',(16.,-1.));
#6329 = CARTESIAN_POINT('',(0.,-1.));
#6330 = ( GEOMETRIC_REPRESENTATION_CONTEXT(2) 
PARAMETRIC_REPRESENTATION_CONTEXT() REPRESENTATION_CONTEXT('2D SPACE',''
  ) );
#6331 = ORIENTED_EDGE('',*,*,#6332,.T.);
#6332 = EDGE_CURVE('',#6312,#6333,#6335,.T.);
#6333 = VERTEX_POINT('',#6334);
#6334 = CARTESIAN_POINT('',(-132.,-38.,10.));
#6335 = SURFACE_CURVE('',#6336,(#6340,#6346),.PCURVE_S1.);
#6336 = LINE('',#6337,#6338);
#6337 = CARTESIAN_POINT('',(-164.5,-38.,10.));
#6338 = VECTOR('',#6339,1.);
#6339 = DIRECTION('',(-1.,0.,0.));
#6340 = PCURVE('',#72,#6341);
#6341 = DEFINITIONAL_REPRESENTATION('',(#6342),#6345);
#6342 = B_SPLINE_CURVE_WITH_KNOTS('',1,(#6343,#6344),.UNSPECIFIED.,.F.,
  .F.,(2,2),(-48.5,-32.5),.PIECEWISE_BEZIER_KNOTS.);
#6343 = CARTESIAN_POINT('',(81.,95.));
#6344 = CARTESIAN_POINT('',(65.,95.));
#6345 = ( GEOMETRIC_REPRESENTATION_CONTEXT(2) 
PARAMETRIC_REPRESENTATION_CONTEXT() REPRESENTATION_CONTEXT('2D SPACE',''
  ) );
#6346 = PCURVE('',#1262,#6347);
#6347 = DEFINITIONAL_REPRESENTATION('',(#6348),#6351);
#6348 = B_SPLINE_CURVE_WITH_KNOTS('',1,(#6349,#6350),.UNSPECIFIED.,.F.,
  .F.,(2,2),(-48.5,-32.5),.PIECEWISE_BEZIER_KNOTS.);
#6349 = CARTESIAN_POINT('',(16.,-1.));
#6350 = CARTESIAN_POINT('',(0.,-1.));
#6351 = ( GEOMETRIC_REPRESENTATION_CONTEXT(2) 
PARAMETRIC_REPRESENTATION_CONTEXT() REPRESENTATION_CONTEXT('2D SPACE',''
  ) );
#6352 = ORIENTED_EDGE('',*,*,#6353,.T.);
#6353 = EDGE_CURVE('',#6333,#6354,#6356,.T.);
#6354 = VERTEX_POINT('',#6355);
#6355 = CARTESIAN_POINT('',(-132.,-22.,10.));
#6356 = SURFACE_CURVE('',#6357,(#6361,#6367),.PCURVE_S1.);
#6357 = LINE('',#6358,#6359);
#6358 = CARTESIAN_POINT('',(-132.,-77.5,10.));
#6359 = VECTOR('',#6360,1.);
#6360 = DIRECTION('',(0.,1.,0.));
#6361 = PCURVE('',#72,#6362);
#6362 = DEFINITIONAL_REPRESENTATION('',(#6363),#6366);
#6363 = B_SPLINE_CURVE_WITH_KNOTS('',1,(#6364,#6365),.UNSPECIFIED.,.F.,
  .F.,(2,2),(39.5,55.5),.PIECEWISE_BEZIER_KNOTS.);
#6364 = CARTESIAN_POINT('',(65.,95.));
#6365 = CARTESIAN_POINT('',(65.,111.));
#6366 = ( GEOMETRIC_REPRESENTATION_CONTEXT(2) 
PARAMETRIC_REPRESENTATION_CONTEXT() REPRESENTATION_CONTEXT('2D SPACE',''
  ) );
#6367 = PCURVE('',#1288,#6368);
#6368 = DEFINITIONAL_REPRESENTATION('',(#6369),#6372);
#6369 = B_SPLINE_CURVE_WITH_KNOTS('',1,(#6370,#6371),.UNSPECIFIED.,.F.,
  .F.,(2,2),(39.5,55.5),.PIECEWISE_BEZIER_KNOTS.);
#6370 = CARTESIAN_POINT('',(16.,-1.));
#6371 = CARTESIAN_POINT('',(0.,-1.));
#6372 = ( GEOMETRIC_REPRESENTATION_CONTEXT(2) 
PARAMETRIC_REPRESENTATION_CONTEXT() REPRESENTATION_CONTEXT('2D SPACE',''
  ) );
#6373 = ORIENTED_EDGE('',*,*,#6374,.T.);
#6374 = EDGE_CURVE('',#6354,#6310,#6375,.T.);
#6375 = SURFACE_CURVE('',#6376,(#6380,#6386),.PCURVE_S1.);
#6376 = LINE('',#6377,#6378);
#6377 = CARTESIAN_POINT('',(-156.5,-22.,10.));
#6378 = VECTOR('',#6379,1.);
#6379 = DIRECTION('',(1.,0.,0.));
#6380 = PCURVE('',#72,#6381);
#6381 = DEFINITIONAL_REPRESENTATION('',(#6382),#6385);
#6382 = B_SPLINE_CURVE_WITH_KNOTS('',1,(#6383,#6384),.UNSPECIFIED.,.F.,
  .F.,(2,2),(24.5,40.5),.PIECEWISE_BEZIER_KNOTS.);
#6383 = CARTESIAN_POINT('',(65.,111.));
#6384 = CARTESIAN_POINT('',(81.,111.));
#6385 = ( GEOMETRIC_REPRESENTATION_CONTEXT(2) 
PARAMETRIC_REPRESENTATION_CONTEXT() REPRESENTATION_CONTEXT('2D SPACE',''
  ) );
#6386 = PCURVE('',#1312,#6387);
#6387 = DEFINITIONAL_REPRESENTATION('',(#6388),#6391);
#6388 = B_SPLINE_CURVE_WITH_KNOTS('',1,(#6389,#6390),.UNSPECIFIED.,.F.,
  .F.,(2,2),(24.5,40.5),.PIECEWISE_BEZIER_KNOTS.);
#6389 = CARTESIAN_POINT('',(16.,-1.));
#6390 = CARTESIAN_POINT('',(0.,-1.));
#6391 = ( GEOMETRIC_REPRESENTATION_CONTEXT(2) 
PARAMETRIC_REPRESENTATION_CONTEXT() REPRESENTATION_CONTEXT('2D SPACE',''
  ) );
#6392 = FACE_BOUND('',#6393,.F.);
#6393 = EDGE_LOOP('',(#6394,#6417,#6438,#6459));
#6394 = ORIENTED_EDGE('',*,*,#6395,.T.);
#6395 = EDGE_CURVE('',#6396,#6398,#6400,.T.);
#6396 = VERTEX_POINT('',#6397);
#6397 = CARTESIAN_POINT('',(-146.,8.,10.));
#6398 = VERTEX_POINT('',#6399);
#6399 = CARTESIAN_POINT('',(-146.,-8.,10.));
#6400 = SURFACE_CURVE('',#6401,(#6405,#6411),.PCURVE_S1.);
#6401 = LINE('',#6402,#6403);
#6402 = CARTESIAN_POINT('',(-146.,-70.5,10.));
#6403 = VECTOR('',#6404,1.);
#6404 = DIRECTION('',(0.,-1.,0.));
#6405 = PCURVE('',#72,#6406);
#6406 = DEFINITIONAL_REPRESENTATION('',(#6407),#6410);
#6407 = B_SPLINE_CURVE_WITH_KNOTS('',1,(#6408,#6409),.UNSPECIFIED.,.F.,
  .F.,(2,2),(-78.5,-62.5),.PIECEWISE_BEZIER_KNOTS.);
#6408 = CARTESIAN_POINT('',(51.,141.));
#6409 = CARTESIAN_POINT('',(51.,125.));
#6410 = ( GEOMETRIC_REPRESENTATION_CONTEXT(2) 
PARAMETRIC_REPRESENTATION_CONTEXT() REPRESENTATION_CONTEXT('2D SPACE',''
  ) );
#6411 = PCURVE('',#1342,#6412);
#6412 = DEFINITIONAL_REPRESENTATION('',(#6413),#6416);
#6413 = B_SPLINE_CURVE_WITH_KNOTS('',1,(#6414,#6415),.UNSPECIFIED.,.F.,
  .F.,(2,2),(-78.5,-62.5),.PIECEWISE_BEZIER_KNOTS.);
#6414 = CARTESIAN_POINT('',(16.,-1.));
#6415 = CARTESIAN_POINT('',(0.,-1.));
#6416 = ( GEOMETRIC_REPRESENTATION_CONTEXT(2) 
PARAMETRIC_REPRESENTATION_CONTEXT() REPRESENTATION_CONTEXT('2D SPACE',''
  ) );
#6417 = ORIENTED_EDGE('',*,*,#6418,.T.);
#6418 = EDGE_CURVE('',#6398,#6419,#6421,.T.);
#6419 = VERTEX_POINT('',#6420);
#6420 = CARTESIAN_POINT('',(-162.,-8.,10.));
#6421 = SURFACE_CURVE('',#6422,(#6426,#6432),.PCURVE_S1.);
#6422 = LINE('',#6423,#6424);
#6423 = CARTESIAN_POINT('',(-179.5,-8.,10.));
#6424 = VECTOR('',#6425,1.);
#6425 = DIRECTION('',(-1.,0.,0.));
#6426 = PCURVE('',#72,#6427);
#6427 = DEFINITIONAL_REPRESENTATION('',(#6428),#6431);
#6428 = B_SPLINE_CURVE_WITH_KNOTS('',1,(#6429,#6430),.UNSPECIFIED.,.F.,
  .F.,(2,2),(-33.5,-17.5),.PIECEWISE_BEZIER_KNOTS.);
#6429 = CARTESIAN_POINT('',(51.,125.));
#6430 = CARTESIAN_POINT('',(35.,125.));
#6431 = ( GEOMETRIC_REPRESENTATION_CONTEXT(2) 
PARAMETRIC_REPRESENTATION_CONTEXT() REPRESENTATION_CONTEXT('2D SPACE',''
  ) );
#6432 = PCURVE('',#1368,#6433);
#6433 = DEFINITIONAL_REPRESENTATION('',(#6434),#6437);
#6434 = B_SPLINE_CURVE_WITH_KNOTS('',1,(#6435,#6436),.UNSPECIFIED.,.F.,
  .F.,(2,2),(-33.5,-17.5),.PIECEWISE_BEZIER_KNOTS.);
#6435 = CARTESIAN_POINT('',(16.,-1.));
#6436 = CARTESIAN_POINT('',(0.,-1.));
#6437 = ( GEOMETRIC_REPRESENTATION_CONTEXT(2) 
PARAMETRIC_REPRESENTATION_CONTEXT() REPRESENTATION_CONTEXT('2D SPACE',''
  ) );
#6438 = ORIENTED_EDGE('',*,*,#6439,.T.);
#6439 = EDGE_CURVE('',#6419,#6440,#6442,.T.);
#6440 = VERTEX_POINT('',#6441);
#6441 = CARTESIAN_POINT('',(-162.,8.,10.));
#6442 = SURFACE_CURVE('',#6443,(#6447,#6453),.PCURVE_S1.);
#6443 = LINE('',#6444,#6445);
#6444 = CARTESIAN_POINT('',(-162.,-62.5,10.));
#6445 = VECTOR('',#6446,1.);
#6446 = DIRECTION('',(0.,1.,0.));
#6447 = PCURVE('',#72,#6448);
#6448 = DEFINITIONAL_REPRESENTATION('',(#6449),#6452);
#6449 = B_SPLINE_CURVE_WITH_KNOTS('',1,(#6450,#6451),.UNSPECIFIED.,.F.,
  .F.,(2,2),(54.5,70.5),.PIECEWISE_BEZIER_KNOTS.);
#6450 = CARTESIAN_POINT('',(35.,125.));
#6451 = CARTESIAN_POINT('',(35.,141.));
#6452 = ( GEOMETRIC_REPRESENTATION_CONTEXT(2) 
PARAMETRIC_REPRESENTATION_CONTEXT() REPRESENTATION_CONTEXT('2D SPACE',''
  ) );
#6453 = PCURVE('',#1394,#6454);
#6454 = DEFINITIONAL_REPRESENTATION('',(#6455),#6458);
#6455 = B_SPLINE_CURVE_WITH_KNOTS('',1,(#6456,#6457),.UNSPECIFIED.,.F.,
  .F.,(2,2),(54.5,70.5),.PIECEWISE_BEZIER_KNOTS.);
#6456 = CARTESIAN_POINT('',(16.,-1.));
#6457 = CARTESIAN_POINT('',(0.,-1.));
#6458 = ( GEOMETRIC_REPRESENTATION_CONTEXT(2) 
PARAMETRIC_REPRESENTATION_CONTEXT() REPRESENTATION_CONTEXT('2D SPACE',''
  ) );
#6459 = ORIENTED_EDGE('',*,*,#6460,.T.);
#6460 = EDGE_CURVE('',#6440,#6396,#6461,.T.);
#6461 = SURFACE_CURVE('',#6462,(#6466,#6472),.PCURVE_S1.);
#6462 = LINE('',#6463,#6464);
#6463 = CARTESIAN_POINT('',(-171.5,8.,10.));
#6464 = VECTOR('',#6465,1.);
#6465 = DIRECTION('',(1.,0.,0.));
#6466 = PCURVE('',#72,#6467);
#6467 = DEFINITIONAL_REPRESENTATION('',(#6468),#6471);
#6468 = B_SPLINE_CURVE_WITH_KNOTS('',1,(#6469,#6470),.UNSPECIFIED.,.F.,
  .F.,(2,2),(9.5,25.5),.PIECEWISE_BEZIER_KNOTS.);
#6469 = CARTESIAN_POINT('',(35.,141.));
#6470 = CARTESIAN_POINT('',(51.,141.));
#6471 = ( GEOMETRIC_REPRESENTATION_CONTEXT(2) 
PARAMETRIC_REPRESENTATION_CONTEXT() REPRESENTATION_CONTEXT('2D SPACE',''
  ) );
#6472 = PCURVE('',#1418,#6473);
#6473 = DEFINITIONAL_REPRESENTATION('',(#6474),#6477);
#6474 = B_SPLINE_CURVE_WITH_KNOTS('',1,(#6475,#6476),.UNSPECIFIED.,.F.,
  .F.,(2,2),(9.5,25.5),.PIECEWISE_BEZIER_KNOTS.);
#6475 = CARTESIAN_POINT('',(16.,-1.));
#6476 = CARTESIAN_POINT('',(0.,-1.));
#6477 = ( GEOMETRIC_REPRESENTATION_CONTEXT(2) 
PARAMETRIC_REPRESENTATION_CONTEXT() REPRESENTATION_CONTEXT('2D SPACE',''
  ) );
#6478 = FACE_BOUND('',#6479,.F.);
#6479 = EDGE_LOOP('',(#6480,#6503,#6524,#6545));
#6480 = ORIENTED_EDGE('',*,*,#6481,.T.);
#6481 = EDGE_CURVE('',#6482,#6484,#6486,.T.);
#6482 = VERTEX_POINT('',#6483);
#6483 = CARTESIAN_POINT('',(-116.,8.,10.));
#6484 = VERTEX_POINT('',#6485);
#6485 = CARTESIAN_POINT('',(-116.,-8.,10.));
#6486 = SURFACE_CURVE('',#6487,(#6491,#6497),.PCURVE_S1.);
#6487 = LINE('',#6488,#6489);
#6488 = CARTESIAN_POINT('',(-116.,-70.5,10.));
#6489 = VECTOR('',#6490,1.);
#6490 = DIRECTION('',(0.,-1.,0.));
#6491 = PCURVE('',#72,#6492);
#6492 = DEFINITIONAL_REPRESENTATION('',(#6493),#6496);
#6493 = B_SPLINE_CURVE_WITH_KNOTS('',1,(#6494,#6495),.UNSPECIFIED.,.F.,
  .F.,(2,2),(-78.5,-62.5),.PIECEWISE_BEZIER_KNOTS.);
#6494 = CARTESIAN_POINT('',(81.,141.));
#6495 = CARTESIAN_POINT('',(81.,125.));
#6496 = ( GEOMETRIC_REPRESENTATION_CONTEXT(2) 
PARAMETRIC_REPRESENTATION_CONTEXT() REPRESENTATION_CONTEXT('2D SPACE',''
  ) );
#6497 = PCURVE('',#1448,#6498);
#6498 = DEFINITIONAL_REPRESENTATION('',(#6499),#6502);
#6499 = B_SPLINE_CURVE_WITH_KNOTS('',1,(#6500,#6501),.UNSPECIFIED.,.F.,
  .F.,(2,2),(-78.5,-62.5),.PIECEWISE_BEZIER_KNOTS.);
#6500 = CARTESIAN_POINT('',(16.,-1.));
#6501 = CARTESIAN_POINT('',(0.,-1.));
#6502 = ( GEOMETRIC_REPRESENTATION_CONTEXT(2) 
PARAMETRIC_REPRESENTATION_CONTEXT() REPRESENTATION_CONTEXT('2D SPACE',''
  ) );
#6503 = ORIENTED_EDGE('',*,*,#6504,.T.);
#6504 = EDGE_CURVE('',#6484,#6505,#6507,.T.);
#6505 = VERTEX_POINT('',#6506);
#6506 = CARTESIAN_POINT('',(-132.,-8.,10.));
#6507 = SURFACE_CURVE('',#6508,(#6512,#6518),.PCURVE_S1.);
#6508 = LINE('',#6509,#6510);
#6509 = CARTESIAN_POINT('',(-164.5,-8.,10.));
#6510 = VECTOR('',#6511,1.);
#6511 = DIRECTION('',(-1.,0.,0.));
#6512 = PCURVE('',#72,#6513);
#6513 = DEFINITIONAL_REPRESENTATION('',(#6514),#6517);
#6514 = B_SPLINE_CURVE_WITH_KNOTS('',1,(#6515,#6516),.UNSPECIFIED.,.F.,
  .F.,(2,2),(-48.5,-32.5),.PIECEWISE_BEZIER_KNOTS.);
#6515 = CARTESIAN_POINT('',(81.,125.));
#6516 = CARTESIAN_POINT('',(65.,125.));
#6517 = ( GEOMETRIC_REPRESENTATION_CONTEXT(2) 
PARAMETRIC_REPRESENTATION_CONTEXT() REPRESENTATION_CONTEXT('2D SPACE',''
  ) );
#6518 = PCURVE('',#1474,#6519);
#6519 = DEFINITIONAL_REPRESENTATION('',(#6520),#6523);
#6520 = B_SPLINE_CURVE_WITH_KNOTS('',1,(#6521,#6522),.UNSPECIFIED.,.F.,
  .F.,(2,2),(-48.5,-32.5),.PIECEWISE_BEZIER_KNOTS.);
#6521 = CARTESIAN_POINT('',(16.,-1.));
#6522 = CARTESIAN_POINT('',(0.,-1.));
#6523 = ( GEOMETRIC_REPRESENTATION_CONTEXT(2) 
PARAMETRIC_REPRESENTATION_CONTEXT() REPRESENTATION_CONTEXT('2D SPACE',''
  ) );
#6524 = ORIENTED_EDGE('',*,*,#6525,.T.);
#6525 = EDGE_CURVE('',#6505,#6526,#6528,.T.);
#6526 = VERTEX_POINT('',#6527);
#6527 = CARTESIAN_POINT('',(-132.,8.,10.));
#6528 = SURFACE_CURVE('',#6529,(#6533,#6539),.PCURVE_S1.);
#6529 = LINE('',#6530,#6531);
#6530 = CARTESIAN_POINT('',(-132.,-62.5,10.));
#6531 = VECTOR('',#6532,1.);
#6532 = DIRECTION('',(0.,1.,0.));
#6533 = PCURVE('',#72,#6534);
#6534 = DEFINITIONAL_REPRESENTATION('',(#6535),#6538);
#6535 = B_SPLINE_CURVE_WITH_KNOTS('',1,(#6536,#6537),.UNSPECIFIED.,.F.,
  .F.,(2,2),(54.5,70.5),.PIECEWISE_BEZIER_KNOTS.);
#6536 = CARTESIAN_POINT('',(65.,125.));
#6537 = CARTESIAN_POINT('',(65.,141.));
#6538 = ( GEOMETRIC_REPRESENTATION_CONTEXT(2) 
PARAMETRIC_REPRESENTATION_CONTEXT() REPRESENTATION_CONTEXT('2D SPACE',''
  ) );
#6539 = PCURVE('',#1500,#6540);
#6540 = DEFINITIONAL_REPRESENTATION('',(#6541),#6544);
#6541 = B_SPLINE_CURVE_WITH_KNOTS('',1,(#6542,#6543),.UNSPECIFIED.,.F.,
  .F.,(2,2),(54.5,70.5),.PIECEWISE_BEZIER_KNOTS.);
#6542 = CARTESIAN_POINT('',(16.,-1.));
#6543 = CARTESIAN_POINT('',(0.,-1.));
#6544 = ( GEOMETRIC_REPRESENTATION_CONTEXT(2) 
PARAMETRIC_REPRESENTATION_CONTEXT() REPRESENTATION_CONTEXT('2D SPACE',''
  ) );
#6545 = ORIENTED_EDGE('',*,*,#6546,.T.);
#6546 = EDGE_CURVE('',#6526,#6482,#6547,.T.);
#6547 = SURFACE_CURVE('',#6548,(#6552,#6558),.PCURVE_S1.);
#6548 = LINE('',#6549,#6550);
#6549 = CARTESIAN_POINT('',(-156.5,8.,10.));
#6550 = VECTOR('',#6551,1.);
#6551 = DIRECTION('',(1.,0.,0.));
#6552 = PCURVE('',#72,#6553);
#6553 = DEFINITIONAL_REPRESENTATION('',(#6554),#6557);
#6554 = B_SPLINE_CURVE_WITH_KNOTS('',1,(#6555,#6556),.UNSPECIFIED.,.F.,
  .F.,(2,2),(24.5,40.5),.PIECEWISE_BEZIER_KNOTS.);
#6555 = CARTESIAN_POINT('',(65.,141.));
#6556 = CARTESIAN_POINT('',(81.,141.));
#6557 = ( GEOMETRIC_REPRESENTATION_CONTEXT(2) 
PARAMETRIC_REPRESENTATION_CONTEXT() REPRESENTATION_CONTEXT('2D SPACE',''
  ) );
#6558 = PCURVE('',#1524,#6559);
#6559 = DEFINITIONAL_REPRESENTATION('',(#6560),#6563);
#6560 = B_SPLINE_CURVE_WITH_KNOTS('',1,(#6561,#6562),.UNSPECIFIED.,.F.,
  .F.,(2,2),(24.5,40.5),.PIECEWISE_BEZIER_KNOTS.);
#6561 = CARTESIAN_POINT('',(16.,-1.));
#6562 = CARTESIAN_POINT('',(0.,-1.));
#6563 = ( GEOMETRIC_REPRESENTATION_CONTEXT(2) 
PARAMETRIC_REPRESENTATION_CONTEXT() REPRESENTATION_CONTEXT('2D SPACE',''
  ) );
#6564 = FACE_BOUND('',#6565,.F.);
#6565 = EDGE_LOOP('',(#6566,#6589,#6610,#6631));
#6566 = ORIENTED_EDGE('',*,*,#6567,.T.);
#6567 = EDGE_CURVE('',#6568,#6570,#6572,.T.);
#6568 = VERTEX_POINT('',#6569);
#6569 = CARTESIAN_POINT('',(-86.,-22.,10.));
#6570 = VERTEX_POINT('',#6571);
#6571 = CARTESIAN_POINT('',(-86.,-38.,10.));
#6572 = SURFACE_CURVE('',#6573,(#6577,#6583),.PCURVE_S1.);
#6573 = LINE('',#6574,#6575);
#6574 = CARTESIAN_POINT('',(-86.,-85.5,10.));
#6575 = VECTOR('',#6576,1.);
#6576 = DIRECTION('',(0.,-1.,0.));
#6577 = PCURVE('',#72,#6578);
#6578 = DEFINITIONAL_REPRESENTATION('',(#6579),#6582);
#6579 = B_SPLINE_CURVE_WITH_KNOTS('',1,(#6580,#6581),.UNSPECIFIED.,.F.,
  .F.,(2,2),(-63.5,-47.5),.PIECEWISE_BEZIER_KNOTS.);
#6580 = CARTESIAN_POINT('',(111.,111.));
#6581 = CARTESIAN_POINT('',(111.,95.));
#6582 = ( GEOMETRIC_REPRESENTATION_CONTEXT(2) 
PARAMETRIC_REPRESENTATION_CONTEXT() REPRESENTATION_CONTEXT('2D SPACE',''
  ) );
#6583 = PCURVE('',#1554,#6584);
#6584 = DEFINITIONAL_REPRESENTATION('',(#6585),#6588);
#6585 = B_SPLINE_CURVE_WITH_KNOTS('',1,(#6586,#6587),.UNSPECIFIED.,.F.,
  .F.,(2,2),(-63.5,-47.5),.PIECEWISE_BEZIER_KNOTS.);
#6586 = CARTESIAN_POINT('',(16.,-1.));
#6587 = CARTESIAN_POINT('',(0.,-1.));
#6588 = ( GEOMETRIC_REPRESENTATION_CONTEXT(2) 
PARAMETRIC_REPRESENTATION_CONTEXT() REPRESENTATION_CONTEXT('2D SPACE',''
  ) );
#6589 = ORIENTED_EDGE('',*,*,#6590,.T.);
#6590 = EDGE_CURVE('',#6570,#6591,#6593,.T.);
#6591 = VERTEX_POINT('',#6592);
#6592 = CARTESIAN_POINT('',(-102.,-38.,10.));
#6593 = SURFACE_CURVE('',#6594,(#6598,#6604),.PCURVE_S1.);
#6594 = LINE('',#6595,#6596);
#6595 = CARTESIAN_POINT('',(-149.5,-38.,10.));
#6596 = VECTOR('',#6597,1.);
#6597 = DIRECTION('',(-1.,0.,0.));
#6598 = PCURVE('',#72,#6599);
#6599 = DEFINITIONAL_REPRESENTATION('',(#6600),#6603);
#6600 = B_SPLINE_CURVE_WITH_KNOTS('',1,(#6601,#6602),.UNSPECIFIED.,.F.,
  .F.,(2,2),(-63.5,-47.5),.PIECEWISE_BEZIER_KNOTS.);
#6601 = CARTESIAN_POINT('',(111.,95.));
#6602 = CARTESIAN_POINT('',(95.,95.));
#6603 = ( GEOMETRIC_REPRESENTATION_CONTEXT(2) 
PARAMETRIC_REPRESENTATION_CONTEXT() REPRESENTATION_CONTEXT('2D SPACE',''
  ) );
#6604 = PCURVE('',#1580,#6605);
#6605 = DEFINITIONAL_REPRESENTATION('',(#6606),#6609);
#6606 = B_SPLINE_CURVE_WITH_KNOTS('',1,(#6607,#6608),.UNSPECIFIED.,.F.,
  .F.,(2,2),(-63.5,-47.5),.PIECEWISE_BEZIER_KNOTS.);
#6607 = CARTESIAN_POINT('',(16.,-1.));
#6608 = CARTESIAN_POINT('',(0.,-1.));
#6609 = ( GEOMETRIC_REPRESENTATION_CONTEXT(2) 
PARAMETRIC_REPRESENTATION_CONTEXT() REPRESENTATION_CONTEXT('2D SPACE',''
  ) );
#6610 = ORIENTED_EDGE('',*,*,#6611,.T.);
#6611 = EDGE_CURVE('',#6591,#6612,#6614,.T.);
#6612 = VERTEX_POINT('',#6613);
#6613 = CARTESIAN_POINT('',(-102.,-22.,10.));
#6614 = SURFACE_CURVE('',#6615,(#6619,#6625),.PCURVE_S1.);
#6615 = LINE('',#6616,#6617);
#6616 = CARTESIAN_POINT('',(-102.,-77.5,10.));
#6617 = VECTOR('',#6618,1.);
#6618 = DIRECTION('',(0.,1.,0.));
#6619 = PCURVE('',#72,#6620);
#6620 = DEFINITIONAL_REPRESENTATION('',(#6621),#6624);
#6621 = B_SPLINE_CURVE_WITH_KNOTS('',1,(#6622,#6623),.UNSPECIFIED.,.F.,
  .F.,(2,2),(39.5,55.5),.PIECEWISE_BEZIER_KNOTS.);
#6622 = CARTESIAN_POINT('',(95.,95.));
#6623 = CARTESIAN_POINT('',(95.,111.));
#6624 = ( GEOMETRIC_REPRESENTATION_CONTEXT(2) 
PARAMETRIC_REPRESENTATION_CONTEXT() REPRESENTATION_CONTEXT('2D SPACE',''
  ) );
#6625 = PCURVE('',#1606,#6626);
#6626 = DEFINITIONAL_REPRESENTATION('',(#6627),#6630);
#6627 = B_SPLINE_CURVE_WITH_KNOTS('',1,(#6628,#6629),.UNSPECIFIED.,.F.,
  .F.,(2,2),(39.5,55.5),.PIECEWISE_BEZIER_KNOTS.);
#6628 = CARTESIAN_POINT('',(16.,-1.));
#6629 = CARTESIAN_POINT('',(0.,-1.));
#6630 = ( GEOMETRIC_REPRESENTATION_CONTEXT(2) 
PARAMETRIC_REPRESENTATION_CONTEXT() REPRESENTATION_CONTEXT('2D SPACE',''
  ) );
#6631 = ORIENTED_EDGE('',*,*,#6632,.T.);
#6632 = EDGE_CURVE('',#6612,#6568,#6633,.T.);
#6633 = SURFACE_CURVE('',#6634,(#6638,#6644),.PCURVE_S1.);
#6634 = LINE('',#6635,#6636);
#6635 = CARTESIAN_POINT('',(-141.5,-22.,10.));
#6636 = VECTOR('',#6637,1.);
#6637 = DIRECTION('',(1.,0.,0.));
#6638 = PCURVE('',#72,#6639);
#6639 = DEFINITIONAL_REPRESENTATION('',(#6640),#6643);
#6640 = B_SPLINE_CURVE_WITH_KNOTS('',1,(#6641,#6642),.UNSPECIFIED.,.F.,
  .F.,(2,2),(39.5,55.5),.PIECEWISE_BEZIER_KNOTS.);
#6641 = CARTESIAN_POINT('',(95.,111.));
#6642 = CARTESIAN_POINT('',(111.,111.));
#6643 = ( GEOMETRIC_REPRESENTATION_CONTEXT(2) 
PARAMETRIC_REPRESENTATION_CONTEXT() REPRESENTATION_CONTEXT('2D SPACE',''
  ) );
#6644 = PCURVE('',#1630,#6645);
#6645 = DEFINITIONAL_REPRESENTATION('',(#6646),#6649);
#6646 = B_SPLINE_CURVE_WITH_KNOTS('',1,(#6647,#6648),.UNSPECIFIED.,.F.,
  .F.,(2,2),(39.5,55.5),.PIECEWISE_BEZIER_KNOTS.);
#6647 = CARTESIAN_POINT('',(16.,-1.));
#6648 = CARTESIAN_POINT('',(0.,-1.));
#6649 = ( GEOMETRIC_REPRESENTATION_CONTEXT(2) 
PARAMETRIC_REPRESENTATION_CONTEXT() REPRESENTATION_CONTEXT('2D SPACE',''
  ) );
#6650 = FACE_BOUND('',#6651,.F.);
#6651 = EDGE_LOOP('',(#6652,#6675,#6696,#6717));
#6652 = ORIENTED_EDGE('',*,*,#6653,.T.);
#6653 = EDGE_CURVE('',#6654,#6656,#6658,.T.);
#6654 = VERTEX_POINT('',#6655);
#6655 = CARTESIAN_POINT('',(-56.,-22.,10.));
#6656 = VERTEX_POINT('',#6657);
#6657 = CARTESIAN_POINT('',(-56.,-38.,10.));
#6658 = SURFACE_CURVE('',#6659,(#6663,#6669),.PCURVE_S1.);
#6659 = LINE('',#6660,#6661);
#6660 = CARTESIAN_POINT('',(-56.,-85.5,10.));
#6661 = VECTOR('',#6662,1.);
#6662 = DIRECTION('',(0.,-1.,0.));
#6663 = PCURVE('',#72,#6664);
#6664 = DEFINITIONAL_REPRESENTATION('',(#6665),#6668);
#6665 = B_SPLINE_CURVE_WITH_KNOTS('',1,(#6666,#6667),.UNSPECIFIED.,.F.,
  .F.,(2,2),(-63.5,-47.5),.PIECEWISE_BEZIER_KNOTS.);
#6666 = CARTESIAN_POINT('',(141.,111.));
#6667 = CARTESIAN_POINT('',(141.,95.));
#6668 = ( GEOMETRIC_REPRESENTATION_CONTEXT(2) 
PARAMETRIC_REPRESENTATION_CONTEXT() REPRESENTATION_CONTEXT('2D SPACE',''
  ) );
#6669 = PCURVE('',#1660,#6670);
#6670 = DEFINITIONAL_REPRESENTATION('',(#6671),#6674);
#6671 = B_SPLINE_CURVE_WITH_KNOTS('',1,(#6672,#6673),.UNSPECIFIED.,.F.,
  .F.,(2,2),(-63.5,-47.5),.PIECEWISE_BEZIER_KNOTS.);
#6672 = CARTESIAN_POINT('',(16.,-1.));
#6673 = CARTESIAN_POINT('',(0.,-1.));
#6674 = ( GEOMETRIC_REPRESENTATION_CONTEXT(2) 
PARAMETRIC_REPRESENTATION_CONTEXT() REPRESENTATION_CONTEXT('2D SPACE',''
  ) );
#6675 = ORIENTED_EDGE('',*,*,#6676,.T.);
#6676 = EDGE_CURVE('',#6656,#6677,#6679,.T.);
#6677 = VERTEX_POINT('',#6678);
#6678 = CARTESIAN_POINT('',(-72.,-38.,10.));
#6679 = SURFACE_CURVE('',#6680,(#6684,#6690),.PCURVE_S1.);
#6680 = LINE('',#6681,#6682);
#6681 = CARTESIAN_POINT('',(-134.5,-38.,10.));
#6682 = VECTOR('',#6683,1.);
#6683 = DIRECTION('',(-1.,0.,0.));
#6684 = PCURVE('',#72,#6685);
#6685 = DEFINITIONAL_REPRESENTATION('',(#6686),#6689);
#6686 = B_SPLINE_CURVE_WITH_KNOTS('',1,(#6687,#6688),.UNSPECIFIED.,.F.,
  .F.,(2,2),(-78.5,-62.5),.PIECEWISE_BEZIER_KNOTS.);
#6687 = CARTESIAN_POINT('',(141.,95.));
#6688 = CARTESIAN_POINT('',(125.,95.));
#6689 = ( GEOMETRIC_REPRESENTATION_CONTEXT(2) 
PARAMETRIC_REPRESENTATION_CONTEXT() REPRESENTATION_CONTEXT('2D SPACE',''
  ) );
#6690 = PCURVE('',#1686,#6691);
#6691 = DEFINITIONAL_REPRESENTATION('',(#6692),#6695);
#6692 = B_SPLINE_CURVE_WITH_KNOTS('',1,(#6693,#6694),.UNSPECIFIED.,.F.,
  .F.,(2,2),(-78.5,-62.5),.PIECEWISE_BEZIER_KNOTS.);
#6693 = CARTESIAN_POINT('',(16.,-1.));
#6694 = CARTESIAN_POINT('',(0.,-1.));
#6695 = ( GEOMETRIC_REPRESENTATION_CONTEXT(2) 
PARAMETRIC_REPRESENTATION_CONTEXT() REPRESENTATION_CONTEXT('2D SPACE',''
  ) );
#6696 = ORIENTED_EDGE('',*,*,#6697,.T.);
#6697 = EDGE_CURVE('',#6677,#6698,#6700,.T.);
#6698 = VERTEX_POINT('',#6699);
#6699 = CARTESIAN_POINT('',(-72.,-22.,10.));
#6700 = SURFACE_CURVE('',#6701,(#6705,#6711),.PCURVE_S1.);
#6701 = LINE('',#6702,#6703);
#6702 = CARTESIAN_POINT('',(-72.,-77.5,10.));
#6703 = VECTOR('',#6704,1.);
#6704 = DIRECTION('',(0.,1.,0.));
#6705 = PCURVE('',#72,#6706);
#6706 = DEFINITIONAL_REPRESENTATION('',(#6707),#6710);
#6707 = B_SPLINE_CURVE_WITH_KNOTS('',1,(#6708,#6709),.UNSPECIFIED.,.F.,
  .F.,(2,2),(39.5,55.5),.PIECEWISE_BEZIER_KNOTS.);
#6708 = CARTESIAN_POINT('',(125.,95.));
#6709 = CARTESIAN_POINT('',(125.,111.));
#6710 = ( GEOMETRIC_REPRESENTATION_CONTEXT(2) 
PARAMETRIC_REPRESENTATION_CONTEXT() REPRESENTATION_CONTEXT('2D SPACE',''
  ) );
#6711 = PCURVE('',#1712,#6712);
#6712 = DEFINITIONAL_REPRESENTATION('',(#6713),#6716);
#6713 = B_SPLINE_CURVE_WITH_KNOTS('',1,(#6714,#6715),.UNSPECIFIED.,.F.,
  .F.,(2,2),(39.5,55.5),.PIECEWISE_BEZIER_KNOTS.);
#6714 = CARTESIAN_POINT('',(16.,-1.));
#6715 = CARTESIAN_POINT('',(0.,-1.));
#6716 = ( GEOMETRIC_REPRESENTATION_CONTEXT(2) 
PARAMETRIC_REPRESENTATION_CONTEXT() REPRESENTATION_CONTEXT('2D SPACE',''
  ) );
#6717 = ORIENTED_EDGE('',*,*,#6718,.T.);
#6718 = EDGE_CURVE('',#6698,#6654,#6719,.T.);
#6719 = SURFACE_CURVE('',#6720,(#6724,#6730),.PCURVE_S1.);
#6720 = LINE('',#6721,#6722);
#6721 = CARTESIAN_POINT('',(-126.5,-22.,10.));
#6722 = VECTOR('',#6723,1.);
#6723 = DIRECTION('',(1.,0.,0.));
#6724 = PCURVE('',#72,#6725);
#6725 = DEFINITIONAL_REPRESENTATION('',(#6726),#6729);
#6726 = B_SPLINE_CURVE_WITH_KNOTS('',1,(#6727,#6728),.UNSPECIFIED.,.F.,
  .F.,(2,2),(54.5,70.5),.PIECEWISE_BEZIER_KNOTS.);
#6727 = CARTESIAN_POINT('',(125.,111.));
#6728 = CARTESIAN_POINT('',(141.,111.));
#6729 = ( GEOMETRIC_REPRESENTATION_CONTEXT(2) 
PARAMETRIC_REPRESENTATION_CONTEXT() REPRESENTATION_CONTEXT('2D SPACE',''
  ) );
#6730 = PCURVE('',#1736,#6731);
#6731 = DEFINITIONAL_REPRESENTATION('',(#6732),#6735);
#6732 = B_SPLINE_CURVE_WITH_KNOTS('',1,(#6733,#6734),.UNSPECIFIED.,.F.,
  .F.,(2,2),(54.5,70.5),.PIECEWISE_BEZIER_KNOTS.);
#6733 = CARTESIAN_POINT('',(16.,-1.));
#6734 = CARTESIAN_POINT('',(0.,-1.));
#6735 = ( GEOMETRIC_REPRESENTATION_CONTEXT(2) 
PARAMETRIC_REPRESENTATION_CONTEXT() REPRESENTATION_CONTEXT('2D SPACE',''
  ) );
#6736 = FACE_BOUND('',#6737,.F.);
#6737 = EDGE_LOOP('',(#6738,#6761,#6782,#6803));
#6738 = ORIENTED_EDGE('',*,*,#6739,.T.);
#6739 = EDGE_CURVE('',#6740,#6742,#6744,.T.);
#6740 = VERTEX_POINT('',#6741);
#6741 = CARTESIAN_POINT('',(-86.,8.,10.));
#6742 = VERTEX_POINT('',#6743);
#6743 = CARTESIAN_POINT('',(-86.,-8.,10.));
#6744 = SURFACE_CURVE('',#6745,(#6749,#6755),.PCURVE_S1.);
#6745 = LINE('',#6746,#6747);
#6746 = CARTESIAN_POINT('',(-86.,-70.5,10.));
#6747 = VECTOR('',#6748,1.);
#6748 = DIRECTION('',(0.,-1.,0.));
#6749 = PCURVE('',#72,#6750);
#6750 = DEFINITIONAL_REPRESENTATION('',(#6751),#6754);
#6751 = B_SPLINE_CURVE_WITH_KNOTS('',1,(#6752,#6753),.UNSPECIFIED.,.F.,
  .F.,(2,2),(-78.5,-62.5),.PIECEWISE_BEZIER_KNOTS.);
#6752 = CARTESIAN_POINT('',(111.,141.));
#6753 = CARTESIAN_POINT('',(111.,125.));
#6754 = ( GEOMETRIC_REPRESENTATION_CONTEXT(2) 
PARAMETRIC_REPRESENTATION_CONTEXT() REPRESENTATION_CONTEXT('2D SPACE',''
  ) );
#6755 = PCURVE('',#1766,#6756);
#6756 = DEFINITIONAL_REPRESENTATION('',(#6757),#6760);
#6757 = B_SPLINE_CURVE_WITH_KNOTS('',1,(#6758,#6759),.UNSPECIFIED.,.F.,
  .F.,(2,2),(-78.5,-62.5),.PIECEWISE_BEZIER_KNOTS.);
#6758 = CARTESIAN_POINT('',(16.,-1.));
#6759 = CARTESIAN_POINT('',(0.,-1.));
#6760 = ( GEOMETRIC_REPRESENTATION_CONTEXT(2) 
PARAMETRIC_REPRESENTATION_CONTEXT() REPRESENTATION_CONTEXT('2D SPACE',''
  ) );
#6761 = ORIENTED_EDGE('',*,*,#6762,.T.);
#6762 = EDGE_CURVE('',#6742,#6763,#6765,.T.);
#6763 = VERTEX_POINT('',#6764);
#6764 = CARTESIAN_POINT('',(-102.,-8.,10.));
#6765 = SURFACE_CURVE('',#6766,(#6770,#6776),.PCURVE_S1.);
#6766 = LINE('',#6767,#6768);
#6767 = CARTESIAN_POINT('',(-149.5,-8.,10.));
#6768 = VECTOR('',#6769,1.);
#6769 = DIRECTION('',(-1.,0.,0.));
#6770 = PCURVE('',#72,#6771);
#6771 = DEFINITIONAL_REPRESENTATION('',(#6772),#6775);
#6772 = B_SPLINE_CURVE_WITH_KNOTS('',1,(#6773,#6774),.UNSPECIFIED.,.F.,
  .F.,(2,2),(-63.5,-47.5),.PIECEWISE_BEZIER_KNOTS.);
#6773 = CARTESIAN_POINT('',(111.,125.));
#6774 = CARTESIAN_POINT('',(95.,125.));
#6775 = ( GEOMETRIC_REPRESENTATION_CONTEXT(2) 
PARAMETRIC_REPRESENTATION_CONTEXT() REPRESENTATION_CONTEXT('2D SPACE',''
  ) );
#6776 = PCURVE('',#1792,#6777);
#6777 = DEFINITIONAL_REPRESENTATION('',(#6778),#6781);
#6778 = B_SPLINE_CURVE_WITH_KNOTS('',1,(#6779,#6780),.UNSPECIFIED.,.F.,
  .F.,(2,2),(-63.5,-47.5),.PIECEWISE_BEZIER_KNOTS.);
#6779 = CARTESIAN_POINT('',(16.,-1.));
#6780 = CARTESIAN_POINT('',(0.,-1.));
#6781 = ( GEOMETRIC_REPRESENTATION_CONTEXT(2) 
PARAMETRIC_REPRESENTATION_CONTEXT() REPRESENTATION_CONTEXT('2D SPACE',''
  ) );
#6782 = ORIENTED_EDGE('',*,*,#6783,.T.);
#6783 = EDGE_CURVE('',#6763,#6784,#6786,.T.);
#6784 = VERTEX_POINT('',#6785);
#6785 = CARTESIAN_POINT('',(-102.,8.,10.));
#6786 = SURFACE_CURVE('',#6787,(#6791,#6797),.PCURVE_S1.);
#6787 = LINE('',#6788,#6789);
#6788 = CARTESIAN_POINT('',(-102.,-62.5,10.));
#6789 = VECTOR('',#6790,1.);
#6790 = DIRECTION('',(0.,1.,0.));
#6791 = PCURVE('',#72,#6792);
#6792 = DEFINITIONAL_REPRESENTATION('',(#6793),#6796);
#6793 = B_SPLINE_CURVE_WITH_KNOTS('',1,(#6794,#6795),.UNSPECIFIED.,.F.,
  .F.,(2,2),(54.5,70.5),.PIECEWISE_BEZIER_KNOTS.);
#6794 = CARTESIAN_POINT('',(95.,125.));
#6795 = CARTESIAN_POINT('',(95.,141.));
#6796 = ( GEOMETRIC_REPRESENTATION_CONTEXT(2) 
PARAMETRIC_REPRESENTATION_CONTEXT() REPRESENTATION_CONTEXT('2D SPACE',''
  ) );
#6797 = PCURVE('',#1818,#6798);
#6798 = DEFINITIONAL_REPRESENTATION('',(#6799),#6802);
#6799 = B_SPLINE_CURVE_WITH_KNOTS('',1,(#6800,#6801),.UNSPECIFIED.,.F.,
  .F.,(2,2),(54.5,70.5),.PIECEWISE_BEZIER_KNOTS.);
#6800 = CARTESIAN_POINT('',(16.,-1.));
#6801 = CARTESIAN_POINT('',(0.,-1.));
#6802 = ( GEOMETRIC_REPRESENTATION_CONTEXT(2) 
PARAMETRIC_REPRESENTATION_CONTEXT() REPRESENTATION_CONTEXT('2D SPACE',''
  ) );
#6803 = ORIENTED_EDGE('',*,*,#6804,.T.);
#6804 = EDGE_CURVE('',#6784,#6740,#6805,.T.);
#6805 = SURFACE_CURVE('',#6806,(#6810,#6816),.PCURVE_S1.);
#6806 = LINE('',#6807,#6808);
#6807 = CARTESIAN_POINT('',(-141.5,8.,10.));
#6808 = VECTOR('',#6809,1.);
#6809 = DIRECTION('',(1.,0.,0.));
#6810 = PCURVE('',#72,#6811);
#6811 = DEFINITIONAL_REPRESENTATION('',(#6812),#6815);
#6812 = B_SPLINE_CURVE_WITH_KNOTS('',1,(#6813,#6814),.UNSPECIFIED.,.F.,
  .F.,(2,2),(39.5,55.5),.PIECEWISE_BEZIER_KNOTS.);
#6813 = CARTESIAN_POINT('',(95.,141.));
#6814 = CARTESIAN_POINT('',(111.,141.));
#6815 = ( GEOMETRIC_REPRESENTATION_CONTEXT(2) 
PARAMETRIC_REPRESENTATION_CONTEXT() REPRESENTATION_CONTEXT('2D SPACE',''
  ) );
#6816 = PCURVE('',#1842,#6817);
#6817 = DEFINITIONAL_REPRESENTATION('',(#6818),#6821);
#6818 = B_SPLINE_CURVE_WITH_KNOTS('',1,(#6819,#6820),.UNSPECIFIED.,.F.,
  .F.,(2,2),(39.5,55.5),.PIECEWISE_BEZIER_KNOTS.);
#6819 = CARTESIAN_POINT('',(16.,-1.));
#6820 = CARTESIAN_POINT('',(0.,-1.));
#6821 = ( GEOMETRIC_REPRESENTATION_CONTEXT(2) 
PARAMETRIC_REPRESENTATION_CONTEXT() REPRESENTATION_CONTEXT('2D SPACE',''
  ) );
#6822 = FACE_BOUND('',#6823,.F.);
#6823 = EDGE_LOOP('',(#6824,#6847,#6868,#6889));
#6824 = ORIENTED_EDGE('',*,*,#6825,.T.);
#6825 = EDGE_CURVE('',#6826,#6828,#6830,.T.);
#6826 = VERTEX_POINT('',#6827);
#6827 = CARTESIAN_POINT('',(-56.,8.,10.));
#6828 = VERTEX_POINT('',#6829);
#6829 = CARTESIAN_POINT('',(-56.,-8.,10.));
#6830 = SURFACE_CURVE('',#6831,(#6835,#6841),.PCURVE_S1.);
#6831 = LINE('',#6832,#6833);
#6832 = CARTESIAN_POINT('',(-56.,-70.5,10.));
#6833 = VECTOR('',#6834,1.);
#6834 = DIRECTION('',(0.,-1.,0.));
#6835 = PCURVE('',#72,#6836);
#6836 = DEFINITIONAL_REPRESENTATION('',(#6837),#6840);
#6837 = B_SPLINE_CURVE_WITH_KNOTS('',1,(#6838,#6839),.UNSPECIFIED.,.F.,
  .F.,(2,2),(-78.5,-62.5),.PIECEWISE_BEZIER_KNOTS.);
#6838 = CARTESIAN_POINT('',(141.,141.));
#6839 = CARTESIAN_POINT('',(141.,125.));
#6840 = ( GEOMETRIC_REPRESENTATION_CONTEXT(2) 
PARAMETRIC_REPRESENTATION_CONTEXT() REPRESENTATION_CONTEXT('2D SPACE',''
  ) );
#6841 = PCURVE('',#1872,#6842);
#6842 = DEFINITIONAL_REPRESENTATION('',(#6843),#6846);
#6843 = B_SPLINE_CURVE_WITH_KNOTS('',1,(#6844,#6845),.UNSPECIFIED.,.F.,
  .F.,(2,2),(-78.5,-62.5),.PIECEWISE_BEZIER_KNOTS.);
#6844 = CARTESIAN_POINT('',(16.,-1.));
#6845 = CARTESIAN_POINT('',(0.,-1.));
#6846 = ( GEOMETRIC_REPRESENTATION_CONTEXT(2) 
PARAMETRIC_REPRESENTATION_CONTEXT() REPRESENTATION_CONTEXT('2D SPACE',''
  ) );
#6847 = ORIENTED_EDGE('',*,*,#6848,.T.);
#6848 = EDGE_CURVE('',#6828,#6849,#6851,.T.);
#6849 = VERTEX_POINT('',#6850);
#6850 = CARTESIAN_POINT('',(-72.,-8.,10.));
#6851 = SURFACE_CURVE('',#6852,(#6856,#6862),.PCURVE_S1.);
#6852 = LINE('',#6853,#6854);
#6853 = CARTESIAN_POINT('',(-134.5,-8.,10.));
#6854 = VECTOR('',#6855,1.);
#6855 = DIRECTION('',(-1.,0.,0.));
#6856 = PCURVE('',#72,#6857);
#6857 = DEFINITIONAL_REPRESENTATION('',(#6858),#6861);
#6858 = B_SPLINE_CURVE_WITH_KNOTS('',1,(#6859,#6860),.UNSPECIFIED.,.F.,
  .F.,(2,2),(-78.5,-62.5),.PIECEWISE_BEZIER_KNOTS.);
#6859 = CARTESIAN_POINT('',(141.,125.));
#6860 = CARTESIAN_POINT('',(125.,125.));
#6861 = ( GEOMETRIC_REPRESENTATION_CONTEXT(2) 
PARAMETRIC_REPRESENTATION_CONTEXT() REPRESENTATION_CONTEXT('2D SPACE',''
  ) );
#6862 = PCURVE('',#1898,#6863);
#6863 = DEFINITIONAL_REPRESENTATION('',(#6864),#6867);
#6864 = B_SPLINE_CURVE_WITH_KNOTS('',1,(#6865,#6866),.UNSPECIFIED.,.F.,
  .F.,(2,2),(-78.5,-62.5),.PIECEWISE_BEZIER_KNOTS.);
#6865 = CARTESIAN_POINT('',(16.,-1.));
#6866 = CARTESIAN_POINT('',(0.,-1.));
#6867 = ( GEOMETRIC_REPRESENTATION_CONTEXT(2) 
PARAMETRIC_REPRESENTATION_CONTEXT() REPRESENTATION_CONTEXT('2D SPACE',''
  ) );
#6868 = ORIENTED_EDGE('',*,*,#6869,.T.);
#6869 = EDGE_CURVE('',#6849,#6870,#6872,.T.);
#6870 = VERTEX_POINT('',#6871);
#6871 = CARTESIAN_POINT('',(-72.,8.,10.));
#6872 = SURFACE_CURVE('',#6873,(#6877,#6883),.PCURVE_S1.);
#6873 = LINE('',#6874,#6875);
#6874 = CARTESIAN_POINT('',(-72.,-62.5,10.));
#6875 = VECTOR('',#6876,1.);
#6876 = DIRECTION('',(0.,1.,0.));
#6877 = PCURVE('',#72,#6878);
#6878 = DEFINITIONAL_REPRESENTATION('',(#6879),#6882);
#6879 = B_SPLINE_CURVE_WITH_KNOTS('',1,(#6880,#6881),.UNSPECIFIED.,.F.,
  .F.,(2,2),(54.5,70.5),.PIECEWISE_BEZIER_KNOTS.);
#6880 = CARTESIAN_POINT('',(125.,125.));
#6881 = CARTESIAN_POINT('',(125.,141.));
#6882 = ( GEOMETRIC_REPRESENTATION_CONTEXT(2) 
PARAMETRIC_REPRESENTATION_CONTEXT() REPRESENTATION_CONTEXT('2D SPACE',''
  ) );
#6883 = PCURVE('',#1924,#6884);
#6884 = DEFINITIONAL_REPRESENTATION('',(#6885),#6888);
#6885 = B_SPLINE_CURVE_WITH_KNOTS('',1,(#6886,#6887),.UNSPECIFIED.,.F.,
  .F.,(2,2),(54.5,70.5),.PIECEWISE_BEZIER_KNOTS.);
#6886 = CARTESIAN_POINT('',(16.,-1.));
#6887 = CARTESIAN_POINT('',(0.,-1.));
#6888 = ( GEOMETRIC_REPRESENTATION_CONTEXT(2) 
PARAMETRIC_REPRESENTATION_CONTEXT() REPRESENTATION_CONTEXT('2D SPACE',''
  ) );
#6889 = ORIENTED_EDGE('',*,*,#6890,.T.);
#6890 = EDGE_CURVE('',#6870,#6826,#6891,.T.);
#6891 = SURFACE_CURVE('',#6892,(#6896,#6902),.PCURVE_S1.);
#6892 = LINE('',#6893,#6894);
#6893 = CARTESIAN_POINT('',(-126.5,8.,10.));
#6894 = VECTOR('',#6895,1.);
#6895 = DIRECTION('',(1.,0.,0.));
#6896 = PCURVE('',#72,#6897);
#6897 = DEFINITIONAL_REPRESENTATION('',(#6898),#6901);
#6898 = B_SPLINE_CURVE_WITH_KNOTS('',1,(#6899,#6900),.UNSPECIFIED.,.F.,
  .F.,(2,2),(54.5,70.5),.PIECEWISE_BEZIER_KNOTS.);
#6899 = CARTESIAN_POINT('',(125.,141.));
#6900 = CARTESIAN_POINT('',(141.,141.));
#6901 = ( GEOMETRIC_REPRESENTATION_CONTEXT(2) 
PARAMETRIC_REPRESENTATION_CONTEXT() REPRESENTATION_CONTEXT('2D SPACE',''
  ) );
#6902 = PCURVE('',#1948,#6903);
#6903 = DEFINITIONAL_REPRESENTATION('',(#6904),#6907);
#6904 = B_SPLINE_CURVE_WITH_KNOTS('',1,(#6905,#6906),.UNSPECIFIED.,.F.,
  .F.,(2,2),(54.5,70.5),.PIECEWISE_BEZIER_KNOTS.);
#6905 = CARTESIAN_POINT('',(16.,-1.));
#6906 = CARTESIAN_POINT('',(0.,-1.));
#6907 = ( GEOMETRIC_REPRESENTATION_CONTEXT(2) 
PARAMETRIC_REPRESENTATION_CONTEXT() REPRESENTATION_CONTEXT('2D SPACE',''
  ) );
#6908 = FACE_BOUND('',#6909,.F.);
#6909 = EDGE_LOOP('',(#6910,#6933,#6954,#6975));
#6910 = ORIENTED_EDGE('',*,*,#6911,.T.);
#6911 = EDGE_CURVE('',#6912,#6914,#6916,.T.);
#6912 = VERTEX_POINT('',#6913);
#6913 = CARTESIAN_POINT('',(-26.,-82.,10.));
#6914 = VERTEX_POINT('',#6915);
#6915 = CARTESIAN_POINT('',(-26.,-98.,10.));
#6916 = SURFACE_CURVE('',#6917,(#6921,#6927),.PCURVE_S1.);
#6917 = LINE('',#6918,#6919);
#6918 = CARTESIAN_POINT('',(-26.,-115.5,10.));
#6919 = VECTOR('',#6920,1.);
#6920 = DIRECTION('',(0.,-1.,0.));
#6921 = PCURVE('',#72,#6922);
#6922 = DEFINITIONAL_REPRESENTATION('',(#6923),#6926);
#6923 = B_SPLINE_CURVE_WITH_KNOTS('',1,(#6924,#6925),.UNSPECIFIED.,.F.,
  .F.,(2,2),(-33.5,-17.5),.PIECEWISE_BEZIER_KNOTS.);
#6924 = CARTESIAN_POINT('',(171.,51.));
#6925 = CARTESIAN_POINT('',(171.,35.));
#6926 = ( GEOMETRIC_REPRESENTATION_CONTEXT(2) 
PARAMETRIC_REPRESENTATION_CONTEXT() REPRESENTATION_CONTEXT('2D SPACE',''
  ) );
#6927 = PCURVE('',#1978,#6928);
#6928 = DEFINITIONAL_REPRESENTATION('',(#6929),#6932);
#6929 = B_SPLINE_CURVE_WITH_KNOTS('',1,(#6930,#6931),.UNSPECIFIED.,.F.,
  .F.,(2,2),(-33.5,-17.5),.PIECEWISE_BEZIER_KNOTS.);
#6930 = CARTESIAN_POINT('',(16.,-1.));
#6931 = CARTESIAN_POINT('',(0.,-1.));
#6932 = ( GEOMETRIC_REPRESENTATION_CONTEXT(2) 
PARAMETRIC_REPRESENTATION_CONTEXT() REPRESENTATION_CONTEXT('2D SPACE',''
  ) );
#6933 = ORIENTED_EDGE('',*,*,#6934,.T.);
#6934 = EDGE_CURVE('',#6914,#6935,#6937,.T.);
#6935 = VERTEX_POINT('',#6936);
#6936 = CARTESIAN_POINT('',(-42.,-98.,10.));
#6937 = SURFACE_CURVE('',#6938,(#6942,#6948),.PCURVE_S1.);
#6938 = LINE('',#6939,#6940);
#6939 = CARTESIAN_POINT('',(-119.5,-98.,10.));
#6940 = VECTOR('',#6941,1.);
#6941 = DIRECTION('',(-1.,0.,0.));
#6942 = PCURVE('',#72,#6943);
#6943 = DEFINITIONAL_REPRESENTATION('',(#6944),#6947);
#6944 = B_SPLINE_CURVE_WITH_KNOTS('',1,(#6945,#6946),.UNSPECIFIED.,.F.,
  .F.,(2,2),(-93.5,-77.5),.PIECEWISE_BEZIER_KNOTS.);
#6945 = CARTESIAN_POINT('',(171.,35.));
#6946 = CARTESIAN_POINT('',(155.,35.));
#6947 = ( GEOMETRIC_REPRESENTATION_CONTEXT(2) 
PARAMETRIC_REPRESENTATION_CONTEXT() REPRESENTATION_CONTEXT('2D SPACE',''
  ) );
#6948 = PCURVE('',#2004,#6949);
#6949 = DEFINITIONAL_REPRESENTATION('',(#6950),#6953);
#6950 = B_SPLINE_CURVE_WITH_KNOTS('',1,(#6951,#6952),.UNSPECIFIED.,.F.,
  .F.,(2,2),(-93.5,-77.5),.PIECEWISE_BEZIER_KNOTS.);
#6951 = CARTESIAN_POINT('',(16.,-1.));
#6952 = CARTESIAN_POINT('',(0.,-1.));
#6953 = ( GEOMETRIC_REPRESENTATION_CONTEXT(2) 
PARAMETRIC_REPRESENTATION_CONTEXT() REPRESENTATION_CONTEXT('2D SPACE',''
  ) );
#6954 = ORIENTED_EDGE('',*,*,#6955,.T.);
#6955 = EDGE_CURVE('',#6935,#6956,#6958,.T.);
#6956 = VERTEX_POINT('',#6957);
#6957 = CARTESIAN_POINT('',(-42.,-82.,10.));
#6958 = SURFACE_CURVE('',#6959,(#6963,#6969),.PCURVE_S1.);
#6959 = LINE('',#6960,#6961);
#6960 = CARTESIAN_POINT('',(-42.,-107.5,10.));
#6961 = VECTOR('',#6962,1.);
#6962 = DIRECTION('',(0.,1.,0.));
#6963 = PCURVE('',#72,#6964);
#6964 = DEFINITIONAL_REPRESENTATION('',(#6965),#6968);
#6965 = B_SPLINE_CURVE_WITH_KNOTS('',1,(#6966,#6967),.UNSPECIFIED.,.F.,
  .F.,(2,2),(9.5,25.5),.PIECEWISE_BEZIER_KNOTS.);
#6966 = CARTESIAN_POINT('',(155.,35.));
#6967 = CARTESIAN_POINT('',(155.,51.));
#6968 = ( GEOMETRIC_REPRESENTATION_CONTEXT(2) 
PARAMETRIC_REPRESENTATION_CONTEXT() REPRESENTATION_CONTEXT('2D SPACE',''
  ) );
#6969 = PCURVE('',#2030,#6970);
#6970 = DEFINITIONAL_REPRESENTATION('',(#6971),#6974);
#6971 = B_SPLINE_CURVE_WITH_KNOTS('',1,(#6972,#6973),.UNSPECIFIED.,.F.,
  .F.,(2,2),(9.5,25.5),.PIECEWISE_BEZIER_KNOTS.);
#6972 = CARTESIAN_POINT('',(16.,-1.));
#6973 = CARTESIAN_POINT('',(0.,-1.));
#6974 = ( GEOMETRIC_REPRESENTATION_CONTEXT(2) 
PARAMETRIC_REPRESENTATION_CONTEXT() REPRESENTATION_CONTEXT('2D SPACE',''
  ) );
#6975 = ORIENTED_EDGE('',*,*,#6976,.T.);
#6976 = EDGE_CURVE('',#6956,#6912,#6977,.T.);
#6977 = SURFACE_CURVE('',#6978,(#6982,#6988),.PCURVE_S1.);
#6978 = LINE('',#6979,#6980);
#6979 = CARTESIAN_POINT('',(-111.5,-82.,10.));
#6980 = VECTOR('',#6981,1.);
#6981 = DIRECTION('',(1.,0.,0.));
#6982 = PCURVE('',#72,#6983);
#6983 = DEFINITIONAL_REPRESENTATION('',(#6984),#6987);
#6984 = B_SPLINE_CURVE_WITH_KNOTS('',1,(#6985,#6986),.UNSPECIFIED.,.F.,
  .F.,(2,2),(69.5,85.5),.PIECEWISE_BEZIER_KNOTS.);
#6985 = CARTESIAN_POINT('',(155.,51.));
#6986 = CARTESIAN_POINT('',(171.,51.));
#6987 = ( GEOMETRIC_REPRESENTATION_CONTEXT(2) 
PARAMETRIC_REPRESENTATION_CONTEXT() REPRESENTATION_CONTEXT('2D SPACE',''
  ) );
#6988 = PCURVE('',#2054,#6989);
#6989 = DEFINITIONAL_REPRESENTATION('',(#6990),#6993);
#6990 = B_SPLINE_CURVE_WITH_KNOTS('',1,(#6991,#6992),.UNSPECIFIED.,.F.,
  .F.,(2,2),(69.5,85.5),.PIECEWISE_BEZIER_KNOTS.);
#6991 = CARTESIAN_POINT('',(16.,-1.));
#6992 = CARTESIAN_POINT('',(0.,-1.));
#6993 = ( GEOMETRIC_REPRESENTATION_CONTEXT(2) 
PARAMETRIC_REPRESENTATION_CONTEXT() REPRESENTATION_CONTEXT('2D SPACE',''
  ) );
#6994 = FACE_BOUND('',#6995,.F.);
#6995 = EDGE_LOOP('',(#6996,#7019,#7040,#7061));
#6996 = ORIENTED_EDGE('',*,*,#6997,.T.);
#6997 = EDGE_CURVE('',#6998,#7000,#7002,.T.);
#6998 = VERTEX_POINT('',#6999);
#6999 = CARTESIAN_POINT('',(-26.,-52.,10.));
#7000 = VERTEX_POINT('',#7001);
#7001 = CARTESIAN_POINT('',(-26.,-68.,10.));
#7002 = SURFACE_CURVE('',#7003,(#7007,#7013),.PCURVE_S1.);
#7003 = LINE('',#7004,#7005);
#7004 = CARTESIAN_POINT('',(-26.,-100.5,10.));
#7005 = VECTOR('',#7006,1.);
#7006 = DIRECTION('',(0.,-1.,0.));
#7007 = PCURVE('',#72,#7008);
#7008 = DEFINITIONAL_REPRESENTATION('',(#7009),#7012);
#7009 = B_SPLINE_CURVE_WITH_KNOTS('',1,(#7010,#7011),.UNSPECIFIED.,.F.,
  .F.,(2,2),(-48.5,-32.5),.PIECEWISE_BEZIER_KNOTS.);
#7010 = CARTESIAN_POINT('',(171.,81.));
#7011 = CARTESIAN_POINT('',(171.,65.));
#7012 = ( GEOMETRIC_REPRESENTATION_CONTEXT(2) 
PARAMETRIC_REPRESENTATION_CONTEXT() REPRESENTATION_CONTEXT('2D SPACE',''
  ) );
#7013 = PCURVE('',#2084,#7014);
#7014 = DEFINITIONAL_REPRESENTATION('',(#7015),#7018);
#7015 = B_SPLINE_CURVE_WITH_KNOTS('',1,(#7016,#7017),.UNSPECIFIED.,.F.,
  .F.,(2,2),(-48.5,-32.5),.PIECEWISE_BEZIER_KNOTS.);
#7016 = CARTESIAN_POINT('',(16.,-1.));
#7017 = CARTESIAN_POINT('',(0.,-1.));
#7018 = ( GEOMETRIC_REPRESENTATION_CONTEXT(2) 
PARAMETRIC_REPRESENTATION_CONTEXT() REPRESENTATION_CONTEXT('2D SPACE',''
  ) );
#7019 = ORIENTED_EDGE('',*,*,#7020,.T.);
#7020 = EDGE_CURVE('',#7000,#7021,#7023,.T.);
#7021 = VERTEX_POINT('',#7022);
#7022 = CARTESIAN_POINT('',(-42.,-68.,10.));
#7023 = SURFACE_CURVE('',#7024,(#7028,#7034),.PCURVE_S1.);
#7024 = LINE('',#7025,#7026);
#7025 = CARTESIAN_POINT('',(-119.5,-68.,10.));
#7026 = VECTOR('',#7027,1.);
#7027 = DIRECTION('',(-1.,0.,0.));
#7028 = PCURVE('',#72,#7029);
#7029 = DEFINITIONAL_REPRESENTATION('',(#7030),#7033);
#7030 = B_SPLINE_CURVE_WITH_KNOTS('',1,(#7031,#7032),.UNSPECIFIED.,.F.,
  .F.,(2,2),(-93.5,-77.5),.PIECEWISE_BEZIER_KNOTS.);
#7031 = CARTESIAN_POINT('',(171.,65.));
#7032 = CARTESIAN_POINT('',(155.,65.));
#7033 = ( GEOMETRIC_REPRESENTATION_CONTEXT(2) 
PARAMETRIC_REPRESENTATION_CONTEXT() REPRESENTATION_CONTEXT('2D SPACE',''
  ) );
#7034 = PCURVE('',#2110,#7035);
#7035 = DEFINITIONAL_REPRESENTATION('',(#7036),#7039);
#7036 = B_SPLINE_CURVE_WITH_KNOTS('',1,(#7037,#7038),.UNSPECIFIED.,.F.,
  .F.,(2,2),(-93.5,-77.5),.PIECEWISE_BEZIER_KNOTS.);
#7037 = CARTESIAN_POINT('',(16.,-1.));
#7038 = CARTESIAN_POINT('',(0.,-1.));
#7039 = ( GEOMETRIC_REPRESENTATION_CONTEXT(2) 
PARAMETRIC_REPRESENTATION_CONTEXT() REPRESENTATION_CONTEXT('2D SPACE',''
  ) );
#7040 = ORIENTED_EDGE('',*,*,#7041,.T.);
#7041 = EDGE_CURVE('',#7021,#7042,#7044,.T.);
#7042 = VERTEX_POINT('',#7043);
#7043 = CARTESIAN_POINT('',(-42.,-52.,10.));
#7044 = SURFACE_CURVE('',#7045,(#7049,#7055),.PCURVE_S1.);
#7045 = LINE('',#7046,#7047);
#7046 = CARTESIAN_POINT('',(-42.,-92.5,10.));
#7047 = VECTOR('',#7048,1.);
#7048 = DIRECTION('',(0.,1.,0.));
#7049 = PCURVE('',#72,#7050);
#7050 = DEFINITIONAL_REPRESENTATION('',(#7051),#7054);
#7051 = B_SPLINE_CURVE_WITH_KNOTS('',1,(#7052,#7053),.UNSPECIFIED.,.F.,
  .F.,(2,2),(24.5,40.5),.PIECEWISE_BEZIER_KNOTS.);
#7052 = CARTESIAN_POINT('',(155.,65.));
#7053 = CARTESIAN_POINT('',(155.,81.));
#7054 = ( GEOMETRIC_REPRESENTATION_CONTEXT(2) 
PARAMETRIC_REPRESENTATION_CONTEXT() REPRESENTATION_CONTEXT('2D SPACE',''
  ) );
#7055 = PCURVE('',#2136,#7056);
#7056 = DEFINITIONAL_REPRESENTATION('',(#7057),#7060);
#7057 = B_SPLINE_CURVE_WITH_KNOTS('',1,(#7058,#7059),.UNSPECIFIED.,.F.,
  .F.,(2,2),(24.5,40.5),.PIECEWISE_BEZIER_KNOTS.);
#7058 = CARTESIAN_POINT('',(16.,-1.));
#7059 = CARTESIAN_POINT('',(0.,-1.));
#7060 = ( GEOMETRIC_REPRESENTATION_CONTEXT(2) 
PARAMETRIC_REPRESENTATION_CONTEXT() REPRESENTATION_CONTEXT('2D SPACE',''
  ) );
#7061 = ORIENTED_EDGE('',*,*,#7062,.T.);
#7062 = EDGE_CURVE('',#7042,#6998,#7063,.T.);
#7063 = SURFACE_CURVE('',#7064,(#7068,#7074),.PCURVE_S1.);
#7064 = LINE('',#7065,#7066);
#7065 = CARTESIAN_POINT('',(-111.5,-52.,10.));
#7066 = VECTOR('',#7067,1.);
#7067 = DIRECTION('',(1.,0.,0.));
#7068 = PCURVE('',#72,#7069);
#7069 = DEFINITIONAL_REPRESENTATION('',(#7070),#7073);
#7070 = B_SPLINE_CURVE_WITH_KNOTS('',1,(#7071,#7072),.UNSPECIFIED.,.F.,
  .F.,(2,2),(69.5,85.5),.PIECEWISE_BEZIER_KNOTS.);
#7071 = CARTESIAN_POINT('',(155.,81.));
#7072 = CARTESIAN_POINT('',(171.,81.));
#7073 = ( GEOMETRIC_REPRESENTATION_CONTEXT(2) 
PARAMETRIC_REPRESENTATION_CONTEXT() REPRESENTATION_CONTEXT('2D SPACE',''
  ) );
#7074 = PCURVE('',#2160,#7075);
#7075 = DEFINITIONAL_REPRESENTATION('',(#7076),#7079);
#7076 = B_SPLINE_CURVE_WITH_KNOTS('',1,(#7077,#7078),.UNSPECIFIED.,.F.,
  .F.,(2,2),(69.5,85.5),.PIECEWISE_BEZIER_KNOTS.);
#7077 = CARTESIAN_POINT('',(16.,-1.));
#7078 = CARTESIAN_POINT('',(0.,-1.));
#7079 = ( GEOMETRIC_REPRESENTATION_CONTEXT(2) 
PARAMETRIC_REPRESENTATION_CONTEXT() REPRESENTATION_CONTEXT('2D SPACE',''
  ) );
#7080 = FACE_BOUND('',#7081,.F.);
#7081 = EDGE_LOOP('',(#7082,#7105,#7126,#7147));
#7082 = ORIENTED_EDGE('',*,*,#7083,.T.);
#7083 = EDGE_CURVE('',#7084,#7086,#7088,.T.);
#7084 = VERTEX_POINT('',#7085);
#7085 = CARTESIAN_POINT('',(4.,-82.,10.));
#7086 = VERTEX_POINT('',#7087);
#7087 = CARTESIAN_POINT('',(4.,-98.,10.));
#7088 = SURFACE_CURVE('',#7089,(#7093,#7099),.PCURVE_S1.);
#7089 = LINE('',#7090,#7091);
#7090 = CARTESIAN_POINT('',(4.,-115.5,10.));
#7091 = VECTOR('',#7092,1.);
#7092 = DIRECTION('',(0.,-1.,0.));
#7093 = PCURVE('',#72,#7094);
#7094 = DEFINITIONAL_REPRESENTATION('',(#7095),#7098);
#7095 = B_SPLINE_CURVE_WITH_KNOTS('',1,(#7096,#7097),.UNSPECIFIED.,.F.,
  .F.,(2,2),(-33.5,-17.5),.PIECEWISE_BEZIER_KNOTS.);
#7096 = CARTESIAN_POINT('',(201.,51.));
#7097 = CARTESIAN_POINT('',(201.,35.));
#7098 = ( GEOMETRIC_REPRESENTATION_CONTEXT(2) 
PARAMETRIC_REPRESENTATION_CONTEXT() REPRESENTATION_CONTEXT('2D SPACE',''
  ) );
#7099 = PCURVE('',#2190,#7100);
#7100 = DEFINITIONAL_REPRESENTATION('',(#7101),#7104);
#7101 = B_SPLINE_CURVE_WITH_KNOTS('',1,(#7102,#7103),.UNSPECIFIED.,.F.,
  .F.,(2,2),(-33.5,-17.5),.PIECEWISE_BEZIER_KNOTS.);
#7102 = CARTESIAN_POINT('',(16.,-1.));
#7103 = CARTESIAN_POINT('',(0.,-1.));
#7104 = ( GEOMETRIC_REPRESENTATION_CONTEXT(2) 
PARAMETRIC_REPRESENTATION_CONTEXT() REPRESENTATION_CONTEXT('2D SPACE',''
  ) );
#7105 = ORIENTED_EDGE('',*,*,#7106,.T.);
#7106 = EDGE_CURVE('',#7086,#7107,#7109,.T.);
#7107 = VERTEX_POINT('',#7108);
#7108 = CARTESIAN_POINT('',(-12.,-98.,10.));
#7109 = SURFACE_CURVE('',#7110,(#7114,#7120),.PCURVE_S1.);
#7110 = LINE('',#7111,#7112);
#7111 = CARTESIAN_POINT('',(-104.5,-98.,10.));
#7112 = VECTOR('',#7113,1.);
#7113 = DIRECTION('',(-1.,0.,0.));
#7114 = PCURVE('',#72,#7115);
#7115 = DEFINITIONAL_REPRESENTATION('',(#7116),#7119);
#7116 = B_SPLINE_CURVE_WITH_KNOTS('',1,(#7117,#7118),.UNSPECIFIED.,.F.,
  .F.,(2,2),(-108.5,-92.5),.PIECEWISE_BEZIER_KNOTS.);
#7117 = CARTESIAN_POINT('',(201.,35.));
#7118 = CARTESIAN_POINT('',(185.,35.));
#7119 = ( GEOMETRIC_REPRESENTATION_CONTEXT(2) 
PARAMETRIC_REPRESENTATION_CONTEXT() REPRESENTATION_CONTEXT('2D SPACE',''
  ) );
#7120 = PCURVE('',#2216,#7121);
#7121 = DEFINITIONAL_REPRESENTATION('',(#7122),#7125);
#7122 = B_SPLINE_CURVE_WITH_KNOTS('',1,(#7123,#7124),.UNSPECIFIED.,.F.,
  .F.,(2,2),(-108.5,-92.5),.PIECEWISE_BEZIER_KNOTS.);
#7123 = CARTESIAN_POINT('',(16.,-1.));
#7124 = CARTESIAN_POINT('',(0.,-1.));
#7125 = ( GEOMETRIC_REPRESENTATION_CONTEXT(2) 
PARAMETRIC_REPRESENTATION_CONTEXT() REPRESENTATION_CONTEXT('2D SPACE',''
  ) );
#7126 = ORIENTED_EDGE('',*,*,#7127,.T.);
#7127 = EDGE_CURVE('',#7107,#7128,#7130,.T.);
#7128 = VERTEX_POINT('',#7129);
#7129 = CARTESIAN_POINT('',(-12.,-82.,10.));
#7130 = SURFACE_CURVE('',#7131,(#7135,#7141),.PCURVE_S1.);
#7131 = LINE('',#7132,#7133);
#7132 = CARTESIAN_POINT('',(-12.,-107.5,10.));
#7133 = VECTOR('',#7134,1.);
#7134 = DIRECTION('',(0.,1.,0.));
#7135 = PCURVE('',#72,#7136);
#7136 = DEFINITIONAL_REPRESENTATION('',(#7137),#7140);
#7137 = B_SPLINE_CURVE_WITH_KNOTS('',1,(#7138,#7139),.UNSPECIFIED.,.F.,
  .F.,(2,2),(9.5,25.5),.PIECEWISE_BEZIER_KNOTS.);
#7138 = CARTESIAN_POINT('',(185.,35.));
#7139 = CARTESIAN_POINT('',(185.,51.));
#7140 = ( GEOMETRIC_REPRESENTATION_CONTEXT(2) 
PARAMETRIC_REPRESENTATION_CONTEXT() REPRESENTATION_CONTEXT('2D SPACE',''
  ) );
#7141 = PCURVE('',#2242,#7142);
#7142 = DEFINITIONAL_REPRESENTATION('',(#7143),#7146);
#7143 = B_SPLINE_CURVE_WITH_KNOTS('',1,(#7144,#7145),.UNSPECIFIED.,.F.,
  .F.,(2,2),(9.5,25.5),.PIECEWISE_BEZIER_KNOTS.);
#7144 = CARTESIAN_POINT('',(16.,-1.));
#7145 = CARTESIAN_POINT('',(0.,-1.));
#7146 = ( GEOMETRIC_REPRESENTATION_CONTEXT(2) 
PARAMETRIC_REPRESENTATION_CONTEXT() REPRESENTATION_CONTEXT('2D SPACE',''
  ) );
#7147 = ORIENTED_EDGE('',*,*,#7148,.T.);
#7148 = EDGE_CURVE('',#7128,#7084,#7149,.T.);
#7149 = SURFACE_CURVE('',#7150,(#7154,#7160),.PCURVE_S1.);
#7150 = LINE('',#7151,#7152);
#7151 = CARTESIAN_POINT('',(-96.5,-82.,10.));
#7152 = VECTOR('',#7153,1.);
#7153 = DIRECTION('',(1.,0.,0.));
#7154 = PCURVE('',#72,#7155);
#7155 = DEFINITIONAL_REPRESENTATION('',(#7156),#7159);
#7156 = B_SPLINE_CURVE_WITH_KNOTS('',1,(#7157,#7158),.UNSPECIFIED.,.F.,
  .F.,(2,2),(84.5,100.5),.PIECEWISE_BEZIER_KNOTS.);
#7157 = CARTESIAN_POINT('',(185.,51.));
#7158 = CARTESIAN_POINT('',(201.,51.));
#7159 = ( GEOMETRIC_REPRESENTATION_CONTEXT(2) 
PARAMETRIC_REPRESENTATION_CONTEXT() REPRESENTATION_CONTEXT('2D SPACE',''
  ) );
#7160 = PCURVE('',#2266,#7161);
#7161 = DEFINITIONAL_REPRESENTATION('',(#7162),#7165);
#7162 = B_SPLINE_CURVE_WITH_KNOTS('',1,(#7163,#7164),.UNSPECIFIED.,.F.,
  .F.,(2,2),(84.5,100.5),.PIECEWISE_BEZIER_KNOTS.);
#7163 = CARTESIAN_POINT('',(16.,-1.));
#7164 = CARTESIAN_POINT('',(0.,-1.));
#7165 = ( GEOMETRIC_REPRESENTATION_CONTEXT(2) 
PARAMETRIC_REPRESENTATION_CONTEXT() REPRESENTATION_CONTEXT('2D SPACE',''
  ) );
#7166 = FACE_BOUND('',#7167,.F.);
#7167 = EDGE_LOOP('',(#7168,#7191,#7212,#7233));
#7168 = ORIENTED_EDGE('',*,*,#7169,.T.);
#7169 = EDGE_CURVE('',#7170,#7172,#7174,.T.);
#7170 = VERTEX_POINT('',#7171);
#7171 = CARTESIAN_POINT('',(34.,-82.,10.));
#7172 = VERTEX_POINT('',#7173);
#7173 = CARTESIAN_POINT('',(34.,-98.,10.));
#7174 = SURFACE_CURVE('',#7175,(#7179,#7185),.PCURVE_S1.);
#7175 = LINE('',#7176,#7177);
#7176 = CARTESIAN_POINT('',(34.,-115.5,10.));
#7177 = VECTOR('',#7178,1.);
#7178 = DIRECTION('',(0.,-1.,0.));
#7179 = PCURVE('',#72,#7180);
#7180 = DEFINITIONAL_REPRESENTATION('',(#7181),#7184);
#7181 = B_SPLINE_CURVE_WITH_KNOTS('',1,(#7182,#7183),.UNSPECIFIED.,.F.,
  .F.,(2,2),(-33.5,-17.5),.PIECEWISE_BEZIER_KNOTS.);
#7182 = CARTESIAN_POINT('',(231.,51.));
#7183 = CARTESIAN_POINT('',(231.,35.));
#7184 = ( GEOMETRIC_REPRESENTATION_CONTEXT(2) 
PARAMETRIC_REPRESENTATION_CONTEXT() REPRESENTATION_CONTEXT('2D SPACE',''
  ) );
#7185 = PCURVE('',#2296,#7186);
#7186 = DEFINITIONAL_REPRESENTATION('',(#7187),#7190);
#7187 = B_SPLINE_CURVE_WITH_KNOTS('',1,(#7188,#7189),.UNSPECIFIED.,.F.,
  .F.,(2,2),(-33.5,-17.5),.PIECEWISE_BEZIER_KNOTS.);
#7188 = CARTESIAN_POINT('',(16.,-1.));
#7189 = CARTESIAN_POINT('',(0.,-1.));
#7190 = ( GEOMETRIC_REPRESENTATION_CONTEXT(2) 
PARAMETRIC_REPRESENTATION_CONTEXT() REPRESENTATION_CONTEXT('2D SPACE',''
  ) );
#7191 = ORIENTED_EDGE('',*,*,#7192,.T.);
#7192 = EDGE_CURVE('',#7172,#7193,#7195,.T.);
#7193 = VERTEX_POINT('',#7194);
#7194 = CARTESIAN_POINT('',(18.,-98.,10.));
#7195 = SURFACE_CURVE('',#7196,(#7200,#7206),.PCURVE_S1.);
#7196 = LINE('',#7197,#7198);
#7197 = CARTESIAN_POINT('',(-89.5,-98.,10.));
#7198 = VECTOR('',#7199,1.);
#7199 = DIRECTION('',(-1.,0.,0.));
#7200 = PCURVE('',#72,#7201);
#7201 = DEFINITIONAL_REPRESENTATION('',(#7202),#7205);
#7202 = B_SPLINE_CURVE_WITH_KNOTS('',1,(#7203,#7204),.UNSPECIFIED.,.F.,
  .F.,(2,2),(-123.5,-107.5),.PIECEWISE_BEZIER_KNOTS.);
#7203 = CARTESIAN_POINT('',(231.,35.));
#7204 = CARTESIAN_POINT('',(215.,35.));
#7205 = ( GEOMETRIC_REPRESENTATION_CONTEXT(2) 
PARAMETRIC_REPRESENTATION_CONTEXT() REPRESENTATION_CONTEXT('2D SPACE',''
  ) );
#7206 = PCURVE('',#2322,#7207);
#7207 = DEFINITIONAL_REPRESENTATION('',(#7208),#7211);
#7208 = B_SPLINE_CURVE_WITH_KNOTS('',1,(#7209,#7210),.UNSPECIFIED.,.F.,
  .F.,(2,2),(-123.5,-107.5),.PIECEWISE_BEZIER_KNOTS.);
#7209 = CARTESIAN_POINT('',(16.,-1.));
#7210 = CARTESIAN_POINT('',(0.,-1.));
#7211 = ( GEOMETRIC_REPRESENTATION_CONTEXT(2) 
PARAMETRIC_REPRESENTATION_CONTEXT() REPRESENTATION_CONTEXT('2D SPACE',''
  ) );
#7212 = ORIENTED_EDGE('',*,*,#7213,.T.);
#7213 = EDGE_CURVE('',#7193,#7214,#7216,.T.);
#7214 = VERTEX_POINT('',#7215);
#7215 = CARTESIAN_POINT('',(18.,-82.,10.));
#7216 = SURFACE_CURVE('',#7217,(#7221,#7227),.PCURVE_S1.);
#7217 = LINE('',#7218,#7219);
#7218 = CARTESIAN_POINT('',(18.,-107.5,10.));
#7219 = VECTOR('',#7220,1.);
#7220 = DIRECTION('',(0.,1.,0.));
#7221 = PCURVE('',#72,#7222);
#7222 = DEFINITIONAL_REPRESENTATION('',(#7223),#7226);
#7223 = B_SPLINE_CURVE_WITH_KNOTS('',1,(#7224,#7225),.UNSPECIFIED.,.F.,
  .F.,(2,2),(9.5,25.5),.PIECEWISE_BEZIER_KNOTS.);
#7224 = CARTESIAN_POINT('',(215.,35.));
#7225 = CARTESIAN_POINT('',(215.,51.));
#7226 = ( GEOMETRIC_REPRESENTATION_CONTEXT(2) 
PARAMETRIC_REPRESENTATION_CONTEXT() REPRESENTATION_CONTEXT('2D SPACE',''
  ) );
#7227 = PCURVE('',#2348,#7228);
#7228 = DEFINITIONAL_REPRESENTATION('',(#7229),#7232);
#7229 = B_SPLINE_CURVE_WITH_KNOTS('',1,(#7230,#7231),.UNSPECIFIED.,.F.,
  .F.,(2,2),(9.5,25.5),.PIECEWISE_BEZIER_KNOTS.);
#7230 = CARTESIAN_POINT('',(16.,-1.));
#7231 = CARTESIAN_POINT('',(0.,-1.));
#7232 = ( GEOMETRIC_REPRESENTATION_CONTEXT(2) 
PARAMETRIC_REPRESENTATION_CONTEXT() REPRESENTATION_CONTEXT('2D SPACE',''
  ) );
#7233 = ORIENTED_EDGE('',*,*,#7234,.T.);
#7234 = EDGE_CURVE('',#7214,#7170,#7235,.T.);
#7235 = SURFACE_CURVE('',#7236,(#7240,#7246),.PCURVE_S1.);
#7236 = LINE('',#7237,#7238);
#7237 = CARTESIAN_POINT('',(-81.5,-82.,10.));
#7238 = VECTOR('',#7239,1.);
#7239 = DIRECTION('',(1.,0.,0.));
#7240 = PCURVE('',#72,#7241);
#7241 = DEFINITIONAL_REPRESENTATION('',(#7242),#7245);
#7242 = B_SPLINE_CURVE_WITH_KNOTS('',1,(#7243,#7244),.UNSPECIFIED.,.F.,
  .F.,(2,2),(99.5,115.5),.PIECEWISE_BEZIER_KNOTS.);
#7243 = CARTESIAN_POINT('',(215.,51.));
#7244 = CARTESIAN_POINT('',(231.,51.));
#7245 = ( GEOMETRIC_REPRESENTATION_CONTEXT(2) 
PARAMETRIC_REPRESENTATION_CONTEXT() REPRESENTATION_CONTEXT('2D SPACE',''
  ) );
#7246 = PCURVE('',#2372,#7247);
#7247 = DEFINITIONAL_REPRESENTATION('',(#7248),#7251);
#7248 = B_SPLINE_CURVE_WITH_KNOTS('',1,(#7249,#7250),.UNSPECIFIED.,.F.,
  .F.,(2,2),(99.5,115.5),.PIECEWISE_BEZIER_KNOTS.);
#7249 = CARTESIAN_POINT('',(16.,-1.));
#7250 = CARTESIAN_POINT('',(0.,-1.));
#7251 = ( GEOMETRIC_REPRESENTATION_CONTEXT(2) 
PARAMETRIC_REPRESENTATION_CONTEXT() REPRESENTATION_CONTEXT('2D SPACE',''
  ) );
#7252 = FACE_BOUND('',#7253,.F.);
#7253 = EDGE_LOOP('',(#7254,#7277,#7298,#7319));
#7254 = ORIENTED_EDGE('',*,*,#7255,.T.);
#7255 = EDGE_CURVE('',#7256,#7258,#7260,.T.);
#7256 = VERTEX_POINT('',#7257);
#7257 = CARTESIAN_POINT('',(4.,-52.,10.));
#7258 = VERTEX_POINT('',#7259);
#7259 = CARTESIAN_POINT('',(4.,-68.,10.));
#7260 = SURFACE_CURVE('',#7261,(#7265,#7271),.PCURVE_S1.);
#7261 = LINE('',#7262,#7263);
#7262 = CARTESIAN_POINT('',(4.,-100.5,10.));
#7263 = VECTOR('',#7264,1.);
#7264 = DIRECTION('',(0.,-1.,0.));
#7265 = PCURVE('',#72,#7266);
#7266 = DEFINITIONAL_REPRESENTATION('',(#7267),#7270);
#7267 = B_SPLINE_CURVE_WITH_KNOTS('',1,(#7268,#7269),.UNSPECIFIED.,.F.,
  .F.,(2,2),(-48.5,-32.5),.PIECEWISE_BEZIER_KNOTS.);
#7268 = CARTESIAN_POINT('',(201.,81.));
#7269 = CARTESIAN_POINT('',(201.,65.));
#7270 = ( GEOMETRIC_REPRESENTATION_CONTEXT(2) 
PARAMETRIC_REPRESENTATION_CONTEXT() REPRESENTATION_CONTEXT('2D SPACE',''
  ) );
#7271 = PCURVE('',#2402,#7272);
#7272 = DEFINITIONAL_REPRESENTATION('',(#7273),#7276);
#7273 = B_SPLINE_CURVE_WITH_KNOTS('',1,(#7274,#7275),.UNSPECIFIED.,.F.,
  .F.,(2,2),(-48.5,-32.5),.PIECEWISE_BEZIER_KNOTS.);
#7274 = CARTESIAN_POINT('',(16.,-1.));
#7275 = CARTESIAN_POINT('',(0.,-1.));
#7276 = ( GEOMETRIC_REPRESENTATION_CONTEXT(2) 
PARAMETRIC_REPRESENTATION_CONTEXT() REPRESENTATION_CONTEXT('2D SPACE',''
  ) );
#7277 = ORIENTED_EDGE('',*,*,#7278,.T.);
#7278 = EDGE_CURVE('',#7258,#7279,#7281,.T.);
#7279 = VERTEX_POINT('',#7280);
#7280 = CARTESIAN_POINT('',(-12.,-68.,10.));
#7281 = SURFACE_CURVE('',#7282,(#7286,#7292),.PCURVE_S1.);
#7282 = LINE('',#7283,#7284);
#7283 = CARTESIAN_POINT('',(-104.5,-68.,10.));
#7284 = VECTOR('',#7285,1.);
#7285 = DIRECTION('',(-1.,0.,0.));
#7286 = PCURVE('',#72,#7287);
#7287 = DEFINITIONAL_REPRESENTATION('',(#7288),#7291);
#7288 = B_SPLINE_CURVE_WITH_KNOTS('',1,(#7289,#7290),.UNSPECIFIED.,.F.,
  .F.,(2,2),(-108.5,-92.5),.PIECEWISE_BEZIER_KNOTS.);
#7289 = CARTESIAN_POINT('',(201.,65.));
#7290 = CARTESIAN_POINT('',(185.,65.));
#7291 = ( GEOMETRIC_REPRESENTATION_CONTEXT(2) 
PARAMETRIC_REPRESENTATION_CONTEXT() REPRESENTATION_CONTEXT('2D SPACE',''
  ) );
#7292 = PCURVE('',#2428,#7293);
#7293 = DEFINITIONAL_REPRESENTATION('',(#7294),#7297);
#7294 = B_SPLINE_CURVE_WITH_KNOTS('',1,(#7295,#7296),.UNSPECIFIED.,.F.,
  .F.,(2,2),(-108.5,-92.5),.PIECEWISE_BEZIER_KNOTS.);
#7295 = CARTESIAN_POINT('',(16.,-1.));
#7296 = CARTESIAN_POINT('',(0.,-1.));
#7297 = ( GEOMETRIC_REPRESENTATION_CONTEXT(2) 
PARAMETRIC_REPRESENTATION_CONTEXT() REPRESENTATION_CONTEXT('2D SPACE',''
  ) );
#7298 = ORIENTED_EDGE('',*,*,#7299,.T.);
#7299 = EDGE_CURVE('',#7279,#7300,#7302,.T.);
#7300 = VERTEX_POINT('',#7301);
#7301 = CARTESIAN_POINT('',(-12.,-52.,10.));
#7302 = SURFACE_CURVE('',#7303,(#7307,#7313),.PCURVE_S1.);
#7303 = LINE('',#7304,#7305);
#7304 = CARTESIAN_POINT('',(-12.,-92.5,10.));
#7305 = VECTOR('',#7306,1.);
#7306 = DIRECTION('',(0.,1.,0.));
#7307 = PCURVE('',#72,#7308);
#7308 = DEFINITIONAL_REPRESENTATION('',(#7309),#7312);
#7309 = B_SPLINE_CURVE_WITH_KNOTS('',1,(#7310,#7311),.UNSPECIFIED.,.F.,
  .F.,(2,2),(24.5,40.5),.PIECEWISE_BEZIER_KNOTS.);
#7310 = CARTESIAN_POINT('',(185.,65.));
#7311 = CARTESIAN_POINT('',(185.,81.));
#7312 = ( GEOMETRIC_REPRESENTATION_CONTEXT(2) 
PARAMETRIC_REPRESENTATION_CONTEXT() REPRESENTATION_CONTEXT('2D SPACE',''
  ) );
#7313 = PCURVE('',#2454,#7314);
#7314 = DEFINITIONAL_REPRESENTATION('',(#7315),#7318);
#7315 = B_SPLINE_CURVE_WITH_KNOTS('',1,(#7316,#7317),.UNSPECIFIED.,.F.,
  .F.,(2,2),(24.5,40.5),.PIECEWISE_BEZIER_KNOTS.);
#7316 = CARTESIAN_POINT('',(16.,-1.));
#7317 = CARTESIAN_POINT('',(0.,-1.));
#7318 = ( GEOMETRIC_REPRESENTATION_CONTEXT(2) 
PARAMETRIC_REPRESENTATION_CONTEXT() REPRESENTATION_CONTEXT('2D SPACE',''
  ) );
#7319 = ORIENTED_EDGE('',*,*,#7320,.T.);
#7320 = EDGE_CURVE('',#7300,#7256,#7321,.T.);
#7321 = SURFACE_CURVE('',#7322,(#7326,#7332),.PCURVE_S1.);
#7322 = LINE('',#7323,#7324);
#7323 = CARTESIAN_POINT('',(-96.5,-52.,10.));
#7324 = VECTOR('',#7325,1.);
#7325 = DIRECTION('',(1.,0.,0.));
#7326 = PCURVE('',#72,#7327);
#7327 = DEFINITIONAL_REPRESENTATION('',(#7328),#7331);
#7328 = B_SPLINE_CURVE_WITH_KNOTS('',1,(#7329,#7330),.UNSPECIFIED.,.F.,
  .F.,(2,2),(84.5,100.5),.PIECEWISE_BEZIER_KNOTS.);
#7329 = CARTESIAN_POINT('',(185.,81.));
#7330 = CARTESIAN_POINT('',(201.,81.));
#7331 = ( GEOMETRIC_REPRESENTATION_CONTEXT(2) 
PARAMETRIC_REPRESENTATION_CONTEXT() REPRESENTATION_CONTEXT('2D SPACE',''
  ) );
#7332 = PCURVE('',#2478,#7333);
#7333 = DEFINITIONAL_REPRESENTATION('',(#7334),#7337);
#7334 = B_SPLINE_CURVE_WITH_KNOTS('',1,(#7335,#7336),.UNSPECIFIED.,.F.,
  .F.,(2,2),(84.5,100.5),.PIECEWISE_BEZIER_KNOTS.);
#7335 = CARTESIAN_POINT('',(16.,-1.));
#7336 = CARTESIAN_POINT('',(0.,-1.));
#7337 = ( GEOMETRIC_REPRESENTATION_CONTEXT(2) 
PARAMETRIC_REPRESENTATION_CONTEXT() REPRESENTATION_CONTEXT('2D SPACE',''
  ) );
#7338 = FACE_BOUND('',#7339,.F.);
#7339 = EDGE_LOOP('',(#7340,#7363,#7384,#7405));
#7340 = ORIENTED_EDGE('',*,*,#7341,.T.);
#7341 = EDGE_CURVE('',#7342,#7344,#7346,.T.);
#7342 = VERTEX_POINT('',#7343);
#7343 = CARTESIAN_POINT('',(34.,-52.,10.));
#7344 = VERTEX_POINT('',#7345);
#7345 = CARTESIAN_POINT('',(34.,-68.,10.));
#7346 = SURFACE_CURVE('',#7347,(#7351,#7357),.PCURVE_S1.);
#7347 = LINE('',#7348,#7349);
#7348 = CARTESIAN_POINT('',(34.,-100.5,10.));
#7349 = VECTOR('',#7350,1.);
#7350 = DIRECTION('',(0.,-1.,0.));
#7351 = PCURVE('',#72,#7352);
#7352 = DEFINITIONAL_REPRESENTATION('',(#7353),#7356);
#7353 = B_SPLINE_CURVE_WITH_KNOTS('',1,(#7354,#7355),.UNSPECIFIED.,.F.,
  .F.,(2,2),(-48.5,-32.5),.PIECEWISE_BEZIER_KNOTS.);
#7354 = CARTESIAN_POINT('',(231.,81.));
#7355 = CARTESIAN_POINT('',(231.,65.));
#7356 = ( GEOMETRIC_REPRESENTATION_CONTEXT(2) 
PARAMETRIC_REPRESENTATION_CONTEXT() REPRESENTATION_CONTEXT('2D SPACE',''
  ) );
#7357 = PCURVE('',#2508,#7358);
#7358 = DEFINITIONAL_REPRESENTATION('',(#7359),#7362);
#7359 = B_SPLINE_CURVE_WITH_KNOTS('',1,(#7360,#7361),.UNSPECIFIED.,.F.,
  .F.,(2,2),(-48.5,-32.5),.PIECEWISE_BEZIER_KNOTS.);
#7360 = CARTESIAN_POINT('',(16.,-1.));
#7361 = CARTESIAN_POINT('',(0.,-1.));
#7362 = ( GEOMETRIC_REPRESENTATION_CONTEXT(2) 
PARAMETRIC_REPRESENTATION_CONTEXT() REPRESENTATION_CONTEXT('2D SPACE',''
  ) );
#7363 = ORIENTED_EDGE('',*,*,#7364,.T.);
#7364 = EDGE_CURVE('',#7344,#7365,#7367,.T.);
#7365 = VERTEX_POINT('',#7366);
#7366 = CARTESIAN_POINT('',(18.,-68.,10.));
#7367 = SURFACE_CURVE('',#7368,(#7372,#7378),.PCURVE_S1.);
#7368 = LINE('',#7369,#7370);
#7369 = CARTESIAN_POINT('',(-89.5,-68.,10.));
#7370 = VECTOR('',#7371,1.);
#7371 = DIRECTION('',(-1.,0.,0.));
#7372 = PCURVE('',#72,#7373);
#7373 = DEFINITIONAL_REPRESENTATION('',(#7374),#7377);
#7374 = B_SPLINE_CURVE_WITH_KNOTS('',1,(#7375,#7376),.UNSPECIFIED.,.F.,
  .F.,(2,2),(-123.5,-107.5),.PIECEWISE_BEZIER_KNOTS.);
#7375 = CARTESIAN_POINT('',(231.,65.));
#7376 = CARTESIAN_POINT('',(215.,65.));
#7377 = ( GEOMETRIC_REPRESENTATION_CONTEXT(2) 
PARAMETRIC_REPRESENTATION_CONTEXT() REPRESENTATION_CONTEXT('2D SPACE',''
  ) );
#7378 = PCURVE('',#2534,#7379);
#7379 = DEFINITIONAL_REPRESENTATION('',(#7380),#7383);
#7380 = B_SPLINE_CURVE_WITH_KNOTS('',1,(#7381,#7382),.UNSPECIFIED.,.F.,
  .F.,(2,2),(-123.5,-107.5),.PIECEWISE_BEZIER_KNOTS.);
#7381 = CARTESIAN_POINT('',(16.,-1.));
#7382 = CARTESIAN_POINT('',(0.,-1.));
#7383 = ( GEOMETRIC_REPRESENTATION_CONTEXT(2) 
PARAMETRIC_REPRESENTATION_CONTEXT() REPRESENTATION_CONTEXT('2D SPACE',''
  ) );
#7384 = ORIENTED_EDGE('',*,*,#7385,.T.);
#7385 = EDGE_CURVE('',#7365,#7386,#7388,.T.);
#7386 = VERTEX_POINT('',#7387);
#7387 = CARTESIAN_POINT('',(18.,-52.,10.));
#7388 = SURFACE_CURVE('',#7389,(#7393,#7399),.PCURVE_S1.);
#7389 = LINE('',#7390,#7391);
#7390 = CARTESIAN_POINT('',(18.,-92.5,10.));
#7391 = VECTOR('',#7392,1.);
#7392 = DIRECTION('',(0.,1.,0.));
#7393 = PCURVE('',#72,#7394);
#7394 = DEFINITIONAL_REPRESENTATION('',(#7395),#7398);
#7395 = B_SPLINE_CURVE_WITH_KNOTS('',1,(#7396,#7397),.UNSPECIFIED.,.F.,
  .F.,(2,2),(24.5,40.5),.PIECEWISE_BEZIER_KNOTS.);
#7396 = CARTESIAN_POINT('',(215.,65.));
#7397 = CARTESIAN_POINT('',(215.,81.));
#7398 = ( GEOMETRIC_REPRESENTATION_CONTEXT(2) 
PARAMETRIC_REPRESENTATION_CONTEXT() REPRESENTATION_CONTEXT('2D SPACE',''
  ) );
#7399 = PCURVE('',#2560,#7400);
#7400 = DEFINITIONAL_REPRESENTATION('',(#7401),#7404);
#7401 = B_SPLINE_CURVE_WITH_KNOTS('',1,(#7402,#7403),.UNSPECIFIED.,.F.,
  .F.,(2,2),(24.5,40.5),.PIECEWISE_BEZIER_KNOTS.);
#7402 = CARTESIAN_POINT('',(16.,-1.));
#7403 = CARTESIAN_POINT('',(0.,-1.));
#7404 = ( GEOMETRIC_REPRESENTATION_CONTEXT(2) 
PARAMETRIC_REPRESENTATION_CONTEXT() REPRESENTATION_CONTEXT('2D SPACE',''
  ) );
#7405 = ORIENTED_EDGE('',*,*,#7406,.T.);
#7406 = EDGE_CURVE('',#7386,#7342,#7407,.T.);
#7407 = SURFACE_CURVE('',#7408,(#7412,#7418),.PCURVE_S1.);
#7408 = LINE('',#7409,#7410);
#7409 = CARTESIAN_POINT('',(-81.5,-52.,10.));
#7410 = VECTOR('',#7411,1.);
#7411 = DIRECTION('',(1.,0.,0.));
#7412 = PCURVE('',#72,#7413);
#7413 = DEFINITIONAL_REPRESENTATION('',(#7414),#7417);
#7414 = B_SPLINE_CURVE_WITH_KNOTS('',1,(#7415,#7416),.UNSPECIFIED.,.F.,
  .F.,(2,2),(99.5,115.5),.PIECEWISE_BEZIER_KNOTS.);
#7415 = CARTESIAN_POINT('',(215.,81.));
#7416 = CARTESIAN_POINT('',(231.,81.));
#7417 = ( GEOMETRIC_REPRESENTATION_CONTEXT(2) 
PARAMETRIC_REPRESENTATION_CONTEXT() REPRESENTATION_CONTEXT('2D SPACE',''
  ) );
#7418 = PCURVE('',#2584,#7419);
#7419 = DEFINITIONAL_REPRESENTATION('',(#7420),#7423);
#7420 = B_SPLINE_CURVE_WITH_KNOTS('',1,(#7421,#7422),.UNSPECIFIED.,.F.,
  .F.,(2,2),(99.5,115.5),.PIECEWISE_BEZIER_KNOTS.);
#7421 = CARTESIAN_POINT('',(16.,-1.));
#7422 = CARTESIAN_POINT('',(0.,-1.));
#7423 = ( GEOMETRIC_REPRESENTATION_CONTEXT(2) 
PARAMETRIC_REPRESENTATION_CONTEXT() REPRESENTATION_CONTEXT('2D SPACE',''
  ) );
#7424 = FACE_BOUND('',#7425,.F.);
#7425 = EDGE_LOOP('',(#7426,#7449,#7470,#7491));
#7426 = ORIENTED_EDGE('',*,*,#7427,.T.);
#7427 = EDGE_CURVE('',#7428,#7430,#7432,.T.);
#7428 = VERTEX_POINT('',#7429);
#7429 = CARTESIAN_POINT('',(-26.,-22.,10.));
#7430 = VERTEX_POINT('',#7431);
#7431 = CARTESIAN_POINT('',(-26.,-38.,10.));
#7432 = SURFACE_CURVE('',#7433,(#7437,#7443),.PCURVE_S1.);
#7433 = LINE('',#7434,#7435);
#7434 = CARTESIAN_POINT('',(-26.,-85.5,10.));
#7435 = VECTOR('',#7436,1.);
#7436 = DIRECTION('',(0.,-1.,0.));
#7437 = PCURVE('',#72,#7438);
#7438 = DEFINITIONAL_REPRESENTATION('',(#7439),#7442);
#7439 = B_SPLINE_CURVE_WITH_KNOTS('',1,(#7440,#7441),.UNSPECIFIED.,.F.,
  .F.,(2,2),(-63.5,-47.5),.PIECEWISE_BEZIER_KNOTS.);
#7440 = CARTESIAN_POINT('',(171.,111.));
#7441 = CARTESIAN_POINT('',(171.,95.));
#7442 = ( GEOMETRIC_REPRESENTATION_CONTEXT(2) 
PARAMETRIC_REPRESENTATION_CONTEXT() REPRESENTATION_CONTEXT('2D SPACE',''
  ) );
#7443 = PCURVE('',#2614,#7444);
#7444 = DEFINITIONAL_REPRESENTATION('',(#7445),#7448);
#7445 = B_SPLINE_CURVE_WITH_KNOTS('',1,(#7446,#7447),.UNSPECIFIED.,.F.,
  .F.,(2,2),(-63.5,-47.5),.PIECEWISE_BEZIER_KNOTS.);
#7446 = CARTESIAN_POINT('',(16.,-1.));
#7447 = CARTESIAN_POINT('',(0.,-1.));
#7448 = ( GEOMETRIC_REPRESENTATION_CONTEXT(2) 
PARAMETRIC_REPRESENTATION_CONTEXT() REPRESENTATION_CONTEXT('2D SPACE',''
  ) );
#7449 = ORIENTED_EDGE('',*,*,#7450,.T.);
#7450 = EDGE_CURVE('',#7430,#7451,#7453,.T.);
#7451 = VERTEX_POINT('',#7452);
#7452 = CARTESIAN_POINT('',(-42.,-38.,10.));
#7453 = SURFACE_CURVE('',#7454,(#7458,#7464),.PCURVE_S1.);
#7454 = LINE('',#7455,#7456);
#7455 = CARTESIAN_POINT('',(-119.5,-38.,10.));
#7456 = VECTOR('',#7457,1.);
#7457 = DIRECTION('',(-1.,0.,0.));
#7458 = PCURVE('',#72,#7459);
#7459 = DEFINITIONAL_REPRESENTATION('',(#7460),#7463);
#7460 = B_SPLINE_CURVE_WITH_KNOTS('',1,(#7461,#7462),.UNSPECIFIED.,.F.,
  .F.,(2,2),(-93.5,-77.5),.PIECEWISE_BEZIER_KNOTS.);
#7461 = CARTESIAN_POINT('',(171.,95.));
#7462 = CARTESIAN_POINT('',(155.,95.));
#7463 = ( GEOMETRIC_REPRESENTATION_CONTEXT(2) 
PARAMETRIC_REPRESENTATION_CONTEXT() REPRESENTATION_CONTEXT('2D SPACE',''
  ) );
#7464 = PCURVE('',#2640,#7465);
#7465 = DEFINITIONAL_REPRESENTATION('',(#7466),#7469);
#7466 = B_SPLINE_CURVE_WITH_KNOTS('',1,(#7467,#7468),.UNSPECIFIED.,.F.,
  .F.,(2,2),(-93.5,-77.5),.PIECEWISE_BEZIER_KNOTS.);
#7467 = CARTESIAN_POINT('',(16.,-1.));
#7468 = CARTESIAN_POINT('',(0.,-1.));
#7469 = ( GEOMETRIC_REPRESENTATION_CONTEXT(2) 
PARAMETRIC_REPRESENTATION_CONTEXT() REPRESENTATION_CONTEXT('2D SPACE',''
  ) );
#7470 = ORIENTED_EDGE('',*,*,#7471,.T.);
#7471 = EDGE_CURVE('',#7451,#7472,#7474,.T.);
#7472 = VERTEX_POINT('',#7473);
#7473 = CARTESIAN_POINT('',(-42.,-22.,10.));
#7474 = SURFACE_CURVE('',#7475,(#7479,#7485),.PCURVE_S1.);
#7475 = LINE('',#7476,#7477);
#7476 = CARTESIAN_POINT('',(-42.,-77.5,10.));
#7477 = VECTOR('',#7478,1.);
#7478 = DIRECTION('',(0.,1.,0.));
#7479 = PCURVE('',#72,#7480);
#7480 = DEFINITIONAL_REPRESENTATION('',(#7481),#7484);
#7481 = B_SPLINE_CURVE_WITH_KNOTS('',1,(#7482,#7483),.UNSPECIFIED.,.F.,
  .F.,(2,2),(39.5,55.5),.PIECEWISE_BEZIER_KNOTS.);
#7482 = CARTESIAN_POINT('',(155.,95.));
#7483 = CARTESIAN_POINT('',(155.,111.));
#7484 = ( GEOMETRIC_REPRESENTATION_CONTEXT(2) 
PARAMETRIC_REPRESENTATION_CONTEXT() REPRESENTATION_CONTEXT('2D SPACE',''
  ) );
#7485 = PCURVE('',#2666,#7486);
#7486 = DEFINITIONAL_REPRESENTATION('',(#7487),#7490);
#7487 = B_SPLINE_CURVE_WITH_KNOTS('',1,(#7488,#7489),.UNSPECIFIED.,.F.,
  .F.,(2,2),(39.5,55.5),.PIECEWISE_BEZIER_KNOTS.);
#7488 = CARTESIAN_POINT('',(16.,-1.));
#7489 = CARTESIAN_POINT('',(0.,-1.));
#7490 = ( GEOMETRIC_REPRESENTATION_CONTEXT(2) 
PARAMETRIC_REPRESENTATION_CONTEXT() REPRESENTATION_CONTEXT('2D SPACE',''
  ) );
#7491 = ORIENTED_EDGE('',*,*,#7492,.T.);
#7492 = EDGE_CURVE('',#7472,#7428,#7493,.T.);
#7493 = SURFACE_CURVE('',#7494,(#7498,#7504),.PCURVE_S1.);
#7494 = LINE('',#7495,#7496);
#7495 = CARTESIAN_POINT('',(-111.5,-22.,10.));
#7496 = VECTOR('',#7497,1.);
#7497 = DIRECTION('',(1.,0.,0.));
#7498 = PCURVE('',#72,#7499);
#7499 = DEFINITIONAL_REPRESENTATION('',(#7500),#7503);
#7500 = B_SPLINE_CURVE_WITH_KNOTS('',1,(#7501,#7502),.UNSPECIFIED.,.F.,
  .F.,(2,2),(69.5,85.5),.PIECEWISE_BEZIER_KNOTS.);
#7501 = CARTESIAN_POINT('',(155.,111.));
#7502 = CARTESIAN_POINT('',(171.,111.));
#7503 = ( GEOMETRIC_REPRESENTATION_CONTEXT(2) 
PARAMETRIC_REPRESENTATION_CONTEXT() REPRESENTATION_CONTEXT('2D SPACE',''
  ) );
#7504 = PCURVE('',#2690,#7505);
#7505 = DEFINITIONAL_REPRESENTATION('',(#7506),#7509);
#7506 = B_SPLINE_CURVE_WITH_KNOTS('',1,(#7507,#7508),.UNSPECIFIED.,.F.,
  .F.,(2,2),(69.5,85.5),.PIECEWISE_BEZIER_KNOTS.);
#7507 = CARTESIAN_POINT('',(16.,-1.));
#7508 = CARTESIAN_POINT('',(0.,-1.));
#7509 = ( GEOMETRIC_REPRESENTATION_CONTEXT(2) 
PARAMETRIC_REPRESENTATION_CONTEXT() REPRESENTATION_CONTEXT('2D SPACE',''
  ) );
#7510 = FACE_BOUND('',#7511,.F.);
#7511 = EDGE_LOOP('',(#7512,#7535,#7556,#7577));
#7512 = ORIENTED_EDGE('',*,*,#7513,.T.);
#7513 = EDGE_CURVE('',#7514,#7516,#7518,.T.);
#7514 = VERTEX_POINT('',#7515);
#7515 = CARTESIAN_POINT('',(-26.,8.,10.));
#7516 = VERTEX_POINT('',#7517);
#7517 = CARTESIAN_POINT('',(-26.,-8.,10.));
#7518 = SURFACE_CURVE('',#7519,(#7523,#7529),.PCURVE_S1.);
#7519 = LINE('',#7520,#7521);
#7520 = CARTESIAN_POINT('',(-26.,-70.5,10.));
#7521 = VECTOR('',#7522,1.);
#7522 = DIRECTION('',(0.,-1.,0.));
#7523 = PCURVE('',#72,#7524);
#7524 = DEFINITIONAL_REPRESENTATION('',(#7525),#7528);
#7525 = B_SPLINE_CURVE_WITH_KNOTS('',1,(#7526,#7527),.UNSPECIFIED.,.F.,
  .F.,(2,2),(-78.5,-62.5),.PIECEWISE_BEZIER_KNOTS.);
#7526 = CARTESIAN_POINT('',(171.,141.));
#7527 = CARTESIAN_POINT('',(171.,125.));
#7528 = ( GEOMETRIC_REPRESENTATION_CONTEXT(2) 
PARAMETRIC_REPRESENTATION_CONTEXT() REPRESENTATION_CONTEXT('2D SPACE',''
  ) );
#7529 = PCURVE('',#2720,#7530);
#7530 = DEFINITIONAL_REPRESENTATION('',(#7531),#7534);
#7531 = B_SPLINE_CURVE_WITH_KNOTS('',1,(#7532,#7533),.UNSPECIFIED.,.F.,
  .F.,(2,2),(-78.5,-62.5),.PIECEWISE_BEZIER_KNOTS.);
#7532 = CARTESIAN_POINT('',(16.,-1.));
#7533 = CARTESIAN_POINT('',(0.,-1.));
#7534 = ( GEOMETRIC_REPRESENTATION_CONTEXT(2) 
PARAMETRIC_REPRESENTATION_CONTEXT() REPRESENTATION_CONTEXT('2D SPACE',''
  ) );
#7535 = ORIENTED_EDGE('',*,*,#7536,.T.);
#7536 = EDGE_CURVE('',#7516,#7537,#7539,.T.);
#7537 = VERTEX_POINT('',#7538);
#7538 = CARTESIAN_POINT('',(-42.,-8.,10.));
#7539 = SURFACE_CURVE('',#7540,(#7544,#7550),.PCURVE_S1.);
#7540 = LINE('',#7541,#7542);
#7541 = CARTESIAN_POINT('',(-119.5,-8.,10.));
#7542 = VECTOR('',#7543,1.);
#7543 = DIRECTION('',(-1.,0.,0.));
#7544 = PCURVE('',#72,#7545);
#7545 = DEFINITIONAL_REPRESENTATION('',(#7546),#7549);
#7546 = B_SPLINE_CURVE_WITH_KNOTS('',1,(#7547,#7548),.UNSPECIFIED.,.F.,
  .F.,(2,2),(-93.5,-77.5),.PIECEWISE_BEZIER_KNOTS.);
#7547 = CARTESIAN_POINT('',(171.,125.));
#7548 = CARTESIAN_POINT('',(155.,125.));
#7549 = ( GEOMETRIC_REPRESENTATION_CONTEXT(2) 
PARAMETRIC_REPRESENTATION_CONTEXT() REPRESENTATION_CONTEXT('2D SPACE',''
  ) );
#7550 = PCURVE('',#2746,#7551);
#7551 = DEFINITIONAL_REPRESENTATION('',(#7552),#7555);
#7552 = B_SPLINE_CURVE_WITH_KNOTS('',1,(#7553,#7554),.UNSPECIFIED.,.F.,
  .F.,(2,2),(-93.5,-77.5),.PIECEWISE_BEZIER_KNOTS.);
#7553 = CARTESIAN_POINT('',(16.,-1.));
#7554 = CARTESIAN_POINT('',(0.,-1.));
#7555 = ( GEOMETRIC_REPRESENTATION_CONTEXT(2) 
PARAMETRIC_REPRESENTATION_CONTEXT() REPRESENTATION_CONTEXT('2D SPACE',''
  ) );
#7556 = ORIENTED_EDGE('',*,*,#7557,.T.);
#7557 = EDGE_CURVE('',#7537,#7558,#7560,.T.);
#7558 = VERTEX_POINT('',#7559);
#7559 = CARTESIAN_POINT('',(-42.,8.,10.));
#7560 = SURFACE_CURVE('',#7561,(#7565,#7571),.PCURVE_S1.);
#7561 = LINE('',#7562,#7563);
#7562 = CARTESIAN_POINT('',(-42.,-62.5,10.));
#7563 = VECTOR('',#7564,1.);
#7564 = DIRECTION('',(0.,1.,0.));
#7565 = PCURVE('',#72,#7566);
#7566 = DEFINITIONAL_REPRESENTATION('',(#7567),#7570);
#7567 = B_SPLINE_CURVE_WITH_KNOTS('',1,(#7568,#7569),.UNSPECIFIED.,.F.,
  .F.,(2,2),(54.5,70.5),.PIECEWISE_BEZIER_KNOTS.);
#7568 = CARTESIAN_POINT('',(155.,125.));
#7569 = CARTESIAN_POINT('',(155.,141.));
#7570 = ( GEOMETRIC_REPRESENTATION_CONTEXT(2) 
PARAMETRIC_REPRESENTATION_CONTEXT() REPRESENTATION_CONTEXT('2D SPACE',''
  ) );
#7571 = PCURVE('',#2772,#7572);
#7572 = DEFINITIONAL_REPRESENTATION('',(#7573),#7576);
#7573 = B_SPLINE_CURVE_WITH_KNOTS('',1,(#7574,#7575),.UNSPECIFIED.,.F.,
  .F.,(2,2),(54.5,70.5),.PIECEWISE_BEZIER_KNOTS.);
#7574 = CARTESIAN_POINT('',(16.,-1.));
#7575 = CARTESIAN_POINT('',(0.,-1.));
#7576 = ( GEOMETRIC_REPRESENTATION_CONTEXT(2) 
PARAMETRIC_REPRESENTATION_CONTEXT() REPRESENTATION_CONTEXT('2D SPACE',''
  ) );
#7577 = ORIENTED_EDGE('',*,*,#7578,.T.);
#7578 = EDGE_CURVE('',#7558,#7514,#7579,.T.);
#7579 = SURFACE_CURVE('',#7580,(#7584,#7590),.PCURVE_S1.);
#7580 = LINE('',#7581,#7582);
#7581 = CARTESIAN_POINT('',(-111.5,8.,10.));
#7582 = VECTOR('',#7583,1.);
#7583 = DIRECTION('',(1.,0.,0.));
#7584 = PCURVE('',#72,#7585);
#7585 = DEFINITIONAL_REPRESENTATION('',(#7586),#7589);
#7586 = B_SPLINE_CURVE_WITH_KNOTS('',1,(#7587,#7588),.UNSPECIFIED.,.F.,
  .F.,(2,2),(69.5,85.5),.PIECEWISE_BEZIER_KNOTS.);
#7587 = CARTESIAN_POINT('',(155.,141.));
#7588 = CARTESIAN_POINT('',(171.,141.));
#7589 = ( GEOMETRIC_REPRESENTATION_CONTEXT(2) 
PARAMETRIC_REPRESENTATION_CONTEXT() REPRESENTATION_CONTEXT('2D SPACE',''
  ) );
#7590 = PCURVE('',#2796,#7591);
#7591 = DEFINITIONAL_REPRESENTATION('',(#7592),#7595);
#7592 = B_SPLINE_CURVE_WITH_KNOTS('',1,(#7593,#7594),.UNSPECIFIED.,.F.,
  .F.,(2,2),(69.5,85.5),.PIECEWISE_BEZIER_KNOTS.);
#7593 = CARTESIAN_POINT('',(16.,-1.));
#7594 = CARTESIAN_POINT('',(0.,-1.));
#7595 = ( GEOMETRIC_REPRESENTATION_CONTEXT(2) 
PARAMETRIC_REPRESENTATION_CONTEXT() REPRESENTATION_CONTEXT('2D SPACE',''
  ) );
#7596 = FACE_BOUND('',#7597,.F.);
#7597 = EDGE_LOOP('',(#7598,#7621,#7642,#7663));
#7598 = ORIENTED_EDGE('',*,*,#7599,.T.);
#7599 = EDGE_CURVE('',#7600,#7602,#7604,.T.);
#7600 = VERTEX_POINT('',#7601);
#7601 = CARTESIAN_POINT('',(4.,-22.,10.));
#7602 = VERTEX_POINT('',#7603);
#7603 = CARTESIAN_POINT('',(4.,-38.,10.));
#7604 = SURFACE_CURVE('',#7605,(#7609,#7615),.PCURVE_S1.);
#7605 = LINE('',#7606,#7607);
#7606 = CARTESIAN_POINT('',(4.,-85.5,10.));
#7607 = VECTOR('',#7608,1.);
#7608 = DIRECTION('',(0.,-1.,0.));
#7609 = PCURVE('',#72,#7610);
#7610 = DEFINITIONAL_REPRESENTATION('',(#7611),#7614);
#7611 = B_SPLINE_CURVE_WITH_KNOTS('',1,(#7612,#7613),.UNSPECIFIED.,.F.,
  .F.,(2,2),(-63.5,-47.5),.PIECEWISE_BEZIER_KNOTS.);
#7612 = CARTESIAN_POINT('',(201.,111.));
#7613 = CARTESIAN_POINT('',(201.,95.));
#7614 = ( GEOMETRIC_REPRESENTATION_CONTEXT(2) 
PARAMETRIC_REPRESENTATION_CONTEXT() REPRESENTATION_CONTEXT('2D SPACE',''
  ) );
#7615 = PCURVE('',#2826,#7616);
#7616 = DEFINITIONAL_REPRESENTATION('',(#7617),#7620);
#7617 = B_SPLINE_CURVE_WITH_KNOTS('',1,(#7618,#7619),.UNSPECIFIED.,.F.,
  .F.,(2,2),(-63.5,-47.5),.PIECEWISE_BEZIER_KNOTS.);
#7618 = CARTESIAN_POINT('',(16.,-1.));
#7619 = CARTESIAN_POINT('',(0.,-1.));
#7620 = ( GEOMETRIC_REPRESENTATION_CONTEXT(2) 
PARAMETRIC_REPRESENTATION_CONTEXT() REPRESENTATION_CONTEXT('2D SPACE',''
  ) );
#7621 = ORIENTED_EDGE('',*,*,#7622,.T.);
#7622 = EDGE_CURVE('',#7602,#7623,#7625,.T.);
#7623 = VERTEX_POINT('',#7624);
#7624 = CARTESIAN_POINT('',(-12.,-38.,10.));
#7625 = SURFACE_CURVE('',#7626,(#7630,#7636),.PCURVE_S1.);
#7626 = LINE('',#7627,#7628);
#7627 = CARTESIAN_POINT('',(-104.5,-38.,10.));
#7628 = VECTOR('',#7629,1.);
#7629 = DIRECTION('',(-1.,0.,0.));
#7630 = PCURVE('',#72,#7631);
#7631 = DEFINITIONAL_REPRESENTATION('',(#7632),#7635);
#7632 = B_SPLINE_CURVE_WITH_KNOTS('',1,(#7633,#7634),.UNSPECIFIED.,.F.,
  .F.,(2,2),(-108.5,-92.5),.PIECEWISE_BEZIER_KNOTS.);
#7633 = CARTESIAN_POINT('',(201.,95.));
#7634 = CARTESIAN_POINT('',(185.,95.));
#7635 = ( GEOMETRIC_REPRESENTATION_CONTEXT(2) 
PARAMETRIC_REPRESENTATION_CONTEXT() REPRESENTATION_CONTEXT('2D SPACE',''
  ) );
#7636 = PCURVE('',#2852,#7637);
#7637 = DEFINITIONAL_REPRESENTATION('',(#7638),#7641);
#7638 = B_SPLINE_CURVE_WITH_KNOTS('',1,(#7639,#7640),.UNSPECIFIED.,.F.,
  .F.,(2,2),(-108.5,-92.5),.PIECEWISE_BEZIER_KNOTS.);
#7639 = CARTESIAN_POINT('',(16.,-1.));
#7640 = CARTESIAN_POINT('',(0.,-1.));
#7641 = ( GEOMETRIC_REPRESENTATION_CONTEXT(2) 
PARAMETRIC_REPRESENTATION_CONTEXT() REPRESENTATION_CONTEXT('2D SPACE',''
  ) );
#7642 = ORIENTED_EDGE('',*,*,#7643,.T.);
#7643 = EDGE_CURVE('',#7623,#7644,#7646,.T.);
#7644 = VERTEX_POINT('',#7645);
#7645 = CARTESIAN_POINT('',(-12.,-22.,10.));
#7646 = SURFACE_CURVE('',#7647,(#7651,#7657),.PCURVE_S1.);
#7647 = LINE('',#7648,#7649);
#7648 = CARTESIAN_POINT('',(-12.,-77.5,10.));
#7649 = VECTOR('',#7650,1.);
#7650 = DIRECTION('',(0.,1.,0.));
#7651 = PCURVE('',#72,#7652);
#7652 = DEFINITIONAL_REPRESENTATION('',(#7653),#7656);
#7653 = B_SPLINE_CURVE_WITH_KNOTS('',1,(#7654,#7655),.UNSPECIFIED.,.F.,
  .F.,(2,2),(39.5,55.5),.PIECEWISE_BEZIER_KNOTS.);
#7654 = CARTESIAN_POINT('',(185.,95.));
#7655 = CARTESIAN_POINT('',(185.,111.));
#7656 = ( GEOMETRIC_REPRESENTATION_CONTEXT(2) 
PARAMETRIC_REPRESENTATION_CONTEXT() REPRESENTATION_CONTEXT('2D SPACE',''
  ) );
#7657 = PCURVE('',#2878,#7658);
#7658 = DEFINITIONAL_REPRESENTATION('',(#7659),#7662);
#7659 = B_SPLINE_CURVE_WITH_KNOTS('',1,(#7660,#7661),.UNSPECIFIED.,.F.,
  .F.,(2,2),(39.5,55.5),.PIECEWISE_BEZIER_KNOTS.);
#7660 = CARTESIAN_POINT('',(16.,-1.));
#7661 = CARTESIAN_POINT('',(0.,-1.));
#7662 = ( GEOMETRIC_REPRESENTATION_CONTEXT(2) 
PARAMETRIC_REPRESENTATION_CONTEXT() REPRESENTATION_CONTEXT('2D SPACE',''
  ) );
#7663 = ORIENTED_EDGE('',*,*,#7664,.T.);
#7664 = EDGE_CURVE('',#7644,#7600,#7665,.T.);
#7665 = SURFACE_CURVE('',#7666,(#7670,#7676),.PCURVE_S1.);
#7666 = LINE('',#7667,#7668);
#7667 = CARTESIAN_POINT('',(-96.5,-22.,10.));
#7668 = VECTOR('',#7669,1.);
#7669 = DIRECTION('',(1.,0.,0.));
#7670 = PCURVE('',#72,#7671);
#7671 = DEFINITIONAL_REPRESENTATION('',(#7672),#7675);
#7672 = B_SPLINE_CURVE_WITH_KNOTS('',1,(#7673,#7674),.UNSPECIFIED.,.F.,
  .F.,(2,2),(84.5,100.5),.PIECEWISE_BEZIER_KNOTS.);
#7673 = CARTESIAN_POINT('',(185.,111.));
#7674 = CARTESIAN_POINT('',(201.,111.));
#7675 = ( GEOMETRIC_REPRESENTATION_CONTEXT(2) 
PARAMETRIC_REPRESENTATION_CONTEXT() REPRESENTATION_CONTEXT('2D SPACE',''
  ) );
#7676 = PCURVE('',#2902,#7677);
#7677 = DEFINITIONAL_REPRESENTATION('',(#7678),#7681);
#7678 = B_SPLINE_CURVE_WITH_KNOTS('',1,(#7679,#7680),.UNSPECIFIED.,.F.,
  .F.,(2,2),(84.5,100.5),.PIECEWISE_BEZIER_KNOTS.);
#7679 = CARTESIAN_POINT('',(16.,-1.));
#7680 = CARTESIAN_POINT('',(0.,-1.));
#7681 = ( GEOMETRIC_REPRESENTATION_CONTEXT(2) 
PARAMETRIC_REPRESENTATION_CONTEXT() REPRESENTATION_CONTEXT('2D SPACE',''
  ) );
#7682 = FACE_BOUND('',#7683,.F.);
#7683 = EDGE_LOOP('',(#7684,#7707,#7728,#7749));
#7684 = ORIENTED_EDGE('',*,*,#7685,.T.);
#7685 = EDGE_CURVE('',#7686,#7688,#7690,.T.);
#7686 = VERTEX_POINT('',#7687);
#7687 = CARTESIAN_POINT('',(34.,-22.,10.));
#7688 = VERTEX_POINT('',#7689);
#7689 = CARTESIAN_POINT('',(34.,-38.,10.));
#7690 = SURFACE_CURVE('',#7691,(#7695,#7701),.PCURVE_S1.);
#7691 = LINE('',#7692,#7693);
#7692 = CARTESIAN_POINT('',(34.,-85.5,10.));
#7693 = VECTOR('',#7694,1.);
#7694 = DIRECTION('',(0.,-1.,0.));
#7695 = PCURVE('',#72,#7696);
#7696 = DEFINITIONAL_REPRESENTATION('',(#7697),#7700);
#7697 = B_SPLINE_CURVE_WITH_KNOTS('',1,(#7698,#7699),.UNSPECIFIED.,.F.,
  .F.,(2,2),(-63.5,-47.5),.PIECEWISE_BEZIER_KNOTS.);
#7698 = CARTESIAN_POINT('',(231.,111.));
#7699 = CARTESIAN_POINT('',(231.,95.));
#7700 = ( GEOMETRIC_REPRESENTATION_CONTEXT(2) 
PARAMETRIC_REPRESENTATION_CONTEXT() REPRESENTATION_CONTEXT('2D SPACE',''
  ) );
#7701 = PCURVE('',#2932,#7702);
#7702 = DEFINITIONAL_REPRESENTATION('',(#7703),#7706);
#7703 = B_SPLINE_CURVE_WITH_KNOTS('',1,(#7704,#7705),.UNSPECIFIED.,.F.,
  .F.,(2,2),(-63.5,-47.5),.PIECEWISE_BEZIER_KNOTS.);
#7704 = CARTESIAN_POINT('',(16.,-1.));
#7705 = CARTESIAN_POINT('',(0.,-1.));
#7706 = ( GEOMETRIC_REPRESENTATION_CONTEXT(2) 
PARAMETRIC_REPRESENTATION_CONTEXT() REPRESENTATION_CONTEXT('2D SPACE',''
  ) );
#7707 = ORIENTED_EDGE('',*,*,#7708,.T.);
#7708 = EDGE_CURVE('',#7688,#7709,#7711,.T.);
#7709 = VERTEX_POINT('',#7710);
#7710 = CARTESIAN_POINT('',(18.,-38.,10.));
#7711 = SURFACE_CURVE('',#7712,(#7716,#7722),.PCURVE_S1.);
#7712 = LINE('',#7713,#7714);
#7713 = CARTESIAN_POINT('',(-89.5,-38.,10.));
#7714 = VECTOR('',#7715,1.);
#7715 = DIRECTION('',(-1.,0.,0.));
#7716 = PCURVE('',#72,#7717);
#7717 = DEFINITIONAL_REPRESENTATION('',(#7718),#7721);
#7718 = B_SPLINE_CURVE_WITH_KNOTS('',1,(#7719,#7720),.UNSPECIFIED.,.F.,
  .F.,(2,2),(-123.5,-107.5),.PIECEWISE_BEZIER_KNOTS.);
#7719 = CARTESIAN_POINT('',(231.,95.));
#7720 = CARTESIAN_POINT('',(215.,95.));
#7721 = ( GEOMETRIC_REPRESENTATION_CONTEXT(2) 
PARAMETRIC_REPRESENTATION_CONTEXT() REPRESENTATION_CONTEXT('2D SPACE',''
  ) );
#7722 = PCURVE('',#2958,#7723);
#7723 = DEFINITIONAL_REPRESENTATION('',(#7724),#7727);
#7724 = B_SPLINE_CURVE_WITH_KNOTS('',1,(#7725,#7726),.UNSPECIFIED.,.F.,
  .F.,(2,2),(-123.5,-107.5),.PIECEWISE_BEZIER_KNOTS.);
#7725 = CARTESIAN_POINT('',(16.,-1.));
#7726 = CARTESIAN_POINT('',(0.,-1.));
#7727 = ( GEOMETRIC_REPRESENTATION_CONTEXT(2) 
PARAMETRIC_REPRESENTATION_CONTEXT() REPRESENTATION_CONTEXT('2D SPACE',''
  ) );
#7728 = ORIENTED_EDGE('',*,*,#7729,.T.);
#7729 = EDGE_CURVE('',#7709,#7730,#7732,.T.);
#7730 = VERTEX_POINT('',#7731);
#7731 = CARTESIAN_POINT('',(18.,-22.,10.));
#7732 = SURFACE_CURVE('',#7733,(#7737,#7743),.PCURVE_S1.);
#7733 = LINE('',#7734,#7735);
#7734 = CARTESIAN_POINT('',(18.,-77.5,10.));
#7735 = VECTOR('',#7736,1.);
#7736 = DIRECTION('',(0.,1.,0.));
#7737 = PCURVE('',#72,#7738);
#7738 = DEFINITIONAL_REPRESENTATION('',(#7739),#7742);
#7739 = B_SPLINE_CURVE_WITH_KNOTS('',1,(#7740,#7741),.UNSPECIFIED.,.F.,
  .F.,(2,2),(39.5,55.5),.PIECEWISE_BEZIER_KNOTS.);
#7740 = CARTESIAN_POINT('',(215.,95.));
#7741 = CARTESIAN_POINT('',(215.,111.));
#7742 = ( GEOMETRIC_REPRESENTATION_CONTEXT(2) 
PARAMETRIC_REPRESENTATION_CONTEXT() REPRESENTATION_CONTEXT('2D SPACE',''
  ) );
#7743 = PCURVE('',#2984,#7744);
#7744 = DEFINITIONAL_REPRESENTATION('',(#7745),#7748);
#7745 = B_SPLINE_CURVE_WITH_KNOTS('',1,(#7746,#7747),.UNSPECIFIED.,.F.,
  .F.,(2,2),(39.5,55.5),.PIECEWISE_BEZIER_KNOTS.);
#7746 = CARTESIAN_POINT('',(16.,-1.));
#7747 = CARTESIAN_POINT('',(0.,-1.));
#7748 = ( GEOMETRIC_REPRESENTATION_CONTEXT(2) 
PARAMETRIC_REPRESENTATION_CONTEXT() REPRESENTATION_CONTEXT('2D SPACE',''
  ) );
#7749 = ORIENTED_EDGE('',*,*,#7750,.T.);
#7750 = EDGE_CURVE('',#7730,#7686,#7751,.T.);
#7751 = SURFACE_CURVE('',#7752,(#7756,#7762),.PCURVE_S1.);
#7752 = LINE('',#7753,#7754);
#7753 = CARTESIAN_POINT('',(-81.5,-22.,10.));
#7754 = VECTOR('',#7755,1.);
#7755 = DIRECTION('',(1.,0.,0.));
#7756 = PCURVE('',#72,#7757);
#7757 = DEFINITIONAL_REPRESENTATION('',(#7758),#7761);
#7758 = B_SPLINE_CURVE_WITH_KNOTS('',1,(#7759,#7760),.UNSPECIFIED.,.F.,
  .F.,(2,2),(99.5,115.5),.PIECEWISE_BEZIER_KNOTS.);
#7759 = CARTESIAN_POINT('',(215.,111.));
#7760 = CARTESIAN_POINT('',(231.,111.));
#7761 = ( GEOMETRIC_REPRESENTATION_CONTEXT(2) 
PARAMETRIC_REPRESENTATION_CONTEXT() REPRESENTATION_CONTEXT('2D SPACE',''
  ) );
#7762 = PCURVE('',#3008,#7763);
#7763 = DEFINITIONAL_REPRESENTATION('',(#7764),#7767);
#7764 = B_SPLINE_CURVE_WITH_KNOTS('',1,(#7765,#7766),.UNSPECIFIED.,.F.,
  .F.,(2,2),(99.5,115.5),.PIECEWISE_BEZIER_KNOTS.);
#7765 = CARTESIAN_POINT('',(16.,-1.));
#7766 = CARTESIAN_POINT('',(0.,-1.));
#7767 = ( GEOMETRIC_REPRESENTATION_CONTEXT(2) 
PARAMETRIC_REPRESENTATION_CONTEXT() REPRESENTATION_CONTEXT('2D SPACE',''
  ) );
#7768 = FACE_BOUND('',#7769,.F.);
#7769 = EDGE_LOOP('',(#7770,#7793,#7814,#7835));
#7770 = ORIENTED_EDGE('',*,*,#7771,.T.);
#7771 = EDGE_CURVE('',#7772,#7774,#7776,.T.);
#7772 = VERTEX_POINT('',#7773);
#7773 = CARTESIAN_POINT('',(4.,8.,10.));
#7774 = VERTEX_POINT('',#7775);
#7775 = CARTESIAN_POINT('',(4.,-8.,10.));
#7776 = SURFACE_CURVE('',#7777,(#7781,#7787),.PCURVE_S1.);
#7777 = LINE('',#7778,#7779);
#7778 = CARTESIAN_POINT('',(4.,-70.5,10.));
#7779 = VECTOR('',#7780,1.);
#7780 = DIRECTION('',(0.,-1.,0.));
#7781 = PCURVE('',#72,#7782);
#7782 = DEFINITIONAL_REPRESENTATION('',(#7783),#7786);
#7783 = B_SPLINE_CURVE_WITH_KNOTS('',1,(#7784,#7785),.UNSPECIFIED.,.F.,
  .F.,(2,2),(-78.5,-62.5),.PIECEWISE_BEZIER_KNOTS.);
#7784 = CARTESIAN_POINT('',(201.,141.));
#7785 = CARTESIAN_POINT('',(201.,125.));
#7786 = ( GEOMETRIC_REPRESENTATION_CONTEXT(2) 
PARAMETRIC_REPRESENTATION_CONTEXT() REPRESENTATION_CONTEXT('2D SPACE',''
  ) );
#7787 = PCURVE('',#3038,#7788);
#7788 = DEFINITIONAL_REPRESENTATION('',(#7789),#7792);
#7789 = B_SPLINE_CURVE_WITH_KNOTS('',1,(#7790,#7791),.UNSPECIFIED.,.F.,
  .F.,(2,2),(-78.5,-62.5),.PIECEWISE_BEZIER_KNOTS.);
#7790 = CARTESIAN_POINT('',(16.,-1.));
#7791 = CARTESIAN_POINT('',(0.,-1.));
#7792 = ( GEOMETRIC_REPRESENTATION_CONTEXT(2) 
PARAMETRIC_REPRESENTATION_CONTEXT() REPRESENTATION_CONTEXT('2D SPACE',''
  ) );
#7793 = ORIENTED_EDGE('',*,*,#7794,.T.);
#7794 = EDGE_CURVE('',#7774,#7795,#7797,.T.);
#7795 = VERTEX_POINT('',#7796);
#7796 = CARTESIAN_POINT('',(-12.,-8.,10.));
#7797 = SURFACE_CURVE('',#7798,(#7802,#7808),.PCURVE_S1.);
#7798 = LINE('',#7799,#7800);
#7799 = CARTESIAN_POINT('',(-104.5,-8.,10.));
#7800 = VECTOR('',#7801,1.);
#7801 = DIRECTION('',(-1.,0.,0.));
#7802 = PCURVE('',#72,#7803);
#7803 = DEFINITIONAL_REPRESENTATION('',(#7804),#7807);
#7804 = B_SPLINE_CURVE_WITH_KNOTS('',1,(#7805,#7806),.UNSPECIFIED.,.F.,
  .F.,(2,2),(-108.5,-92.5),.PIECEWISE_BEZIER_KNOTS.);
#7805 = CARTESIAN_POINT('',(201.,125.));
#7806 = CARTESIAN_POINT('',(185.,125.));
#7807 = ( GEOMETRIC_REPRESENTATION_CONTEXT(2) 
PARAMETRIC_REPRESENTATION_CONTEXT() REPRESENTATION_CONTEXT('2D SPACE',''
  ) );
#7808 = PCURVE('',#3064,#7809);
#7809 = DEFINITIONAL_REPRESENTATION('',(#7810),#7813);
#7810 = B_SPLINE_CURVE_WITH_KNOTS('',1,(#7811,#7812),.UNSPECIFIED.,.F.,
  .F.,(2,2),(-108.5,-92.5),.PIECEWISE_BEZIER_KNOTS.);
#7811 = CARTESIAN_POINT('',(16.,-1.));
#7812 = CARTESIAN_POINT('',(0.,-1.));
#7813 = ( GEOMETRIC_REPRESENTATION_CONTEXT(2) 
PARAMETRIC_REPRESENTATION_CONTEXT() REPRESENTATION_CONTEXT('2D SPACE',''
  ) );
#7814 = ORIENTED_EDGE('',*,*,#7815,.T.);
#7815 = EDGE_CURVE('',#7795,#7816,#7818,.T.);
#7816 = VERTEX_POINT('',#7817);
#7817 = CARTESIAN_POINT('',(-12.,8.,10.));
#7818 = SURFACE_CURVE('',#7819,(#7823,#7829),.PCURVE_S1.);
#7819 = LINE('',#7820,#7821);
#7820 = CARTESIAN_POINT('',(-12.,-62.5,10.));
#7821 = VECTOR('',#7822,1.);
#7822 = DIRECTION('',(0.,1.,0.));
#7823 = PCURVE('',#72,#7824);
#7824 = DEFINITIONAL_REPRESENTATION('',(#7825),#7828);
#7825 = B_SPLINE_CURVE_WITH_KNOTS('',1,(#7826,#7827),.UNSPECIFIED.,.F.,
  .F.,(2,2),(54.5,70.5),.PIECEWISE_BEZIER_KNOTS.);
#7826 = CARTESIAN_POINT('',(185.,125.));
#7827 = CARTESIAN_POINT('',(185.,141.));
#7828 = ( GEOMETRIC_REPRESENTATION_CONTEXT(2) 
PARAMETRIC_REPRESENTATION_CONTEXT() REPRESENTATION_CONTEXT('2D SPACE',''
  ) );
#7829 = PCURVE('',#3090,#7830);
#7830 = DEFINITIONAL_REPRESENTATION('',(#7831),#7834);
#7831 = B_SPLINE_CURVE_WITH_KNOTS('',1,(#7832,#7833),.UNSPECIFIED.,.F.,
  .F.,(2,2),(54.5,70.5),.PIECEWISE_BEZIER_KNOTS.);
#7832 = CARTESIAN_POINT('',(16.,-1.));
#7833 = CARTESIAN_POINT('',(0.,-1.));
#7834 = ( GEOMETRIC_REPRESENTATION_CONTEXT(2) 
PARAMETRIC_REPRESENTATION_CONTEXT() REPRESENTATION_CONTEXT('2D SPACE',''
  ) );
#7835 = ORIENTED_EDGE('',*,*,#7836,.T.);
#7836 = EDGE_CURVE('',#7816,#7772,#7837,.T.);
#7837 = SURFACE_CURVE('',#7838,(#7842,#7848),.PCURVE_S1.);
#7838 = LINE('',#7839,#7840);
#7839 = CARTESIAN_POINT('',(-96.5,8.,10.));
#7840 = VECTOR('',#7841,1.);
#7841 = DIRECTION('',(1.,0.,0.));
#7842 = PCURVE('',#72,#7843);
#7843 = DEFINITIONAL_REPRESENTATION('',(#7844),#7847);
#7844 = B_SPLINE_CURVE_WITH_KNOTS('',1,(#7845,#7846),.UNSPECIFIED.,.F.,
  .F.,(2,2),(84.5,100.5),.PIECEWISE_BEZIER_KNOTS.);
#7845 = CARTESIAN_POINT('',(185.,141.));
#7846 = CARTESIAN_POINT('',(201.,141.));
#7847 = ( GEOMETRIC_REPRESENTATION_CONTEXT(2) 
PARAMETRIC_REPRESENTATION_CONTEXT() REPRESENTATION_CONTEXT('2D SPACE',''
  ) );
#7848 = PCURVE('',#3114,#7849);
#7849 = DEFINITIONAL_REPRESENTATION('',(#7850),#7853);
#7850 = B_SPLINE_CURVE_WITH_KNOTS('',1,(#7851,#7852),.UNSPECIFIED.,.F.,
  .F.,(2,2),(84.5,100.5),.PIECEWISE_BEZIER_KNOTS.);
#7851 = CARTESIAN_POINT('',(16.,-1.));
#7852 = CARTESIAN_POINT('',(0.,-1.));
#7853 = ( GEOMETRIC_REPRESENTATION_CONTEXT(2) 
PARAMETRIC_REPRESENTATION_CONTEXT() REPRESENTATION_CONTEXT('2D SPACE',''
  ) );
#7854 = FACE_BOUND('',#7855,.F.);
#7855 = EDGE_LOOP('',(#7856,#7879,#7900,#7921));
#7856 = ORIENTED_EDGE('',*,*,#7857,.T.);
#7857 = EDGE_CURVE('',#7858,#7860,#7862,.T.);
#7858 = VERTEX_POINT('',#7859);
#7859 = CARTESIAN_POINT('',(34.,8.,10.));
#7860 = VERTEX_POINT('',#7861);
#7861 = CARTESIAN_POINT('',(34.,-8.,10.));
#7862 = SURFACE_CURVE('',#7863,(#7867,#7873),.PCURVE_S1.);
#7863 = LINE('',#7864,#7865);
#7864 = CARTESIAN_POINT('',(34.,-70.5,10.));
#7865 = VECTOR('',#7866,1.);
#7866 = DIRECTION('',(0.,-1.,0.));
#7867 = PCURVE('',#72,#7868);
#7868 = DEFINITIONAL_REPRESENTATION('',(#7869),#7872);
#7869 = B_SPLINE_CURVE_WITH_KNOTS('',1,(#7870,#7871),.UNSPECIFIED.,.F.,
  .F.,(2,2),(-78.5,-62.5),.PIECEWISE_BEZIER_KNOTS.);
#7870 = CARTESIAN_POINT('',(231.,141.));
#7871 = CARTESIAN_POINT('',(231.,125.));
#7872 = ( GEOMETRIC_REPRESENTATION_CONTEXT(2) 
PARAMETRIC_REPRESENTATION_CONTEXT() REPRESENTATION_CONTEXT('2D SPACE',''
  ) );
#7873 = PCURVE('',#3144,#7874);
#7874 = DEFINITIONAL_REPRESENTATION('',(#7875),#7878);
#7875 = B_SPLINE_CURVE_WITH_KNOTS('',1,(#7876,#7877),.UNSPECIFIED.,.F.,
  .F.,(2,2),(-78.5,-62.5),.PIECEWISE_BEZIER_KNOTS.);
#7876 = CARTESIAN_POINT('',(16.,-1.));
#7877 = CARTESIAN_POINT('',(0.,-1.));
#7878 = ( GEOMETRIC_REPRESENTATION_CONTEXT(2) 
PARAMETRIC_REPRESENTATION_CONTEXT() REPRESENTATION_CONTEXT('2D SPACE',''
  ) );
#7879 = ORIENTED_EDGE('',*,*,#7880,.T.);
#7880 = EDGE_CURVE('',#7860,#7881,#7883,.T.);
#7881 = VERTEX_POINT('',#7882);
#7882 = CARTESIAN_POINT('',(18.,-8.,10.));
#7883 = SURFACE_CURVE('',#7884,(#7888,#7894),.PCURVE_S1.);
#7884 = LINE('',#7885,#7886);
#7885 = CARTESIAN_POINT('',(-89.5,-8.,10.));
#7886 = VECTOR('',#7887,1.);
#7887 = DIRECTION('',(-1.,0.,0.));
#7888 = PCURVE('',#72,#7889);
#7889 = DEFINITIONAL_REPRESENTATION('',(#7890),#7893);
#7890 = B_SPLINE_CURVE_WITH_KNOTS('',1,(#7891,#7892),.UNSPECIFIED.,.F.,
  .F.,(2,2),(-123.5,-107.5),.PIECEWISE_BEZIER_KNOTS.);
#7891 = CARTESIAN_POINT('',(231.,125.));
#7892 = CARTESIAN_POINT('',(215.,125.));
#7893 = ( GEOMETRIC_REPRESENTATION_CONTEXT(2) 
PARAMETRIC_REPRESENTATION_CONTEXT() REPRESENTATION_CONTEXT('2D SPACE',''
  ) );
#7894 = PCURVE('',#3170,#7895);
#7895 = DEFINITIONAL_REPRESENTATION('',(#7896),#7899);
#7896 = B_SPLINE_CURVE_WITH_KNOTS('',1,(#7897,#7898),.UNSPECIFIED.,.F.,
  .F.,(2,2),(-123.5,-107.5),.PIECEWISE_BEZIER_KNOTS.);
#7897 = CARTESIAN_POINT('',(16.,-1.));
#7898 = CARTESIAN_POINT('',(0.,-1.));
#7899 = ( GEOMETRIC_REPRESENTATION_CONTEXT(2) 
PARAMETRIC_REPRESENTATION_CONTEXT() REPRESENTATION_CONTEXT('2D SPACE',''
  ) );
#7900 = ORIENTED_EDGE('',*,*,#7901,.T.);
#7901 = EDGE_CURVE('',#7881,#7902,#7904,.T.);
#7902 = VERTEX_POINT('',#7903);
#7903 = CARTESIAN_POINT('',(18.,8.,10.));
#7904 = SURFACE_CURVE('',#7905,(#7909,#7915),.PCURVE_S1.);
#7905 = LINE('',#7906,#7907);
#7906 = CARTESIAN_POINT('',(18.,-62.5,10.));
#7907 = VECTOR('',#7908,1.);
#7908 = DIRECTION('',(0.,1.,0.));
#7909 = PCURVE('',#72,#7910);
#7910 = DEFINITIONAL_REPRESENTATION('',(#7911),#7914);
#7911 = B_SPLINE_CURVE_WITH_KNOTS('',1,(#7912,#7913),.UNSPECIFIED.,.F.,
  .F.,(2,2),(54.5,70.5),.PIECEWISE_BEZIER_KNOTS.);
#7912 = CARTESIAN_POINT('',(215.,125.));
#7913 = CARTESIAN_POINT('',(215.,141.));
#7914 = ( GEOMETRIC_REPRESENTATION_CONTEXT(2) 
PARAMETRIC_REPRESENTATION_CONTEXT() REPRESENTATION_CONTEXT('2D SPACE',''
  ) );
#7915 = PCURVE('',#3196,#7916);
#7916 = DEFINITIONAL_REPRESENTATION('',(#7917),#7920);
#7917 = B_SPLINE_CURVE_WITH_KNOTS('',1,(#7918,#7919),.UNSPECIFIED.,.F.,
  .F.,(2,2),(54.5,70.5),.PIECEWISE_BEZIER_KNOTS.);
#7918 = CARTESIAN_POINT('',(16.,-1.));
#7919 = CARTESIAN_POINT('',(0.,-1.));
#7920 = ( GEOMETRIC_REPRESENTATION_CONTEXT(2) 
PARAMETRIC_REPRESENTATION_CONTEXT() REPRESENTATION_CONTEXT('2D SPACE',''
  ) );
#7921 = ORIENTED_EDGE('',*,*,#7922,.T.);
#7922 = EDGE_CURVE('',#7902,#7858,#7923,.T.);
#7923 = SURFACE_CURVE('',#7924,(#7928,#7934),.PCURVE_S1.);
#7924 = LINE('',#7925,#7926);
#7925 = CARTESIAN_POINT('',(-81.5,8.,10.));
#7926 = VECTOR('',#7927,1.);
#7927 = DIRECTION('',(1.,0.,0.));
#7928 = PCURVE('',#72,#7929);
#7929 = DEFINITIONAL_REPRESENTATION('',(#7930),#7933);
#7930 = B_SPLINE_CURVE_WITH_KNOTS('',1,(#7931,#7932),.UNSPECIFIED.,.F.,
  .F.,(2,2),(99.5,115.5),.PIECEWISE_BEZIER_KNOTS.);
#7931 = CARTESIAN_POINT('',(215.,141.));
#7932 = CARTESIAN_POINT('',(231.,141.));
#7933 = ( GEOMETRIC_REPRESENTATION_CONTEXT(2) 
PARAMETRIC_REPRESENTATION_CONTEXT() REPRESENTATION_CONTEXT('2D SPACE',''
  ) );
#7934 = PCURVE('',#3220,#7935);
#7935 = DEFINITIONAL_REPRESENTATION('',(#7936),#7939);
#7936 = B_SPLINE_CURVE_WITH_KNOTS('',1,(#7937,#7938),.UNSPECIFIED.,.F.,
  .F.,(2,2),(99.5,115.5),.PIECEWISE_BEZIER_KNOTS.);
#7937 = CARTESIAN_POINT('',(16.,-1.));
#7938 = CARTESIAN_POINT('',(0.,-1.));
#7939 = ( GEOMETRIC_REPRESENTATION_CONTEXT(2) 
PARAMETRIC_REPRESENTATION_CONTEXT() REPRESENTATION_CONTEXT('2D SPACE',''
  ) );
#7940 = FACE_BOUND('',#7941,.F.);
#7941 = EDGE_LOOP('',(#7942,#7965,#7986,#8007));
#7942 = ORIENTED_EDGE('',*,*,#7943,.T.);
#7943 = EDGE_CURVE('',#7944,#7946,#7948,.T.);
#7944 = VERTEX_POINT('',#7945);
#7945 = CARTESIAN_POINT('',(-146.,38.,10.));
#7946 = VERTEX_POINT('',#7947);
#7947 = CARTESIAN_POINT('',(-146.,22.,10.));
#7948 = SURFACE_CURVE('',#7949,(#7953,#7959),.PCURVE_S1.);
#7949 = LINE('',#7950,#7951);
#7950 = CARTESIAN_POINT('',(-146.,-55.5,10.));
#7951 = VECTOR('',#7952,1.);
#7952 = DIRECTION('',(0.,-1.,0.));
#7953 = PCURVE('',#72,#7954);
#7954 = DEFINITIONAL_REPRESENTATION('',(#7955),#7958);
#7955 = B_SPLINE_CURVE_WITH_KNOTS('',1,(#7956,#7957),.UNSPECIFIED.,.F.,
  .F.,(2,2),(-93.5,-77.5),.PIECEWISE_BEZIER_KNOTS.);
#7956 = CARTESIAN_POINT('',(51.,171.));
#7957 = CARTESIAN_POINT('',(51.,155.));
#7958 = ( GEOMETRIC_REPRESENTATION_CONTEXT(2) 
PARAMETRIC_REPRESENTATION_CONTEXT() REPRESENTATION_CONTEXT('2D SPACE',''
  ) );
#7959 = PCURVE('',#3250,#7960);
#7960 = DEFINITIONAL_REPRESENTATION('',(#7961),#7964);
#7961 = B_SPLINE_CURVE_WITH_KNOTS('',1,(#7962,#7963),.UNSPECIFIED.,.F.,
  .F.,(2,2),(-93.5,-77.5),.PIECEWISE_BEZIER_KNOTS.);
#7962 = CARTESIAN_POINT('',(16.,-1.));
#7963 = CARTESIAN_POINT('',(0.,-1.));
#7964 = ( GEOMETRIC_REPRESENTATION_CONTEXT(2) 
PARAMETRIC_REPRESENTATION_CONTEXT() REPRESENTATION_CONTEXT('2D SPACE',''
  ) );
#7965 = ORIENTED_EDGE('',*,*,#7966,.T.);
#7966 = EDGE_CURVE('',#7946,#7967,#7969,.T.);
#7967 = VERTEX_POINT('',#7968);
#7968 = CARTESIAN_POINT('',(-162.,22.,10.));
#7969 = SURFACE_CURVE('',#7970,(#7974,#7980),.PCURVE_S1.);
#7970 = LINE('',#7971,#7972);
#7971 = CARTESIAN_POINT('',(-179.5,22.,10.));
#7972 = VECTOR('',#7973,1.);
#7973 = DIRECTION('',(-1.,0.,0.));
#7974 = PCURVE('',#72,#7975);
#7975 = DEFINITIONAL_REPRESENTATION('',(#7976),#7979);
#7976 = B_SPLINE_CURVE_WITH_KNOTS('',1,(#7977,#7978),.UNSPECIFIED.,.F.,
  .F.,(2,2),(-33.5,-17.5),.PIECEWISE_BEZIER_KNOTS.);
#7977 = CARTESIAN_POINT('',(51.,155.));
#7978 = CARTESIAN_POINT('',(35.,155.));
#7979 = ( GEOMETRIC_REPRESENTATION_CONTEXT(2) 
PARAMETRIC_REPRESENTATION_CONTEXT() REPRESENTATION_CONTEXT('2D SPACE',''
  ) );
#7980 = PCURVE('',#3276,#7981);
#7981 = DEFINITIONAL_REPRESENTATION('',(#7982),#7985);
#7982 = B_SPLINE_CURVE_WITH_KNOTS('',1,(#7983,#7984),.UNSPECIFIED.,.F.,
  .F.,(2,2),(-33.5,-17.5),.PIECEWISE_BEZIER_KNOTS.);
#7983 = CARTESIAN_POINT('',(16.,-1.));
#7984 = CARTESIAN_POINT('',(0.,-1.));
#7985 = ( GEOMETRIC_REPRESENTATION_CONTEXT(2) 
PARAMETRIC_REPRESENTATION_CONTEXT() REPRESENTATION_CONTEXT('2D SPACE',''
  ) );
#7986 = ORIENTED_EDGE('',*,*,#7987,.T.);
#7987 = EDGE_CURVE('',#7967,#7988,#7990,.T.);
#7988 = VERTEX_POINT('',#7989);
#7989 = CARTESIAN_POINT('',(-162.,38.,10.));
#7990 = SURFACE_CURVE('',#7991,(#7995,#8001),.PCURVE_S1.);
#7991 = LINE('',#7992,#7993);
#7992 = CARTESIAN_POINT('',(-162.,-47.5,10.));
#7993 = VECTOR('',#7994,1.);
#7994 = DIRECTION('',(0.,1.,0.));
#7995 = PCURVE('',#72,#7996);
#7996 = DEFINITIONAL_REPRESENTATION('',(#7997),#8000);
#7997 = B_SPLINE_CURVE_WITH_KNOTS('',1,(#7998,#7999),.UNSPECIFIED.,.F.,
  .F.,(2,2),(69.5,85.5),.PIECEWISE_BEZIER_KNOTS.);
#7998 = CARTESIAN_POINT('',(35.,155.));
#7999 = CARTESIAN_POINT('',(35.,171.));
#8000 = ( GEOMETRIC_REPRESENTATION_CONTEXT(2) 
PARAMETRIC_REPRESENTATION_CONTEXT() REPRESENTATION_CONTEXT('2D SPACE',''
  ) );
#8001 = PCURVE('',#3302,#8002);
#8002 = DEFINITIONAL_REPRESENTATION('',(#8003),#8006);
#8003 = B_SPLINE_CURVE_WITH_KNOTS('',1,(#8004,#8005),.UNSPECIFIED.,.F.,
  .F.,(2,2),(69.5,85.5),.PIECEWISE_BEZIER_KNOTS.);
#8004 = CARTESIAN_POINT('',(16.,-1.));
#8005 = CARTESIAN_POINT('',(0.,-1.));
#8006 = ( GEOMETRIC_REPRESENTATION_CONTEXT(2) 
PARAMETRIC_REPRESENTATION_CONTEXT() REPRESENTATION_CONTEXT('2D SPACE',''
  ) );
#8007 = ORIENTED_EDGE('',*,*,#8008,.T.);
#8008 = EDGE_CURVE('',#7988,#7944,#8009,.T.);
#8009 = SURFACE_CURVE('',#8010,(#8014,#8020),.PCURVE_S1.);
#8010 = LINE('',#8011,#8012);
#8011 = CARTESIAN_POINT('',(-171.5,38.,10.));
#8012 = VECTOR('',#8013,1.);
#8013 = DIRECTION('',(1.,0.,0.));
#8014 = PCURVE('',#72,#8015);
#8015 = DEFINITIONAL_REPRESENTATION('',(#8016),#8019);
#8016 = B_SPLINE_CURVE_WITH_KNOTS('',1,(#8017,#8018),.UNSPECIFIED.,.F.,
  .F.,(2,2),(9.5,25.5),.PIECEWISE_BEZIER_KNOTS.);
#8017 = CARTESIAN_POINT('',(35.,171.));
#8018 = CARTESIAN_POINT('',(51.,171.));
#8019 = ( GEOMETRIC_REPRESENTATION_CONTEXT(2) 
PARAMETRIC_REPRESENTATION_CONTEXT() REPRESENTATION_CONTEXT('2D SPACE',''
  ) );
#8020 = PCURVE('',#3326,#8021);
#8021 = DEFINITIONAL_REPRESENTATION('',(#8022),#8025);
#8022 = B_SPLINE_CURVE_WITH_KNOTS('',1,(#8023,#8024),.UNSPECIFIED.,.F.,
  .F.,(2,2),(9.5,25.5),.PIECEWISE_BEZIER_KNOTS.);
#8023 = CARTESIAN_POINT('',(16.,-1.));
#8024 = CARTESIAN_POINT('',(0.,-1.));
#8025 = ( GEOMETRIC_REPRESENTATION_CONTEXT(2) 
PARAMETRIC_REPRESENTATION_CONTEXT() REPRESENTATION_CONTEXT('2D SPACE',''
  ) );
#8026 = FACE_BOUND('',#8027,.F.);
#8027 = EDGE_LOOP('',(#8028,#8051,#8072,#8093));
#8028 = ORIENTED_EDGE('',*,*,#8029,.T.);
#8029 = EDGE_CURVE('',#8030,#8032,#8034,.T.);
#8030 = VERTEX_POINT('',#8031);
#8031 = CARTESIAN_POINT('',(-116.,38.,10.));
#8032 = VERTEX_POINT('',#8033);
#8033 = CARTESIAN_POINT('',(-116.,22.,10.));
#8034 = SURFACE_CURVE('',#8035,(#8039,#8045),.PCURVE_S1.);
#8035 = LINE('',#8036,#8037);
#8036 = CARTESIAN_POINT('',(-116.,-55.5,10.));
#8037 = VECTOR('',#8038,1.);
#8038 = DIRECTION('',(0.,-1.,0.));
#8039 = PCURVE('',#72,#8040);
#8040 = DEFINITIONAL_REPRESENTATION('',(#8041),#8044);
#8041 = B_SPLINE_CURVE_WITH_KNOTS('',1,(#8042,#8043),.UNSPECIFIED.,.F.,
  .F.,(2,2),(-93.5,-77.5),.PIECEWISE_BEZIER_KNOTS.);
#8042 = CARTESIAN_POINT('',(81.,171.));
#8043 = CARTESIAN_POINT('',(81.,155.));
#8044 = ( GEOMETRIC_REPRESENTATION_CONTEXT(2) 
PARAMETRIC_REPRESENTATION_CONTEXT() REPRESENTATION_CONTEXT('2D SPACE',''
  ) );
#8045 = PCURVE('',#3356,#8046);
#8046 = DEFINITIONAL_REPRESENTATION('',(#8047),#8050);
#8047 = B_SPLINE_CURVE_WITH_KNOTS('',1,(#8048,#8049),.UNSPECIFIED.,.F.,
  .F.,(2,2),(-93.5,-77.5),.PIECEWISE_BEZIER_KNOTS.);
#8048 = CARTESIAN_POINT('',(16.,-1.));
#8049 = CARTESIAN_POINT('',(0.,-1.));
#8050 = ( GEOMETRIC_REPRESENTATION_CONTEXT(2) 
PARAMETRIC_REPRESENTATION_CONTEXT() REPRESENTATION_CONTEXT('2D SPACE',''
  ) );
#8051 = ORIENTED_EDGE('',*,*,#8052,.T.);
#8052 = EDGE_CURVE('',#8032,#8053,#8055,.T.);
#8053 = VERTEX_POINT('',#8054);
#8054 = CARTESIAN_POINT('',(-132.,22.,10.));
#8055 = SURFACE_CURVE('',#8056,(#8060,#8066),.PCURVE_S1.);
#8056 = LINE('',#8057,#8058);
#8057 = CARTESIAN_POINT('',(-164.5,22.,10.));
#8058 = VECTOR('',#8059,1.);
#8059 = DIRECTION('',(-1.,0.,0.));
#8060 = PCURVE('',#72,#8061);
#8061 = DEFINITIONAL_REPRESENTATION('',(#8062),#8065);
#8062 = B_SPLINE_CURVE_WITH_KNOTS('',1,(#8063,#8064),.UNSPECIFIED.,.F.,
  .F.,(2,2),(-48.5,-32.5),.PIECEWISE_BEZIER_KNOTS.);
#8063 = CARTESIAN_POINT('',(81.,155.));
#8064 = CARTESIAN_POINT('',(65.,155.));
#8065 = ( GEOMETRIC_REPRESENTATION_CONTEXT(2) 
PARAMETRIC_REPRESENTATION_CONTEXT() REPRESENTATION_CONTEXT('2D SPACE',''
  ) );
#8066 = PCURVE('',#3382,#8067);
#8067 = DEFINITIONAL_REPRESENTATION('',(#8068),#8071);
#8068 = B_SPLINE_CURVE_WITH_KNOTS('',1,(#8069,#8070),.UNSPECIFIED.,.F.,
  .F.,(2,2),(-48.5,-32.5),.PIECEWISE_BEZIER_KNOTS.);
#8069 = CARTESIAN_POINT('',(16.,-1.));
#8070 = CARTESIAN_POINT('',(0.,-1.));
#8071 = ( GEOMETRIC_REPRESENTATION_CONTEXT(2) 
PARAMETRIC_REPRESENTATION_CONTEXT() REPRESENTATION_CONTEXT('2D SPACE',''
  ) );
#8072 = ORIENTED_EDGE('',*,*,#8073,.T.);
#8073 = EDGE_CURVE('',#8053,#8074,#8076,.T.);
#8074 = VERTEX_POINT('',#8075);
#8075 = CARTESIAN_POINT('',(-132.,38.,10.));
#8076 = SURFACE_CURVE('',#8077,(#8081,#8087),.PCURVE_S1.);
#8077 = LINE('',#8078,#8079);
#8078 = CARTESIAN_POINT('',(-132.,-47.5,10.));
#8079 = VECTOR('',#8080,1.);
#8080 = DIRECTION('',(0.,1.,0.));
#8081 = PCURVE('',#72,#8082);
#8082 = DEFINITIONAL_REPRESENTATION('',(#8083),#8086);
#8083 = B_SPLINE_CURVE_WITH_KNOTS('',1,(#8084,#8085),.UNSPECIFIED.,.F.,
  .F.,(2,2),(69.5,85.5),.PIECEWISE_BEZIER_KNOTS.);
#8084 = CARTESIAN_POINT('',(65.,155.));
#8085 = CARTESIAN_POINT('',(65.,171.));
#8086 = ( GEOMETRIC_REPRESENTATION_CONTEXT(2) 
PARAMETRIC_REPRESENTATION_CONTEXT() REPRESENTATION_CONTEXT('2D SPACE',''
  ) );
#8087 = PCURVE('',#3408,#8088);
#8088 = DEFINITIONAL_REPRESENTATION('',(#8089),#8092);
#8089 = B_SPLINE_CURVE_WITH_KNOTS('',1,(#8090,#8091),.UNSPECIFIED.,.F.,
  .F.,(2,2),(69.5,85.5),.PIECEWISE_BEZIER_KNOTS.);
#8090 = CARTESIAN_POINT('',(16.,-1.));
#8091 = CARTESIAN_POINT('',(0.,-1.));
#8092 = ( GEOMETRIC_REPRESENTATION_CONTEXT(2) 
PARAMETRIC_REPRESENTATION_CONTEXT() REPRESENTATION_CONTEXT('2D SPACE',''
  ) );
#8093 = ORIENTED_EDGE('',*,*,#8094,.T.);
#8094 = EDGE_CURVE('',#8074,#8030,#8095,.T.);
#8095 = SURFACE_CURVE('',#8096,(#8100,#8106),.PCURVE_S1.);
#8096 = LINE('',#8097,#8098);
#8097 = CARTESIAN_POINT('',(-156.5,38.,10.));
#8098 = VECTOR('',#8099,1.);
#8099 = DIRECTION('',(1.,0.,0.));
#8100 = PCURVE('',#72,#8101);
#8101 = DEFINITIONAL_REPRESENTATION('',(#8102),#8105);
#8102 = B_SPLINE_CURVE_WITH_KNOTS('',1,(#8103,#8104),.UNSPECIFIED.,.F.,
  .F.,(2,2),(24.5,40.5),.PIECEWISE_BEZIER_KNOTS.);
#8103 = CARTESIAN_POINT('',(65.,171.));
#8104 = CARTESIAN_POINT('',(81.,171.));
#8105 = ( GEOMETRIC_REPRESENTATION_CONTEXT(2) 
PARAMETRIC_REPRESENTATION_CONTEXT() REPRESENTATION_CONTEXT('2D SPACE',''
  ) );
#8106 = PCURVE('',#3432,#8107);
#8107 = DEFINITIONAL_REPRESENTATION('',(#8108),#8111);
#8108 = B_SPLINE_CURVE_WITH_KNOTS('',1,(#8109,#8110),.UNSPECIFIED.,.F.,
  .F.,(2,2),(24.5,40.5),.PIECEWISE_BEZIER_KNOTS.);
#8109 = CARTESIAN_POINT('',(16.,-1.));
#8110 = CARTESIAN_POINT('',(0.,-1.));
#8111 = ( GEOMETRIC_REPRESENTATION_CONTEXT(2) 
PARAMETRIC_REPRESENTATION_CONTEXT() REPRESENTATION_CONTEXT('2D SPACE',''
  ) );
#8112 = FACE_BOUND('',#8113,.F.);
#8113 = EDGE_LOOP('',(#8114,#8137,#8158,#8179));
#8114 = ORIENTED_EDGE('',*,*,#8115,.T.);
#8115 = EDGE_CURVE('',#8116,#8118,#8120,.T.);
#8116 = VERTEX_POINT('',#8117);
#8117 = CARTESIAN_POINT('',(-86.,38.,10.));
#8118 = VERTEX_POINT('',#8119);
#8119 = CARTESIAN_POINT('',(-86.,22.,10.));
#8120 = SURFACE_CURVE('',#8121,(#8125,#8131),.PCURVE_S1.);
#8121 = LINE('',#8122,#8123);
#8122 = CARTESIAN_POINT('',(-86.,-55.5,10.));
#8123 = VECTOR('',#8124,1.);
#8124 = DIRECTION('',(0.,-1.,0.));
#8125 = PCURVE('',#72,#8126);
#8126 = DEFINITIONAL_REPRESENTATION('',(#8127),#8130);
#8127 = B_SPLINE_CURVE_WITH_KNOTS('',1,(#8128,#8129),.UNSPECIFIED.,.F.,
  .F.,(2,2),(-93.5,-77.5),.PIECEWISE_BEZIER_KNOTS.);
#8128 = CARTESIAN_POINT('',(111.,171.));
#8129 = CARTESIAN_POINT('',(111.,155.));
#8130 = ( GEOMETRIC_REPRESENTATION_CONTEXT(2) 
PARAMETRIC_REPRESENTATION_CONTEXT() REPRESENTATION_CONTEXT('2D SPACE',''
  ) );
#8131 = PCURVE('',#3462,#8132);
#8132 = DEFINITIONAL_REPRESENTATION('',(#8133),#8136);
#8133 = B_SPLINE_CURVE_WITH_KNOTS('',1,(#8134,#8135),.UNSPECIFIED.,.F.,
  .F.,(2,2),(-93.5,-77.5),.PIECEWISE_BEZIER_KNOTS.);
#8134 = CARTESIAN_POINT('',(16.,-1.));
#8135 = CARTESIAN_POINT('',(0.,-1.));
#8136 = ( GEOMETRIC_REPRESENTATION_CONTEXT(2) 
PARAMETRIC_REPRESENTATION_CONTEXT() REPRESENTATION_CONTEXT('2D SPACE',''
  ) );
#8137 = ORIENTED_EDGE('',*,*,#8138,.T.);
#8138 = EDGE_CURVE('',#8118,#8139,#8141,.T.);
#8139 = VERTEX_POINT('',#8140);
#8140 = CARTESIAN_POINT('',(-102.,22.,10.));
#8141 = SURFACE_CURVE('',#8142,(#8146,#8152),.PCURVE_S1.);
#8142 = LINE('',#8143,#8144);
#8143 = CARTESIAN_POINT('',(-149.5,22.,10.));
#8144 = VECTOR('',#8145,1.);
#8145 = DIRECTION('',(-1.,0.,0.));
#8146 = PCURVE('',#72,#8147);
#8147 = DEFINITIONAL_REPRESENTATION('',(#8148),#8151);
#8148 = B_SPLINE_CURVE_WITH_KNOTS('',1,(#8149,#8150),.UNSPECIFIED.,.F.,
  .F.,(2,2),(-63.5,-47.5),.PIECEWISE_BEZIER_KNOTS.);
#8149 = CARTESIAN_POINT('',(111.,155.));
#8150 = CARTESIAN_POINT('',(95.,155.));
#8151 = ( GEOMETRIC_REPRESENTATION_CONTEXT(2) 
PARAMETRIC_REPRESENTATION_CONTEXT() REPRESENTATION_CONTEXT('2D SPACE',''
  ) );
#8152 = PCURVE('',#3488,#8153);
#8153 = DEFINITIONAL_REPRESENTATION('',(#8154),#8157);
#8154 = B_SPLINE_CURVE_WITH_KNOTS('',1,(#8155,#8156),.UNSPECIFIED.,.F.,
  .F.,(2,2),(-63.5,-47.5),.PIECEWISE_BEZIER_KNOTS.);
#8155 = CARTESIAN_POINT('',(16.,-1.));
#8156 = CARTESIAN_POINT('',(0.,-1.));
#8157 = ( GEOMETRIC_REPRESENTATION_CONTEXT(2) 
PARAMETRIC_REPRESENTATION_CONTEXT() REPRESENTATION_CONTEXT('2D SPACE',''
  ) );
#8158 = ORIENTED_EDGE('',*,*,#8159,.T.);
#8159 = EDGE_CURVE('',#8139,#8160,#8162,.T.);
#8160 = VERTEX_POINT('',#8161);
#8161 = CARTESIAN_POINT('',(-102.,38.,10.));
#8162 = SURFACE_CURVE('',#8163,(#8167,#8173),.PCURVE_S1.);
#8163 = LINE('',#8164,#8165);
#8164 = CARTESIAN_POINT('',(-102.,-47.5,10.));
#8165 = VECTOR('',#8166,1.);
#8166 = DIRECTION('',(0.,1.,0.));
#8167 = PCURVE('',#72,#8168);
#8168 = DEFINITIONAL_REPRESENTATION('',(#8169),#8172);
#8169 = B_SPLINE_CURVE_WITH_KNOTS('',1,(#8170,#8171),.UNSPECIFIED.,.F.,
  .F.,(2,2),(69.5,85.5),.PIECEWISE_BEZIER_KNOTS.);
#8170 = CARTESIAN_POINT('',(95.,155.));
#8171 = CARTESIAN_POINT('',(95.,171.));
#8172 = ( GEOMETRIC_REPRESENTATION_CONTEXT(2) 
PARAMETRIC_REPRESENTATION_CONTEXT() REPRESENTATION_CONTEXT('2D SPACE',''
  ) );
#8173 = PCURVE('',#3514,#8174);
#8174 = DEFINITIONAL_REPRESENTATION('',(#8175),#8178);
#8175 = B_SPLINE_CURVE_WITH_KNOTS('',1,(#8176,#8177),.UNSPECIFIED.,.F.,
  .F.,(2,2),(69.5,85.5),.PIECEWISE_BEZIER_KNOTS.);
#8176 = CARTESIAN_POINT('',(16.,-1.));
#8177 = CARTESIAN_POINT('',(0.,-1.));
#8178 = ( GEOMETRIC_REPRESENTATION_CONTEXT(2) 
PARAMETRIC_REPRESENTATION_CONTEXT() REPRESENTATION_CONTEXT('2D SPACE',''
  ) );
#8179 = ORIENTED_EDGE('',*,*,#8180,.T.);
#8180 = EDGE_CURVE('',#8160,#8116,#8181,.T.);
#8181 = SURFACE_CURVE('',#8182,(#8186,#8192),.PCURVE_S1.);
#8182 = LINE('',#8183,#8184);
#8183 = CARTESIAN_POINT('',(-141.5,38.,10.));
#8184 = VECTOR('',#8185,1.);
#8185 = DIRECTION('',(1.,0.,0.));
#8186 = PCURVE('',#72,#8187);
#8187 = DEFINITIONAL_REPRESENTATION('',(#8188),#8191);
#8188 = B_SPLINE_CURVE_WITH_KNOTS('',1,(#8189,#8190),.UNSPECIFIED.,.F.,
  .F.,(2,2),(39.5,55.5),.PIECEWISE_BEZIER_KNOTS.);
#8189 = CARTESIAN_POINT('',(95.,171.));
#8190 = CARTESIAN_POINT('',(111.,171.));
#8191 = ( GEOMETRIC_REPRESENTATION_CONTEXT(2) 
PARAMETRIC_REPRESENTATION_CONTEXT() REPRESENTATION_CONTEXT('2D SPACE',''
  ) );
#8192 = PCURVE('',#3538,#8193);
#8193 = DEFINITIONAL_REPRESENTATION('',(#8194),#8197);
#8194 = B_SPLINE_CURVE_WITH_KNOTS('',1,(#8195,#8196),.UNSPECIFIED.,.F.,
  .F.,(2,2),(39.5,55.5),.PIECEWISE_BEZIER_KNOTS.);
#8195 = CARTESIAN_POINT('',(16.,-1.));
#8196 = CARTESIAN_POINT('',(0.,-1.));
#8197 = ( GEOMETRIC_REPRESENTATION_CONTEXT(2) 
PARAMETRIC_REPRESENTATION_CONTEXT() REPRESENTATION_CONTEXT('2D SPACE',''
  ) );
#8198 = FACE_BOUND('',#8199,.F.);
#8199 = EDGE_LOOP('',(#8200,#8223,#8244,#8265));
#8200 = ORIENTED_EDGE('',*,*,#8201,.T.);
#8201 = EDGE_CURVE('',#8202,#8204,#8206,.T.);
#8202 = VERTEX_POINT('',#8203);
#8203 = CARTESIAN_POINT('',(-56.,38.,10.));
#8204 = VERTEX_POINT('',#8205);
#8205 = CARTESIAN_POINT('',(-56.,22.,10.));
#8206 = SURFACE_CURVE('',#8207,(#8211,#8217),.PCURVE_S1.);
#8207 = LINE('',#8208,#8209);
#8208 = CARTESIAN_POINT('',(-56.,-55.5,10.));
#8209 = VECTOR('',#8210,1.);
#8210 = DIRECTION('',(0.,-1.,0.));
#8211 = PCURVE('',#72,#8212);
#8212 = DEFINITIONAL_REPRESENTATION('',(#8213),#8216);
#8213 = B_SPLINE_CURVE_WITH_KNOTS('',1,(#8214,#8215),.UNSPECIFIED.,.F.,
  .F.,(2,2),(-93.5,-77.5),.PIECEWISE_BEZIER_KNOTS.);
#8214 = CARTESIAN_POINT('',(141.,171.));
#8215 = CARTESIAN_POINT('',(141.,155.));
#8216 = ( GEOMETRIC_REPRESENTATION_CONTEXT(2) 
PARAMETRIC_REPRESENTATION_CONTEXT() REPRESENTATION_CONTEXT('2D SPACE',''
  ) );
#8217 = PCURVE('',#3568,#8218);
#8218 = DEFINITIONAL_REPRESENTATION('',(#8219),#8222);
#8219 = B_SPLINE_CURVE_WITH_KNOTS('',1,(#8220,#8221),.UNSPECIFIED.,.F.,
  .F.,(2,2),(-93.5,-77.5),.PIECEWISE_BEZIER_KNOTS.);
#8220 = CARTESIAN_POINT('',(16.,-1.));
#8221 = CARTESIAN_POINT('',(0.,-1.));
#8222 = ( GEOMETRIC_REPRESENTATION_CONTEXT(2) 
PARAMETRIC_REPRESENTATION_CONTEXT() REPRESENTATION_CONTEXT('2D SPACE',''
  ) );
#8223 = ORIENTED_EDGE('',*,*,#8224,.T.);
#8224 = EDGE_CURVE('',#8204,#8225,#8227,.T.);
#8225 = VERTEX_POINT('',#8226);
#8226 = CARTESIAN_POINT('',(-72.,22.,10.));
#8227 = SURFACE_CURVE('',#8228,(#8232,#8238),.PCURVE_S1.);
#8228 = LINE('',#8229,#8230);
#8229 = CARTESIAN_POINT('',(-134.5,22.,10.));
#8230 = VECTOR('',#8231,1.);
#8231 = DIRECTION('',(-1.,0.,0.));
#8232 = PCURVE('',#72,#8233);
#8233 = DEFINITIONAL_REPRESENTATION('',(#8234),#8237);
#8234 = B_SPLINE_CURVE_WITH_KNOTS('',1,(#8235,#8236),.UNSPECIFIED.,.F.,
  .F.,(2,2),(-78.5,-62.5),.PIECEWISE_BEZIER_KNOTS.);
#8235 = CARTESIAN_POINT('',(141.,155.));
#8236 = CARTESIAN_POINT('',(125.,155.));
#8237 = ( GEOMETRIC_REPRESENTATION_CONTEXT(2) 
PARAMETRIC_REPRESENTATION_CONTEXT() REPRESENTATION_CONTEXT('2D SPACE',''
  ) );
#8238 = PCURVE('',#3594,#8239);
#8239 = DEFINITIONAL_REPRESENTATION('',(#8240),#8243);
#8240 = B_SPLINE_CURVE_WITH_KNOTS('',1,(#8241,#8242),.UNSPECIFIED.,.F.,
  .F.,(2,2),(-78.5,-62.5),.PIECEWISE_BEZIER_KNOTS.);
#8241 = CARTESIAN_POINT('',(16.,-1.));
#8242 = CARTESIAN_POINT('',(0.,-1.));
#8243 = ( GEOMETRIC_REPRESENTATION_CONTEXT(2) 
PARAMETRIC_REPRESENTATION_CONTEXT() REPRESENTATION_CONTEXT('2D SPACE',''
  ) );
#8244 = ORIENTED_EDGE('',*,*,#8245,.T.);
#8245 = EDGE_CURVE('',#8225,#8246,#8248,.T.);
#8246 = VERTEX_POINT('',#8247);
#8247 = CARTESIAN_POINT('',(-72.,38.,10.));
#8248 = SURFACE_CURVE('',#8249,(#8253,#8259),.PCURVE_S1.);
#8249 = LINE('',#8250,#8251);
#8250 = CARTESIAN_POINT('',(-72.,-47.5,10.));
#8251 = VECTOR('',#8252,1.);
#8252 = DIRECTION('',(0.,1.,0.));
#8253 = PCURVE('',#72,#8254);
#8254 = DEFINITIONAL_REPRESENTATION('',(#8255),#8258);
#8255 = B_SPLINE_CURVE_WITH_KNOTS('',1,(#8256,#8257),.UNSPECIFIED.,.F.,
  .F.,(2,2),(69.5,85.5),.PIECEWISE_BEZIER_KNOTS.);
#8256 = CARTESIAN_POINT('',(125.,155.));
#8257 = CARTESIAN_POINT('',(125.,171.));
#8258 = ( GEOMETRIC_REPRESENTATION_CONTEXT(2) 
PARAMETRIC_REPRESENTATION_CONTEXT() REPRESENTATION_CONTEXT('2D SPACE',''
  ) );
#8259 = PCURVE('',#3620,#8260);
#8260 = DEFINITIONAL_REPRESENTATION('',(#8261),#8264);
#8261 = B_SPLINE_CURVE_WITH_KNOTS('',1,(#8262,#8263),.UNSPECIFIED.,.F.,
  .F.,(2,2),(69.5,85.5),.PIECEWISE_BEZIER_KNOTS.);
#8262 = CARTESIAN_POINT('',(16.,-1.));
#8263 = CARTESIAN_POINT('',(0.,-1.));
#8264 = ( GEOMETRIC_REPRESENTATION_CONTEXT(2) 
PARAMETRIC_REPRESENTATION_CONTEXT() REPRESENTATION_CONTEXT('2D SPACE',''
  ) );
#8265 = ORIENTED_EDGE('',*,*,#8266,.T.);
#8266 = EDGE_CURVE('',#8246,#8202,#8267,.T.);
#8267 = SURFACE_CURVE('',#8268,(#8272,#8278),.PCURVE_S1.);
#8268 = LINE('',#8269,#8270);
#8269 = CARTESIAN_POINT('',(-126.5,38.,10.));
#8270 = VECTOR('',#8271,1.);
#8271 = DIRECTION('',(1.,0.,0.));
#8272 = PCURVE('',#72,#8273);
#8273 = DEFINITIONAL_REPRESENTATION('',(#8274),#8277);
#8274 = B_SPLINE_CURVE_WITH_KNOTS('',1,(#8275,#8276),.UNSPECIFIED.,.F.,
  .F.,(2,2),(54.5,70.5),.PIECEWISE_BEZIER_KNOTS.);
#8275 = CARTESIAN_POINT('',(125.,171.));
#8276 = CARTESIAN_POINT('',(141.,171.));
#8277 = ( GEOMETRIC_REPRESENTATION_CONTEXT(2) 
PARAMETRIC_REPRESENTATION_CONTEXT() REPRESENTATION_CONTEXT('2D SPACE',''
  ) );
#8278 = PCURVE('',#3644,#8279);
#8279 = DEFINITIONAL_REPRESENTATION('',(#8280),#8283);
#8280 = B_SPLINE_CURVE_WITH_KNOTS('',1,(#8281,#8282),.UNSPECIFIED.,.F.,
  .F.,(2,2),(54.5,70.5),.PIECEWISE_BEZIER_KNOTS.);
#8281 = CARTESIAN_POINT('',(16.,-1.));
#8282 = CARTESIAN_POINT('',(0.,-1.));
#8283 = ( GEOMETRIC_REPRESENTATION_CONTEXT(2) 
PARAMETRIC_REPRESENTATION_CONTEXT() REPRESENTATION_CONTEXT('2D SPACE',''
  ) );
#8284 = FACE_BOUND('',#8285,.F.);
#8285 = EDGE_LOOP('',(#8286,#8309,#8330,#8351));
#8286 = ORIENTED_EDGE('',*,*,#8287,.T.);
#8287 = EDGE_CURVE('',#8288,#8290,#8292,.T.);
#8288 = VERTEX_POINT('',#8289);
#8289 = CARTESIAN_POINT('',(-146.,68.,10.));
#8290 = VERTEX_POINT('',#8291);
#8291 = CARTESIAN_POINT('',(-146.,52.,10.));
#8292 = SURFACE_CURVE('',#8293,(#8297,#8303),.PCURVE_S1.);
#8293 = LINE('',#8294,#8295);
#8294 = CARTESIAN_POINT('',(-146.,-40.5,10.));
#8295 = VECTOR('',#8296,1.);
#8296 = DIRECTION('',(0.,-1.,0.));
#8297 = PCURVE('',#72,#8298);
#8298 = DEFINITIONAL_REPRESENTATION('',(#8299),#8302);
#8299 = B_SPLINE_CURVE_WITH_KNOTS('',1,(#8300,#8301),.UNSPECIFIED.,.F.,
  .F.,(2,2),(-108.5,-92.5),.PIECEWISE_BEZIER_KNOTS.);
#8300 = CARTESIAN_POINT('',(51.,201.));
#8301 = CARTESIAN_POINT('',(51.,185.));
#8302 = ( GEOMETRIC_REPRESENTATION_CONTEXT(2) 
PARAMETRIC_REPRESENTATION_CONTEXT() REPRESENTATION_CONTEXT('2D SPACE',''
  ) );
#8303 = PCURVE('',#3674,#8304);
#8304 = DEFINITIONAL_REPRESENTATION('',(#8305),#8308);
#8305 = B_SPLINE_CURVE_WITH_KNOTS('',1,(#8306,#8307),.UNSPECIFIED.,.F.,
  .F.,(2,2),(-108.5,-92.5),.PIECEWISE_BEZIER_KNOTS.);
#8306 = CARTESIAN_POINT('',(16.,-1.));
#8307 = CARTESIAN_POINT('',(0.,-1.));
#8308 = ( GEOMETRIC_REPRESENTATION_CONTEXT(2) 
PARAMETRIC_REPRESENTATION_CONTEXT() REPRESENTATION_CONTEXT('2D SPACE',''
  ) );
#8309 = ORIENTED_EDGE('',*,*,#8310,.T.);
#8310 = EDGE_CURVE('',#8290,#8311,#8313,.T.);
#8311 = VERTEX_POINT('',#8312);
#8312 = CARTESIAN_POINT('',(-162.,52.,10.));
#8313 = SURFACE_CURVE('',#8314,(#8318,#8324),.PCURVE_S1.);
#8314 = LINE('',#8315,#8316);
#8315 = CARTESIAN_POINT('',(-179.5,52.,10.));
#8316 = VECTOR('',#8317,1.);
#8317 = DIRECTION('',(-1.,0.,0.));
#8318 = PCURVE('',#72,#8319);
#8319 = DEFINITIONAL_REPRESENTATION('',(#8320),#8323);
#8320 = B_SPLINE_CURVE_WITH_KNOTS('',1,(#8321,#8322),.UNSPECIFIED.,.F.,
  .F.,(2,2),(-33.5,-17.5),.PIECEWISE_BEZIER_KNOTS.);
#8321 = CARTESIAN_POINT('',(51.,185.));
#8322 = CARTESIAN_POINT('',(35.,185.));
#8323 = ( GEOMETRIC_REPRESENTATION_CONTEXT(2) 
PARAMETRIC_REPRESENTATION_CONTEXT() REPRESENTATION_CONTEXT('2D SPACE',''
  ) );
#8324 = PCURVE('',#3700,#8325);
#8325 = DEFINITIONAL_REPRESENTATION('',(#8326),#8329);
#8326 = B_SPLINE_CURVE_WITH_KNOTS('',1,(#8327,#8328),.UNSPECIFIED.,.F.,
  .F.,(2,2),(-33.5,-17.5),.PIECEWISE_BEZIER_KNOTS.);
#8327 = CARTESIAN_POINT('',(16.,-1.));
#8328 = CARTESIAN_POINT('',(0.,-1.));
#8329 = ( GEOMETRIC_REPRESENTATION_CONTEXT(2) 
PARAMETRIC_REPRESENTATION_CONTEXT() REPRESENTATION_CONTEXT('2D SPACE',''
  ) );
#8330 = ORIENTED_EDGE('',*,*,#8331,.T.);
#8331 = EDGE_CURVE('',#8311,#8332,#8334,.T.);
#8332 = VERTEX_POINT('',#8333);
#8333 = CARTESIAN_POINT('',(-162.,68.,10.));
#8334 = SURFACE_CURVE('',#8335,(#8339,#8345),.PCURVE_S1.);
#8335 = LINE('',#8336,#8337);
#8336 = CARTESIAN_POINT('',(-162.,-32.5,10.));
#8337 = VECTOR('',#8338,1.);
#8338 = DIRECTION('',(0.,1.,0.));
#8339 = PCURVE('',#72,#8340);
#8340 = DEFINITIONAL_REPRESENTATION('',(#8341),#8344);
#8341 = B_SPLINE_CURVE_WITH_KNOTS('',1,(#8342,#8343),.UNSPECIFIED.,.F.,
  .F.,(2,2),(84.5,100.5),.PIECEWISE_BEZIER_KNOTS.);
#8342 = CARTESIAN_POINT('',(35.,185.));
#8343 = CARTESIAN_POINT('',(35.,201.));
#8344 = ( GEOMETRIC_REPRESENTATION_CONTEXT(2) 
PARAMETRIC_REPRESENTATION_CONTEXT() REPRESENTATION_CONTEXT('2D SPACE',''
  ) );
#8345 = PCURVE('',#3726,#8346);
#8346 = DEFINITIONAL_REPRESENTATION('',(#8347),#8350);
#8347 = B_SPLINE_CURVE_WITH_KNOTS('',1,(#8348,#8349),.UNSPECIFIED.,.F.,
  .F.,(2,2),(84.5,100.5),.PIECEWISE_BEZIER_KNOTS.);
#8348 = CARTESIAN_POINT('',(16.,-1.));
#8349 = CARTESIAN_POINT('',(0.,-1.));
#8350 = ( GEOMETRIC_REPRESENTATION_CONTEXT(2) 
PARAMETRIC_REPRESENTATION_CONTEXT() REPRESENTATION_CONTEXT('2D SPACE',''
  ) );
#8351 = ORIENTED_EDGE('',*,*,#8352,.T.);
#8352 = EDGE_CURVE('',#8332,#8288,#8353,.T.);
#8353 = SURFACE_CURVE('',#8354,(#8358,#8364),.PCURVE_S1.);
#8354 = LINE('',#8355,#8356);
#8355 = CARTESIAN_POINT('',(-171.5,68.,10.));
#8356 = VECTOR('',#8357,1.);
#8357 = DIRECTION('',(1.,0.,0.));
#8358 = PCURVE('',#72,#8359);
#8359 = DEFINITIONAL_REPRESENTATION('',(#8360),#8363);
#8360 = B_SPLINE_CURVE_WITH_KNOTS('',1,(#8361,#8362),.UNSPECIFIED.,.F.,
  .F.,(2,2),(9.5,25.5),.PIECEWISE_BEZIER_KNOTS.);
#8361 = CARTESIAN_POINT('',(35.,201.));
#8362 = CARTESIAN_POINT('',(51.,201.));
#8363 = ( GEOMETRIC_REPRESENTATION_CONTEXT(2) 
PARAMETRIC_REPRESENTATION_CONTEXT() REPRESENTATION_CONTEXT('2D SPACE',''
  ) );
#8364 = PCURVE('',#3750,#8365);
#8365 = DEFINITIONAL_REPRESENTATION('',(#8366),#8369);
#8366 = B_SPLINE_CURVE_WITH_KNOTS('',1,(#8367,#8368),.UNSPECIFIED.,.F.,
  .F.,(2,2),(9.5,25.5),.PIECEWISE_BEZIER_KNOTS.);
#8367 = CARTESIAN_POINT('',(16.,-1.));
#8368 = CARTESIAN_POINT('',(0.,-1.));
#8369 = ( GEOMETRIC_REPRESENTATION_CONTEXT(2) 
PARAMETRIC_REPRESENTATION_CONTEXT() REPRESENTATION_CONTEXT('2D SPACE',''
  ) );
#8370 = FACE_BOUND('',#8371,.F.);
#8371 = EDGE_LOOP('',(#8372,#8395,#8416,#8437));
#8372 = ORIENTED_EDGE('',*,*,#8373,.T.);
#8373 = EDGE_CURVE('',#8374,#8376,#8378,.T.);
#8374 = VERTEX_POINT('',#8375);
#8375 = CARTESIAN_POINT('',(-116.,68.,10.));
#8376 = VERTEX_POINT('',#8377);
#8377 = CARTESIAN_POINT('',(-116.,52.,10.));
#8378 = SURFACE_CURVE('',#8379,(#8383,#8389),.PCURVE_S1.);
#8379 = LINE('',#8380,#8381);
#8380 = CARTESIAN_POINT('',(-116.,-40.5,10.));
#8381 = VECTOR('',#8382,1.);
#8382 = DIRECTION('',(0.,-1.,0.));
#8383 = PCURVE('',#72,#8384);
#8384 = DEFINITIONAL_REPRESENTATION('',(#8385),#8388);
#8385 = B_SPLINE_CURVE_WITH_KNOTS('',1,(#8386,#8387),.UNSPECIFIED.,.F.,
  .F.,(2,2),(-108.5,-92.5),.PIECEWISE_BEZIER_KNOTS.);
#8386 = CARTESIAN_POINT('',(81.,201.));
#8387 = CARTESIAN_POINT('',(81.,185.));
#8388 = ( GEOMETRIC_REPRESENTATION_CONTEXT(2) 
PARAMETRIC_REPRESENTATION_CONTEXT() REPRESENTATION_CONTEXT('2D SPACE',''
  ) );
#8389 = PCURVE('',#3780,#8390);
#8390 = DEFINITIONAL_REPRESENTATION('',(#8391),#8394);
#8391 = B_SPLINE_CURVE_WITH_KNOTS('',1,(#8392,#8393),.UNSPECIFIED.,.F.,
  .F.,(2,2),(-108.5,-92.5),.PIECEWISE_BEZIER_KNOTS.);
#8392 = CARTESIAN_POINT('',(16.,-1.));
#8393 = CARTESIAN_POINT('',(0.,-1.));
#8394 = ( GEOMETRIC_REPRESENTATION_CONTEXT(2) 
PARAMETRIC_REPRESENTATION_CONTEXT() REPRESENTATION_CONTEXT('2D SPACE',''
  ) );
#8395 = ORIENTED_EDGE('',*,*,#8396,.T.);
#8396 = EDGE_CURVE('',#8376,#8397,#8399,.T.);
#8397 = VERTEX_POINT('',#8398);
#8398 = CARTESIAN_POINT('',(-132.,52.,10.));
#8399 = SURFACE_CURVE('',#8400,(#8404,#8410),.PCURVE_S1.);
#8400 = LINE('',#8401,#8402);
#8401 = CARTESIAN_POINT('',(-164.5,52.,10.));
#8402 = VECTOR('',#8403,1.);
#8403 = DIRECTION('',(-1.,0.,0.));
#8404 = PCURVE('',#72,#8405);
#8405 = DEFINITIONAL_REPRESENTATION('',(#8406),#8409);
#8406 = B_SPLINE_CURVE_WITH_KNOTS('',1,(#8407,#8408),.UNSPECIFIED.,.F.,
  .F.,(2,2),(-48.5,-32.5),.PIECEWISE_BEZIER_KNOTS.);
#8407 = CARTESIAN_POINT('',(81.,185.));
#8408 = CARTESIAN_POINT('',(65.,185.));
#8409 = ( GEOMETRIC_REPRESENTATION_CONTEXT(2) 
PARAMETRIC_REPRESENTATION_CONTEXT() REPRESENTATION_CONTEXT('2D SPACE',''
  ) );
#8410 = PCURVE('',#3806,#8411);
#8411 = DEFINITIONAL_REPRESENTATION('',(#8412),#8415);
#8412 = B_SPLINE_CURVE_WITH_KNOTS('',1,(#8413,#8414),.UNSPECIFIED.,.F.,
  .F.,(2,2),(-48.5,-32.5),.PIECEWISE_BEZIER_KNOTS.);
#8413 = CARTESIAN_POINT('',(16.,-1.));
#8414 = CARTESIAN_POINT('',(0.,-1.));
#8415 = ( GEOMETRIC_REPRESENTATION_CONTEXT(2) 
PARAMETRIC_REPRESENTATION_CONTEXT() REPRESENTATION_CONTEXT('2D SPACE',''
  ) );
#8416 = ORIENTED_EDGE('',*,*,#8417,.T.);
#8417 = EDGE_CURVE('',#8397,#8418,#8420,.T.);
#8418 = VERTEX_POINT('',#8419);
#8419 = CARTESIAN_POINT('',(-132.,68.,10.));
#8420 = SURFACE_CURVE('',#8421,(#8425,#8431),.PCURVE_S1.);
#8421 = LINE('',#8422,#8423);
#8422 = CARTESIAN_POINT('',(-132.,-32.5,10.));
#8423 = VECTOR('',#8424,1.);
#8424 = DIRECTION('',(0.,1.,0.));
#8425 = PCURVE('',#72,#8426);
#8426 = DEFINITIONAL_REPRESENTATION('',(#8427),#8430);
#8427 = B_SPLINE_CURVE_WITH_KNOTS('',1,(#8428,#8429),.UNSPECIFIED.,.F.,
  .F.,(2,2),(84.5,100.5),.PIECEWISE_BEZIER_KNOTS.);
#8428 = CARTESIAN_POINT('',(65.,185.));
#8429 = CARTESIAN_POINT('',(65.,201.));
#8430 = ( GEOMETRIC_REPRESENTATION_CONTEXT(2) 
PARAMETRIC_REPRESENTATION_CONTEXT() REPRESENTATION_CONTEXT('2D SPACE',''
  ) );
#8431 = PCURVE('',#3832,#8432);
#8432 = DEFINITIONAL_REPRESENTATION('',(#8433),#8436);
#8433 = B_SPLINE_CURVE_WITH_KNOTS('',1,(#8434,#8435),.UNSPECIFIED.,.F.,
  .F.,(2,2),(84.5,100.5),.PIECEWISE_BEZIER_KNOTS.);
#8434 = CARTESIAN_POINT('',(16.,-1.));
#8435 = CARTESIAN_POINT('',(0.,-1.));
#8436 = ( GEOMETRIC_REPRESENTATION_CONTEXT(2) 
PARAMETRIC_REPRESENTATION_CONTEXT() REPRESENTATION_CONTEXT('2D SPACE',''
  ) );
#8437 = ORIENTED_EDGE('',*,*,#8438,.T.);
#8438 = EDGE_CURVE('',#8418,#8374,#8439,.T.);
#8439 = SURFACE_CURVE('',#8440,(#8444,#8450),.PCURVE_S1.);
#8440 = LINE('',#8441,#8442);
#8441 = CARTESIAN_POINT('',(-156.5,68.,10.));
#8442 = VECTOR('',#8443,1.);
#8443 = DIRECTION('',(1.,0.,0.));
#8444 = PCURVE('',#72,#8445);
#8445 = DEFINITIONAL_REPRESENTATION('',(#8446),#8449);
#8446 = B_SPLINE_CURVE_WITH_KNOTS('',1,(#8447,#8448),.UNSPECIFIED.,.F.,
  .F.,(2,2),(24.5,40.5),.PIECEWISE_BEZIER_KNOTS.);
#8447 = CARTESIAN_POINT('',(65.,201.));
#8448 = CARTESIAN_POINT('',(81.,201.));
#8449 = ( GEOMETRIC_REPRESENTATION_CONTEXT(2) 
PARAMETRIC_REPRESENTATION_CONTEXT() REPRESENTATION_CONTEXT('2D SPACE',''
  ) );
#8450 = PCURVE('',#3856,#8451);
#8451 = DEFINITIONAL_REPRESENTATION('',(#8452),#8455);
#8452 = B_SPLINE_CURVE_WITH_KNOTS('',1,(#8453,#8454),.UNSPECIFIED.,.F.,
  .F.,(2,2),(24.5,40.5),.PIECEWISE_BEZIER_KNOTS.);
#8453 = CARTESIAN_POINT('',(16.,-1.));
#8454 = CARTESIAN_POINT('',(0.,-1.));
#8455 = ( GEOMETRIC_REPRESENTATION_CONTEXT(2) 
PARAMETRIC_REPRESENTATION_CONTEXT() REPRESENTATION_CONTEXT('2D SPACE',''
  ) );
#8456 = FACE_BOUND('',#8457,.F.);
#8457 = EDGE_LOOP('',(#8458,#8481,#8502,#8523));
#8458 = ORIENTED_EDGE('',*,*,#8459,.T.);
#8459 = EDGE_CURVE('',#8460,#8462,#8464,.T.);
#8460 = VERTEX_POINT('',#8461);
#8461 = CARTESIAN_POINT('',(-146.,98.,10.));
#8462 = VERTEX_POINT('',#8463);
#8463 = CARTESIAN_POINT('',(-146.,82.,10.));
#8464 = SURFACE_CURVE('',#8465,(#8469,#8475),.PCURVE_S1.);
#8465 = LINE('',#8466,#8467);
#8466 = CARTESIAN_POINT('',(-146.,-25.5,10.));
#8467 = VECTOR('',#8468,1.);
#8468 = DIRECTION('',(0.,-1.,0.));
#8469 = PCURVE('',#72,#8470);
#8470 = DEFINITIONAL_REPRESENTATION('',(#8471),#8474);
#8471 = B_SPLINE_CURVE_WITH_KNOTS('',1,(#8472,#8473),.UNSPECIFIED.,.F.,
  .F.,(2,2),(-123.5,-107.5),.PIECEWISE_BEZIER_KNOTS.);
#8472 = CARTESIAN_POINT('',(51.,231.));
#8473 = CARTESIAN_POINT('',(51.,215.));
#8474 = ( GEOMETRIC_REPRESENTATION_CONTEXT(2) 
PARAMETRIC_REPRESENTATION_CONTEXT() REPRESENTATION_CONTEXT('2D SPACE',''
  ) );
#8475 = PCURVE('',#3886,#8476);
#8476 = DEFINITIONAL_REPRESENTATION('',(#8477),#8480);
#8477 = B_SPLINE_CURVE_WITH_KNOTS('',1,(#8478,#8479),.UNSPECIFIED.,.F.,
  .F.,(2,2),(-123.5,-107.5),.PIECEWISE_BEZIER_KNOTS.);
#8478 = CARTESIAN_POINT('',(16.,-1.));
#8479 = CARTESIAN_POINT('',(0.,-1.));
#8480 = ( GEOMETRIC_REPRESENTATION_CONTEXT(2) 
PARAMETRIC_REPRESENTATION_CONTEXT() REPRESENTATION_CONTEXT('2D SPACE',''
  ) );
#8481 = ORIENTED_EDGE('',*,*,#8482,.T.);
#8482 = EDGE_CURVE('',#8462,#8483,#8485,.T.);
#8483 = VERTEX_POINT('',#8484);
#8484 = CARTESIAN_POINT('',(-162.,82.,10.));
#8485 = SURFACE_CURVE('',#8486,(#8490,#8496),.PCURVE_S1.);
#8486 = LINE('',#8487,#8488);
#8487 = CARTESIAN_POINT('',(-179.5,82.,10.));
#8488 = VECTOR('',#8489,1.);
#8489 = DIRECTION('',(-1.,0.,0.));
#8490 = PCURVE('',#72,#8491);
#8491 = DEFINITIONAL_REPRESENTATION('',(#8492),#8495);
#8492 = B_SPLINE_CURVE_WITH_KNOTS('',1,(#8493,#8494),.UNSPECIFIED.,.F.,
  .F.,(2,2),(-33.5,-17.5),.PIECEWISE_BEZIER_KNOTS.);
#8493 = CARTESIAN_POINT('',(51.,215.));
#8494 = CARTESIAN_POINT('',(35.,215.));
#8495 = ( GEOMETRIC_REPRESENTATION_CONTEXT(2) 
PARAMETRIC_REPRESENTATION_CONTEXT() REPRESENTATION_CONTEXT('2D SPACE',''
  ) );
#8496 = PCURVE('',#3912,#8497);
#8497 = DEFINITIONAL_REPRESENTATION('',(#8498),#8501);
#8498 = B_SPLINE_CURVE_WITH_KNOTS('',1,(#8499,#8500),.UNSPECIFIED.,.F.,
  .F.,(2,2),(-33.5,-17.5),.PIECEWISE_BEZIER_KNOTS.);
#8499 = CARTESIAN_POINT('',(16.,-1.));
#8500 = CARTESIAN_POINT('',(0.,-1.));
#8501 = ( GEOMETRIC_REPRESENTATION_CONTEXT(2) 
PARAMETRIC_REPRESENTATION_CONTEXT() REPRESENTATION_CONTEXT('2D SPACE',''
  ) );
#8502 = ORIENTED_EDGE('',*,*,#8503,.T.);
#8503 = EDGE_CURVE('',#8483,#8504,#8506,.T.);
#8504 = VERTEX_POINT('',#8505);
#8505 = CARTESIAN_POINT('',(-162.,98.,10.));
#8506 = SURFACE_CURVE('',#8507,(#8511,#8517),.PCURVE_S1.);
#8507 = LINE('',#8508,#8509);
#8508 = CARTESIAN_POINT('',(-162.,-17.5,10.));
#8509 = VECTOR('',#8510,1.);
#8510 = DIRECTION('',(0.,1.,0.));
#8511 = PCURVE('',#72,#8512);
#8512 = DEFINITIONAL_REPRESENTATION('',(#8513),#8516);
#8513 = B_SPLINE_CURVE_WITH_KNOTS('',1,(#8514,#8515),.UNSPECIFIED.,.F.,
  .F.,(2,2),(99.5,115.5),.PIECEWISE_BEZIER_KNOTS.);
#8514 = CARTESIAN_POINT('',(35.,215.));
#8515 = CARTESIAN_POINT('',(35.,231.));
#8516 = ( GEOMETRIC_REPRESENTATION_CONTEXT(2) 
PARAMETRIC_REPRESENTATION_CONTEXT() REPRESENTATION_CONTEXT('2D SPACE',''
  ) );
#8517 = PCURVE('',#3938,#8518);
#8518 = DEFINITIONAL_REPRESENTATION('',(#8519),#8522);
#8519 = B_SPLINE_CURVE_WITH_KNOTS('',1,(#8520,#8521),.UNSPECIFIED.,.F.,
  .F.,(2,2),(99.5,115.5),.PIECEWISE_BEZIER_KNOTS.);
#8520 = CARTESIAN_POINT('',(16.,-1.));
#8521 = CARTESIAN_POINT('',(0.,-1.));
#8522 = ( GEOMETRIC_REPRESENTATION_CONTEXT(2) 
PARAMETRIC_REPRESENTATION_CONTEXT() REPRESENTATION_CONTEXT('2D SPACE',''
  ) );
#8523 = ORIENTED_EDGE('',*,*,#8524,.T.);
#8524 = EDGE_CURVE('',#8504,#8460,#8525,.T.);
#8525 = SURFACE_CURVE('',#8526,(#8530,#8536),.PCURVE_S1.);
#8526 = LINE('',#8527,#8528);
#8527 = CARTESIAN_POINT('',(-171.5,98.,10.));
#8528 = VECTOR('',#8529,1.);
#8529 = DIRECTION('',(1.,0.,0.));
#8530 = PCURVE('',#72,#8531);
#8531 = DEFINITIONAL_REPRESENTATION('',(#8532),#8535);
#8532 = B_SPLINE_CURVE_WITH_KNOTS('',1,(#8533,#8534),.UNSPECIFIED.,.F.,
  .F.,(2,2),(9.5,25.5),.PIECEWISE_BEZIER_KNOTS.);
#8533 = CARTESIAN_POINT('',(35.,231.));
#8534 = CARTESIAN_POINT('',(51.,231.));
#8535 = ( GEOMETRIC_REPRESENTATION_CONTEXT(2) 
PARAMETRIC_REPRESENTATION_CONTEXT() REPRESENTATION_CONTEXT('2D SPACE',''
  ) );
#8536 = PCURVE('',#3962,#8537);
#8537 = DEFINITIONAL_REPRESENTATION('',(#8538),#8541);
#8538 = B_SPLINE_CURVE_WITH_KNOTS('',1,(#8539,#8540),.UNSPECIFIED.,.F.,
  .F.,(2,2),(9.5,25.5),.PIECEWISE_BEZIER_KNOTS.);
#8539 = CARTESIAN_POINT('',(16.,-1.));
#8540 = CARTESIAN_POINT('',(0.,-1.));
#8541 = ( GEOMETRIC_REPRESENTATION_CONTEXT(2) 
PARAMETRIC_REPRESENTATION_CONTEXT() REPRESENTATION_CONTEXT('2D SPACE',''
  ) );
#8542 = FACE_BOUND('',#8543,.F.);
#8543 = EDGE_LOOP('',(#8544,#8567,#8588,#8609));
#8544 = ORIENTED_EDGE('',*,*,#8545,.T.);
#8545 = EDGE_CURVE('',#8546,#8548,#8550,.T.);
#8546 = VERTEX_POINT('',#8547);
#8547 = CARTESIAN_POINT('',(-116.,98.,10.));
#8548 = VERTEX_POINT('',#8549);
#8549 = CARTESIAN_POINT('',(-116.,82.,10.));
#8550 = SURFACE_CURVE('',#8551,(#8555,#8561),.PCURVE_S1.);
#8551 = LINE('',#8552,#8553);
#8552 = CARTESIAN_POINT('',(-116.,-25.5,10.));
#8553 = VECTOR('',#8554,1.);
#8554 = DIRECTION('',(0.,-1.,0.));
#8555 = PCURVE('',#72,#8556);
#8556 = DEFINITIONAL_REPRESENTATION('',(#8557),#8560);
#8557 = B_SPLINE_CURVE_WITH_KNOTS('',1,(#8558,#8559),.UNSPECIFIED.,.F.,
  .F.,(2,2),(-123.5,-107.5),.PIECEWISE_BEZIER_KNOTS.);
#8558 = CARTESIAN_POINT('',(81.,231.));
#8559 = CARTESIAN_POINT('',(81.,215.));
#8560 = ( GEOMETRIC_REPRESENTATION_CONTEXT(2) 
PARAMETRIC_REPRESENTATION_CONTEXT() REPRESENTATION_CONTEXT('2D SPACE',''
  ) );
#8561 = PCURVE('',#3992,#8562);
#8562 = DEFINITIONAL_REPRESENTATION('',(#8563),#8566);
#8563 = B_SPLINE_CURVE_WITH_KNOTS('',1,(#8564,#8565),.UNSPECIFIED.,.F.,
  .F.,(2,2),(-123.5,-107.5),.PIECEWISE_BEZIER_KNOTS.);
#8564 = CARTESIAN_POINT('',(16.,-1.));
#8565 = CARTESIAN_POINT('',(0.,-1.));
#8566 = ( GEOMETRIC_REPRESENTATION_CONTEXT(2) 
PARAMETRIC_REPRESENTATION_CONTEXT() REPRESENTATION_CONTEXT('2D SPACE',''
  ) );
#8567 = ORIENTED_EDGE('',*,*,#8568,.T.);
#8568 = EDGE_CURVE('',#8548,#8569,#8571,.T.);
#8569 = VERTEX_POINT('',#8570);
#8570 = CARTESIAN_POINT('',(-132.,82.,10.));
#8571 = SURFACE_CURVE('',#8572,(#8576,#8582),.PCURVE_S1.);
#8572 = LINE('',#8573,#8574);
#8573 = CARTESIAN_POINT('',(-164.5,82.,10.));
#8574 = VECTOR('',#8575,1.);
#8575 = DIRECTION('',(-1.,0.,0.));
#8576 = PCURVE('',#72,#8577);
#8577 = DEFINITIONAL_REPRESENTATION('',(#8578),#8581);
#8578 = B_SPLINE_CURVE_WITH_KNOTS('',1,(#8579,#8580),.UNSPECIFIED.,.F.,
  .F.,(2,2),(-48.5,-32.5),.PIECEWISE_BEZIER_KNOTS.);
#8579 = CARTESIAN_POINT('',(81.,215.));
#8580 = CARTESIAN_POINT('',(65.,215.));
#8581 = ( GEOMETRIC_REPRESENTATION_CONTEXT(2) 
PARAMETRIC_REPRESENTATION_CONTEXT() REPRESENTATION_CONTEXT('2D SPACE',''
  ) );
#8582 = PCURVE('',#4018,#8583);
#8583 = DEFINITIONAL_REPRESENTATION('',(#8584),#8587);
#8584 = B_SPLINE_CURVE_WITH_KNOTS('',1,(#8585,#8586),.UNSPECIFIED.,.F.,
  .F.,(2,2),(-48.5,-32.5),.PIECEWISE_BEZIER_KNOTS.);
#8585 = CARTESIAN_POINT('',(16.,-1.));
#8586 = CARTESIAN_POINT('',(0.,-1.));
#8587 = ( GEOMETRIC_REPRESENTATION_CONTEXT(2) 
PARAMETRIC_REPRESENTATION_CONTEXT() REPRESENTATION_CONTEXT('2D SPACE',''
  ) );
#8588 = ORIENTED_EDGE('',*,*,#8589,.T.);
#8589 = EDGE_CURVE('',#8569,#8590,#8592,.T.);
#8590 = VERTEX_POINT('',#8591);
#8591 = CARTESIAN_POINT('',(-132.,98.,10.));
#8592 = SURFACE_CURVE('',#8593,(#8597,#8603),.PCURVE_S1.);
#8593 = LINE('',#8594,#8595);
#8594 = CARTESIAN_POINT('',(-132.,-17.5,10.));
#8595 = VECTOR('',#8596,1.);
#8596 = DIRECTION('',(0.,1.,0.));
#8597 = PCURVE('',#72,#8598);
#8598 = DEFINITIONAL_REPRESENTATION('',(#8599),#8602);
#8599 = B_SPLINE_CURVE_WITH_KNOTS('',1,(#8600,#8601),.UNSPECIFIED.,.F.,
  .F.,(2,2),(99.5,115.5),.PIECEWISE_BEZIER_KNOTS.);
#8600 = CARTESIAN_POINT('',(65.,215.));
#8601 = CARTESIAN_POINT('',(65.,231.));
#8602 = ( GEOMETRIC_REPRESENTATION_CONTEXT(2) 
PARAMETRIC_REPRESENTATION_CONTEXT() REPRESENTATION_CONTEXT('2D SPACE',''
  ) );
#8603 = PCURVE('',#4044,#8604);
#8604 = DEFINITIONAL_REPRESENTATION('',(#8605),#8608);
#8605 = B_SPLINE_CURVE_WITH_KNOTS('',1,(#8606,#8607),.UNSPECIFIED.,.F.,
  .F.,(2,2),(99.5,115.5),.PIECEWISE_BEZIER_KNOTS.);
#8606 = CARTESIAN_POINT('',(16.,-1.));
#8607 = CARTESIAN_POINT('',(0.,-1.));
#8608 = ( GEOMETRIC_REPRESENTATION_CONTEXT(2) 
PARAMETRIC_REPRESENTATION_CONTEXT() REPRESENTATION_CONTEXT('2D SPACE',''
  ) );
#8609 = ORIENTED_EDGE('',*,*,#8610,.T.);
#8610 = EDGE_CURVE('',#8590,#8546,#8611,.T.);
#8611 = SURFACE_CURVE('',#8612,(#8616,#8622),.PCURVE_S1.);
#8612 = LINE('',#8613,#8614);
#8613 = CARTESIAN_POINT('',(-156.5,98.,10.));
#8614 = VECTOR('',#8615,1.);
#8615 = DIRECTION('',(1.,0.,0.));
#8616 = PCURVE('',#72,#8617);
#8617 = DEFINITIONAL_REPRESENTATION('',(#8618),#8621);
#8618 = B_SPLINE_CURVE_WITH_KNOTS('',1,(#8619,#8620),.UNSPECIFIED.,.F.,
  .F.,(2,2),(24.5,40.5),.PIECEWISE_BEZIER_KNOTS.);
#8619 = CARTESIAN_POINT('',(65.,231.));
#8620 = CARTESIAN_POINT('',(81.,231.));
#8621 = ( GEOMETRIC_REPRESENTATION_CONTEXT(2) 
PARAMETRIC_REPRESENTATION_CONTEXT() REPRESENTATION_CONTEXT('2D SPACE',''
  ) );
#8622 = PCURVE('',#4068,#8623);
#8623 = DEFINITIONAL_REPRESENTATION('',(#8624),#8627);
#8624 = B_SPLINE_CURVE_WITH_KNOTS('',1,(#8625,#8626),.UNSPECIFIED.,.F.,
  .F.,(2,2),(24.5,40.5),.PIECEWISE_BEZIER_KNOTS.);
#8625 = CARTESIAN_POINT('',(16.,-1.));
#8626 = CARTESIAN_POINT('',(0.,-1.));
#8627 = ( GEOMETRIC_REPRESENTATION_CONTEXT(2) 
PARAMETRIC_REPRESENTATION_CONTEXT() REPRESENTATION_CONTEXT('2D SPACE',''
  ) );
#8628 = FACE_BOUND('',#8629,.F.);
#8629 = EDGE_LOOP('',(#8630,#8653,#8674,#8695));
#8630 = ORIENTED_EDGE('',*,*,#8631,.T.);
#8631 = EDGE_CURVE('',#8632,#8634,#8636,.T.);
#8632 = VERTEX_POINT('',#8633);
#8633 = CARTESIAN_POINT('',(-86.,68.,10.));
#8634 = VERTEX_POINT('',#8635);
#8635 = CARTESIAN_POINT('',(-86.,52.,10.));
#8636 = SURFACE_CURVE('',#8637,(#8641,#8647),.PCURVE_S1.);
#8637 = LINE('',#8638,#8639);
#8638 = CARTESIAN_POINT('',(-86.,-40.5,10.));
#8639 = VECTOR('',#8640,1.);
#8640 = DIRECTION('',(0.,-1.,0.));
#8641 = PCURVE('',#72,#8642);
#8642 = DEFINITIONAL_REPRESENTATION('',(#8643),#8646);
#8643 = B_SPLINE_CURVE_WITH_KNOTS('',1,(#8644,#8645),.UNSPECIFIED.,.F.,
  .F.,(2,2),(-108.5,-92.5),.PIECEWISE_BEZIER_KNOTS.);
#8644 = CARTESIAN_POINT('',(111.,201.));
#8645 = CARTESIAN_POINT('',(111.,185.));
#8646 = ( GEOMETRIC_REPRESENTATION_CONTEXT(2) 
PARAMETRIC_REPRESENTATION_CONTEXT() REPRESENTATION_CONTEXT('2D SPACE',''
  ) );
#8647 = PCURVE('',#4098,#8648);
#8648 = DEFINITIONAL_REPRESENTATION('',(#8649),#8652);
#8649 = B_SPLINE_CURVE_WITH_KNOTS('',1,(#8650,#8651),.UNSPECIFIED.,.F.,
  .F.,(2,2),(-108.5,-92.5),.PIECEWISE_BEZIER_KNOTS.);
#8650 = CARTESIAN_POINT('',(16.,-1.));
#8651 = CARTESIAN_POINT('',(0.,-1.));
#8652 = ( GEOMETRIC_REPRESENTATION_CONTEXT(2) 
PARAMETRIC_REPRESENTATION_CONTEXT() REPRESENTATION_CONTEXT('2D SPACE',''
  ) );
#8653 = ORIENTED_EDGE('',*,*,#8654,.T.);
#8654 = EDGE_CURVE('',#8634,#8655,#8657,.T.);
#8655 = VERTEX_POINT('',#8656);
#8656 = CARTESIAN_POINT('',(-102.,52.,10.));
#8657 = SURFACE_CURVE('',#8658,(#8662,#8668),.PCURVE_S1.);
#8658 = LINE('',#8659,#8660);
#8659 = CARTESIAN_POINT('',(-149.5,52.,10.));
#8660 = VECTOR('',#8661,1.);
#8661 = DIRECTION('',(-1.,0.,0.));
#8662 = PCURVE('',#72,#8663);
#8663 = DEFINITIONAL_REPRESENTATION('',(#8664),#8667);
#8664 = B_SPLINE_CURVE_WITH_KNOTS('',1,(#8665,#8666),.UNSPECIFIED.,.F.,
  .F.,(2,2),(-63.5,-47.5),.PIECEWISE_BEZIER_KNOTS.);
#8665 = CARTESIAN_POINT('',(111.,185.));
#8666 = CARTESIAN_POINT('',(95.,185.));
#8667 = ( GEOMETRIC_REPRESENTATION_CONTEXT(2) 
PARAMETRIC_REPRESENTATION_CONTEXT() REPRESENTATION_CONTEXT('2D SPACE',''
  ) );
#8668 = PCURVE('',#4124,#8669);
#8669 = DEFINITIONAL_REPRESENTATION('',(#8670),#8673);
#8670 = B_SPLINE_CURVE_WITH_KNOTS('',1,(#8671,#8672),.UNSPECIFIED.,.F.,
  .F.,(2,2),(-63.5,-47.5),.PIECEWISE_BEZIER_KNOTS.);
#8671 = CARTESIAN_POINT('',(16.,-1.));
#8672 = CARTESIAN_POINT('',(0.,-1.));
#8673 = ( GEOMETRIC_REPRESENTATION_CONTEXT(2) 
PARAMETRIC_REPRESENTATION_CONTEXT() REPRESENTATION_CONTEXT('2D SPACE',''
  ) );
#8674 = ORIENTED_EDGE('',*,*,#8675,.T.);
#8675 = EDGE_CURVE('',#8655,#8676,#8678,.T.);
#8676 = VERTEX_POINT('',#8677);
#8677 = CARTESIAN_POINT('',(-102.,68.,10.));
#8678 = SURFACE_CURVE('',#8679,(#8683,#8689),.PCURVE_S1.);
#8679 = LINE('',#8680,#8681);
#8680 = CARTESIAN_POINT('',(-102.,-32.5,10.));
#8681 = VECTOR('',#8682,1.);
#8682 = DIRECTION('',(0.,1.,0.));
#8683 = PCURVE('',#72,#8684);
#8684 = DEFINITIONAL_REPRESENTATION('',(#8685),#8688);
#8685 = B_SPLINE_CURVE_WITH_KNOTS('',1,(#8686,#8687),.UNSPECIFIED.,.F.,
  .F.,(2,2),(84.5,100.5),.PIECEWISE_BEZIER_KNOTS.);
#8686 = CARTESIAN_POINT('',(95.,185.));
#8687 = CARTESIAN_POINT('',(95.,201.));
#8688 = ( GEOMETRIC_REPRESENTATION_CONTEXT(2) 
PARAMETRIC_REPRESENTATION_CONTEXT() REPRESENTATION_CONTEXT('2D SPACE',''
  ) );
#8689 = PCURVE('',#4150,#8690);
#8690 = DEFINITIONAL_REPRESENTATION('',(#8691),#8694);
#8691 = B_SPLINE_CURVE_WITH_KNOTS('',1,(#8692,#8693),.UNSPECIFIED.,.F.,
  .F.,(2,2),(84.5,100.5),.PIECEWISE_BEZIER_KNOTS.);
#8692 = CARTESIAN_POINT('',(16.,-1.));
#8693 = CARTESIAN_POINT('',(0.,-1.));
#8694 = ( GEOMETRIC_REPRESENTATION_CONTEXT(2) 
PARAMETRIC_REPRESENTATION_CONTEXT() REPRESENTATION_CONTEXT('2D SPACE',''
  ) );
#8695 = ORIENTED_EDGE('',*,*,#8696,.T.);
#8696 = EDGE_CURVE('',#8676,#8632,#8697,.T.);
#8697 = SURFACE_CURVE('',#8698,(#8702,#8708),.PCURVE_S1.);
#8698 = LINE('',#8699,#8700);
#8699 = CARTESIAN_POINT('',(-141.5,68.,10.));
#8700 = VECTOR('',#8701,1.);
#8701 = DIRECTION('',(1.,0.,0.));
#8702 = PCURVE('',#72,#8703);
#8703 = DEFINITIONAL_REPRESENTATION('',(#8704),#8707);
#8704 = B_SPLINE_CURVE_WITH_KNOTS('',1,(#8705,#8706),.UNSPECIFIED.,.F.,
  .F.,(2,2),(39.5,55.5),.PIECEWISE_BEZIER_KNOTS.);
#8705 = CARTESIAN_POINT('',(95.,201.));
#8706 = CARTESIAN_POINT('',(111.,201.));
#8707 = ( GEOMETRIC_REPRESENTATION_CONTEXT(2) 
PARAMETRIC_REPRESENTATION_CONTEXT() REPRESENTATION_CONTEXT('2D SPACE',''
  ) );
#8708 = PCURVE('',#4174,#8709);
#8709 = DEFINITIONAL_REPRESENTATION('',(#8710),#8713);
#8710 = B_SPLINE_CURVE_WITH_KNOTS('',1,(#8711,#8712),.UNSPECIFIED.,.F.,
  .F.,(2,2),(39.5,55.5),.PIECEWISE_BEZIER_KNOTS.);
#8711 = CARTESIAN_POINT('',(16.,-1.));
#8712 = CARTESIAN_POINT('',(0.,-1.));
#8713 = ( GEOMETRIC_REPRESENTATION_CONTEXT(2) 
PARAMETRIC_REPRESENTATION_CONTEXT() REPRESENTATION_CONTEXT('2D SPACE',''
  ) );
#8714 = FACE_BOUND('',#8715,.F.);
#8715 = EDGE_LOOP('',(#8716,#8739,#8760,#8781));
#8716 = ORIENTED_EDGE('',*,*,#8717,.T.);
#8717 = EDGE_CURVE('',#8718,#8720,#8722,.T.);
#8718 = VERTEX_POINT('',#8719);
#8719 = CARTESIAN_POINT('',(-56.,68.,10.));
#8720 = VERTEX_POINT('',#8721);
#8721 = CARTESIAN_POINT('',(-56.,52.,10.));
#8722 = SURFACE_CURVE('',#8723,(#8727,#8733),.PCURVE_S1.);
#8723 = LINE('',#8724,#8725);
#8724 = CARTESIAN_POINT('',(-56.,-40.5,10.));
#8725 = VECTOR('',#8726,1.);
#8726 = DIRECTION('',(0.,-1.,0.));
#8727 = PCURVE('',#72,#8728);
#8728 = DEFINITIONAL_REPRESENTATION('',(#8729),#8732);
#8729 = B_SPLINE_CURVE_WITH_KNOTS('',1,(#8730,#8731),.UNSPECIFIED.,.F.,
  .F.,(2,2),(-108.5,-92.5),.PIECEWISE_BEZIER_KNOTS.);
#8730 = CARTESIAN_POINT('',(141.,201.));
#8731 = CARTESIAN_POINT('',(141.,185.));
#8732 = ( GEOMETRIC_REPRESENTATION_CONTEXT(2) 
PARAMETRIC_REPRESENTATION_CONTEXT() REPRESENTATION_CONTEXT('2D SPACE',''
  ) );
#8733 = PCURVE('',#4204,#8734);
#8734 = DEFINITIONAL_REPRESENTATION('',(#8735),#8738);
#8735 = B_SPLINE_CURVE_WITH_KNOTS('',1,(#8736,#8737),.UNSPECIFIED.,.F.,
  .F.,(2,2),(-108.5,-92.5),.PIECEWISE_BEZIER_KNOTS.);
#8736 = CARTESIAN_POINT('',(16.,-1.));
#8737 = CARTESIAN_POINT('',(0.,-1.));
#8738 = ( GEOMETRIC_REPRESENTATION_CONTEXT(2) 
PARAMETRIC_REPRESENTATION_CONTEXT() REPRESENTATION_CONTEXT('2D SPACE',''
  ) );
#8739 = ORIENTED_EDGE('',*,*,#8740,.T.);
#8740 = EDGE_CURVE('',#8720,#8741,#8743,.T.);
#8741 = VERTEX_POINT('',#8742);
#8742 = CARTESIAN_POINT('',(-72.,52.,10.));
#8743 = SURFACE_CURVE('',#8744,(#8748,#8754),.PCURVE_S1.);
#8744 = LINE('',#8745,#8746);
#8745 = CARTESIAN_POINT('',(-134.5,52.,10.));
#8746 = VECTOR('',#8747,1.);
#8747 = DIRECTION('',(-1.,0.,0.));
#8748 = PCURVE('',#72,#8749);
#8749 = DEFINITIONAL_REPRESENTATION('',(#8750),#8753);
#8750 = B_SPLINE_CURVE_WITH_KNOTS('',1,(#8751,#8752),.UNSPECIFIED.,.F.,
  .F.,(2,2),(-78.5,-62.5),.PIECEWISE_BEZIER_KNOTS.);
#8751 = CARTESIAN_POINT('',(141.,185.));
#8752 = CARTESIAN_POINT('',(125.,185.));
#8753 = ( GEOMETRIC_REPRESENTATION_CONTEXT(2) 
PARAMETRIC_REPRESENTATION_CONTEXT() REPRESENTATION_CONTEXT('2D SPACE',''
  ) );
#8754 = PCURVE('',#4230,#8755);
#8755 = DEFINITIONAL_REPRESENTATION('',(#8756),#8759);
#8756 = B_SPLINE_CURVE_WITH_KNOTS('',1,(#8757,#8758),.UNSPECIFIED.,.F.,
  .F.,(2,2),(-78.5,-62.5),.PIECEWISE_BEZIER_KNOTS.);
#8757 = CARTESIAN_POINT('',(16.,-1.));
#8758 = CARTESIAN_POINT('',(0.,-1.));
#8759 = ( GEOMETRIC_REPRESENTATION_CONTEXT(2) 
PARAMETRIC_REPRESENTATION_CONTEXT() REPRESENTATION_CONTEXT('2D SPACE',''
  ) );
#8760 = ORIENTED_EDGE('',*,*,#8761,.T.);
#8761 = EDGE_CURVE('',#8741,#8762,#8764,.T.);
#8762 = VERTEX_POINT('',#8763);
#8763 = CARTESIAN_POINT('',(-72.,68.,10.));
#8764 = SURFACE_CURVE('',#8765,(#8769,#8775),.PCURVE_S1.);
#8765 = LINE('',#8766,#8767);
#8766 = CARTESIAN_POINT('',(-72.,-32.5,10.));
#8767 = VECTOR('',#8768,1.);
#8768 = DIRECTION('',(0.,1.,0.));
#8769 = PCURVE('',#72,#8770);
#8770 = DEFINITIONAL_REPRESENTATION('',(#8771),#8774);
#8771 = B_SPLINE_CURVE_WITH_KNOTS('',1,(#8772,#8773),.UNSPECIFIED.,.F.,
  .F.,(2,2),(84.5,100.5),.PIECEWISE_BEZIER_KNOTS.);
#8772 = CARTESIAN_POINT('',(125.,185.));
#8773 = CARTESIAN_POINT('',(125.,201.));
#8774 = ( GEOMETRIC_REPRESENTATION_CONTEXT(2) 
PARAMETRIC_REPRESENTATION_CONTEXT() REPRESENTATION_CONTEXT('2D SPACE',''
  ) );
#8775 = PCURVE('',#4256,#8776);
#8776 = DEFINITIONAL_REPRESENTATION('',(#8777),#8780);
#8777 = B_SPLINE_CURVE_WITH_KNOTS('',1,(#8778,#8779),.UNSPECIFIED.,.F.,
  .F.,(2,2),(84.5,100.5),.PIECEWISE_BEZIER_KNOTS.);
#8778 = CARTESIAN_POINT('',(16.,-1.));
#8779 = CARTESIAN_POINT('',(0.,-1.));
#8780 = ( GEOMETRIC_REPRESENTATION_CONTEXT(2) 
PARAMETRIC_REPRESENTATION_CONTEXT() REPRESENTATION_CONTEXT('2D SPACE',''
  ) );
#8781 = ORIENTED_EDGE('',*,*,#8782,.T.);
#8782 = EDGE_CURVE('',#8762,#8718,#8783,.T.);
#8783 = SURFACE_CURVE('',#8784,(#8788,#8794),.PCURVE_S1.);
#8784 = LINE('',#8785,#8786);
#8785 = CARTESIAN_POINT('',(-126.5,68.,10.));
#8786 = VECTOR('',#8787,1.);
#8787 = DIRECTION('',(1.,0.,0.));
#8788 = PCURVE('',#72,#8789);
#8789 = DEFINITIONAL_REPRESENTATION('',(#8790),#8793);
#8790 = B_SPLINE_CURVE_WITH_KNOTS('',1,(#8791,#8792),.UNSPECIFIED.,.F.,
  .F.,(2,2),(54.5,70.5),.PIECEWISE_BEZIER_KNOTS.);
#8791 = CARTESIAN_POINT('',(125.,201.));
#8792 = CARTESIAN_POINT('',(141.,201.));
#8793 = ( GEOMETRIC_REPRESENTATION_CONTEXT(2) 
PARAMETRIC_REPRESENTATION_CONTEXT() REPRESENTATION_CONTEXT('2D SPACE',''
  ) );
#8794 = PCURVE('',#4280,#8795);
#8795 = DEFINITIONAL_REPRESENTATION('',(#8796),#8799);
#8796 = B_SPLINE_CURVE_WITH_KNOTS('',1,(#8797,#8798),.UNSPECIFIED.,.F.,
  .F.,(2,2),(54.5,70.5),.PIECEWISE_BEZIER_KNOTS.);
#8797 = CARTESIAN_POINT('',(16.,-1.));
#8798 = CARTESIAN_POINT('',(0.,-1.));
#8799 = ( GEOMETRIC_REPRESENTATION_CONTEXT(2) 
PARAMETRIC_REPRESENTATION_CONTEXT() REPRESENTATION_CONTEXT('2D SPACE',''
  ) );
#8800 = FACE_BOUND('',#8801,.F.);
#8801 = EDGE_LOOP('',(#8802,#8825,#8846,#8867));
#8802 = ORIENTED_EDGE('',*,*,#8803,.T.);
#8803 = EDGE_CURVE('',#8804,#8806,#8808,.T.);
#8804 = VERTEX_POINT('',#8805);
#8805 = CARTESIAN_POINT('',(-86.,98.,10.));
#8806 = VERTEX_POINT('',#8807);
#8807 = CARTESIAN_POINT('',(-86.,82.,10.));
#8808 = SURFACE_CURVE('',#8809,(#8813,#8819),.PCURVE_S1.);
#8809 = LINE('',#8810,#8811);
#8810 = CARTESIAN_POINT('',(-86.,-25.5,10.));
#8811 = VECTOR('',#8812,1.);
#8812 = DIRECTION('',(0.,-1.,0.));
#8813 = PCURVE('',#72,#8814);
#8814 = DEFINITIONAL_REPRESENTATION('',(#8815),#8818);
#8815 = B_SPLINE_CURVE_WITH_KNOTS('',1,(#8816,#8817),.UNSPECIFIED.,.F.,
  .F.,(2,2),(-123.5,-107.5),.PIECEWISE_BEZIER_KNOTS.);
#8816 = CARTESIAN_POINT('',(111.,231.));
#8817 = CARTESIAN_POINT('',(111.,215.));
#8818 = ( GEOMETRIC_REPRESENTATION_CONTEXT(2) 
PARAMETRIC_REPRESENTATION_CONTEXT() REPRESENTATION_CONTEXT('2D SPACE',''
  ) );
#8819 = PCURVE('',#4310,#8820);
#8820 = DEFINITIONAL_REPRESENTATION('',(#8821),#8824);
#8821 = B_SPLINE_CURVE_WITH_KNOTS('',1,(#8822,#8823),.UNSPECIFIED.,.F.,
  .F.,(2,2),(-123.5,-107.5),.PIECEWISE_BEZIER_KNOTS.);
#8822 = CARTESIAN_POINT('',(16.,-1.));
#8823 = CARTESIAN_POINT('',(0.,-1.));
#8824 = ( GEOMETRIC_REPRESENTATION_CONTEXT(2) 
PARAMETRIC_REPRESENTATION_CONTEXT() REPRESENTATION_CONTEXT('2D SPACE',''
  ) );
#8825 = ORIENTED_EDGE('',*,*,#8826,.T.);
#8826 = EDGE_CURVE('',#8806,#8827,#8829,.T.);
#8827 = VERTEX_POINT('',#8828);
#8828 = CARTESIAN_POINT('',(-102.,82.,10.));
#8829 = SURFACE_CURVE('',#8830,(#8834,#8840),.PCURVE_S1.);
#8830 = LINE('',#8831,#8832);
#8831 = CARTESIAN_POINT('',(-149.5,82.,10.));
#8832 = VECTOR('',#8833,1.);
#8833 = DIRECTION('',(-1.,0.,0.));
#8834 = PCURVE('',#72,#8835);
#8835 = DEFINITIONAL_REPRESENTATION('',(#8836),#8839);
#8836 = B_SPLINE_CURVE_WITH_KNOTS('',1,(#8837,#8838),.UNSPECIFIED.,.F.,
  .F.,(2,2),(-63.5,-47.5),.PIECEWISE_BEZIER_KNOTS.);
#8837 = CARTESIAN_POINT('',(111.,215.));
#8838 = CARTESIAN_POINT('',(95.,215.));
#8839 = ( GEOMETRIC_REPRESENTATION_CONTEXT(2) 
PARAMETRIC_REPRESENTATION_CONTEXT() REPRESENTATION_CONTEXT('2D SPACE',''
  ) );
#8840 = PCURVE('',#4336,#8841);
#8841 = DEFINITIONAL_REPRESENTATION('',(#8842),#8845);
#8842 = B_SPLINE_CURVE_WITH_KNOTS('',1,(#8843,#8844),.UNSPECIFIED.,.F.,
  .F.,(2,2),(-63.5,-47.5),.PIECEWISE_BEZIER_KNOTS.);
#8843 = CARTESIAN_POINT('',(16.,-1.));
#8844 = CARTESIAN_POINT('',(0.,-1.));
#8845 = ( GEOMETRIC_REPRESENTATION_CONTEXT(2) 
PARAMETRIC_REPRESENTATION_CONTEXT() REPRESENTATION_CONTEXT('2D SPACE',''
  ) );
#8846 = ORIENTED_EDGE('',*,*,#8847,.T.);
#8847 = EDGE_CURVE('',#8827,#8848,#8850,.T.);
#8848 = VERTEX_POINT('',#8849);
#8849 = CARTESIAN_POINT('',(-102.,98.,10.));
#8850 = SURFACE_CURVE('',#8851,(#8855,#8861),.PCURVE_S1.);
#8851 = LINE('',#8852,#8853);
#8852 = CARTESIAN_POINT('',(-102.,-17.5,10.));
#8853 = VECTOR('',#8854,1.);
#8854 = DIRECTION('',(0.,1.,0.));
#8855 = PCURVE('',#72,#8856);
#8856 = DEFINITIONAL_REPRESENTATION('',(#8857),#8860);
#8857 = B_SPLINE_CURVE_WITH_KNOTS('',1,(#8858,#8859),.UNSPECIFIED.,.F.,
  .F.,(2,2),(99.5,115.5),.PIECEWISE_BEZIER_KNOTS.);
#8858 = CARTESIAN_POINT('',(95.,215.));
#8859 = CARTESIAN_POINT('',(95.,231.));
#8860 = ( GEOMETRIC_REPRESENTATION_CONTEXT(2) 
PARAMETRIC_REPRESENTATION_CONTEXT() REPRESENTATION_CONTEXT('2D SPACE',''
  ) );
#8861 = PCURVE('',#4362,#8862);
#8862 = DEFINITIONAL_REPRESENTATION('',(#8863),#8866);
#8863 = B_SPLINE_CURVE_WITH_KNOTS('',1,(#8864,#8865),.UNSPECIFIED.,.F.,
  .F.,(2,2),(99.5,115.5),.PIECEWISE_BEZIER_KNOTS.);
#8864 = CARTESIAN_POINT('',(16.,-1.));
#8865 = CARTESIAN_POINT('',(0.,-1.));
#8866 = ( GEOMETRIC_REPRESENTATION_CONTEXT(2) 
PARAMETRIC_REPRESENTATION_CONTEXT() REPRESENTATION_CONTEXT('2D SPACE',''
  ) );
#8867 = ORIENTED_EDGE('',*,*,#8868,.T.);
#8868 = EDGE_CURVE('',#8848,#8804,#8869,.T.);
#8869 = SURFACE_CURVE('',#8870,(#8874,#8880),.PCURVE_S1.);
#8870 = LINE('',#8871,#8872);
#8871 = CARTESIAN_POINT('',(-141.5,98.,10.));
#8872 = VECTOR('',#8873,1.);
#8873 = DIRECTION('',(1.,0.,0.));
#8874 = PCURVE('',#72,#8875);
#8875 = DEFINITIONAL_REPRESENTATION('',(#8876),#8879);
#8876 = B_SPLINE_CURVE_WITH_KNOTS('',1,(#8877,#8878),.UNSPECIFIED.,.F.,
  .F.,(2,2),(39.5,55.5),.PIECEWISE_BEZIER_KNOTS.);
#8877 = CARTESIAN_POINT('',(95.,231.));
#8878 = CARTESIAN_POINT('',(111.,231.));
#8879 = ( GEOMETRIC_REPRESENTATION_CONTEXT(2) 
PARAMETRIC_REPRESENTATION_CONTEXT() REPRESENTATION_CONTEXT('2D SPACE',''
  ) );
#8880 = PCURVE('',#4386,#8881);
#8881 = DEFINITIONAL_REPRESENTATION('',(#8882),#8885);
#8882 = B_SPLINE_CURVE_WITH_KNOTS('',1,(#8883,#8884),.UNSPECIFIED.,.F.,
  .F.,(2,2),(39.5,55.5),.PIECEWISE_BEZIER_KNOTS.);
#8883 = CARTESIAN_POINT('',(16.,-1.));
#8884 = CARTESIAN_POINT('',(0.,-1.));
#8885 = ( GEOMETRIC_REPRESENTATION_CONTEXT(2) 
PARAMETRIC_REPRESENTATION_CONTEXT() REPRESENTATION_CONTEXT('2D SPACE',''
  ) );
#8886 = FACE_BOUND('',#8887,.F.);
#8887 = EDGE_LOOP('',(#8888,#8911,#8932,#8953));
#8888 = ORIENTED_EDGE('',*,*,#8889,.T.);
#8889 = EDGE_CURVE('',#8890,#8892,#8894,.T.);
#8890 = VERTEX_POINT('',#8891);
#8891 = CARTESIAN_POINT('',(-56.,98.,10.));
#8892 = VERTEX_POINT('',#8893);
#8893 = CARTESIAN_POINT('',(-56.,82.,10.));
#8894 = SURFACE_CURVE('',#8895,(#8899,#8905),.PCURVE_S1.);
#8895 = LINE('',#8896,#8897);
#8896 = CARTESIAN_POINT('',(-56.,-25.5,10.));
#8897 = VECTOR('',#8898,1.);
#8898 = DIRECTION('',(0.,-1.,0.));
#8899 = PCURVE('',#72,#8900);
#8900 = DEFINITIONAL_REPRESENTATION('',(#8901),#8904);
#8901 = B_SPLINE_CURVE_WITH_KNOTS('',1,(#8902,#8903),.UNSPECIFIED.,.F.,
  .F.,(2,2),(-123.5,-107.5),.PIECEWISE_BEZIER_KNOTS.);
#8902 = CARTESIAN_POINT('',(141.,231.));
#8903 = CARTESIAN_POINT('',(141.,215.));
#8904 = ( GEOMETRIC_REPRESENTATION_CONTEXT(2) 
PARAMETRIC_REPRESENTATION_CONTEXT() REPRESENTATION_CONTEXT('2D SPACE',''
  ) );
#8905 = PCURVE('',#4416,#8906);
#8906 = DEFINITIONAL_REPRESENTATION('',(#8907),#8910);
#8907 = B_SPLINE_CURVE_WITH_KNOTS('',1,(#8908,#8909),.UNSPECIFIED.,.F.,
  .F.,(2,2),(-123.5,-107.5),.PIECEWISE_BEZIER_KNOTS.);
#8908 = CARTESIAN_POINT('',(16.,-1.));
#8909 = CARTESIAN_POINT('',(0.,-1.));
#8910 = ( GEOMETRIC_REPRESENTATION_CONTEXT(2) 
PARAMETRIC_REPRESENTATION_CONTEXT() REPRESENTATION_CONTEXT('2D SPACE',''
  ) );
#8911 = ORIENTED_EDGE('',*,*,#8912,.T.);
#8912 = EDGE_CURVE('',#8892,#8913,#8915,.T.);
#8913 = VERTEX_POINT('',#8914);
#8914 = CARTESIAN_POINT('',(-72.,82.,10.));
#8915 = SURFACE_CURVE('',#8916,(#8920,#8926),.PCURVE_S1.);
#8916 = LINE('',#8917,#8918);
#8917 = CARTESIAN_POINT('',(-134.5,82.,10.));
#8918 = VECTOR('',#8919,1.);
#8919 = DIRECTION('',(-1.,0.,0.));
#8920 = PCURVE('',#72,#8921);
#8921 = DEFINITIONAL_REPRESENTATION('',(#8922),#8925);
#8922 = B_SPLINE_CURVE_WITH_KNOTS('',1,(#8923,#8924),.UNSPECIFIED.,.F.,
  .F.,(2,2),(-78.5,-62.5),.PIECEWISE_BEZIER_KNOTS.);
#8923 = CARTESIAN_POINT('',(141.,215.));
#8924 = CARTESIAN_POINT('',(125.,215.));
#8925 = ( GEOMETRIC_REPRESENTATION_CONTEXT(2) 
PARAMETRIC_REPRESENTATION_CONTEXT() REPRESENTATION_CONTEXT('2D SPACE',''
  ) );
#8926 = PCURVE('',#4442,#8927);
#8927 = DEFINITIONAL_REPRESENTATION('',(#8928),#8931);
#8928 = B_SPLINE_CURVE_WITH_KNOTS('',1,(#8929,#8930),.UNSPECIFIED.,.F.,
  .F.,(2,2),(-78.5,-62.5),.PIECEWISE_BEZIER_KNOTS.);
#8929 = CARTESIAN_POINT('',(16.,-1.));
#8930 = CARTESIAN_POINT('',(0.,-1.));
#8931 = ( GEOMETRIC_REPRESENTATION_CONTEXT(2) 
PARAMETRIC_REPRESENTATION_CONTEXT() REPRESENTATION_CONTEXT('2D SPACE',''
  ) );
#8932 = ORIENTED_EDGE('',*,*,#8933,.T.);
#8933 = EDGE_CURVE('',#8913,#8934,#8936,.T.);
#8934 = VERTEX_POINT('',#8935);
#8935 = CARTESIAN_POINT('',(-72.,98.,10.));
#8936 = SURFACE_CURVE('',#8937,(#8941,#8947),.PCURVE_S1.);
#8937 = LINE('',#8938,#8939);
#8938 = CARTESIAN_POINT('',(-72.,-17.5,10.));
#8939 = VECTOR('',#8940,1.);
#8940 = DIRECTION('',(0.,1.,0.));
#8941 = PCURVE('',#72,#8942);
#8942 = DEFINITIONAL_REPRESENTATION('',(#8943),#8946);
#8943 = B_SPLINE_CURVE_WITH_KNOTS('',1,(#8944,#8945),.UNSPECIFIED.,.F.,
  .F.,(2,2),(99.5,115.5),.PIECEWISE_BEZIER_KNOTS.);
#8944 = CARTESIAN_POINT('',(125.,215.));
#8945 = CARTESIAN_POINT('',(125.,231.));
#8946 = ( GEOMETRIC_REPRESENTATION_CONTEXT(2) 
PARAMETRIC_REPRESENTATION_CONTEXT() REPRESENTATION_CONTEXT('2D SPACE',''
  ) );
#8947 = PCURVE('',#4468,#8948);
#8948 = DEFINITIONAL_REPRESENTATION('',(#8949),#8952);
#8949 = B_SPLINE_CURVE_WITH_KNOTS('',1,(#8950,#8951),.UNSPECIFIED.,.F.,
  .F.,(2,2),(99.5,115.5),.PIECEWISE_BEZIER_KNOTS.);
#8950 = CARTESIAN_POINT('',(16.,-1.));
#8951 = CARTESIAN_POINT('',(0.,-1.));
#8952 = ( GEOMETRIC_REPRESENTATION_CONTEXT(2) 
PARAMETRIC_REPRESENTATION_CONTEXT() REPRESENTATION_CONTEXT('2D SPACE',''
  ) );
#8953 = ORIENTED_EDGE('',*,*,#8954,.T.);
#8954 = EDGE_CURVE('',#8934,#8890,#8955,.T.);
#8955 = SURFACE_CURVE('',#8956,(#8960,#8966),.PCURVE_S1.);
#8956 = LINE('',#8957,#8958);
#8957 = CARTESIAN_POINT('',(-126.5,98.,10.));
#8958 = VECTOR('',#8959,1.);
#8959 = DIRECTION('',(1.,0.,0.));
#8960 = PCURVE('',#72,#8961);
#8961 = DEFINITIONAL_REPRESENTATION('',(#8962),#8965);
#8962 = B_SPLINE_CURVE_WITH_KNOTS('',1,(#8963,#8964),.UNSPECIFIED.,.F.,
  .F.,(2,2),(54.5,70.5),.PIECEWISE_BEZIER_KNOTS.);
#8963 = CARTESIAN_POINT('',(125.,231.));
#8964 = CARTESIAN_POINT('',(141.,231.));
#8965 = ( GEOMETRIC_REPRESENTATION_CONTEXT(2) 
PARAMETRIC_REPRESENTATION_CONTEXT() REPRESENTATION_CONTEXT('2D SPACE',''
  ) );
#8966 = PCURVE('',#4492,#8967);
#8967 = DEFINITIONAL_REPRESENTATION('',(#8968),#8971);
#8968 = B_SPLINE_CURVE_WITH_KNOTS('',1,(#8969,#8970),.UNSPECIFIED.,.F.,
  .F.,(2,2),(54.5,70.5),.PIECEWISE_BEZIER_KNOTS.);
#8969 = CARTESIAN_POINT('',(16.,-1.));
#8970 = CARTESIAN_POINT('',(0.,-1.));
#8971 = ( GEOMETRIC_REPRESENTATION_CONTEXT(2) 
PARAMETRIC_REPRESENTATION_CONTEXT() REPRESENTATION_CONTEXT('2D SPACE',''
  ) );
#8972 = FACE_BOUND('',#8973,.F.);
#8973 = EDGE_LOOP('',(#8974,#8997,#9018,#9039));
#8974 = ORIENTED_EDGE('',*,*,#8975,.T.);
#8975 = EDGE_CURVE('',#8976,#8978,#8980,.T.);
#8976 = VERTEX_POINT('',#8977);
#8977 = CARTESIAN_POINT('',(-26.,38.,10.));
#8978 = VERTEX_POINT('',#8979);
#8979 = CARTESIAN_POINT('',(-26.,22.,10.));
#8980 = SURFACE_CURVE('',#8981,(#8985,#8991),.PCURVE_S1.);
#8981 = LINE('',#8982,#8983);
#8982 = CARTESIAN_POINT('',(-26.,-55.5,10.));
#8983 = VECTOR('',#8984,1.);
#8984 = DIRECTION('',(0.,-1.,0.));
#8985 = PCURVE('',#72,#8986);
#8986 = DEFINITIONAL_REPRESENTATION('',(#8987),#8990);
#8987 = B_SPLINE_CURVE_WITH_KNOTS('',1,(#8988,#8989),.UNSPECIFIED.,.F.,
  .F.,(2,2),(-93.5,-77.5),.PIECEWISE_BEZIER_KNOTS.);
#8988 = CARTESIAN_POINT('',(171.,171.));
#8989 = CARTESIAN_POINT('',(171.,155.));
#8990 = ( GEOMETRIC_REPRESENTATION_CONTEXT(2) 
PARAMETRIC_REPRESENTATION_CONTEXT() REPRESENTATION_CONTEXT('2D SPACE',''
  ) );
#8991 = PCURVE('',#4522,#8992);
#8992 = DEFINITIONAL_REPRESENTATION('',(#8993),#8996);
#8993 = B_SPLINE_CURVE_WITH_KNOTS('',1,(#8994,#8995),.UNSPECIFIED.,.F.,
  .F.,(2,2),(-93.5,-77.5),.PIECEWISE_BEZIER_KNOTS.);
#8994 = CARTESIAN_POINT('',(16.,-1.));
#8995 = CARTESIAN_POINT('',(0.,-1.));
#8996 = ( GEOMETRIC_REPRESENTATION_CONTEXT(2) 
PARAMETRIC_REPRESENTATION_CONTEXT() REPRESENTATION_CONTEXT('2D SPACE',''
  ) );
#8997 = ORIENTED_EDGE('',*,*,#8998,.T.);
#8998 = EDGE_CURVE('',#8978,#8999,#9001,.T.);
#8999 = VERTEX_POINT('',#9000);
#9000 = CARTESIAN_POINT('',(-42.,22.,10.));
#9001 = SURFACE_CURVE('',#9002,(#9006,#9012),.PCURVE_S1.);
#9002 = LINE('',#9003,#9004);
#9003 = CARTESIAN_POINT('',(-119.5,22.,10.));
#9004 = VECTOR('',#9005,1.);
#9005 = DIRECTION('',(-1.,0.,0.));
#9006 = PCURVE('',#72,#9007);
#9007 = DEFINITIONAL_REPRESENTATION('',(#9008),#9011);
#9008 = B_SPLINE_CURVE_WITH_KNOTS('',1,(#9009,#9010),.UNSPECIFIED.,.F.,
  .F.,(2,2),(-93.5,-77.5),.PIECEWISE_BEZIER_KNOTS.);
#9009 = CARTESIAN_POINT('',(171.,155.));
#9010 = CARTESIAN_POINT('',(155.,155.));
#9011 = ( GEOMETRIC_REPRESENTATION_CONTEXT(2) 
PARAMETRIC_REPRESENTATION_CONTEXT() REPRESENTATION_CONTEXT('2D SPACE',''
  ) );
#9012 = PCURVE('',#4548,#9013);
#9013 = DEFINITIONAL_REPRESENTATION('',(#9014),#9017);
#9014 = B_SPLINE_CURVE_WITH_KNOTS('',1,(#9015,#9016),.UNSPECIFIED.,.F.,
  .F.,(2,2),(-93.5,-77.5),.PIECEWISE_BEZIER_KNOTS.);
#9015 = CARTESIAN_POINT('',(16.,-1.));
#9016 = CARTESIAN_POINT('',(0.,-1.));
#9017 = ( GEOMETRIC_REPRESENTATION_CONTEXT(2) 
PARAMETRIC_REPRESENTATION_CONTEXT() REPRESENTATION_CONTEXT('2D SPACE',''
  ) );
#9018 = ORIENTED_EDGE('',*,*,#9019,.T.);
#9019 = EDGE_CURVE('',#8999,#9020,#9022,.T.);
#9020 = VERTEX_POINT('',#9021);
#9021 = CARTESIAN_POINT('',(-42.,38.,10.));
#9022 = SURFACE_CURVE('',#9023,(#9027,#9033),.PCURVE_S1.);
#9023 = LINE('',#9024,#9025);
#9024 = CARTESIAN_POINT('',(-42.,-47.5,10.));
#9025 = VECTOR('',#9026,1.);
#9026 = DIRECTION('',(0.,1.,0.));
#9027 = PCURVE('',#72,#9028);
#9028 = DEFINITIONAL_REPRESENTATION('',(#9029),#9032);
#9029 = B_SPLINE_CURVE_WITH_KNOTS('',1,(#9030,#9031),.UNSPECIFIED.,.F.,
  .F.,(2,2),(69.5,85.5),.PIECEWISE_BEZIER_KNOTS.);
#9030 = CARTESIAN_POINT('',(155.,155.));
#9031 = CARTESIAN_POINT('',(155.,171.));
#9032 = ( GEOMETRIC_REPRESENTATION_CONTEXT(2) 
PARAMETRIC_REPRESENTATION_CONTEXT() REPRESENTATION_CONTEXT('2D SPACE',''
  ) );
#9033 = PCURVE('',#4574,#9034);
#9034 = DEFINITIONAL_REPRESENTATION('',(#9035),#9038);
#9035 = B_SPLINE_CURVE_WITH_KNOTS('',1,(#9036,#9037),.UNSPECIFIED.,.F.,
  .F.,(2,2),(69.5,85.5),.PIECEWISE_BEZIER_KNOTS.);
#9036 = CARTESIAN_POINT('',(16.,-1.));
#9037 = CARTESIAN_POINT('',(0.,-1.));
#9038 = ( GEOMETRIC_REPRESENTATION_CONTEXT(2) 
PARAMETRIC_REPRESENTATION_CONTEXT() REPRESENTATION_CONTEXT('2D SPACE',''
  ) );
#9039 = ORIENTED_EDGE('',*,*,#9040,.T.);
#9040 = EDGE_CURVE('',#9020,#8976,#9041,.T.);
#9041 = SURFACE_CURVE('',#9042,(#9046,#9052),.PCURVE_S1.);
#9042 = LINE('',#9043,#9044);
#9043 = CARTESIAN_POINT('',(-111.5,38.,10.));
#9044 = VECTOR('',#9045,1.);
#9045 = DIRECTION('',(1.,0.,0.));
#9046 = PCURVE('',#72,#9047);
#9047 = DEFINITIONAL_REPRESENTATION('',(#9048),#9051);
#9048 = B_SPLINE_CURVE_WITH_KNOTS('',1,(#9049,#9050),.UNSPECIFIED.,.F.,
  .F.,(2,2),(69.5,85.5),.PIECEWISE_BEZIER_KNOTS.);
#9049 = CARTESIAN_POINT('',(155.,171.));
#9050 = CARTESIAN_POINT('',(171.,171.));
#9051 = ( GEOMETRIC_REPRESENTATION_CONTEXT(2) 
PARAMETRIC_REPRESENTATION_CONTEXT() REPRESENTATION_CONTEXT('2D SPACE',''
  ) );
#9052 = PCURVE('',#4598,#9053);
#9053 = DEFINITIONAL_REPRESENTATION('',(#9054),#9057);
#9054 = B_SPLINE_CURVE_WITH_KNOTS('',1,(#9055,#9056),.UNSPECIFIED.,.F.,
  .F.,(2,2),(69.5,85.5),.PIECEWISE_BEZIER_KNOTS.);
#9055 = CARTESIAN_POINT('',(16.,-1.));
#9056 = CARTESIAN_POINT('',(0.,-1.));
#9057 = ( GEOMETRIC_REPRESENTATION_CONTEXT(2) 
PARAMETRIC_REPRESENTATION_CONTEXT() REPRESENTATION_CONTEXT('2D SPACE',''
  ) );
#9058 = FACE_BOUND('',#9059,.F.);
#9059 = EDGE_LOOP('',(#9060,#9083,#9104,#9125));
#9060 = ORIENTED_EDGE('',*,*,#9061,.T.);
#9061 = EDGE_CURVE('',#9062,#9064,#9066,.T.);
#9062 = VERTEX_POINT('',#9063);
#9063 = CARTESIAN_POINT('',(4.,38.,10.));
#9064 = VERTEX_POINT('',#9065);
#9065 = CARTESIAN_POINT('',(4.,22.,10.));
#9066 = SURFACE_CURVE('',#9067,(#9071,#9077),.PCURVE_S1.);
#9067 = LINE('',#9068,#9069);
#9068 = CARTESIAN_POINT('',(4.,-55.5,10.));
#9069 = VECTOR('',#9070,1.);
#9070 = DIRECTION('',(0.,-1.,0.));
#9071 = PCURVE('',#72,#9072);
#9072 = DEFINITIONAL_REPRESENTATION('',(#9073),#9076);
#9073 = B_SPLINE_CURVE_WITH_KNOTS('',1,(#9074,#9075),.UNSPECIFIED.,.F.,
  .F.,(2,2),(-93.5,-77.5),.PIECEWISE_BEZIER_KNOTS.);
#9074 = CARTESIAN_POINT('',(201.,171.));
#9075 = CARTESIAN_POINT('',(201.,155.));
#9076 = ( GEOMETRIC_REPRESENTATION_CONTEXT(2) 
PARAMETRIC_REPRESENTATION_CONTEXT() REPRESENTATION_CONTEXT('2D SPACE',''
  ) );
#9077 = PCURVE('',#4628,#9078);
#9078 = DEFINITIONAL_REPRESENTATION('',(#9079),#9082);
#9079 = B_SPLINE_CURVE_WITH_KNOTS('',1,(#9080,#9081),.UNSPECIFIED.,.F.,
  .F.,(2,2),(-93.5,-77.5),.PIECEWISE_BEZIER_KNOTS.);
#9080 = CARTESIAN_POINT('',(16.,-1.));
#9081 = CARTESIAN_POINT('',(0.,-1.));
#9082 = ( GEOMETRIC_REPRESENTATION_CONTEXT(2) 
PARAMETRIC_REPRESENTATION_CONTEXT() REPRESENTATION_CONTEXT('2D SPACE',''
  ) );
#9083 = ORIENTED_EDGE('',*,*,#9084,.T.);
#9084 = EDGE_CURVE('',#9064,#9085,#9087,.T.);
#9085 = VERTEX_POINT('',#9086);
#9086 = CARTESIAN_POINT('',(-12.,22.,10.));
#9087 = SURFACE_CURVE('',#9088,(#9092,#9098),.PCURVE_S1.);
#9088 = LINE('',#9089,#9090);
#9089 = CARTESIAN_POINT('',(-104.5,22.,10.));
#9090 = VECTOR('',#9091,1.);
#9091 = DIRECTION('',(-1.,0.,0.));
#9092 = PCURVE('',#72,#9093);
#9093 = DEFINITIONAL_REPRESENTATION('',(#9094),#9097);
#9094 = B_SPLINE_CURVE_WITH_KNOTS('',1,(#9095,#9096),.UNSPECIFIED.,.F.,
  .F.,(2,2),(-108.5,-92.5),.PIECEWISE_BEZIER_KNOTS.);
#9095 = CARTESIAN_POINT('',(201.,155.));
#9096 = CARTESIAN_POINT('',(185.,155.));
#9097 = ( GEOMETRIC_REPRESENTATION_CONTEXT(2) 
PARAMETRIC_REPRESENTATION_CONTEXT() REPRESENTATION_CONTEXT('2D SPACE',''
  ) );
#9098 = PCURVE('',#4654,#9099);
#9099 = DEFINITIONAL_REPRESENTATION('',(#9100),#9103);
#9100 = B_SPLINE_CURVE_WITH_KNOTS('',1,(#9101,#9102),.UNSPECIFIED.,.F.,
  .F.,(2,2),(-108.5,-92.5),.PIECEWISE_BEZIER_KNOTS.);
#9101 = CARTESIAN_POINT('',(16.,-1.));
#9102 = CARTESIAN_POINT('',(0.,-1.));
#9103 = ( GEOMETRIC_REPRESENTATION_CONTEXT(2) 
PARAMETRIC_REPRESENTATION_CONTEXT() REPRESENTATION_CONTEXT('2D SPACE',''
  ) );
#9104 = ORIENTED_EDGE('',*,*,#9105,.T.);
#9105 = EDGE_CURVE('',#9085,#9106,#9108,.T.);
#9106 = VERTEX_POINT('',#9107);
#9107 = CARTESIAN_POINT('',(-12.,38.,10.));
#9108 = SURFACE_CURVE('',#9109,(#9113,#9119),.PCURVE_S1.);
#9109 = LINE('',#9110,#9111);
#9110 = CARTESIAN_POINT('',(-12.,-47.5,10.));
#9111 = VECTOR('',#9112,1.);
#9112 = DIRECTION('',(0.,1.,0.));
#9113 = PCURVE('',#72,#9114);
#9114 = DEFINITIONAL_REPRESENTATION('',(#9115),#9118);
#9115 = B_SPLINE_CURVE_WITH_KNOTS('',1,(#9116,#9117),.UNSPECIFIED.,.F.,
  .F.,(2,2),(69.5,85.5),.PIECEWISE_BEZIER_KNOTS.);
#9116 = CARTESIAN_POINT('',(185.,155.));
#9117 = CARTESIAN_POINT('',(185.,171.));
#9118 = ( GEOMETRIC_REPRESENTATION_CONTEXT(2) 
PARAMETRIC_REPRESENTATION_CONTEXT() REPRESENTATION_CONTEXT('2D SPACE',''
  ) );
#9119 = PCURVE('',#4680,#9120);
#9120 = DEFINITIONAL_REPRESENTATION('',(#9121),#9124);
#9121 = B_SPLINE_CURVE_WITH_KNOTS('',1,(#9122,#9123),.UNSPECIFIED.,.F.,
  .F.,(2,2),(69.5,85.5),.PIECEWISE_BEZIER_KNOTS.);
#9122 = CARTESIAN_POINT('',(16.,-1.));
#9123 = CARTESIAN_POINT('',(0.,-1.));
#9124 = ( GEOMETRIC_REPRESENTATION_CONTEXT(2) 
PARAMETRIC_REPRESENTATION_CONTEXT() REPRESENTATION_CONTEXT('2D SPACE',''
  ) );
#9125 = ORIENTED_EDGE('',*,*,#9126,.T.);
#9126 = EDGE_CURVE('',#9106,#9062,#9127,.T.);
#9127 = SURFACE_CURVE('',#9128,(#9132,#9138),.PCURVE_S1.);
#9128 = LINE('',#9129,#9130);
#9129 = CARTESIAN_POINT('',(-96.5,38.,10.));
#9130 = VECTOR('',#9131,1.);
#9131 = DIRECTION('',(1.,0.,0.));
#9132 = PCURVE('',#72,#9133);
#9133 = DEFINITIONAL_REPRESENTATION('',(#9134),#9137);
#9134 = B_SPLINE_CURVE_WITH_KNOTS('',1,(#9135,#9136),.UNSPECIFIED.,.F.,
  .F.,(2,2),(84.5,100.5),.PIECEWISE_BEZIER_KNOTS.);
#9135 = CARTESIAN_POINT('',(185.,171.));
#9136 = CARTESIAN_POINT('',(201.,171.));
#9137 = ( GEOMETRIC_REPRESENTATION_CONTEXT(2) 
PARAMETRIC_REPRESENTATION_CONTEXT() REPRESENTATION_CONTEXT('2D SPACE',''
  ) );
#9138 = PCURVE('',#4704,#9139);
#9139 = DEFINITIONAL_REPRESENTATION('',(#9140),#9143);
#9140 = B_SPLINE_CURVE_WITH_KNOTS('',1,(#9141,#9142),.UNSPECIFIED.,.F.,
  .F.,(2,2),(84.5,100.5),.PIECEWISE_BEZIER_KNOTS.);
#9141 = CARTESIAN_POINT('',(16.,-1.));
#9142 = CARTESIAN_POINT('',(0.,-1.));
#9143 = ( GEOMETRIC_REPRESENTATION_CONTEXT(2) 
PARAMETRIC_REPRESENTATION_CONTEXT() REPRESENTATION_CONTEXT('2D SPACE',''
  ) );
#9144 = FACE_BOUND('',#9145,.F.);
#9145 = EDGE_LOOP('',(#9146,#9169,#9190,#9211));
#9146 = ORIENTED_EDGE('',*,*,#9147,.T.);
#9147 = EDGE_CURVE('',#9148,#9150,#9152,.T.);
#9148 = VERTEX_POINT('',#9149);
#9149 = CARTESIAN_POINT('',(34.,38.,10.));
#9150 = VERTEX_POINT('',#9151);
#9151 = CARTESIAN_POINT('',(34.,22.,10.));
#9152 = SURFACE_CURVE('',#9153,(#9157,#9163),.PCURVE_S1.);
#9153 = LINE('',#9154,#9155);
#9154 = CARTESIAN_POINT('',(34.,-55.5,10.));
#9155 = VECTOR('',#9156,1.);
#9156 = DIRECTION('',(0.,-1.,0.));
#9157 = PCURVE('',#72,#9158);
#9158 = DEFINITIONAL_REPRESENTATION('',(#9159),#9162);
#9159 = B_SPLINE_CURVE_WITH_KNOTS('',1,(#9160,#9161),.UNSPECIFIED.,.F.,
  .F.,(2,2),(-93.5,-77.5),.PIECEWISE_BEZIER_KNOTS.);
#9160 = CARTESIAN_POINT('',(231.,171.));
#9161 = CARTESIAN_POINT('',(231.,155.));
#9162 = ( GEOMETRIC_REPRESENTATION_CONTEXT(2) 
PARAMETRIC_REPRESENTATION_CONTEXT() REPRESENTATION_CONTEXT('2D SPACE',''
  ) );
#9163 = PCURVE('',#4734,#9164);
#9164 = DEFINITIONAL_REPRESENTATION('',(#9165),#9168);
#9165 = B_SPLINE_CURVE_WITH_KNOTS('',1,(#9166,#9167),.UNSPECIFIED.,.F.,
  .F.,(2,2),(-93.5,-77.5),.PIECEWISE_BEZIER_KNOTS.);
#9166 = CARTESIAN_POINT('',(16.,-1.));
#9167 = CARTESIAN_POINT('',(0.,-1.));
#9168 = ( GEOMETRIC_REPRESENTATION_CONTEXT(2) 
PARAMETRIC_REPRESENTATION_CONTEXT() REPRESENTATION_CONTEXT('2D SPACE',''
  ) );
#9169 = ORIENTED_EDGE('',*,*,#9170,.T.);
#9170 = EDGE_CURVE('',#9150,#9171,#9173,.T.);
#9171 = VERTEX_POINT('',#9172);
#9172 = CARTESIAN_POINT('',(18.,22.,10.));
#9173 = SURFACE_CURVE('',#9174,(#9178,#9184),.PCURVE_S1.);
#9174 = LINE('',#9175,#9176);
#9175 = CARTESIAN_POINT('',(-89.5,22.,10.));
#9176 = VECTOR('',#9177,1.);
#9177 = DIRECTION('',(-1.,0.,0.));
#9178 = PCURVE('',#72,#9179);
#9179 = DEFINITIONAL_REPRESENTATION('',(#9180),#9183);
#9180 = B_SPLINE_CURVE_WITH_KNOTS('',1,(#9181,#9182),.UNSPECIFIED.,.F.,
  .F.,(2,2),(-123.5,-107.5),.PIECEWISE_BEZIER_KNOTS.);
#9181 = CARTESIAN_POINT('',(231.,155.));
#9182 = CARTESIAN_POINT('',(215.,155.));
#9183 = ( GEOMETRIC_REPRESENTATION_CONTEXT(2) 
PARAMETRIC_REPRESENTATION_CONTEXT() REPRESENTATION_CONTEXT('2D SPACE',''
  ) );
#9184 = PCURVE('',#4760,#9185);
#9185 = DEFINITIONAL_REPRESENTATION('',(#9186),#9189);
#9186 = B_SPLINE_CURVE_WITH_KNOTS('',1,(#9187,#9188),.UNSPECIFIED.,.F.,
  .F.,(2,2),(-123.5,-107.5),.PIECEWISE_BEZIER_KNOTS.);
#9187 = CARTESIAN_POINT('',(16.,-1.));
#9188 = CARTESIAN_POINT('',(0.,-1.));
#9189 = ( GEOMETRIC_REPRESENTATION_CONTEXT(2) 
PARAMETRIC_REPRESENTATION_CONTEXT() REPRESENTATION_CONTEXT('2D SPACE',''
  ) );
#9190 = ORIENTED_EDGE('',*,*,#9191,.T.);
#9191 = EDGE_CURVE('',#9171,#9192,#9194,.T.);
#9192 = VERTEX_POINT('',#9193);
#9193 = CARTESIAN_POINT('',(18.,38.,10.));
#9194 = SURFACE_CURVE('',#9195,(#9199,#9205),.PCURVE_S1.);
#9195 = LINE('',#9196,#9197);
#9196 = CARTESIAN_POINT('',(18.,-47.5,10.));
#9197 = VECTOR('',#9198,1.);
#9198 = DIRECTION('',(0.,1.,0.));
#9199 = PCURVE('',#72,#9200);
#9200 = DEFINITIONAL_REPRESENTATION('',(#9201),#9204);
#9201 = B_SPLINE_CURVE_WITH_KNOTS('',1,(#9202,#9203),.UNSPECIFIED.,.F.,
  .F.,(2,2),(69.5,85.5),.PIECEWISE_BEZIER_KNOTS.);
#9202 = CARTESIAN_POINT('',(215.,155.));
#9203 = CARTESIAN_POINT('',(215.,171.));
#9204 = ( GEOMETRIC_REPRESENTATION_CONTEXT(2) 
PARAMETRIC_REPRESENTATION_CONTEXT() REPRESENTATION_CONTEXT('2D SPACE',''
  ) );
#9205 = PCURVE('',#4786,#9206);
#9206 = DEFINITIONAL_REPRESENTATION('',(#9207),#9210);
#9207 = B_SPLINE_CURVE_WITH_KNOTS('',1,(#9208,#9209),.UNSPECIFIED.,.F.,
  .F.,(2,2),(69.5,85.5),.PIECEWISE_BEZIER_KNOTS.);
#9208 = CARTESIAN_POINT('',(16.,-1.));
#9209 = CARTESIAN_POINT('',(0.,-1.));
#9210 = ( GEOMETRIC_REPRESENTATION_CONTEXT(2) 
PARAMETRIC_REPRESENTATION_CONTEXT() REPRESENTATION_CONTEXT('2D SPACE',''
  ) );
#9211 = ORIENTED_EDGE('',*,*,#9212,.T.);
#9212 = EDGE_CURVE('',#9192,#9148,#9213,.T.);
#9213 = SURFACE_CURVE('',#9214,(#9218,#9224),.PCURVE_S1.);
#9214 = LINE('',#9215,#9216);
#9215 = CARTESIAN_POINT('',(-81.5,38.,10.));
#9216 = VECTOR('',#9217,1.);
#9217 = DIRECTION('',(1.,0.,0.));
#9218 = PCURVE('',#72,#9219);
#9219 = DEFINITIONAL_REPRESENTATION('',(#9220),#9223);
#9220 = B_SPLINE_CURVE_WITH_KNOTS('',1,(#9221,#9222),.UNSPECIFIED.,.F.,
  .F.,(2,2),(99.5,115.5),.PIECEWISE_BEZIER_KNOTS.);
#9221 = CARTESIAN_POINT('',(215.,171.));
#9222 = CARTESIAN_POINT('',(231.,171.));
#9223 = ( GEOMETRIC_REPRESENTATION_CONTEXT(2) 
PARAMETRIC_REPRESENTATION_CONTEXT() REPRESENTATION_CONTEXT('2D SPACE',''
  ) );
#9224 = PCURVE('',#4810,#9225);
#9225 = DEFINITIONAL_REPRESENTATION('',(#9226),#9229);
#9226 = B_SPLINE_CURVE_WITH_KNOTS('',1,(#9227,#9228),.UNSPECIFIED.,.F.,
  .F.,(2,2),(99.5,115.5),.PIECEWISE_BEZIER_KNOTS.);
#9227 = CARTESIAN_POINT('',(16.,-1.));
#9228 = CARTESIAN_POINT('',(0.,-1.));
#9229 = ( GEOMETRIC_REPRESENTATION_CONTEXT(2) 
PARAMETRIC_REPRESENTATION_CONTEXT() REPRESENTATION_CONTEXT('2D SPACE',''
  ) );
#9230 = FACE_BOUND('',#9231,.F.);
#9231 = EDGE_LOOP('',(#9232,#9255,#9276,#9297));
#9232 = ORIENTED_EDGE('',*,*,#9233,.T.);
#9233 = EDGE_CURVE('',#9234,#9236,#9238,.T.);
#9234 = VERTEX_POINT('',#9235);
#9235 = CARTESIAN_POINT('',(-26.,68.,10.));
#9236 = VERTEX_POINT('',#9237);
#9237 = CARTESIAN_POINT('',(-26.,52.,10.));
#9238 = SURFACE_CURVE('',#9239,(#9243,#9249),.PCURVE_S1.);
#9239 = LINE('',#9240,#9241);
#9240 = CARTESIAN_POINT('',(-26.,-40.5,10.));
#9241 = VECTOR('',#9242,1.);
#9242 = DIRECTION('',(0.,-1.,0.));
#9243 = PCURVE('',#72,#9244);
#9244 = DEFINITIONAL_REPRESENTATION('',(#9245),#9248);
#9245 = B_SPLINE_CURVE_WITH_KNOTS('',1,(#9246,#9247),.UNSPECIFIED.,.F.,
  .F.,(2,2),(-108.5,-92.5),.PIECEWISE_BEZIER_KNOTS.);
#9246 = CARTESIAN_POINT('',(171.,201.));
#9247 = CARTESIAN_POINT('',(171.,185.));
#9248 = ( GEOMETRIC_REPRESENTATION_CONTEXT(2) 
PARAMETRIC_REPRESENTATION_CONTEXT() REPRESENTATION_CONTEXT('2D SPACE',''
  ) );
#9249 = PCURVE('',#4840,#9250);
#9250 = DEFINITIONAL_REPRESENTATION('',(#9251),#9254);
#9251 = B_SPLINE_CURVE_WITH_KNOTS('',1,(#9252,#9253),.UNSPECIFIED.,.F.,
  .F.,(2,2),(-108.5,-92.5),.PIECEWISE_BEZIER_KNOTS.);
#9252 = CARTESIAN_POINT('',(16.,-1.));
#9253 = CARTESIAN_POINT('',(0.,-1.));
#9254 = ( GEOMETRIC_REPRESENTATION_CONTEXT(2) 
PARAMETRIC_REPRESENTATION_CONTEXT() REPRESENTATION_CONTEXT('2D SPACE',''
  ) );
#9255 = ORIENTED_EDGE('',*,*,#9256,.T.);
#9256 = EDGE_CURVE('',#9236,#9257,#9259,.T.);
#9257 = VERTEX_POINT('',#9258);
#9258 = CARTESIAN_POINT('',(-42.,52.,10.));
#9259 = SURFACE_CURVE('',#9260,(#9264,#9270),.PCURVE_S1.);
#9260 = LINE('',#9261,#9262);
#9261 = CARTESIAN_POINT('',(-119.5,52.,10.));
#9262 = VECTOR('',#9263,1.);
#9263 = DIRECTION('',(-1.,0.,0.));
#9264 = PCURVE('',#72,#9265);
#9265 = DEFINITIONAL_REPRESENTATION('',(#9266),#9269);
#9266 = B_SPLINE_CURVE_WITH_KNOTS('',1,(#9267,#9268),.UNSPECIFIED.,.F.,
  .F.,(2,2),(-93.5,-77.5),.PIECEWISE_BEZIER_KNOTS.);
#9267 = CARTESIAN_POINT('',(171.,185.));
#9268 = CARTESIAN_POINT('',(155.,185.));
#9269 = ( GEOMETRIC_REPRESENTATION_CONTEXT(2) 
PARAMETRIC_REPRESENTATION_CONTEXT() REPRESENTATION_CONTEXT('2D SPACE',''
  ) );
#9270 = PCURVE('',#4866,#9271);
#9271 = DEFINITIONAL_REPRESENTATION('',(#9272),#9275);
#9272 = B_SPLINE_CURVE_WITH_KNOTS('',1,(#9273,#9274),.UNSPECIFIED.,.F.,
  .F.,(2,2),(-93.5,-77.5),.PIECEWISE_BEZIER_KNOTS.);
#9273 = CARTESIAN_POINT('',(16.,-1.));
#9274 = CARTESIAN_POINT('',(0.,-1.));
#9275 = ( GEOMETRIC_REPRESENTATION_CONTEXT(2) 
PARAMETRIC_REPRESENTATION_CONTEXT() REPRESENTATION_CONTEXT('2D SPACE',''
  ) );
#9276 = ORIENTED_EDGE('',*,*,#9277,.T.);
#9277 = EDGE_CURVE('',#9257,#9278,#9280,.T.);
#9278 = VERTEX_POINT('',#9279);
#9279 = CARTESIAN_POINT('',(-42.,68.,10.));
#9280 = SURFACE_CURVE('',#9281,(#9285,#9291),.PCURVE_S1.);
#9281 = LINE('',#9282,#9283);
#9282 = CARTESIAN_POINT('',(-42.,-32.5,10.));
#9283 = VECTOR('',#9284,1.);
#9284 = DIRECTION('',(0.,1.,0.));
#9285 = PCURVE('',#72,#9286);
#9286 = DEFINITIONAL_REPRESENTATION('',(#9287),#9290);
#9287 = B_SPLINE_CURVE_WITH_KNOTS('',1,(#9288,#9289),.UNSPECIFIED.,.F.,
  .F.,(2,2),(84.5,100.5),.PIECEWISE_BEZIER_KNOTS.);
#9288 = CARTESIAN_POINT('',(155.,185.));
#9289 = CARTESIAN_POINT('',(155.,201.));
#9290 = ( GEOMETRIC_REPRESENTATION_CONTEXT(2) 
PARAMETRIC_REPRESENTATION_CONTEXT() REPRESENTATION_CONTEXT('2D SPACE',''
  ) );
#9291 = PCURVE('',#4892,#9292);
#9292 = DEFINITIONAL_REPRESENTATION('',(#9293),#9296);
#9293 = B_SPLINE_CURVE_WITH_KNOTS('',1,(#9294,#9295),.UNSPECIFIED.,.F.,
  .F.,(2,2),(84.5,100.5),.PIECEWISE_BEZIER_KNOTS.);
#9294 = CARTESIAN_POINT('',(16.,-1.));
#9295 = CARTESIAN_POINT('',(0.,-1.));
#9296 = ( GEOMETRIC_REPRESENTATION_CONTEXT(2) 
PARAMETRIC_REPRESENTATION_CONTEXT() REPRESENTATION_CONTEXT('2D SPACE',''
  ) );
#9297 = ORIENTED_EDGE('',*,*,#9298,.T.);
#9298 = EDGE_CURVE('',#9278,#9234,#9299,.T.);
#9299 = SURFACE_CURVE('',#9300,(#9304,#9310),.PCURVE_S1.);
#9300 = LINE('',#9301,#9302);
#9301 = CARTESIAN_POINT('',(-111.5,68.,10.));
#9302 = VECTOR('',#9303,1.);
#9303 = DIRECTION('',(1.,0.,0.));
#9304 = PCURVE('',#72,#9305);
#9305 = DEFINITIONAL_REPRESENTATION('',(#9306),#9309);
#9306 = B_SPLINE_CURVE_WITH_KNOTS('',1,(#9307,#9308),.UNSPECIFIED.,.F.,
  .F.,(2,2),(69.5,85.5),.PIECEWISE_BEZIER_KNOTS.);
#9307 = CARTESIAN_POINT('',(155.,201.));
#9308 = CARTESIAN_POINT('',(171.,201.));
#9309 = ( GEOMETRIC_REPRESENTATION_CONTEXT(2) 
PARAMETRIC_REPRESENTATION_CONTEXT() REPRESENTATION_CONTEXT('2D SPACE',''
  ) );
#9310 = PCURVE('',#4916,#9311);
#9311 = DEFINITIONAL_REPRESENTATION('',(#9312),#9315);
#9312 = B_SPLINE_CURVE_WITH_KNOTS('',1,(#9313,#9314),.UNSPECIFIED.,.F.,
  .F.,(2,2),(69.5,85.5),.PIECEWISE_BEZIER_KNOTS.);
#9313 = CARTESIAN_POINT('',(16.,-1.));
#9314 = CARTESIAN_POINT('',(0.,-1.));
#9315 = ( GEOMETRIC_REPRESENTATION_CONTEXT(2) 
PARAMETRIC_REPRESENTATION_CONTEXT() REPRESENTATION_CONTEXT('2D SPACE',''
  ) );
#9316 = FACE_BOUND('',#9317,.F.);
#9317 = EDGE_LOOP('',(#9318,#9341,#9362,#9383));
#9318 = ORIENTED_EDGE('',*,*,#9319,.T.);
#9319 = EDGE_CURVE('',#9320,#9322,#9324,.T.);
#9320 = VERTEX_POINT('',#9321);
#9321 = CARTESIAN_POINT('',(-26.,98.,10.));
#9322 = VERTEX_POINT('',#9323);
#9323 = CARTESIAN_POINT('',(-26.,82.,10.));
#9324 = SURFACE_CURVE('',#9325,(#9329,#9335),.PCURVE_S1.);
#9325 = LINE('',#9326,#9327);
#9326 = CARTESIAN_POINT('',(-26.,-25.5,10.));
#9327 = VECTOR('',#9328,1.);
#9328 = DIRECTION('',(0.,-1.,0.));
#9329 = PCURVE('',#72,#9330);
#9330 = DEFINITIONAL_REPRESENTATION('',(#9331),#9334);
#9331 = B_SPLINE_CURVE_WITH_KNOTS('',1,(#9332,#9333),.UNSPECIFIED.,.F.,
  .F.,(2,2),(-123.5,-107.5),.PIECEWISE_BEZIER_KNOTS.);
#9332 = CARTESIAN_POINT('',(171.,231.));
#9333 = CARTESIAN_POINT('',(171.,215.));
#9334 = ( GEOMETRIC_REPRESENTATION_CONTEXT(2) 
PARAMETRIC_REPRESENTATION_CONTEXT() REPRESENTATION_CONTEXT('2D SPACE',''
  ) );
#9335 = PCURVE('',#4946,#9336);
#9336 = DEFINITIONAL_REPRESENTATION('',(#9337),#9340);
#9337 = B_SPLINE_CURVE_WITH_KNOTS('',1,(#9338,#9339),.UNSPECIFIED.,.F.,
  .F.,(2,2),(-123.5,-107.5),.PIECEWISE_BEZIER_KNOTS.);
#9338 = CARTESIAN_POINT('',(16.,-1.));
#9339 = CARTESIAN_POINT('',(0.,-1.));
#9340 = ( GEOMETRIC_REPRESENTATION_CONTEXT(2) 
PARAMETRIC_REPRESENTATION_CONTEXT() REPRESENTATION_CONTEXT('2D SPACE',''
  ) );
#9341 = ORIENTED_EDGE('',*,*,#9342,.T.);
#9342 = EDGE_CURVE('',#9322,#9343,#9345,.T.);
#9343 = VERTEX_POINT('',#9344);
#9344 = CARTESIAN_POINT('',(-42.,82.,10.));
#9345 = SURFACE_CURVE('',#9346,(#9350,#9356),.PCURVE_S1.);
#9346 = LINE('',#9347,#9348);
#9347 = CARTESIAN_POINT('',(-119.5,82.,10.));
#9348 = VECTOR('',#9349,1.);
#9349 = DIRECTION('',(-1.,0.,0.));
#9350 = PCURVE('',#72,#9351);
#9351 = DEFINITIONAL_REPRESENTATION('',(#9352),#9355);
#9352 = B_SPLINE_CURVE_WITH_KNOTS('',1,(#9353,#9354),.UNSPECIFIED.,.F.,
  .F.,(2,2),(-93.5,-77.5),.PIECEWISE_BEZIER_KNOTS.);
#9353 = CARTESIAN_POINT('',(171.,215.));
#9354 = CARTESIAN_POINT('',(155.,215.));
#9355 = ( GEOMETRIC_REPRESENTATION_CONTEXT(2) 
PARAMETRIC_REPRESENTATION_CONTEXT() REPRESENTATION_CONTEXT('2D SPACE',''
  ) );
#9356 = PCURVE('',#4972,#9357);
#9357 = DEFINITIONAL_REPRESENTATION('',(#9358),#9361);
#9358 = B_SPLINE_CURVE_WITH_KNOTS('',1,(#9359,#9360),.UNSPECIFIED.,.F.,
  .F.,(2,2),(-93.5,-77.5),.PIECEWISE_BEZIER_KNOTS.);
#9359 = CARTESIAN_POINT('',(16.,-1.));
#9360 = CARTESIAN_POINT('',(0.,-1.));
#9361 = ( GEOMETRIC_REPRESENTATION_CONTEXT(2) 
PARAMETRIC_REPRESENTATION_CONTEXT() REPRESENTATION_CONTEXT('2D SPACE',''
  ) );
#9362 = ORIENTED_EDGE('',*,*,#9363,.T.);
#9363 = EDGE_CURVE('',#9343,#9364,#9366,.T.);
#9364 = VERTEX_POINT('',#9365);
#9365 = CARTESIAN_POINT('',(-42.,98.,10.));
#9366 = SURFACE_CURVE('',#9367,(#9371,#9377),.PCURVE_S1.);
#9367 = LINE('',#9368,#9369);
#9368 = CARTESIAN_POINT('',(-42.,-17.5,10.));
#9369 = VECTOR('',#9370,1.);
#9370 = DIRECTION('',(0.,1.,0.));
#9371 = PCURVE('',#72,#9372);
#9372 = DEFINITIONAL_REPRESENTATION('',(#9373),#9376);
#9373 = B_SPLINE_CURVE_WITH_KNOTS('',1,(#9374,#9375),.UNSPECIFIED.,.F.,
  .F.,(2,2),(99.5,115.5),.PIECEWISE_BEZIER_KNOTS.);
#9374 = CARTESIAN_POINT('',(155.,215.));
#9375 = CARTESIAN_POINT('',(155.,231.));
#9376 = ( GEOMETRIC_REPRESENTATION_CONTEXT(2) 
PARAMETRIC_REPRESENTATION_CONTEXT() REPRESENTATION_CONTEXT('2D SPACE',''
  ) );
#9377 = PCURVE('',#4998,#9378);
#9378 = DEFINITIONAL_REPRESENTATION('',(#9379),#9382);
#9379 = B_SPLINE_CURVE_WITH_KNOTS('',1,(#9380,#9381),.UNSPECIFIED.,.F.,
  .F.,(2,2),(99.5,115.5),.PIECEWISE_BEZIER_KNOTS.);
#9380 = CARTESIAN_POINT('',(16.,-1.));
#9381 = CARTESIAN_POINT('',(0.,-1.));
#9382 = ( GEOMETRIC_REPRESENTATION_CONTEXT(2) 
PARAMETRIC_REPRESENTATION_CONTEXT() REPRESENTATION_CONTEXT('2D SPACE',''
  ) );
#9383 = ORIENTED_EDGE('',*,*,#9384,.T.);
#9384 = EDGE_CURVE('',#9364,#9320,#9385,.T.);
#9385 = SURFACE_CURVE('',#9386,(#9390,#9396),.PCURVE_S1.);
#9386 = LINE('',#9387,#9388);
#9387 = CARTESIAN_POINT('',(-111.5,98.,10.));
#9388 = VECTOR('',#9389,1.);
#9389 = DIRECTION('',(1.,0.,0.));
#9390 = PCURVE('',#72,#9391);
#9391 = DEFINITIONAL_REPRESENTATION('',(#9392),#9395);
#9392 = B_SPLINE_CURVE_WITH_KNOTS('',1,(#9393,#9394),.UNSPECIFIED.,.F.,
  .F.,(2,2),(69.5,85.5),.PIECEWISE_BEZIER_KNOTS.);
#9393 = CARTESIAN_POINT('',(155.,231.));
#9394 = CARTESIAN_POINT('',(171.,231.));
#9395 = ( GEOMETRIC_REPRESENTATION_CONTEXT(2) 
PARAMETRIC_REPRESENTATION_CONTEXT() REPRESENTATION_CONTEXT('2D SPACE',''
  ) );
#9396 = PCURVE('',#5022,#9397);
#9397 = DEFINITIONAL_REPRESENTATION('',(#9398),#9401);
#9398 = B_SPLINE_CURVE_WITH_KNOTS('',1,(#9399,#9400),.UNSPECIFIED.,.F.,
  .F.,(2,2),(69.5,85.5),.PIECEWISE_BEZIER_KNOTS.);
#9399 = CARTESIAN_POINT('',(16.,-1.));
#9400 = CARTESIAN_POINT('',(0.,-1.));
#9401 = ( GEOMETRIC_REPRESENTATION_CONTEXT(2) 
PARAMETRIC_REPRESENTATION_CONTEXT() REPRESENTATION_CONTEXT('2D SPACE',''
  ) );
#9402 = FACE_BOUND('',#9403,.F.);
#9403 = EDGE_LOOP('',(#9404,#9427,#9448,#9469));
#9404 = ORIENTED_EDGE('',*,*,#9405,.T.);
#9405 = EDGE_CURVE('',#9406,#9408,#9410,.T.);
#9406 = VERTEX_POINT('',#9407);
#9407 = CARTESIAN_POINT('',(4.,68.,10.));
#9408 = VERTEX_POINT('',#9409);
#9409 = CARTESIAN_POINT('',(4.,52.,10.));
#9410 = SURFACE_CURVE('',#9411,(#9415,#9421),.PCURVE_S1.);
#9411 = LINE('',#9412,#9413);
#9412 = CARTESIAN_POINT('',(4.,-40.5,10.));
#9413 = VECTOR('',#9414,1.);
#9414 = DIRECTION('',(0.,-1.,0.));
#9415 = PCURVE('',#72,#9416);
#9416 = DEFINITIONAL_REPRESENTATION('',(#9417),#9420);
#9417 = B_SPLINE_CURVE_WITH_KNOTS('',1,(#9418,#9419),.UNSPECIFIED.,.F.,
  .F.,(2,2),(-108.5,-92.5),.PIECEWISE_BEZIER_KNOTS.);
#9418 = CARTESIAN_POINT('',(201.,201.));
#9419 = CARTESIAN_POINT('',(201.,185.));
#9420 = ( GEOMETRIC_REPRESENTATION_CONTEXT(2) 
PARAMETRIC_REPRESENTATION_CONTEXT() REPRESENTATION_CONTEXT('2D SPACE',''
  ) );
#9421 = PCURVE('',#5052,#9422);
#9422 = DEFINITIONAL_REPRESENTATION('',(#9423),#9426);
#9423 = B_SPLINE_CURVE_WITH_KNOTS('',1,(#9424,#9425),.UNSPECIFIED.,.F.,
  .F.,(2,2),(-108.5,-92.5),.PIECEWISE_BEZIER_KNOTS.);
#9424 = CARTESIAN_POINT('',(16.,-1.));
#9425 = CARTESIAN_POINT('',(0.,-1.));
#9426 = ( GEOMETRIC_REPRESENTATION_CONTEXT(2) 
PARAMETRIC_REPRESENTATION_CONTEXT() REPRESENTATION_CONTEXT('2D SPACE',''
  ) );
#9427 = ORIENTED_EDGE('',*,*,#9428,.T.);
#9428 = EDGE_CURVE('',#9408,#9429,#9431,.T.);
#9429 = VERTEX_POINT('',#9430);
#9430 = CARTESIAN_POINT('',(-12.,52.,10.));
#9431 = SURFACE_CURVE('',#9432,(#9436,#9442),.PCURVE_S1.);
#9432 = LINE('',#9433,#9434);
#9433 = CARTESIAN_POINT('',(-104.5,52.,10.));
#9434 = VECTOR('',#9435,1.);
#9435 = DIRECTION('',(-1.,0.,0.));
#9436 = PCURVE('',#72,#9437);
#9437 = DEFINITIONAL_REPRESENTATION('',(#9438),#9441);
#9438 = B_SPLINE_CURVE_WITH_KNOTS('',1,(#9439,#9440),.UNSPECIFIED.,.F.,
  .F.,(2,2),(-108.5,-92.5),.PIECEWISE_BEZIER_KNOTS.);
#9439 = CARTESIAN_POINT('',(201.,185.));
#9440 = CARTESIAN_POINT('',(185.,185.));
#9441 = ( GEOMETRIC_REPRESENTATION_CONTEXT(2) 
PARAMETRIC_REPRESENTATION_CONTEXT() REPRESENTATION_CONTEXT('2D SPACE',''
  ) );
#9442 = PCURVE('',#5078,#9443);
#9443 = DEFINITIONAL_REPRESENTATION('',(#9444),#9447);
#9444 = B_SPLINE_CURVE_WITH_KNOTS('',1,(#9445,#9446),.UNSPECIFIED.,.F.,
  .F.,(2,2),(-108.5,-92.5),.PIECEWISE_BEZIER_KNOTS.);
#9445 = CARTESIAN_POINT('',(16.,-1.));
#9446 = CARTESIAN_POINT('',(0.,-1.));
#9447 = ( GEOMETRIC_REPRESENTATION_CONTEXT(2) 
PARAMETRIC_REPRESENTATION_CONTEXT() REPRESENTATION_CONTEXT('2D SPACE',''
  ) );
#9448 = ORIENTED_EDGE('',*,*,#9449,.T.);
#9449 = EDGE_CURVE('',#9429,#9450,#9452,.T.);
#9450 = VERTEX_POINT('',#9451);
#9451 = CARTESIAN_POINT('',(-12.,68.,10.));
#9452 = SURFACE_CURVE('',#9453,(#9457,#9463),.PCURVE_S1.);
#9453 = LINE('',#9454,#9455);
#9454 = CARTESIAN_POINT('',(-12.,-32.5,10.));
#9455 = VECTOR('',#9456,1.);
#9456 = DIRECTION('',(0.,1.,0.));
#9457 = PCURVE('',#72,#9458);
#9458 = DEFINITIONAL_REPRESENTATION('',(#9459),#9462);
#9459 = B_SPLINE_CURVE_WITH_KNOTS('',1,(#9460,#9461),.UNSPECIFIED.,.F.,
  .F.,(2,2),(84.5,100.5),.PIECEWISE_BEZIER_KNOTS.);
#9460 = CARTESIAN_POINT('',(185.,185.));
#9461 = CARTESIAN_POINT('',(185.,201.));
#9462 = ( GEOMETRIC_REPRESENTATION_CONTEXT(2) 
PARAMETRIC_REPRESENTATION_CONTEXT() REPRESENTATION_CONTEXT('2D SPACE',''
  ) );
#9463 = PCURVE('',#5104,#9464);
#9464 = DEFINITIONAL_REPRESENTATION('',(#9465),#9468);
#9465 = B_SPLINE_CURVE_WITH_KNOTS('',1,(#9466,#9467),.UNSPECIFIED.,.F.,
  .F.,(2,2),(84.5,100.5),.PIECEWISE_BEZIER_KNOTS.);
#9466 = CARTESIAN_POINT('',(16.,-1.));
#9467 = CARTESIAN_POINT('',(0.,-1.));
#9468 = ( GEOMETRIC_REPRESENTATION_CONTEXT(2) 
PARAMETRIC_REPRESENTATION_CONTEXT() REPRESENTATION_CONTEXT('2D SPACE',''
  ) );
#9469 = ORIENTED_EDGE('',*,*,#9470,.T.);
#9470 = EDGE_CURVE('',#9450,#9406,#9471,.T.);
#9471 = SURFACE_CURVE('',#9472,(#9476,#9482),.PCURVE_S1.);
#9472 = LINE('',#9473,#9474);
#9473 = CARTESIAN_POINT('',(-96.5,68.,10.));
#9474 = VECTOR('',#9475,1.);
#9475 = DIRECTION('',(1.,0.,0.));
#9476 = PCURVE('',#72,#9477);
#9477 = DEFINITIONAL_REPRESENTATION('',(#9478),#9481);
#9478 = B_SPLINE_CURVE_WITH_KNOTS('',1,(#9479,#9480),.UNSPECIFIED.,.F.,
  .F.,(2,2),(84.5,100.5),.PIECEWISE_BEZIER_KNOTS.);
#9479 = CARTESIAN_POINT('',(185.,201.));
#9480 = CARTESIAN_POINT('',(201.,201.));
#9481 = ( GEOMETRIC_REPRESENTATION_CONTEXT(2) 
PARAMETRIC_REPRESENTATION_CONTEXT() REPRESENTATION_CONTEXT('2D SPACE',''
  ) );
#9482 = PCURVE('',#5128,#9483);
#9483 = DEFINITIONAL_REPRESENTATION('',(#9484),#9487);
#9484 = B_SPLINE_CURVE_WITH_KNOTS('',1,(#9485,#9486),.UNSPECIFIED.,.F.,
  .F.,(2,2),(84.5,100.5),.PIECEWISE_BEZIER_KNOTS.);
#9485 = CARTESIAN_POINT('',(16.,-1.));
#9486 = CARTESIAN_POINT('',(0.,-1.));
#9487 = ( GEOMETRIC_REPRESENTATION_CONTEXT(2) 
PARAMETRIC_REPRESENTATION_CONTEXT() REPRESENTATION_CONTEXT('2D SPACE',''
  ) );
#9488 = FACE_BOUND('',#9489,.F.);
#9489 = EDGE_LOOP('',(#9490,#9513,#9534,#9555));
#9490 = ORIENTED_EDGE('',*,*,#9491,.T.);
#9491 = EDGE_CURVE('',#9492,#9494,#9496,.T.);
#9492 = VERTEX_POINT('',#9493);
#9493 = CARTESIAN_POINT('',(34.,68.,10.));
#9494 = VERTEX_POINT('',#9495);
#9495 = CARTESIAN_POINT('',(34.,52.,10.));
#9496 = SURFACE_CURVE('',#9497,(#9501,#9507),.PCURVE_S1.);
#9497 = LINE('',#9498,#9499);
#9498 = CARTESIAN_POINT('',(34.,-40.5,10.));
#9499 = VECTOR('',#9500,1.);
#9500 = DIRECTION('',(0.,-1.,0.));
#9501 = PCURVE('',#72,#9502);
#9502 = DEFINITIONAL_REPRESENTATION('',(#9503),#9506);
#9503 = B_SPLINE_CURVE_WITH_KNOTS('',1,(#9504,#9505),.UNSPECIFIED.,.F.,
  .F.,(2,2),(-108.5,-92.5),.PIECEWISE_BEZIER_KNOTS.);
#9504 = CARTESIAN_POINT('',(231.,201.));
#9505 = CARTESIAN_POINT('',(231.,185.));
#9506 = ( GEOMETRIC_REPRESENTATION_CONTEXT(2) 
PARAMETRIC_REPRESENTATION_CONTEXT() REPRESENTATION_CONTEXT('2D SPACE',''
  ) );
#9507 = PCURVE('',#5158,#9508);
#9508 = DEFINITIONAL_REPRESENTATION('',(#9509),#9512);
#9509 = B_SPLINE_CURVE_WITH_KNOTS('',1,(#9510,#9511),.UNSPECIFIED.,.F.,
  .F.,(2,2),(-108.5,-92.5),.PIECEWISE_BEZIER_KNOTS.);
#9510 = CARTESIAN_POINT('',(16.,-1.));
#9511 = CARTESIAN_POINT('',(0.,-1.));
#9512 = ( GEOMETRIC_REPRESENTATION_CONTEXT(2) 
PARAMETRIC_REPRESENTATION_CONTEXT() REPRESENTATION_CONTEXT('2D SPACE',''
  ) );
#9513 = ORIENTED_EDGE('',*,*,#9514,.T.);
#9514 = EDGE_CURVE('',#9494,#9515,#9517,.T.);
#9515 = VERTEX_POINT('',#9516);
#9516 = CARTESIAN_POINT('',(18.,52.,10.));
#9517 = SURFACE_CURVE('',#9518,(#9522,#9528),.PCURVE_S1.);
#9518 = LINE('',#9519,#9520);
#9519 = CARTESIAN_POINT('',(-89.5,52.,10.));
#9520 = VECTOR('',#9521,1.);
#9521 = DIRECTION('',(-1.,0.,0.));
#9522 = PCURVE('',#72,#9523);
#9523 = DEFINITIONAL_REPRESENTATION('',(#9524),#9527);
#9524 = B_SPLINE_CURVE_WITH_KNOTS('',1,(#9525,#9526),.UNSPECIFIED.,.F.,
  .F.,(2,2),(-123.5,-107.5),.PIECEWISE_BEZIER_KNOTS.);
#9525 = CARTESIAN_POINT('',(231.,185.));
#9526 = CARTESIAN_POINT('',(215.,185.));
#9527 = ( GEOMETRIC_REPRESENTATION_CONTEXT(2) 
PARAMETRIC_REPRESENTATION_CONTEXT() REPRESENTATION_CONTEXT('2D SPACE',''
  ) );
#9528 = PCURVE('',#5184,#9529);
#9529 = DEFINITIONAL_REPRESENTATION('',(#9530),#9533);
#9530 = B_SPLINE_CURVE_WITH_KNOTS('',1,(#9531,#9532),.UNSPECIFIED.,.F.,
  .F.,(2,2),(-123.5,-107.5),.PIECEWISE_BEZIER_KNOTS.);
#9531 = CARTESIAN_POINT('',(16.,-1.));
#9532 = CARTESIAN_POINT('',(0.,-1.));
#9533 = ( GEOMETRIC_REPRESENTATION_CONTEXT(2) 
PARAMETRIC_REPRESENTATION_CONTEXT() REPRESENTATION_CONTEXT('2D SPACE',''
  ) );
#9534 = ORIENTED_EDGE('',*,*,#9535,.T.);
#9535 = EDGE_CURVE('',#9515,#9536,#9538,.T.);
#9536 = VERTEX_POINT('',#9537);
#9537 = CARTESIAN_POINT('',(18.,68.,10.));
#9538 = SURFACE_CURVE('',#9539,(#9543,#9549),.PCURVE_S1.);
#9539 = LINE('',#9540,#9541);
#9540 = CARTESIAN_POINT('',(18.,-32.5,10.));
#9541 = VECTOR('',#9542,1.);
#9542 = DIRECTION('',(0.,1.,0.));
#9543 = PCURVE('',#72,#9544);
#9544 = DEFINITIONAL_REPRESENTATION('',(#9545),#9548);
#9545 = B_SPLINE_CURVE_WITH_KNOTS('',1,(#9546,#9547),.UNSPECIFIED.,.F.,
  .F.,(2,2),(84.5,100.5),.PIECEWISE_BEZIER_KNOTS.);
#9546 = CARTESIAN_POINT('',(215.,185.));
#9547 = CARTESIAN_POINT('',(215.,201.));
#9548 = ( GEOMETRIC_REPRESENTATION_CONTEXT(2) 
PARAMETRIC_REPRESENTATION_CONTEXT() REPRESENTATION_CONTEXT('2D SPACE',''
  ) );
#9549 = PCURVE('',#5210,#9550);
#9550 = DEFINITIONAL_REPRESENTATION('',(#9551),#9554);
#9551 = B_SPLINE_CURVE_WITH_KNOTS('',1,(#9552,#9553),.UNSPECIFIED.,.F.,
  .F.,(2,2),(84.5,100.5),.PIECEWISE_BEZIER_KNOTS.);
#9552 = CARTESIAN_POINT('',(16.,-1.));
#9553 = CARTESIAN_POINT('',(0.,-1.));
#9554 = ( GEOMETRIC_REPRESENTATION_CONTEXT(2) 
PARAMETRIC_REPRESENTATION_CONTEXT() REPRESENTATION_CONTEXT('2D SPACE',''
  ) );
#9555 = ORIENTED_EDGE('',*,*,#9556,.T.);
#9556 = EDGE_CURVE('',#9536,#9492,#9557,.T.);
#9557 = SURFACE_CURVE('',#9558,(#9562,#9568),.PCURVE_S1.);
#9558 = LINE('',#9559,#9560);
#9559 = CARTESIAN_POINT('',(-81.5,68.,10.));
#9560 = VECTOR('',#9561,1.);
#9561 = DIRECTION('',(1.,0.,0.));
#9562 = PCURVE('',#72,#9563);
#9563 = DEFINITIONAL_REPRESENTATION('',(#9564),#9567);
#9564 = B_SPLINE_CURVE_WITH_KNOTS('',1,(#9565,#9566),.UNSPECIFIED.,.F.,
  .F.,(2,2),(99.5,115.5),.PIECEWISE_BEZIER_KNOTS.);
#9565 = CARTESIAN_POINT('',(215.,201.));
#9566 = CARTESIAN_POINT('',(231.,201.));
#9567 = ( GEOMETRIC_REPRESENTATION_CONTEXT(2) 
PARAMETRIC_REPRESENTATION_CONTEXT() REPRESENTATION_CONTEXT('2D SPACE',''
  ) );
#9568 = PCURVE('',#5234,#9569);
#9569 = DEFINITIONAL_REPRESENTATION('',(#9570),#9573);
#9570 = B_SPLINE_CURVE_WITH_KNOTS('',1,(#9571,#9572),.UNSPECIFIED.,.F.,
  .F.,(2,2),(99.5,115.5),.PIECEWISE_BEZIER_KNOTS.);
#9571 = CARTESIAN_POINT('',(16.,-1.));
#9572 = CARTESIAN_POINT('',(0.,-1.));
#9573 = ( GEOMETRIC_REPRESENTATION_CONTEXT(2) 
PARAMETRIC_REPRESENTATION_CONTEXT() REPRESENTATION_CONTEXT('2D SPACE',''
  ) );
#9574 = FACE_BOUND('',#9575,.F.);
#9575 = EDGE_LOOP('',(#9576,#9599,#9620,#9641));
#9576 = ORIENTED_EDGE('',*,*,#9577,.T.);
#9577 = EDGE_CURVE('',#9578,#9580,#9582,.T.);
#9578 = VERTEX_POINT('',#9579);
#9579 = CARTESIAN_POINT('',(4.,98.,10.));
#9580 = VERTEX_POINT('',#9581);
#9581 = CARTESIAN_POINT('',(4.,82.,10.));
#9582 = SURFACE_CURVE('',#9583,(#9587,#9593),.PCURVE_S1.);
#9583 = LINE('',#9584,#9585);
#9584 = CARTESIAN_POINT('',(4.,-25.5,10.));
#9585 = VECTOR('',#9586,1.);
#9586 = DIRECTION('',(0.,-1.,0.));
#9587 = PCURVE('',#72,#9588);
#9588 = DEFINITIONAL_REPRESENTATION('',(#9589),#9592);
#9589 = B_SPLINE_CURVE_WITH_KNOTS('',1,(#9590,#9591),.UNSPECIFIED.,.F.,
  .F.,(2,2),(-123.5,-107.5),.PIECEWISE_BEZIER_KNOTS.);
#9590 = CARTESIAN_POINT('',(201.,231.));
#9591 = CARTESIAN_POINT('',(201.,215.));
#9592 = ( GEOMETRIC_REPRESENTATION_CONTEXT(2) 
PARAMETRIC_REPRESENTATION_CONTEXT() REPRESENTATION_CONTEXT('2D SPACE',''
  ) );
#9593 = PCURVE('',#5264,#9594);
#9594 = DEFINITIONAL_REPRESENTATION('',(#9595),#9598);
#9595 = B_SPLINE_CURVE_WITH_KNOTS('',1,(#9596,#9597),.UNSPECIFIED.,.F.,
  .F.,(2,2),(-123.5,-107.5),.PIECEWISE_BEZIER_KNOTS.);
#9596 = CARTESIAN_POINT('',(16.,-1.));
#9597 = CARTESIAN_POINT('',(0.,-1.));
#9598 = ( GEOMETRIC_REPRESENTATION_CONTEXT(2) 
PARAMETRIC_REPRESENTATION_CONTEXT() REPRESENTATION_CONTEXT('2D SPACE',''
  ) );
#9599 = ORIENTED_EDGE('',*,*,#9600,.T.);
#9600 = EDGE_CURVE('',#9580,#9601,#9603,.T.);
#9601 = VERTEX_POINT('',#9602);
#9602 = CARTESIAN_POINT('',(-12.,82.,10.));
#9603 = SURFACE_CURVE('',#9604,(#9608,#9614),.PCURVE_S1.);
#9604 = LINE('',#9605,#9606);
#9605 = CARTESIAN_POINT('',(-104.5,82.,10.));
#9606 = VECTOR('',#9607,1.);
#9607 = DIRECTION('',(-1.,0.,0.));
#9608 = PCURVE('',#72,#9609);
#9609 = DEFINITIONAL_REPRESENTATION('',(#9610),#9613);
#9610 = B_SPLINE_CURVE_WITH_KNOTS('',1,(#9611,#9612),.UNSPECIFIED.,.F.,
  .F.,(2,2),(-108.5,-92.5),.PIECEWISE_BEZIER_KNOTS.);
#9611 = CARTESIAN_POINT('',(201.,215.));
#9612 = CARTESIAN_POINT('',(185.,215.));
#9613 = ( GEOMETRIC_REPRESENTATION_CONTEXT(2) 
PARAMETRIC_REPRESENTATION_CONTEXT() REPRESENTATION_CONTEXT('2D SPACE',''
  ) );
#9614 = PCURVE('',#5290,#9615);
#9615 = DEFINITIONAL_REPRESENTATION('',(#9616),#9619);
#9616 = B_SPLINE_CURVE_WITH_KNOTS('',1,(#9617,#9618),.UNSPECIFIED.,.F.,
  .F.,(2,2),(-108.5,-92.5),.PIECEWISE_BEZIER_KNOTS.);
#9617 = CARTESIAN_POINT('',(16.,-1.));
#9618 = CARTESIAN_POINT('',(0.,-1.));
#9619 = ( GEOMETRIC_REPRESENTATION_CONTEXT(2) 
PARAMETRIC_REPRESENTATION_CONTEXT() REPRESENTATION_CONTEXT('2D SPACE',''
  ) );
#9620 = ORIENTED_EDGE('',*,*,#9621,.T.);
#9621 = EDGE_CURVE('',#9601,#9622,#9624,.T.);
#9622 = VERTEX_POINT('',#9623);
#9623 = CARTESIAN_POINT('',(-12.,98.,10.));
#9624 = SURFACE_CURVE('',#9625,(#9629,#9635),.PCURVE_S1.);
#9625 = LINE('',#9626,#9627);
#9626 = CARTESIAN_POINT('',(-12.,-17.5,10.));
#9627 = VECTOR('',#9628,1.);
#9628 = DIRECTION('',(0.,1.,0.));
#9629 = PCURVE('',#72,#9630);
#9630 = DEFINITIONAL_REPRESENTATION('',(#9631),#9634);
#9631 = B_SPLINE_CURVE_WITH_KNOTS('',1,(#9632,#9633),.UNSPECIFIED.,.F.,
  .F.,(2,2),(99.5,115.5),.PIECEWISE_BEZIER_KNOTS.);
#9632 = CARTESIAN_POINT('',(185.,215.));
#9633 = CARTESIAN_POINT('',(185.,231.));
#9634 = ( GEOMETRIC_REPRESENTATION_CONTEXT(2) 
PARAMETRIC_REPRESENTATION_CONTEXT() REPRESENTATION_CONTEXT('2D SPACE',''
  ) );
#9635 = PCURVE('',#5316,#9636);
#9636 = DEFINITIONAL_REPRESENTATION('',(#9637),#9640);
#9637 = B_SPLINE_CURVE_WITH_KNOTS('',1,(#9638,#9639),.UNSPECIFIED.,.F.,
  .F.,(2,2),(99.5,115.5),.PIECEWISE_BEZIER_KNOTS.);
#9638 = CARTESIAN_POINT('',(16.,-1.));
#9639 = CARTESIAN_POINT('',(0.,-1.));
#9640 = ( GEOMETRIC_REPRESENTATION_CONTEXT(2) 
PARAMETRIC_REPRESENTATION_CONTEXT() REPRESENTATION_CONTEXT('2D SPACE',''
  ) );
#9641 = ORIENTED_EDGE('',*,*,#9642,.T.);
#9642 = EDGE_CURVE('',#9622,#9578,#9643,.T.);
#9643 = SURFACE_CURVE('',#9644,(#9648,#9654),.PCURVE_S1.);
#9644 = LINE('',#9645,#9646);
#9645 = CARTESIAN_POINT('',(-96.5,98.,10.));
#9646 = VECTOR('',#9647,1.);
#9647 = DIRECTION('',(1.,0.,0.));
#9648 = PCURVE('',#72,#9649);
#9649 = DEFINITIONAL_REPRESENTATION('',(#9650),#9653);
#9650 = B_SPLINE_CURVE_WITH_KNOTS('',1,(#9651,#9652),.UNSPECIFIED.,.F.,
  .F.,(2,2),(84.5,100.5),.PIECEWISE_BEZIER_KNOTS.);
#9651 = CARTESIAN_POINT('',(185.,231.));
#9652 = CARTESIAN_POINT('',(201.,231.));
#9653 = ( GEOMETRIC_REPRESENTATION_CONTEXT(2) 
PARAMETRIC_REPRESENTATION_CONTEXT() REPRESENTATION_CONTEXT('2D SPACE',''
  ) );
#9654 = PCURVE('',#5340,#9655);
#9655 = DEFINITIONAL_REPRESENTATION('',(#9656),#9659);
#9656 = B_SPLINE_CURVE_WITH_KNOTS('',1,(#9657,#9658),.UNSPECIFIED.,.F.,
  .F.,(2,2),(84.5,100.5),.PIECEWISE_BEZIER_KNOTS.);
#9657 = CARTESIAN_POINT('',(16.,-1.));
#9658 = CARTESIAN_POINT('',(0.,-1.));
#9659 = ( GEOMETRIC_REPRESENTATION_CONTEXT(2) 
PARAMETRIC_REPRESENTATION_CONTEXT() REPRESENTATION_CONTEXT('2D SPACE',''
  ) );
#9660 = FACE_BOUND('',#9661,.F.);
#9661 = EDGE_LOOP('',(#9662,#9685,#9706,#9727));
#9662 = ORIENTED_EDGE('',*,*,#9663,.T.);
#9663 = EDGE_CURVE('',#9664,#9666,#9668,.T.);
#9664 = VERTEX_POINT('',#9665);
#9665 = CARTESIAN_POINT('',(34.,98.,10.));
#9666 = VERTEX_POINT('',#9667);
#9667 = CARTESIAN_POINT('',(34.,82.,10.));
#9668 = SURFACE_CURVE('',#9669,(#9673,#9679),.PCURVE_S1.);
#9669 = LINE('',#9670,#9671);
#9670 = CARTESIAN_POINT('',(34.,-25.5,10.));
#9671 = VECTOR('',#9672,1.);
#9672 = DIRECTION('',(0.,-1.,0.));
#9673 = PCURVE('',#72,#9674);
#9674 = DEFINITIONAL_REPRESENTATION('',(#9675),#9678);
#9675 = B_SPLINE_CURVE_WITH_KNOTS('',1,(#9676,#9677),.UNSPECIFIED.,.F.,
  .F.,(2,2),(-123.5,-107.5),.PIECEWISE_BEZIER_KNOTS.);
#9676 = CARTESIAN_POINT('',(231.,231.));
#9677 = CARTESIAN_POINT('',(231.,215.));
#9678 = ( GEOMETRIC_REPRESENTATION_CONTEXT(2) 
PARAMETRIC_REPRESENTATION_CONTEXT() REPRESENTATION_CONTEXT('2D SPACE',''
  ) );
#9679 = PCURVE('',#5370,#9680);
#9680 = DEFINITIONAL_REPRESENTATION('',(#9681),#9684);
#9681 = B_SPLINE_CURVE_WITH_KNOTS('',1,(#9682,#9683),.UNSPECIFIED.,.F.,
  .F.,(2,2),(-123.5,-107.5),.PIECEWISE_BEZIER_KNOTS.);
#9682 = CARTESIAN_POINT('',(16.,-1.));
#9683 = CARTESIAN_POINT('',(0.,-1.));
#9684 = ( GEOMETRIC_REPRESENTATION_CONTEXT(2) 
PARAMETRIC_REPRESENTATION_CONTEXT() REPRESENTATION_CONTEXT('2D SPACE',''
  ) );
#9685 = ORIENTED_EDGE('',*,*,#9686,.T.);
#9686 = EDGE_CURVE('',#9666,#9687,#9689,.T.);
#9687 = VERTEX_POINT('',#9688);
#9688 = CARTESIAN_POINT('',(18.,82.,10.));
#9689 = SURFACE_CURVE('',#9690,(#9694,#9700),.PCURVE_S1.);
#9690 = LINE('',#9691,#9692);
#9691 = CARTESIAN_POINT('',(-89.5,82.,10.));
#9692 = VECTOR('',#9693,1.);
#9693 = DIRECTION('',(-1.,0.,0.));
#9694 = PCURVE('',#72,#9695);
#9695 = DEFINITIONAL_REPRESENTATION('',(#9696),#9699);
#9696 = B_SPLINE_CURVE_WITH_KNOTS('',1,(#9697,#9698),.UNSPECIFIED.,.F.,
  .F.,(2,2),(-123.5,-107.5),.PIECEWISE_BEZIER_KNOTS.);
#9697 = CARTESIAN_POINT('',(231.,215.));
#9698 = CARTESIAN_POINT('',(215.,215.));
#9699 = ( GEOMETRIC_REPRESENTATION_CONTEXT(2) 
PARAMETRIC_REPRESENTATION_CONTEXT() REPRESENTATION_CONTEXT('2D SPACE',''
  ) );
#9700 = PCURVE('',#5396,#9701);
#9701 = DEFINITIONAL_REPRESENTATION('',(#9702),#9705);
#9702 = B_SPLINE_CURVE_WITH_KNOTS('',1,(#9703,#9704),.UNSPECIFIED.,.F.,
  .F.,(2,2),(-123.5,-107.5),.PIECEWISE_BEZIER_KNOTS.);
#9703 = CARTESIAN_POINT('',(16.,-1.));
#9704 = CARTESIAN_POINT('',(0.,-1.));
#9705 = ( GEOMETRIC_REPRESENTATION_CONTEXT(2) 
PARAMETRIC_REPRESENTATION_CONTEXT() REPRESENTATION_CONTEXT('2D SPACE',''
  ) );
#9706 = ORIENTED_EDGE('',*,*,#9707,.T.);
#9707 = EDGE_CURVE('',#9687,#9708,#9710,.T.);
#9708 = VERTEX_POINT('',#9709);
#9709 = CARTESIAN_POINT('',(18.,98.,10.));
#9710 = SURFACE_CURVE('',#9711,(#9715,#9721),.PCURVE_S1.);
#9711 = LINE('',#9712,#9713);
#9712 = CARTESIAN_POINT('',(18.,-17.5,10.));
#9713 = VECTOR('',#9714,1.);
#9714 = DIRECTION('',(0.,1.,0.));
#9715 = PCURVE('',#72,#9716);
#9716 = DEFINITIONAL_REPRESENTATION('',(#9717),#9720);
#9717 = B_SPLINE_CURVE_WITH_KNOTS('',1,(#9718,#9719),.UNSPECIFIED.,.F.,
  .F.,(2,2),(99.5,115.5),.PIECEWISE_BEZIER_KNOTS.);
#9718 = CARTESIAN_POINT('',(215.,215.));
#9719 = CARTESIAN_POINT('',(215.,231.));
#9720 = ( GEOMETRIC_REPRESENTATION_CONTEXT(2) 
PARAMETRIC_REPRESENTATION_CONTEXT() REPRESENTATION_CONTEXT('2D SPACE',''
  ) );
#9721 = PCURVE('',#5422,#9722);
#9722 = DEFINITIONAL_REPRESENTATION('',(#9723),#9726);
#9723 = B_SPLINE_CURVE_WITH_KNOTS('',1,(#9724,#9725),.UNSPECIFIED.,.F.,
  .F.,(2,2),(99.5,115.5),.PIECEWISE_BEZIER_KNOTS.);
#9724 = CARTESIAN_POINT('',(16.,-1.));
#9725 = CARTESIAN_POINT('',(0.,-1.));
#9726 = ( GEOMETRIC_REPRESENTATION_CONTEXT(2) 
PARAMETRIC_REPRESENTATION_CONTEXT() REPRESENTATION_CONTEXT('2D SPACE',''
  ) );
#9727 = ORIENTED_EDGE('',*,*,#9728,.T.);
#9728 = EDGE_CURVE('',#9708,#9664,#9729,.T.);
#9729 = SURFACE_CURVE('',#9730,(#9734,#9740),.PCURVE_S1.);
#9730 = LINE('',#9731,#9732);
#9731 = CARTESIAN_POINT('',(-81.5,98.,10.));
#9732 = VECTOR('',#9733,1.);
#9733 = DIRECTION('',(1.,0.,0.));
#9734 = PCURVE('',#72,#9735);
#9735 = DEFINITIONAL_REPRESENTATION('',(#9736),#9739);
#9736 = B_SPLINE_CURVE_WITH_KNOTS('',1,(#9737,#9738),.UNSPECIFIED.,.F.,
  .F.,(2,2),(99.5,115.5),.PIECEWISE_BEZIER_KNOTS.);
#9737 = CARTESIAN_POINT('',(215.,231.));
#9738 = CARTESIAN_POINT('',(231.,231.));
#9739 = ( GEOMETRIC_REPRESENTATION_CONTEXT(2) 
PARAMETRIC_REPRESENTATION_CONTEXT() REPRESENTATION_CONTEXT('2D SPACE',''
  ) );
#9740 = PCURVE('',#5446,#9741);
#9741 = DEFINITIONAL_REPRESENTATION('',(#9742),#9745);
#9742 = B_SPLINE_CURVE_WITH_KNOTS('',1,(#9743,#9744),.UNSPECIFIED.,.F.,
  .F.,(2,2),(99.5,115.5),.PIECEWISE_BEZIER_KNOTS.);
#9743 = CARTESIAN_POINT('',(16.,-1.));
#9744 = CARTESIAN_POINT('',(0.,-1.));
#9745 = ( GEOMETRIC_REPRESENTATION_CONTEXT(2) 
PARAMETRIC_REPRESENTATION_CONTEXT() REPRESENTATION_CONTEXT('2D SPACE',''
  ) );
#9746 = ADVANCED_FACE('',(#9747),#202,.T.);
#9747 = FACE_BOUND('',#9748,.T.);
#9748 = EDGE_LOOP('',(#9749,#9750,#9751,#9752));
#9749 = ORIENTED_EDGE('',*,*,#188,.F.);
#9750 = ORIENTED_EDGE('',*,*,#5511,.T.);
#9751 = ORIENTED_EDGE('',*,*,#5485,.T.);
#9752 = ORIENTED_EDGE('',*,*,#219,.F.);
#9753 = ADVANCED_FACE('',(#9754),#282,.T.);
#9754 = FACE_BOUND('',#9755,.T.);
#9755 = EDGE_LOOP('',(#9756,#9757,#9778,#9779));
#9756 = ORIENTED_EDGE('',*,*,#5535,.T.);
#9757 = ORIENTED_EDGE('',*,*,#9758,.T.);
#9758 = EDGE_CURVE('',#5538,#268,#9759,.T.);
#9759 = SURFACE_CURVE('',#9760,(#9764,#9771),.PCURVE_S1.);
#9760 = LINE('',#9761,#9762);
#9761 = CARTESIAN_POINT('',(-146.,-98.,9.));
#9762 = VECTOR('',#9763,1.);
#9763 = DIRECTION('',(0.,0.,1.));
#9764 = PCURVE('',#282,#9765);
#9765 = DEFINITIONAL_REPRESENTATION('',(#9766),#9770);
#9766 = LINE('',#9767,#9768);
#9767 = CARTESIAN_POINT('',(0.,0.));
#9768 = VECTOR('',#9769,1.);
#9769 = DIRECTION('',(0.,-1.));
#9770 = ( GEOMETRIC_REPRESENTATION_CONTEXT(2) 
PARAMETRIC_REPRESENTATION_CONTEXT() REPRESENTATION_CONTEXT('2D SPACE',''
  ) );
#9771 = PCURVE('',#308,#9772);
#9772 = DEFINITIONAL_REPRESENTATION('',(#9773),#9777);
#9773 = LINE('',#9774,#9775);
#9774 = CARTESIAN_POINT('',(16.,0.));
#9775 = VECTOR('',#9776,1.);
#9776 = DIRECTION('',(0.,-1.));
#9777 = ( GEOMETRIC_REPRESENTATION_CONTEXT(2) 
PARAMETRIC_REPRESENTATION_CONTEXT() REPRESENTATION_CONTEXT('2D SPACE',''
  ) );
#9778 = ORIENTED_EDGE('',*,*,#265,.F.);
#9779 = ORIENTED_EDGE('',*,*,#9780,.F.);
#9780 = EDGE_CURVE('',#5536,#266,#9781,.T.);
#9781 = SURFACE_CURVE('',#9782,(#9786,#9793),.PCURVE_S1.);
#9782 = LINE('',#9783,#9784);
#9783 = CARTESIAN_POINT('',(-146.,-82.,9.));
#9784 = VECTOR('',#9785,1.);
#9785 = DIRECTION('',(0.,0.,1.));
#9786 = PCURVE('',#282,#9787);
#9787 = DEFINITIONAL_REPRESENTATION('',(#9788),#9792);
#9788 = LINE('',#9789,#9790);
#9789 = CARTESIAN_POINT('',(16.,0.));
#9790 = VECTOR('',#9791,1.);
#9791 = DIRECTION('',(0.,-1.));
#9792 = ( GEOMETRIC_REPRESENTATION_CONTEXT(2) 
PARAMETRIC_REPRESENTATION_CONTEXT() REPRESENTATION_CONTEXT('2D SPACE',''
  ) );
#9793 = PCURVE('',#358,#9794);
#9794 = DEFINITIONAL_REPRESENTATION('',(#9795),#9799);
#9795 = LINE('',#9796,#9797);
#9796 = CARTESIAN_POINT('',(0.,-0.));
#9797 = VECTOR('',#9798,1.);
#9798 = DIRECTION('',(0.,-1.));
#9799 = ( GEOMETRIC_REPRESENTATION_CONTEXT(2) 
PARAMETRIC_REPRESENTATION_CONTEXT() REPRESENTATION_CONTEXT('2D SPACE',''
  ) );
#9800 = ADVANCED_FACE('',(#9801),#358,.T.);
#9801 = FACE_BOUND('',#9802,.T.);
#9802 = EDGE_LOOP('',(#9803,#9804,#9805,#9806));
#9803 = ORIENTED_EDGE('',*,*,#5600,.T.);
#9804 = ORIENTED_EDGE('',*,*,#9780,.T.);
#9805 = ORIENTED_EDGE('',*,*,#345,.F.);
#9806 = ORIENTED_EDGE('',*,*,#9807,.F.);
#9807 = EDGE_CURVE('',#5580,#320,#9808,.T.);
#9808 = SURFACE_CURVE('',#9809,(#9813,#9820),.PCURVE_S1.);
#9809 = LINE('',#9810,#9811);
#9810 = CARTESIAN_POINT('',(-162.,-82.,9.));
#9811 = VECTOR('',#9812,1.);
#9812 = DIRECTION('',(0.,0.,1.));
#9813 = PCURVE('',#358,#9814);
#9814 = DEFINITIONAL_REPRESENTATION('',(#9815),#9819);
#9815 = LINE('',#9816,#9817);
#9816 = CARTESIAN_POINT('',(16.,0.));
#9817 = VECTOR('',#9818,1.);
#9818 = DIRECTION('',(0.,-1.));
#9819 = ( GEOMETRIC_REPRESENTATION_CONTEXT(2) 
PARAMETRIC_REPRESENTATION_CONTEXT() REPRESENTATION_CONTEXT('2D SPACE',''
  ) );
#9820 = PCURVE('',#334,#9821);
#9821 = DEFINITIONAL_REPRESENTATION('',(#9822),#9826);
#9822 = LINE('',#9823,#9824);
#9823 = CARTESIAN_POINT('',(0.,0.));
#9824 = VECTOR('',#9825,1.);
#9825 = DIRECTION('',(0.,-1.));
#9826 = ( GEOMETRIC_REPRESENTATION_CONTEXT(2) 
PARAMETRIC_REPRESENTATION_CONTEXT() REPRESENTATION_CONTEXT('2D SPACE',''
  ) );
#9827 = ADVANCED_FACE('',(#9828),#334,.T.);
#9828 = FACE_BOUND('',#9829,.T.);
#9829 = EDGE_LOOP('',(#9830,#9831,#9832,#9833));
#9830 = ORIENTED_EDGE('',*,*,#5579,.T.);
#9831 = ORIENTED_EDGE('',*,*,#9807,.T.);
#9832 = ORIENTED_EDGE('',*,*,#319,.F.);
#9833 = ORIENTED_EDGE('',*,*,#9834,.F.);
#9834 = EDGE_CURVE('',#5559,#294,#9835,.T.);
#9835 = SURFACE_CURVE('',#9836,(#9840,#9847),.PCURVE_S1.);
#9836 = LINE('',#9837,#9838);
#9837 = CARTESIAN_POINT('',(-162.,-98.,9.));
#9838 = VECTOR('',#9839,1.);
#9839 = DIRECTION('',(0.,0.,1.));
#9840 = PCURVE('',#334,#9841);
#9841 = DEFINITIONAL_REPRESENTATION('',(#9842),#9846);
#9842 = LINE('',#9843,#9844);
#9843 = CARTESIAN_POINT('',(16.,0.));
#9844 = VECTOR('',#9845,1.);
#9845 = DIRECTION('',(0.,-1.));
#9846 = ( GEOMETRIC_REPRESENTATION_CONTEXT(2) 
PARAMETRIC_REPRESENTATION_CONTEXT() REPRESENTATION_CONTEXT('2D SPACE',''
  ) );
#9847 = PCURVE('',#308,#9848);
#9848 = DEFINITIONAL_REPRESENTATION('',(#9849),#9853);
#9849 = LINE('',#9850,#9851);
#9850 = CARTESIAN_POINT('',(0.,0.));
#9851 = VECTOR('',#9852,1.);
#9852 = DIRECTION('',(0.,-1.));
#9853 = ( GEOMETRIC_REPRESENTATION_CONTEXT(2) 
PARAMETRIC_REPRESENTATION_CONTEXT() REPRESENTATION_CONTEXT('2D SPACE',''
  ) );
#9854 = ADVANCED_FACE('',(#9855),#308,.T.);
#9855 = FACE_BOUND('',#9856,.T.);
#9856 = EDGE_LOOP('',(#9857,#9858,#9859,#9860));
#9857 = ORIENTED_EDGE('',*,*,#5558,.T.);
#9858 = ORIENTED_EDGE('',*,*,#9834,.T.);
#9859 = ORIENTED_EDGE('',*,*,#293,.F.);
#9860 = ORIENTED_EDGE('',*,*,#9758,.F.);
#9861 = ADVANCED_FACE('',(#9862),#388,.T.);
#9862 = FACE_BOUND('',#9863,.T.);
#9863 = EDGE_LOOP('',(#9864,#9865,#9886,#9887));
#9864 = ORIENTED_EDGE('',*,*,#5621,.T.);
#9865 = ORIENTED_EDGE('',*,*,#9866,.T.);
#9866 = EDGE_CURVE('',#5624,#374,#9867,.T.);
#9867 = SURFACE_CURVE('',#9868,(#9872,#9879),.PCURVE_S1.);
#9868 = LINE('',#9869,#9870);
#9869 = CARTESIAN_POINT('',(-116.,-98.,9.));
#9870 = VECTOR('',#9871,1.);
#9871 = DIRECTION('',(0.,0.,1.));
#9872 = PCURVE('',#388,#9873);
#9873 = DEFINITIONAL_REPRESENTATION('',(#9874),#9878);
#9874 = LINE('',#9875,#9876);
#9875 = CARTESIAN_POINT('',(0.,0.));
#9876 = VECTOR('',#9877,1.);
#9877 = DIRECTION('',(0.,-1.));
#9878 = ( GEOMETRIC_REPRESENTATION_CONTEXT(2) 
PARAMETRIC_REPRESENTATION_CONTEXT() REPRESENTATION_CONTEXT('2D SPACE',''
  ) );
#9879 = PCURVE('',#414,#9880);
#9880 = DEFINITIONAL_REPRESENTATION('',(#9881),#9885);
#9881 = LINE('',#9882,#9883);
#9882 = CARTESIAN_POINT('',(16.,0.));
#9883 = VECTOR('',#9884,1.);
#9884 = DIRECTION('',(0.,-1.));
#9885 = ( GEOMETRIC_REPRESENTATION_CONTEXT(2) 
PARAMETRIC_REPRESENTATION_CONTEXT() REPRESENTATION_CONTEXT('2D SPACE',''
  ) );
#9886 = ORIENTED_EDGE('',*,*,#371,.F.);
#9887 = ORIENTED_EDGE('',*,*,#9888,.F.);
#9888 = EDGE_CURVE('',#5622,#372,#9889,.T.);
#9889 = SURFACE_CURVE('',#9890,(#9894,#9901),.PCURVE_S1.);
#9890 = LINE('',#9891,#9892);
#9891 = CARTESIAN_POINT('',(-116.,-82.,9.));
#9892 = VECTOR('',#9893,1.);
#9893 = DIRECTION('',(0.,0.,1.));
#9894 = PCURVE('',#388,#9895);
#9895 = DEFINITIONAL_REPRESENTATION('',(#9896),#9900);
#9896 = LINE('',#9897,#9898);
#9897 = CARTESIAN_POINT('',(16.,0.));
#9898 = VECTOR('',#9899,1.);
#9899 = DIRECTION('',(0.,-1.));
#9900 = ( GEOMETRIC_REPRESENTATION_CONTEXT(2) 
PARAMETRIC_REPRESENTATION_CONTEXT() REPRESENTATION_CONTEXT('2D SPACE',''
  ) );
#9901 = PCURVE('',#464,#9902);
#9902 = DEFINITIONAL_REPRESENTATION('',(#9903),#9907);
#9903 = LINE('',#9904,#9905);
#9904 = CARTESIAN_POINT('',(0.,-0.));
#9905 = VECTOR('',#9906,1.);
#9906 = DIRECTION('',(0.,-1.));
#9907 = ( GEOMETRIC_REPRESENTATION_CONTEXT(2) 
PARAMETRIC_REPRESENTATION_CONTEXT() REPRESENTATION_CONTEXT('2D SPACE',''
  ) );
#9908 = ADVANCED_FACE('',(#9909),#464,.T.);
#9909 = FACE_BOUND('',#9910,.T.);
#9910 = EDGE_LOOP('',(#9911,#9912,#9913,#9914));
#9911 = ORIENTED_EDGE('',*,*,#5686,.T.);
#9912 = ORIENTED_EDGE('',*,*,#9888,.T.);
#9913 = ORIENTED_EDGE('',*,*,#451,.F.);
#9914 = ORIENTED_EDGE('',*,*,#9915,.F.);
#9915 = EDGE_CURVE('',#5666,#426,#9916,.T.);
#9916 = SURFACE_CURVE('',#9917,(#9921,#9928),.PCURVE_S1.);
#9917 = LINE('',#9918,#9919);
#9918 = CARTESIAN_POINT('',(-132.,-82.,9.));
#9919 = VECTOR('',#9920,1.);
#9920 = DIRECTION('',(0.,0.,1.));
#9921 = PCURVE('',#464,#9922);
#9922 = DEFINITIONAL_REPRESENTATION('',(#9923),#9927);
#9923 = LINE('',#9924,#9925);
#9924 = CARTESIAN_POINT('',(16.,0.));
#9925 = VECTOR('',#9926,1.);
#9926 = DIRECTION('',(0.,-1.));
#9927 = ( GEOMETRIC_REPRESENTATION_CONTEXT(2) 
PARAMETRIC_REPRESENTATION_CONTEXT() REPRESENTATION_CONTEXT('2D SPACE',''
  ) );
#9928 = PCURVE('',#440,#9929);
#9929 = DEFINITIONAL_REPRESENTATION('',(#9930),#9934);
#9930 = LINE('',#9931,#9932);
#9931 = CARTESIAN_POINT('',(0.,0.));
#9932 = VECTOR('',#9933,1.);
#9933 = DIRECTION('',(0.,-1.));
#9934 = ( GEOMETRIC_REPRESENTATION_CONTEXT(2) 
PARAMETRIC_REPRESENTATION_CONTEXT() REPRESENTATION_CONTEXT('2D SPACE',''
  ) );
#9935 = ADVANCED_FACE('',(#9936),#440,.T.);
#9936 = FACE_BOUND('',#9937,.T.);
#9937 = EDGE_LOOP('',(#9938,#9939,#9940,#9941));
#9938 = ORIENTED_EDGE('',*,*,#5665,.T.);
#9939 = ORIENTED_EDGE('',*,*,#9915,.T.);
#9940 = ORIENTED_EDGE('',*,*,#425,.F.);
#9941 = ORIENTED_EDGE('',*,*,#9942,.F.);
#9942 = EDGE_CURVE('',#5645,#400,#9943,.T.);
#9943 = SURFACE_CURVE('',#9944,(#9948,#9955),.PCURVE_S1.);
#9944 = LINE('',#9945,#9946);
#9945 = CARTESIAN_POINT('',(-132.,-98.,9.));
#9946 = VECTOR('',#9947,1.);
#9947 = DIRECTION('',(0.,0.,1.));
#9948 = PCURVE('',#440,#9949);
#9949 = DEFINITIONAL_REPRESENTATION('',(#9950),#9954);
#9950 = LINE('',#9951,#9952);
#9951 = CARTESIAN_POINT('',(16.,0.));
#9952 = VECTOR('',#9953,1.);
#9953 = DIRECTION('',(0.,-1.));
#9954 = ( GEOMETRIC_REPRESENTATION_CONTEXT(2) 
PARAMETRIC_REPRESENTATION_CONTEXT() REPRESENTATION_CONTEXT('2D SPACE',''
  ) );
#9955 = PCURVE('',#414,#9956);
#9956 = DEFINITIONAL_REPRESENTATION('',(#9957),#9961);
#9957 = LINE('',#9958,#9959);
#9958 = CARTESIAN_POINT('',(0.,0.));
#9959 = VECTOR('',#9960,1.);
#9960 = DIRECTION('',(0.,-1.));
#9961 = ( GEOMETRIC_REPRESENTATION_CONTEXT(2) 
PARAMETRIC_REPRESENTATION_CONTEXT() REPRESENTATION_CONTEXT('2D SPACE',''
  ) );
#9962 = ADVANCED_FACE('',(#9963),#414,.T.);
#9963 = FACE_BOUND('',#9964,.T.);
#9964 = EDGE_LOOP('',(#9965,#9966,#9967,#9968));
#9965 = ORIENTED_EDGE('',*,*,#5644,.T.);
#9966 = ORIENTED_EDGE('',*,*,#9942,.T.);
#9967 = ORIENTED_EDGE('',*,*,#399,.F.);
#9968 = ORIENTED_EDGE('',*,*,#9866,.F.);
#9969 = ADVANCED_FACE('',(#9970),#494,.T.);
#9970 = FACE_BOUND('',#9971,.T.);
#9971 = EDGE_LOOP('',(#9972,#9973,#9994,#9995));
#9972 = ORIENTED_EDGE('',*,*,#5707,.T.);
#9973 = ORIENTED_EDGE('',*,*,#9974,.T.);
#9974 = EDGE_CURVE('',#5710,#480,#9975,.T.);
#9975 = SURFACE_CURVE('',#9976,(#9980,#9987),.PCURVE_S1.);
#9976 = LINE('',#9977,#9978);
#9977 = CARTESIAN_POINT('',(-146.,-68.,9.));
#9978 = VECTOR('',#9979,1.);
#9979 = DIRECTION('',(0.,0.,1.));
#9980 = PCURVE('',#494,#9981);
#9981 = DEFINITIONAL_REPRESENTATION('',(#9982),#9986);
#9982 = LINE('',#9983,#9984);
#9983 = CARTESIAN_POINT('',(0.,0.));
#9984 = VECTOR('',#9985,1.);
#9985 = DIRECTION('',(0.,-1.));
#9986 = ( GEOMETRIC_REPRESENTATION_CONTEXT(2) 
PARAMETRIC_REPRESENTATION_CONTEXT() REPRESENTATION_CONTEXT('2D SPACE',''
  ) );
#9987 = PCURVE('',#520,#9988);
#9988 = DEFINITIONAL_REPRESENTATION('',(#9989),#9993);
#9989 = LINE('',#9990,#9991);
#9990 = CARTESIAN_POINT('',(16.,0.));
#9991 = VECTOR('',#9992,1.);
#9992 = DIRECTION('',(0.,-1.));
#9993 = ( GEOMETRIC_REPRESENTATION_CONTEXT(2) 
PARAMETRIC_REPRESENTATION_CONTEXT() REPRESENTATION_CONTEXT('2D SPACE',''
  ) );
#9994 = ORIENTED_EDGE('',*,*,#477,.F.);
#9995 = ORIENTED_EDGE('',*,*,#9996,.F.);
#9996 = EDGE_CURVE('',#5708,#478,#9997,.T.);
#9997 = SURFACE_CURVE('',#9998,(#10002,#10009),.PCURVE_S1.);
#9998 = LINE('',#9999,#10000);
#9999 = CARTESIAN_POINT('',(-146.,-52.,9.));
#10000 = VECTOR('',#10001,1.);
#10001 = DIRECTION('',(0.,0.,1.));
#10002 = PCURVE('',#494,#10003);
#10003 = DEFINITIONAL_REPRESENTATION('',(#10004),#10008);
#10004 = LINE('',#10005,#10006);
#10005 = CARTESIAN_POINT('',(16.,0.));
#10006 = VECTOR('',#10007,1.);
#10007 = DIRECTION('',(0.,-1.));
#10008 = ( GEOMETRIC_REPRESENTATION_CONTEXT(2) 
PARAMETRIC_REPRESENTATION_CONTEXT() REPRESENTATION_CONTEXT('2D SPACE',''
  ) );
#10009 = PCURVE('',#570,#10010);
#10010 = DEFINITIONAL_REPRESENTATION('',(#10011),#10015);
#10011 = LINE('',#10012,#10013);
#10012 = CARTESIAN_POINT('',(0.,-0.));
#10013 = VECTOR('',#10014,1.);
#10014 = DIRECTION('',(0.,-1.));
#10015 = ( GEOMETRIC_REPRESENTATION_CONTEXT(2) 
PARAMETRIC_REPRESENTATION_CONTEXT() REPRESENTATION_CONTEXT('2D SPACE',''
  ) );
#10016 = ADVANCED_FACE('',(#10017),#570,.T.);
#10017 = FACE_BOUND('',#10018,.T.);
#10018 = EDGE_LOOP('',(#10019,#10020,#10021,#10022));
#10019 = ORIENTED_EDGE('',*,*,#5772,.T.);
#10020 = ORIENTED_EDGE('',*,*,#9996,.T.);
#10021 = ORIENTED_EDGE('',*,*,#557,.F.);
#10022 = ORIENTED_EDGE('',*,*,#10023,.F.);
#10023 = EDGE_CURVE('',#5752,#532,#10024,.T.);
#10024 = SURFACE_CURVE('',#10025,(#10029,#10036),.PCURVE_S1.);
#10025 = LINE('',#10026,#10027);
#10026 = CARTESIAN_POINT('',(-162.,-52.,9.));
#10027 = VECTOR('',#10028,1.);
#10028 = DIRECTION('',(0.,0.,1.));
#10029 = PCURVE('',#570,#10030);
#10030 = DEFINITIONAL_REPRESENTATION('',(#10031),#10035);
#10031 = LINE('',#10032,#10033);
#10032 = CARTESIAN_POINT('',(16.,0.));
#10033 = VECTOR('',#10034,1.);
#10034 = DIRECTION('',(0.,-1.));
#10035 = ( GEOMETRIC_REPRESENTATION_CONTEXT(2) 
PARAMETRIC_REPRESENTATION_CONTEXT() REPRESENTATION_CONTEXT('2D SPACE',''
  ) );
#10036 = PCURVE('',#546,#10037);
#10037 = DEFINITIONAL_REPRESENTATION('',(#10038),#10042);
#10038 = LINE('',#10039,#10040);
#10039 = CARTESIAN_POINT('',(0.,0.));
#10040 = VECTOR('',#10041,1.);
#10041 = DIRECTION('',(0.,-1.));
#10042 = ( GEOMETRIC_REPRESENTATION_CONTEXT(2) 
PARAMETRIC_REPRESENTATION_CONTEXT() REPRESENTATION_CONTEXT('2D SPACE',''
  ) );
#10043 = ADVANCED_FACE('',(#10044),#546,.T.);
#10044 = FACE_BOUND('',#10045,.T.);
#10045 = EDGE_LOOP('',(#10046,#10047,#10048,#10049));
#10046 = ORIENTED_EDGE('',*,*,#5751,.T.);
#10047 = ORIENTED_EDGE('',*,*,#10023,.T.);
#10048 = ORIENTED_EDGE('',*,*,#531,.F.);
#10049 = ORIENTED_EDGE('',*,*,#10050,.F.);
#10050 = EDGE_CURVE('',#5731,#506,#10051,.T.);
#10051 = SURFACE_CURVE('',#10052,(#10056,#10063),.PCURVE_S1.);
#10052 = LINE('',#10053,#10054);
#10053 = CARTESIAN_POINT('',(-162.,-68.,9.));
#10054 = VECTOR('',#10055,1.);
#10055 = DIRECTION('',(0.,0.,1.));
#10056 = PCURVE('',#546,#10057);
#10057 = DEFINITIONAL_REPRESENTATION('',(#10058),#10062);
#10058 = LINE('',#10059,#10060);
#10059 = CARTESIAN_POINT('',(16.,0.));
#10060 = VECTOR('',#10061,1.);
#10061 = DIRECTION('',(0.,-1.));
#10062 = ( GEOMETRIC_REPRESENTATION_CONTEXT(2) 
PARAMETRIC_REPRESENTATION_CONTEXT() REPRESENTATION_CONTEXT('2D SPACE',''
  ) );
#10063 = PCURVE('',#520,#10064);
#10064 = DEFINITIONAL_REPRESENTATION('',(#10065),#10069);
#10065 = LINE('',#10066,#10067);
#10066 = CARTESIAN_POINT('',(0.,0.));
#10067 = VECTOR('',#10068,1.);
#10068 = DIRECTION('',(0.,-1.));
#10069 = ( GEOMETRIC_REPRESENTATION_CONTEXT(2) 
PARAMETRIC_REPRESENTATION_CONTEXT() REPRESENTATION_CONTEXT('2D SPACE',''
  ) );
#10070 = ADVANCED_FACE('',(#10071),#520,.T.);
#10071 = FACE_BOUND('',#10072,.T.);
#10072 = EDGE_LOOP('',(#10073,#10074,#10075,#10076));
#10073 = ORIENTED_EDGE('',*,*,#5730,.T.);
#10074 = ORIENTED_EDGE('',*,*,#10050,.T.);
#10075 = ORIENTED_EDGE('',*,*,#505,.F.);
#10076 = ORIENTED_EDGE('',*,*,#9974,.F.);
#10077 = ADVANCED_FACE('',(#10078),#600,.T.);
#10078 = FACE_BOUND('',#10079,.T.);
#10079 = EDGE_LOOP('',(#10080,#10081,#10102,#10103));
#10080 = ORIENTED_EDGE('',*,*,#5793,.T.);
#10081 = ORIENTED_EDGE('',*,*,#10082,.T.);
#10082 = EDGE_CURVE('',#5796,#586,#10083,.T.);
#10083 = SURFACE_CURVE('',#10084,(#10088,#10095),.PCURVE_S1.);
#10084 = LINE('',#10085,#10086);
#10085 = CARTESIAN_POINT('',(-116.,-68.,9.));
#10086 = VECTOR('',#10087,1.);
#10087 = DIRECTION('',(0.,0.,1.));
#10088 = PCURVE('',#600,#10089);
#10089 = DEFINITIONAL_REPRESENTATION('',(#10090),#10094);
#10090 = LINE('',#10091,#10092);
#10091 = CARTESIAN_POINT('',(0.,0.));
#10092 = VECTOR('',#10093,1.);
#10093 = DIRECTION('',(0.,-1.));
#10094 = ( GEOMETRIC_REPRESENTATION_CONTEXT(2) 
PARAMETRIC_REPRESENTATION_CONTEXT() REPRESENTATION_CONTEXT('2D SPACE',''
  ) );
#10095 = PCURVE('',#626,#10096);
#10096 = DEFINITIONAL_REPRESENTATION('',(#10097),#10101);
#10097 = LINE('',#10098,#10099);
#10098 = CARTESIAN_POINT('',(16.,0.));
#10099 = VECTOR('',#10100,1.);
#10100 = DIRECTION('',(0.,-1.));
#10101 = ( GEOMETRIC_REPRESENTATION_CONTEXT(2) 
PARAMETRIC_REPRESENTATION_CONTEXT() REPRESENTATION_CONTEXT('2D SPACE',''
  ) );
#10102 = ORIENTED_EDGE('',*,*,#583,.F.);
#10103 = ORIENTED_EDGE('',*,*,#10104,.F.);
#10104 = EDGE_CURVE('',#5794,#584,#10105,.T.);
#10105 = SURFACE_CURVE('',#10106,(#10110,#10117),.PCURVE_S1.);
#10106 = LINE('',#10107,#10108);
#10107 = CARTESIAN_POINT('',(-116.,-52.,9.));
#10108 = VECTOR('',#10109,1.);
#10109 = DIRECTION('',(0.,0.,1.));
#10110 = PCURVE('',#600,#10111);
#10111 = DEFINITIONAL_REPRESENTATION('',(#10112),#10116);
#10112 = LINE('',#10113,#10114);
#10113 = CARTESIAN_POINT('',(16.,0.));
#10114 = VECTOR('',#10115,1.);
#10115 = DIRECTION('',(0.,-1.));
#10116 = ( GEOMETRIC_REPRESENTATION_CONTEXT(2) 
PARAMETRIC_REPRESENTATION_CONTEXT() REPRESENTATION_CONTEXT('2D SPACE',''
  ) );
#10117 = PCURVE('',#676,#10118);
#10118 = DEFINITIONAL_REPRESENTATION('',(#10119),#10123);
#10119 = LINE('',#10120,#10121);
#10120 = CARTESIAN_POINT('',(0.,-0.));
#10121 = VECTOR('',#10122,1.);
#10122 = DIRECTION('',(0.,-1.));
#10123 = ( GEOMETRIC_REPRESENTATION_CONTEXT(2) 
PARAMETRIC_REPRESENTATION_CONTEXT() REPRESENTATION_CONTEXT('2D SPACE',''
  ) );
#10124 = ADVANCED_FACE('',(#10125),#676,.T.);
#10125 = FACE_BOUND('',#10126,.T.);
#10126 = EDGE_LOOP('',(#10127,#10128,#10129,#10130));
#10127 = ORIENTED_EDGE('',*,*,#5858,.T.);
#10128 = ORIENTED_EDGE('',*,*,#10104,.T.);
#10129 = ORIENTED_EDGE('',*,*,#663,.F.);
#10130 = ORIENTED_EDGE('',*,*,#10131,.F.);
#10131 = EDGE_CURVE('',#5838,#638,#10132,.T.);
#10132 = SURFACE_CURVE('',#10133,(#10137,#10144),.PCURVE_S1.);
#10133 = LINE('',#10134,#10135);
#10134 = CARTESIAN_POINT('',(-132.,-52.,9.));
#10135 = VECTOR('',#10136,1.);
#10136 = DIRECTION('',(0.,0.,1.));
#10137 = PCURVE('',#676,#10138);
#10138 = DEFINITIONAL_REPRESENTATION('',(#10139),#10143);
#10139 = LINE('',#10140,#10141);
#10140 = CARTESIAN_POINT('',(16.,0.));
#10141 = VECTOR('',#10142,1.);
#10142 = DIRECTION('',(0.,-1.));
#10143 = ( GEOMETRIC_REPRESENTATION_CONTEXT(2) 
PARAMETRIC_REPRESENTATION_CONTEXT() REPRESENTATION_CONTEXT('2D SPACE',''
  ) );
#10144 = PCURVE('',#652,#10145);
#10145 = DEFINITIONAL_REPRESENTATION('',(#10146),#10150);
#10146 = LINE('',#10147,#10148);
#10147 = CARTESIAN_POINT('',(0.,0.));
#10148 = VECTOR('',#10149,1.);
#10149 = DIRECTION('',(0.,-1.));
#10150 = ( GEOMETRIC_REPRESENTATION_CONTEXT(2) 
PARAMETRIC_REPRESENTATION_CONTEXT() REPRESENTATION_CONTEXT('2D SPACE',''
  ) );
#10151 = ADVANCED_FACE('',(#10152),#652,.T.);
#10152 = FACE_BOUND('',#10153,.T.);
#10153 = EDGE_LOOP('',(#10154,#10155,#10156,#10157));
#10154 = ORIENTED_EDGE('',*,*,#5837,.T.);
#10155 = ORIENTED_EDGE('',*,*,#10131,.T.);
#10156 = ORIENTED_EDGE('',*,*,#637,.F.);
#10157 = ORIENTED_EDGE('',*,*,#10158,.F.);
#10158 = EDGE_CURVE('',#5817,#612,#10159,.T.);
#10159 = SURFACE_CURVE('',#10160,(#10164,#10171),.PCURVE_S1.);
#10160 = LINE('',#10161,#10162);
#10161 = CARTESIAN_POINT('',(-132.,-68.,9.));
#10162 = VECTOR('',#10163,1.);
#10163 = DIRECTION('',(0.,0.,1.));
#10164 = PCURVE('',#652,#10165);
#10165 = DEFINITIONAL_REPRESENTATION('',(#10166),#10170);
#10166 = LINE('',#10167,#10168);
#10167 = CARTESIAN_POINT('',(16.,0.));
#10168 = VECTOR('',#10169,1.);
#10169 = DIRECTION('',(0.,-1.));
#10170 = ( GEOMETRIC_REPRESENTATION_CONTEXT(2) 
PARAMETRIC_REPRESENTATION_CONTEXT() REPRESENTATION_CONTEXT('2D SPACE',''
  ) );
#10171 = PCURVE('',#626,#10172);
#10172 = DEFINITIONAL_REPRESENTATION('',(#10173),#10177);
#10173 = LINE('',#10174,#10175);
#10174 = CARTESIAN_POINT('',(0.,0.));
#10175 = VECTOR('',#10176,1.);
#10176 = DIRECTION('',(0.,-1.));
#10177 = ( GEOMETRIC_REPRESENTATION_CONTEXT(2) 
PARAMETRIC_REPRESENTATION_CONTEXT() REPRESENTATION_CONTEXT('2D SPACE',''
  ) );
#10178 = ADVANCED_FACE('',(#10179),#626,.T.);
#10179 = FACE_BOUND('',#10180,.T.);
#10180 = EDGE_LOOP('',(#10181,#10182,#10183,#10184));
#10181 = ORIENTED_EDGE('',*,*,#5816,.T.);
#10182 = ORIENTED_EDGE('',*,*,#10158,.T.);
#10183 = ORIENTED_EDGE('',*,*,#611,.F.);
#10184 = ORIENTED_EDGE('',*,*,#10082,.F.);
#10185 = ADVANCED_FACE('',(#10186),#706,.T.);
#10186 = FACE_BOUND('',#10187,.T.);
#10187 = EDGE_LOOP('',(#10188,#10189,#10210,#10211));
#10188 = ORIENTED_EDGE('',*,*,#5879,.T.);
#10189 = ORIENTED_EDGE('',*,*,#10190,.T.);
#10190 = EDGE_CURVE('',#5882,#692,#10191,.T.);
#10191 = SURFACE_CURVE('',#10192,(#10196,#10203),.PCURVE_S1.);
#10192 = LINE('',#10193,#10194);
#10193 = CARTESIAN_POINT('',(-86.,-98.,9.));
#10194 = VECTOR('',#10195,1.);
#10195 = DIRECTION('',(0.,0.,1.));
#10196 = PCURVE('',#706,#10197);
#10197 = DEFINITIONAL_REPRESENTATION('',(#10198),#10202);
#10198 = LINE('',#10199,#10200);
#10199 = CARTESIAN_POINT('',(0.,0.));
#10200 = VECTOR('',#10201,1.);
#10201 = DIRECTION('',(0.,-1.));
#10202 = ( GEOMETRIC_REPRESENTATION_CONTEXT(2) 
PARAMETRIC_REPRESENTATION_CONTEXT() REPRESENTATION_CONTEXT('2D SPACE',''
  ) );
#10203 = PCURVE('',#732,#10204);
#10204 = DEFINITIONAL_REPRESENTATION('',(#10205),#10209);
#10205 = LINE('',#10206,#10207);
#10206 = CARTESIAN_POINT('',(16.,0.));
#10207 = VECTOR('',#10208,1.);
#10208 = DIRECTION('',(0.,-1.));
#10209 = ( GEOMETRIC_REPRESENTATION_CONTEXT(2) 
PARAMETRIC_REPRESENTATION_CONTEXT() REPRESENTATION_CONTEXT('2D SPACE',''
  ) );
#10210 = ORIENTED_EDGE('',*,*,#689,.F.);
#10211 = ORIENTED_EDGE('',*,*,#10212,.F.);
#10212 = EDGE_CURVE('',#5880,#690,#10213,.T.);
#10213 = SURFACE_CURVE('',#10214,(#10218,#10225),.PCURVE_S1.);
#10214 = LINE('',#10215,#10216);
#10215 = CARTESIAN_POINT('',(-86.,-82.,9.));
#10216 = VECTOR('',#10217,1.);
#10217 = DIRECTION('',(0.,0.,1.));
#10218 = PCURVE('',#706,#10219);
#10219 = DEFINITIONAL_REPRESENTATION('',(#10220),#10224);
#10220 = LINE('',#10221,#10222);
#10221 = CARTESIAN_POINT('',(16.,0.));
#10222 = VECTOR('',#10223,1.);
#10223 = DIRECTION('',(0.,-1.));
#10224 = ( GEOMETRIC_REPRESENTATION_CONTEXT(2) 
PARAMETRIC_REPRESENTATION_CONTEXT() REPRESENTATION_CONTEXT('2D SPACE',''
  ) );
#10225 = PCURVE('',#782,#10226);
#10226 = DEFINITIONAL_REPRESENTATION('',(#10227),#10231);
#10227 = LINE('',#10228,#10229);
#10228 = CARTESIAN_POINT('',(0.,-0.));
#10229 = VECTOR('',#10230,1.);
#10230 = DIRECTION('',(0.,-1.));
#10231 = ( GEOMETRIC_REPRESENTATION_CONTEXT(2) 
PARAMETRIC_REPRESENTATION_CONTEXT() REPRESENTATION_CONTEXT('2D SPACE',''
  ) );
#10232 = ADVANCED_FACE('',(#10233),#782,.T.);
#10233 = FACE_BOUND('',#10234,.T.);
#10234 = EDGE_LOOP('',(#10235,#10236,#10237,#10238));
#10235 = ORIENTED_EDGE('',*,*,#5944,.T.);
#10236 = ORIENTED_EDGE('',*,*,#10212,.T.);
#10237 = ORIENTED_EDGE('',*,*,#769,.F.);
#10238 = ORIENTED_EDGE('',*,*,#10239,.F.);
#10239 = EDGE_CURVE('',#5924,#744,#10240,.T.);
#10240 = SURFACE_CURVE('',#10241,(#10245,#10252),.PCURVE_S1.);
#10241 = LINE('',#10242,#10243);
#10242 = CARTESIAN_POINT('',(-102.,-82.,9.));
#10243 = VECTOR('',#10244,1.);
#10244 = DIRECTION('',(0.,0.,1.));
#10245 = PCURVE('',#782,#10246);
#10246 = DEFINITIONAL_REPRESENTATION('',(#10247),#10251);
#10247 = LINE('',#10248,#10249);
#10248 = CARTESIAN_POINT('',(16.,0.));
#10249 = VECTOR('',#10250,1.);
#10250 = DIRECTION('',(0.,-1.));
#10251 = ( GEOMETRIC_REPRESENTATION_CONTEXT(2) 
PARAMETRIC_REPRESENTATION_CONTEXT() REPRESENTATION_CONTEXT('2D SPACE',''
  ) );
#10252 = PCURVE('',#758,#10253);
#10253 = DEFINITIONAL_REPRESENTATION('',(#10254),#10258);
#10254 = LINE('',#10255,#10256);
#10255 = CARTESIAN_POINT('',(0.,0.));
#10256 = VECTOR('',#10257,1.);
#10257 = DIRECTION('',(0.,-1.));
#10258 = ( GEOMETRIC_REPRESENTATION_CONTEXT(2) 
PARAMETRIC_REPRESENTATION_CONTEXT() REPRESENTATION_CONTEXT('2D SPACE',''
  ) );
#10259 = ADVANCED_FACE('',(#10260),#758,.T.);
#10260 = FACE_BOUND('',#10261,.T.);
#10261 = EDGE_LOOP('',(#10262,#10263,#10264,#10265));
#10262 = ORIENTED_EDGE('',*,*,#5923,.T.);
#10263 = ORIENTED_EDGE('',*,*,#10239,.T.);
#10264 = ORIENTED_EDGE('',*,*,#743,.F.);
#10265 = ORIENTED_EDGE('',*,*,#10266,.F.);
#10266 = EDGE_CURVE('',#5903,#718,#10267,.T.);
#10267 = SURFACE_CURVE('',#10268,(#10272,#10279),.PCURVE_S1.);
#10268 = LINE('',#10269,#10270);
#10269 = CARTESIAN_POINT('',(-102.,-98.,9.));
#10270 = VECTOR('',#10271,1.);
#10271 = DIRECTION('',(0.,0.,1.));
#10272 = PCURVE('',#758,#10273);
#10273 = DEFINITIONAL_REPRESENTATION('',(#10274),#10278);
#10274 = LINE('',#10275,#10276);
#10275 = CARTESIAN_POINT('',(16.,0.));
#10276 = VECTOR('',#10277,1.);
#10277 = DIRECTION('',(0.,-1.));
#10278 = ( GEOMETRIC_REPRESENTATION_CONTEXT(2) 
PARAMETRIC_REPRESENTATION_CONTEXT() REPRESENTATION_CONTEXT('2D SPACE',''
  ) );
#10279 = PCURVE('',#732,#10280);
#10280 = DEFINITIONAL_REPRESENTATION('',(#10281),#10285);
#10281 = LINE('',#10282,#10283);
#10282 = CARTESIAN_POINT('',(0.,0.));
#10283 = VECTOR('',#10284,1.);
#10284 = DIRECTION('',(0.,-1.));
#10285 = ( GEOMETRIC_REPRESENTATION_CONTEXT(2) 
PARAMETRIC_REPRESENTATION_CONTEXT() REPRESENTATION_CONTEXT('2D SPACE',''
  ) );
#10286 = ADVANCED_FACE('',(#10287),#732,.T.);
#10287 = FACE_BOUND('',#10288,.T.);
#10288 = EDGE_LOOP('',(#10289,#10290,#10291,#10292));
#10289 = ORIENTED_EDGE('',*,*,#5902,.T.);
#10290 = ORIENTED_EDGE('',*,*,#10266,.T.);
#10291 = ORIENTED_EDGE('',*,*,#717,.F.);
#10292 = ORIENTED_EDGE('',*,*,#10190,.F.);
#10293 = ADVANCED_FACE('',(#10294),#812,.T.);
#10294 = FACE_BOUND('',#10295,.T.);
#10295 = EDGE_LOOP('',(#10296,#10297,#10318,#10319));
#10296 = ORIENTED_EDGE('',*,*,#5965,.T.);
#10297 = ORIENTED_EDGE('',*,*,#10298,.T.);
#10298 = EDGE_CURVE('',#5968,#798,#10299,.T.);
#10299 = SURFACE_CURVE('',#10300,(#10304,#10311),.PCURVE_S1.);
#10300 = LINE('',#10301,#10302);
#10301 = CARTESIAN_POINT('',(-56.,-98.,9.));
#10302 = VECTOR('',#10303,1.);
#10303 = DIRECTION('',(0.,0.,1.));
#10304 = PCURVE('',#812,#10305);
#10305 = DEFINITIONAL_REPRESENTATION('',(#10306),#10310);
#10306 = LINE('',#10307,#10308);
#10307 = CARTESIAN_POINT('',(0.,0.));
#10308 = VECTOR('',#10309,1.);
#10309 = DIRECTION('',(0.,-1.));
#10310 = ( GEOMETRIC_REPRESENTATION_CONTEXT(2) 
PARAMETRIC_REPRESENTATION_CONTEXT() REPRESENTATION_CONTEXT('2D SPACE',''
  ) );
#10311 = PCURVE('',#838,#10312);
#10312 = DEFINITIONAL_REPRESENTATION('',(#10313),#10317);
#10313 = LINE('',#10314,#10315);
#10314 = CARTESIAN_POINT('',(16.,0.));
#10315 = VECTOR('',#10316,1.);
#10316 = DIRECTION('',(0.,-1.));
#10317 = ( GEOMETRIC_REPRESENTATION_CONTEXT(2) 
PARAMETRIC_REPRESENTATION_CONTEXT() REPRESENTATION_CONTEXT('2D SPACE',''
  ) );
#10318 = ORIENTED_EDGE('',*,*,#795,.F.);
#10319 = ORIENTED_EDGE('',*,*,#10320,.F.);
#10320 = EDGE_CURVE('',#5966,#796,#10321,.T.);
#10321 = SURFACE_CURVE('',#10322,(#10326,#10333),.PCURVE_S1.);
#10322 = LINE('',#10323,#10324);
#10323 = CARTESIAN_POINT('',(-56.,-82.,9.));
#10324 = VECTOR('',#10325,1.);
#10325 = DIRECTION('',(0.,0.,1.));
#10326 = PCURVE('',#812,#10327);
#10327 = DEFINITIONAL_REPRESENTATION('',(#10328),#10332);
#10328 = LINE('',#10329,#10330);
#10329 = CARTESIAN_POINT('',(16.,0.));
#10330 = VECTOR('',#10331,1.);
#10331 = DIRECTION('',(0.,-1.));
#10332 = ( GEOMETRIC_REPRESENTATION_CONTEXT(2) 
PARAMETRIC_REPRESENTATION_CONTEXT() REPRESENTATION_CONTEXT('2D SPACE',''
  ) );
#10333 = PCURVE('',#888,#10334);
#10334 = DEFINITIONAL_REPRESENTATION('',(#10335),#10339);
#10335 = LINE('',#10336,#10337);
#10336 = CARTESIAN_POINT('',(0.,-0.));
#10337 = VECTOR('',#10338,1.);
#10338 = DIRECTION('',(0.,-1.));
#10339 = ( GEOMETRIC_REPRESENTATION_CONTEXT(2) 
PARAMETRIC_REPRESENTATION_CONTEXT() REPRESENTATION_CONTEXT('2D SPACE',''
  ) );
#10340 = ADVANCED_FACE('',(#10341),#888,.T.);
#10341 = FACE_BOUND('',#10342,.T.);
#10342 = EDGE_LOOP('',(#10343,#10344,#10345,#10346));
#10343 = ORIENTED_EDGE('',*,*,#6030,.T.);
#10344 = ORIENTED_EDGE('',*,*,#10320,.T.);
#10345 = ORIENTED_EDGE('',*,*,#875,.F.);
#10346 = ORIENTED_EDGE('',*,*,#10347,.F.);
#10347 = EDGE_CURVE('',#6010,#850,#10348,.T.);
#10348 = SURFACE_CURVE('',#10349,(#10353,#10360),.PCURVE_S1.);
#10349 = LINE('',#10350,#10351);
#10350 = CARTESIAN_POINT('',(-72.,-82.,9.));
#10351 = VECTOR('',#10352,1.);
#10352 = DIRECTION('',(0.,0.,1.));
#10353 = PCURVE('',#888,#10354);
#10354 = DEFINITIONAL_REPRESENTATION('',(#10355),#10359);
#10355 = LINE('',#10356,#10357);
#10356 = CARTESIAN_POINT('',(16.,0.));
#10357 = VECTOR('',#10358,1.);
#10358 = DIRECTION('',(0.,-1.));
#10359 = ( GEOMETRIC_REPRESENTATION_CONTEXT(2) 
PARAMETRIC_REPRESENTATION_CONTEXT() REPRESENTATION_CONTEXT('2D SPACE',''
  ) );
#10360 = PCURVE('',#864,#10361);
#10361 = DEFINITIONAL_REPRESENTATION('',(#10362),#10366);
#10362 = LINE('',#10363,#10364);
#10363 = CARTESIAN_POINT('',(0.,0.));
#10364 = VECTOR('',#10365,1.);
#10365 = DIRECTION('',(0.,-1.));
#10366 = ( GEOMETRIC_REPRESENTATION_CONTEXT(2) 
PARAMETRIC_REPRESENTATION_CONTEXT() REPRESENTATION_CONTEXT('2D SPACE',''
  ) );
#10367 = ADVANCED_FACE('',(#10368),#864,.T.);
#10368 = FACE_BOUND('',#10369,.T.);
#10369 = EDGE_LOOP('',(#10370,#10371,#10372,#10373));
#10370 = ORIENTED_EDGE('',*,*,#6009,.T.);
#10371 = ORIENTED_EDGE('',*,*,#10347,.T.);
#10372 = ORIENTED_EDGE('',*,*,#849,.F.);
#10373 = ORIENTED_EDGE('',*,*,#10374,.F.);
#10374 = EDGE_CURVE('',#5989,#824,#10375,.T.);
#10375 = SURFACE_CURVE('',#10376,(#10380,#10387),.PCURVE_S1.);
#10376 = LINE('',#10377,#10378);
#10377 = CARTESIAN_POINT('',(-72.,-98.,9.));
#10378 = VECTOR('',#10379,1.);
#10379 = DIRECTION('',(0.,0.,1.));
#10380 = PCURVE('',#864,#10381);
#10381 = DEFINITIONAL_REPRESENTATION('',(#10382),#10386);
#10382 = LINE('',#10383,#10384);
#10383 = CARTESIAN_POINT('',(16.,0.));
#10384 = VECTOR('',#10385,1.);
#10385 = DIRECTION('',(0.,-1.));
#10386 = ( GEOMETRIC_REPRESENTATION_CONTEXT(2) 
PARAMETRIC_REPRESENTATION_CONTEXT() REPRESENTATION_CONTEXT('2D SPACE',''
  ) );
#10387 = PCURVE('',#838,#10388);
#10388 = DEFINITIONAL_REPRESENTATION('',(#10389),#10393);
#10389 = LINE('',#10390,#10391);
#10390 = CARTESIAN_POINT('',(0.,0.));
#10391 = VECTOR('',#10392,1.);
#10392 = DIRECTION('',(0.,-1.));
#10393 = ( GEOMETRIC_REPRESENTATION_CONTEXT(2) 
PARAMETRIC_REPRESENTATION_CONTEXT() REPRESENTATION_CONTEXT('2D SPACE',''
  ) );
#10394 = ADVANCED_FACE('',(#10395),#838,.T.);
#10395 = FACE_BOUND('',#10396,.T.);
#10396 = EDGE_LOOP('',(#10397,#10398,#10399,#10400));
#10397 = ORIENTED_EDGE('',*,*,#5988,.T.);
#10398 = ORIENTED_EDGE('',*,*,#10374,.T.);
#10399 = ORIENTED_EDGE('',*,*,#823,.F.);
#10400 = ORIENTED_EDGE('',*,*,#10298,.F.);
#10401 = ADVANCED_FACE('',(#10402),#918,.T.);
#10402 = FACE_BOUND('',#10403,.T.);
#10403 = EDGE_LOOP('',(#10404,#10405,#10426,#10427));
#10404 = ORIENTED_EDGE('',*,*,#6051,.T.);
#10405 = ORIENTED_EDGE('',*,*,#10406,.T.);
#10406 = EDGE_CURVE('',#6054,#904,#10407,.T.);
#10407 = SURFACE_CURVE('',#10408,(#10412,#10419),.PCURVE_S1.);
#10408 = LINE('',#10409,#10410);
#10409 = CARTESIAN_POINT('',(-86.,-68.,9.));
#10410 = VECTOR('',#10411,1.);
#10411 = DIRECTION('',(0.,0.,1.));
#10412 = PCURVE('',#918,#10413);
#10413 = DEFINITIONAL_REPRESENTATION('',(#10414),#10418);
#10414 = LINE('',#10415,#10416);
#10415 = CARTESIAN_POINT('',(0.,0.));
#10416 = VECTOR('',#10417,1.);
#10417 = DIRECTION('',(0.,-1.));
#10418 = ( GEOMETRIC_REPRESENTATION_CONTEXT(2) 
PARAMETRIC_REPRESENTATION_CONTEXT() REPRESENTATION_CONTEXT('2D SPACE',''
  ) );
#10419 = PCURVE('',#944,#10420);
#10420 = DEFINITIONAL_REPRESENTATION('',(#10421),#10425);
#10421 = LINE('',#10422,#10423);
#10422 = CARTESIAN_POINT('',(16.,0.));
#10423 = VECTOR('',#10424,1.);
#10424 = DIRECTION('',(0.,-1.));
#10425 = ( GEOMETRIC_REPRESENTATION_CONTEXT(2) 
PARAMETRIC_REPRESENTATION_CONTEXT() REPRESENTATION_CONTEXT('2D SPACE',''
  ) );
#10426 = ORIENTED_EDGE('',*,*,#901,.F.);
#10427 = ORIENTED_EDGE('',*,*,#10428,.F.);
#10428 = EDGE_CURVE('',#6052,#902,#10429,.T.);
#10429 = SURFACE_CURVE('',#10430,(#10434,#10441),.PCURVE_S1.);
#10430 = LINE('',#10431,#10432);
#10431 = CARTESIAN_POINT('',(-86.,-52.,9.));
#10432 = VECTOR('',#10433,1.);
#10433 = DIRECTION('',(0.,0.,1.));
#10434 = PCURVE('',#918,#10435);
#10435 = DEFINITIONAL_REPRESENTATION('',(#10436),#10440);
#10436 = LINE('',#10437,#10438);
#10437 = CARTESIAN_POINT('',(16.,0.));
#10438 = VECTOR('',#10439,1.);
#10439 = DIRECTION('',(0.,-1.));
#10440 = ( GEOMETRIC_REPRESENTATION_CONTEXT(2) 
PARAMETRIC_REPRESENTATION_CONTEXT() REPRESENTATION_CONTEXT('2D SPACE',''
  ) );
#10441 = PCURVE('',#994,#10442);
#10442 = DEFINITIONAL_REPRESENTATION('',(#10443),#10447);
#10443 = LINE('',#10444,#10445);
#10444 = CARTESIAN_POINT('',(0.,-0.));
#10445 = VECTOR('',#10446,1.);
#10446 = DIRECTION('',(0.,-1.));
#10447 = ( GEOMETRIC_REPRESENTATION_CONTEXT(2) 
PARAMETRIC_REPRESENTATION_CONTEXT() REPRESENTATION_CONTEXT('2D SPACE',''
  ) );
#10448 = ADVANCED_FACE('',(#10449),#994,.T.);
#10449 = FACE_BOUND('',#10450,.T.);
#10450 = EDGE_LOOP('',(#10451,#10452,#10453,#10454));
#10451 = ORIENTED_EDGE('',*,*,#6116,.T.);
#10452 = ORIENTED_EDGE('',*,*,#10428,.T.);
#10453 = ORIENTED_EDGE('',*,*,#981,.F.);
#10454 = ORIENTED_EDGE('',*,*,#10455,.F.);
#10455 = EDGE_CURVE('',#6096,#956,#10456,.T.);
#10456 = SURFACE_CURVE('',#10457,(#10461,#10468),.PCURVE_S1.);
#10457 = LINE('',#10458,#10459);
#10458 = CARTESIAN_POINT('',(-102.,-52.,9.));
#10459 = VECTOR('',#10460,1.);
#10460 = DIRECTION('',(0.,0.,1.));
#10461 = PCURVE('',#994,#10462);
#10462 = DEFINITIONAL_REPRESENTATION('',(#10463),#10467);
#10463 = LINE('',#10464,#10465);
#10464 = CARTESIAN_POINT('',(16.,0.));
#10465 = VECTOR('',#10466,1.);
#10466 = DIRECTION('',(0.,-1.));
#10467 = ( GEOMETRIC_REPRESENTATION_CONTEXT(2) 
PARAMETRIC_REPRESENTATION_CONTEXT() REPRESENTATION_CONTEXT('2D SPACE',''
  ) );
#10468 = PCURVE('',#970,#10469);
#10469 = DEFINITIONAL_REPRESENTATION('',(#10470),#10474);
#10470 = LINE('',#10471,#10472);
#10471 = CARTESIAN_POINT('',(0.,0.));
#10472 = VECTOR('',#10473,1.);
#10473 = DIRECTION('',(0.,-1.));
#10474 = ( GEOMETRIC_REPRESENTATION_CONTEXT(2) 
PARAMETRIC_REPRESENTATION_CONTEXT() REPRESENTATION_CONTEXT('2D SPACE',''
  ) );
#10475 = ADVANCED_FACE('',(#10476),#970,.T.);
#10476 = FACE_BOUND('',#10477,.T.);
#10477 = EDGE_LOOP('',(#10478,#10479,#10480,#10481));
#10478 = ORIENTED_EDGE('',*,*,#6095,.T.);
#10479 = ORIENTED_EDGE('',*,*,#10455,.T.);
#10480 = ORIENTED_EDGE('',*,*,#955,.F.);
#10481 = ORIENTED_EDGE('',*,*,#10482,.F.);
#10482 = EDGE_CURVE('',#6075,#930,#10483,.T.);
#10483 = SURFACE_CURVE('',#10484,(#10488,#10495),.PCURVE_S1.);
#10484 = LINE('',#10485,#10486);
#10485 = CARTESIAN_POINT('',(-102.,-68.,9.));
#10486 = VECTOR('',#10487,1.);
#10487 = DIRECTION('',(0.,0.,1.));
#10488 = PCURVE('',#970,#10489);
#10489 = DEFINITIONAL_REPRESENTATION('',(#10490),#10494);
#10490 = LINE('',#10491,#10492);
#10491 = CARTESIAN_POINT('',(16.,0.));
#10492 = VECTOR('',#10493,1.);
#10493 = DIRECTION('',(0.,-1.));
#10494 = ( GEOMETRIC_REPRESENTATION_CONTEXT(2) 
PARAMETRIC_REPRESENTATION_CONTEXT() REPRESENTATION_CONTEXT('2D SPACE',''
  ) );
#10495 = PCURVE('',#944,#10496);
#10496 = DEFINITIONAL_REPRESENTATION('',(#10497),#10501);
#10497 = LINE('',#10498,#10499);
#10498 = CARTESIAN_POINT('',(0.,0.));
#10499 = VECTOR('',#10500,1.);
#10500 = DIRECTION('',(0.,-1.));
#10501 = ( GEOMETRIC_REPRESENTATION_CONTEXT(2) 
PARAMETRIC_REPRESENTATION_CONTEXT() REPRESENTATION_CONTEXT('2D SPACE',''
  ) );
#10502 = ADVANCED_FACE('',(#10503),#944,.T.);
#10503 = FACE_BOUND('',#10504,.T.);
#10504 = EDGE_LOOP('',(#10505,#10506,#10507,#10508));
#10505 = ORIENTED_EDGE('',*,*,#6074,.T.);
#10506 = ORIENTED_EDGE('',*,*,#10482,.T.);
#10507 = ORIENTED_EDGE('',*,*,#929,.F.);
#10508 = ORIENTED_EDGE('',*,*,#10406,.F.);
#10509 = ADVANCED_FACE('',(#10510),#1024,.T.);
#10510 = FACE_BOUND('',#10511,.T.);
#10511 = EDGE_LOOP('',(#10512,#10513,#10534,#10535));
#10512 = ORIENTED_EDGE('',*,*,#6137,.T.);
#10513 = ORIENTED_EDGE('',*,*,#10514,.T.);
#10514 = EDGE_CURVE('',#6140,#1010,#10515,.T.);
#10515 = SURFACE_CURVE('',#10516,(#10520,#10527),.PCURVE_S1.);
#10516 = LINE('',#10517,#10518);
#10517 = CARTESIAN_POINT('',(-56.,-68.,9.));
#10518 = VECTOR('',#10519,1.);
#10519 = DIRECTION('',(0.,0.,1.));
#10520 = PCURVE('',#1024,#10521);
#10521 = DEFINITIONAL_REPRESENTATION('',(#10522),#10526);
#10522 = LINE('',#10523,#10524);
#10523 = CARTESIAN_POINT('',(0.,0.));
#10524 = VECTOR('',#10525,1.);
#10525 = DIRECTION('',(0.,-1.));
#10526 = ( GEOMETRIC_REPRESENTATION_CONTEXT(2) 
PARAMETRIC_REPRESENTATION_CONTEXT() REPRESENTATION_CONTEXT('2D SPACE',''
  ) );
#10527 = PCURVE('',#1050,#10528);
#10528 = DEFINITIONAL_REPRESENTATION('',(#10529),#10533);
#10529 = LINE('',#10530,#10531);
#10530 = CARTESIAN_POINT('',(16.,0.));
#10531 = VECTOR('',#10532,1.);
#10532 = DIRECTION('',(0.,-1.));
#10533 = ( GEOMETRIC_REPRESENTATION_CONTEXT(2) 
PARAMETRIC_REPRESENTATION_CONTEXT() REPRESENTATION_CONTEXT('2D SPACE',''
  ) );
#10534 = ORIENTED_EDGE('',*,*,#1007,.F.);
#10535 = ORIENTED_EDGE('',*,*,#10536,.F.);
#10536 = EDGE_CURVE('',#6138,#1008,#10537,.T.);
#10537 = SURFACE_CURVE('',#10538,(#10542,#10549),.PCURVE_S1.);
#10538 = LINE('',#10539,#10540);
#10539 = CARTESIAN_POINT('',(-56.,-52.,9.));
#10540 = VECTOR('',#10541,1.);
#10541 = DIRECTION('',(0.,0.,1.));
#10542 = PCURVE('',#1024,#10543);
#10543 = DEFINITIONAL_REPRESENTATION('',(#10544),#10548);
#10544 = LINE('',#10545,#10546);
#10545 = CARTESIAN_POINT('',(16.,0.));
#10546 = VECTOR('',#10547,1.);
#10547 = DIRECTION('',(0.,-1.));
#10548 = ( GEOMETRIC_REPRESENTATION_CONTEXT(2) 
PARAMETRIC_REPRESENTATION_CONTEXT() REPRESENTATION_CONTEXT('2D SPACE',''
  ) );
#10549 = PCURVE('',#1100,#10550);
#10550 = DEFINITIONAL_REPRESENTATION('',(#10551),#10555);
#10551 = LINE('',#10552,#10553);
#10552 = CARTESIAN_POINT('',(0.,-0.));
#10553 = VECTOR('',#10554,1.);
#10554 = DIRECTION('',(0.,-1.));
#10555 = ( GEOMETRIC_REPRESENTATION_CONTEXT(2) 
PARAMETRIC_REPRESENTATION_CONTEXT() REPRESENTATION_CONTEXT('2D SPACE',''
  ) );
#10556 = ADVANCED_FACE('',(#10557),#1100,.T.);
#10557 = FACE_BOUND('',#10558,.T.);
#10558 = EDGE_LOOP('',(#10559,#10560,#10561,#10562));
#10559 = ORIENTED_EDGE('',*,*,#6202,.T.);
#10560 = ORIENTED_EDGE('',*,*,#10536,.T.);
#10561 = ORIENTED_EDGE('',*,*,#1087,.F.);
#10562 = ORIENTED_EDGE('',*,*,#10563,.F.);
#10563 = EDGE_CURVE('',#6182,#1062,#10564,.T.);
#10564 = SURFACE_CURVE('',#10565,(#10569,#10576),.PCURVE_S1.);
#10565 = LINE('',#10566,#10567);
#10566 = CARTESIAN_POINT('',(-72.,-52.,9.));
#10567 = VECTOR('',#10568,1.);
#10568 = DIRECTION('',(0.,0.,1.));
#10569 = PCURVE('',#1100,#10570);
#10570 = DEFINITIONAL_REPRESENTATION('',(#10571),#10575);
#10571 = LINE('',#10572,#10573);
#10572 = CARTESIAN_POINT('',(16.,0.));
#10573 = VECTOR('',#10574,1.);
#10574 = DIRECTION('',(0.,-1.));
#10575 = ( GEOMETRIC_REPRESENTATION_CONTEXT(2) 
PARAMETRIC_REPRESENTATION_CONTEXT() REPRESENTATION_CONTEXT('2D SPACE',''
  ) );
#10576 = PCURVE('',#1076,#10577);
#10577 = DEFINITIONAL_REPRESENTATION('',(#10578),#10582);
#10578 = LINE('',#10579,#10580);
#10579 = CARTESIAN_POINT('',(0.,0.));
#10580 = VECTOR('',#10581,1.);
#10581 = DIRECTION('',(0.,-1.));
#10582 = ( GEOMETRIC_REPRESENTATION_CONTEXT(2) 
PARAMETRIC_REPRESENTATION_CONTEXT() REPRESENTATION_CONTEXT('2D SPACE',''
  ) );
#10583 = ADVANCED_FACE('',(#10584),#1076,.T.);
#10584 = FACE_BOUND('',#10585,.T.);
#10585 = EDGE_LOOP('',(#10586,#10587,#10588,#10589));
#10586 = ORIENTED_EDGE('',*,*,#6181,.T.);
#10587 = ORIENTED_EDGE('',*,*,#10563,.T.);
#10588 = ORIENTED_EDGE('',*,*,#1061,.F.);
#10589 = ORIENTED_EDGE('',*,*,#10590,.F.);
#10590 = EDGE_CURVE('',#6161,#1036,#10591,.T.);
#10591 = SURFACE_CURVE('',#10592,(#10596,#10603),.PCURVE_S1.);
#10592 = LINE('',#10593,#10594);
#10593 = CARTESIAN_POINT('',(-72.,-68.,9.));
#10594 = VECTOR('',#10595,1.);
#10595 = DIRECTION('',(0.,0.,1.));
#10596 = PCURVE('',#1076,#10597);
#10597 = DEFINITIONAL_REPRESENTATION('',(#10598),#10602);
#10598 = LINE('',#10599,#10600);
#10599 = CARTESIAN_POINT('',(16.,0.));
#10600 = VECTOR('',#10601,1.);
#10601 = DIRECTION('',(0.,-1.));
#10602 = ( GEOMETRIC_REPRESENTATION_CONTEXT(2) 
PARAMETRIC_REPRESENTATION_CONTEXT() REPRESENTATION_CONTEXT('2D SPACE',''
  ) );
#10603 = PCURVE('',#1050,#10604);
#10604 = DEFINITIONAL_REPRESENTATION('',(#10605),#10609);
#10605 = LINE('',#10606,#10607);
#10606 = CARTESIAN_POINT('',(0.,0.));
#10607 = VECTOR('',#10608,1.);
#10608 = DIRECTION('',(0.,-1.));
#10609 = ( GEOMETRIC_REPRESENTATION_CONTEXT(2) 
PARAMETRIC_REPRESENTATION_CONTEXT() REPRESENTATION_CONTEXT('2D SPACE',''
  ) );
#10610 = ADVANCED_FACE('',(#10611),#1050,.T.);
#10611 = FACE_BOUND('',#10612,.T.);
#10612 = EDGE_LOOP('',(#10613,#10614,#10615,#10616));
#10613 = ORIENTED_EDGE('',*,*,#6160,.T.);
#10614 = ORIENTED_EDGE('',*,*,#10590,.T.);
#10615 = ORIENTED_EDGE('',*,*,#1035,.F.);
#10616 = ORIENTED_EDGE('',*,*,#10514,.F.);
#10617 = ADVANCED_FACE('',(#10618),#1130,.T.);
#10618 = FACE_BOUND('',#10619,.T.);
#10619 = EDGE_LOOP('',(#10620,#10621,#10642,#10643));
#10620 = ORIENTED_EDGE('',*,*,#6223,.T.);
#10621 = ORIENTED_EDGE('',*,*,#10622,.T.);
#10622 = EDGE_CURVE('',#6226,#1116,#10623,.T.);
#10623 = SURFACE_CURVE('',#10624,(#10628,#10635),.PCURVE_S1.);
#10624 = LINE('',#10625,#10626);
#10625 = CARTESIAN_POINT('',(-146.,-38.,9.));
#10626 = VECTOR('',#10627,1.);
#10627 = DIRECTION('',(0.,0.,1.));
#10628 = PCURVE('',#1130,#10629);
#10629 = DEFINITIONAL_REPRESENTATION('',(#10630),#10634);
#10630 = LINE('',#10631,#10632);
#10631 = CARTESIAN_POINT('',(0.,0.));
#10632 = VECTOR('',#10633,1.);
#10633 = DIRECTION('',(0.,-1.));
#10634 = ( GEOMETRIC_REPRESENTATION_CONTEXT(2) 
PARAMETRIC_REPRESENTATION_CONTEXT() REPRESENTATION_CONTEXT('2D SPACE',''
  ) );
#10635 = PCURVE('',#1156,#10636);
#10636 = DEFINITIONAL_REPRESENTATION('',(#10637),#10641);
#10637 = LINE('',#10638,#10639);
#10638 = CARTESIAN_POINT('',(16.,0.));
#10639 = VECTOR('',#10640,1.);
#10640 = DIRECTION('',(0.,-1.));
#10641 = ( GEOMETRIC_REPRESENTATION_CONTEXT(2) 
PARAMETRIC_REPRESENTATION_CONTEXT() REPRESENTATION_CONTEXT('2D SPACE',''
  ) );
#10642 = ORIENTED_EDGE('',*,*,#1113,.F.);
#10643 = ORIENTED_EDGE('',*,*,#10644,.F.);
#10644 = EDGE_CURVE('',#6224,#1114,#10645,.T.);
#10645 = SURFACE_CURVE('',#10646,(#10650,#10657),.PCURVE_S1.);
#10646 = LINE('',#10647,#10648);
#10647 = CARTESIAN_POINT('',(-146.,-22.,9.));
#10648 = VECTOR('',#10649,1.);
#10649 = DIRECTION('',(0.,0.,1.));
#10650 = PCURVE('',#1130,#10651);
#10651 = DEFINITIONAL_REPRESENTATION('',(#10652),#10656);
#10652 = LINE('',#10653,#10654);
#10653 = CARTESIAN_POINT('',(16.,0.));
#10654 = VECTOR('',#10655,1.);
#10655 = DIRECTION('',(0.,-1.));
#10656 = ( GEOMETRIC_REPRESENTATION_CONTEXT(2) 
PARAMETRIC_REPRESENTATION_CONTEXT() REPRESENTATION_CONTEXT('2D SPACE',''
  ) );
#10657 = PCURVE('',#1206,#10658);
#10658 = DEFINITIONAL_REPRESENTATION('',(#10659),#10663);
#10659 = LINE('',#10660,#10661);
#10660 = CARTESIAN_POINT('',(0.,-0.));
#10661 = VECTOR('',#10662,1.);
#10662 = DIRECTION('',(0.,-1.));
#10663 = ( GEOMETRIC_REPRESENTATION_CONTEXT(2) 
PARAMETRIC_REPRESENTATION_CONTEXT() REPRESENTATION_CONTEXT('2D SPACE',''
  ) );
#10664 = ADVANCED_FACE('',(#10665),#1206,.T.);
#10665 = FACE_BOUND('',#10666,.T.);
#10666 = EDGE_LOOP('',(#10667,#10668,#10669,#10670));
#10667 = ORIENTED_EDGE('',*,*,#6288,.T.);
#10668 = ORIENTED_EDGE('',*,*,#10644,.T.);
#10669 = ORIENTED_EDGE('',*,*,#1193,.F.);
#10670 = ORIENTED_EDGE('',*,*,#10671,.F.);
#10671 = EDGE_CURVE('',#6268,#1168,#10672,.T.);
#10672 = SURFACE_CURVE('',#10673,(#10677,#10684),.PCURVE_S1.);
#10673 = LINE('',#10674,#10675);
#10674 = CARTESIAN_POINT('',(-162.,-22.,9.));
#10675 = VECTOR('',#10676,1.);
#10676 = DIRECTION('',(0.,0.,1.));
#10677 = PCURVE('',#1206,#10678);
#10678 = DEFINITIONAL_REPRESENTATION('',(#10679),#10683);
#10679 = LINE('',#10680,#10681);
#10680 = CARTESIAN_POINT('',(16.,0.));
#10681 = VECTOR('',#10682,1.);
#10682 = DIRECTION('',(0.,-1.));
#10683 = ( GEOMETRIC_REPRESENTATION_CONTEXT(2) 
PARAMETRIC_REPRESENTATION_CONTEXT() REPRESENTATION_CONTEXT('2D SPACE',''
  ) );
#10684 = PCURVE('',#1182,#10685);
#10685 = DEFINITIONAL_REPRESENTATION('',(#10686),#10690);
#10686 = LINE('',#10687,#10688);
#10687 = CARTESIAN_POINT('',(0.,0.));
#10688 = VECTOR('',#10689,1.);
#10689 = DIRECTION('',(0.,-1.));
#10690 = ( GEOMETRIC_REPRESENTATION_CONTEXT(2) 
PARAMETRIC_REPRESENTATION_CONTEXT() REPRESENTATION_CONTEXT('2D SPACE',''
  ) );
#10691 = ADVANCED_FACE('',(#10692),#1182,.T.);
#10692 = FACE_BOUND('',#10693,.T.);
#10693 = EDGE_LOOP('',(#10694,#10695,#10696,#10697));
#10694 = ORIENTED_EDGE('',*,*,#6267,.T.);
#10695 = ORIENTED_EDGE('',*,*,#10671,.T.);
#10696 = ORIENTED_EDGE('',*,*,#1167,.F.);
#10697 = ORIENTED_EDGE('',*,*,#10698,.F.);
#10698 = EDGE_CURVE('',#6247,#1142,#10699,.T.);
#10699 = SURFACE_CURVE('',#10700,(#10704,#10711),.PCURVE_S1.);
#10700 = LINE('',#10701,#10702);
#10701 = CARTESIAN_POINT('',(-162.,-38.,9.));
#10702 = VECTOR('',#10703,1.);
#10703 = DIRECTION('',(0.,0.,1.));
#10704 = PCURVE('',#1182,#10705);
#10705 = DEFINITIONAL_REPRESENTATION('',(#10706),#10710);
#10706 = LINE('',#10707,#10708);
#10707 = CARTESIAN_POINT('',(16.,0.));
#10708 = VECTOR('',#10709,1.);
#10709 = DIRECTION('',(0.,-1.));
#10710 = ( GEOMETRIC_REPRESENTATION_CONTEXT(2) 
PARAMETRIC_REPRESENTATION_CONTEXT() REPRESENTATION_CONTEXT('2D SPACE',''
  ) );
#10711 = PCURVE('',#1156,#10712);
#10712 = DEFINITIONAL_REPRESENTATION('',(#10713),#10717);
#10713 = LINE('',#10714,#10715);
#10714 = CARTESIAN_POINT('',(0.,0.));
#10715 = VECTOR('',#10716,1.);
#10716 = DIRECTION('',(0.,-1.));
#10717 = ( GEOMETRIC_REPRESENTATION_CONTEXT(2) 
PARAMETRIC_REPRESENTATION_CONTEXT() REPRESENTATION_CONTEXT('2D SPACE',''
  ) );
#10718 = ADVANCED_FACE('',(#10719),#1156,.T.);
#10719 = FACE_BOUND('',#10720,.T.);
#10720 = EDGE_LOOP('',(#10721,#10722,#10723,#10724));
#10721 = ORIENTED_EDGE('',*,*,#6246,.T.);
#10722 = ORIENTED_EDGE('',*,*,#10698,.T.);
#10723 = ORIENTED_EDGE('',*,*,#1141,.F.);
#10724 = ORIENTED_EDGE('',*,*,#10622,.F.);
#10725 = ADVANCED_FACE('',(#10726),#1236,.T.);
#10726 = FACE_BOUND('',#10727,.T.);
#10727 = EDGE_LOOP('',(#10728,#10729,#10750,#10751));
#10728 = ORIENTED_EDGE('',*,*,#6309,.T.);
#10729 = ORIENTED_EDGE('',*,*,#10730,.T.);
#10730 = EDGE_CURVE('',#6312,#1222,#10731,.T.);
#10731 = SURFACE_CURVE('',#10732,(#10736,#10743),.PCURVE_S1.);
#10732 = LINE('',#10733,#10734);
#10733 = CARTESIAN_POINT('',(-116.,-38.,9.));
#10734 = VECTOR('',#10735,1.);
#10735 = DIRECTION('',(0.,0.,1.));
#10736 = PCURVE('',#1236,#10737);
#10737 = DEFINITIONAL_REPRESENTATION('',(#10738),#10742);
#10738 = LINE('',#10739,#10740);
#10739 = CARTESIAN_POINT('',(0.,0.));
#10740 = VECTOR('',#10741,1.);
#10741 = DIRECTION('',(0.,-1.));
#10742 = ( GEOMETRIC_REPRESENTATION_CONTEXT(2) 
PARAMETRIC_REPRESENTATION_CONTEXT() REPRESENTATION_CONTEXT('2D SPACE',''
  ) );
#10743 = PCURVE('',#1262,#10744);
#10744 = DEFINITIONAL_REPRESENTATION('',(#10745),#10749);
#10745 = LINE('',#10746,#10747);
#10746 = CARTESIAN_POINT('',(16.,0.));
#10747 = VECTOR('',#10748,1.);
#10748 = DIRECTION('',(0.,-1.));
#10749 = ( GEOMETRIC_REPRESENTATION_CONTEXT(2) 
PARAMETRIC_REPRESENTATION_CONTEXT() REPRESENTATION_CONTEXT('2D SPACE',''
  ) );
#10750 = ORIENTED_EDGE('',*,*,#1219,.F.);
#10751 = ORIENTED_EDGE('',*,*,#10752,.F.);
#10752 = EDGE_CURVE('',#6310,#1220,#10753,.T.);
#10753 = SURFACE_CURVE('',#10754,(#10758,#10765),.PCURVE_S1.);
#10754 = LINE('',#10755,#10756);
#10755 = CARTESIAN_POINT('',(-116.,-22.,9.));
#10756 = VECTOR('',#10757,1.);
#10757 = DIRECTION('',(0.,0.,1.));
#10758 = PCURVE('',#1236,#10759);
#10759 = DEFINITIONAL_REPRESENTATION('',(#10760),#10764);
#10760 = LINE('',#10761,#10762);
#10761 = CARTESIAN_POINT('',(16.,0.));
#10762 = VECTOR('',#10763,1.);
#10763 = DIRECTION('',(0.,-1.));
#10764 = ( GEOMETRIC_REPRESENTATION_CONTEXT(2) 
PARAMETRIC_REPRESENTATION_CONTEXT() REPRESENTATION_CONTEXT('2D SPACE',''
  ) );
#10765 = PCURVE('',#1312,#10766);
#10766 = DEFINITIONAL_REPRESENTATION('',(#10767),#10771);
#10767 = LINE('',#10768,#10769);
#10768 = CARTESIAN_POINT('',(0.,-0.));
#10769 = VECTOR('',#10770,1.);
#10770 = DIRECTION('',(0.,-1.));
#10771 = ( GEOMETRIC_REPRESENTATION_CONTEXT(2) 
PARAMETRIC_REPRESENTATION_CONTEXT() REPRESENTATION_CONTEXT('2D SPACE',''
  ) );
#10772 = ADVANCED_FACE('',(#10773),#1312,.T.);
#10773 = FACE_BOUND('',#10774,.T.);
#10774 = EDGE_LOOP('',(#10775,#10776,#10777,#10778));
#10775 = ORIENTED_EDGE('',*,*,#6374,.T.);
#10776 = ORIENTED_EDGE('',*,*,#10752,.T.);
#10777 = ORIENTED_EDGE('',*,*,#1299,.F.);
#10778 = ORIENTED_EDGE('',*,*,#10779,.F.);
#10779 = EDGE_CURVE('',#6354,#1274,#10780,.T.);
#10780 = SURFACE_CURVE('',#10781,(#10785,#10792),.PCURVE_S1.);
#10781 = LINE('',#10782,#10783);
#10782 = CARTESIAN_POINT('',(-132.,-22.,9.));
#10783 = VECTOR('',#10784,1.);
#10784 = DIRECTION('',(0.,0.,1.));
#10785 = PCURVE('',#1312,#10786);
#10786 = DEFINITIONAL_REPRESENTATION('',(#10787),#10791);
#10787 = LINE('',#10788,#10789);
#10788 = CARTESIAN_POINT('',(16.,0.));
#10789 = VECTOR('',#10790,1.);
#10790 = DIRECTION('',(0.,-1.));
#10791 = ( GEOMETRIC_REPRESENTATION_CONTEXT(2) 
PARAMETRIC_REPRESENTATION_CONTEXT() REPRESENTATION_CONTEXT('2D SPACE',''
  ) );
#10792 = PCURVE('',#1288,#10793);
#10793 = DEFINITIONAL_REPRESENTATION('',(#10794),#10798);
#10794 = LINE('',#10795,#10796);
#10795 = CARTESIAN_POINT('',(0.,0.));
#10796 = VECTOR('',#10797,1.);
#10797 = DIRECTION('',(0.,-1.));
#10798 = ( GEOMETRIC_REPRESENTATION_CONTEXT(2) 
PARAMETRIC_REPRESENTATION_CONTEXT() REPRESENTATION_CONTEXT('2D SPACE',''
  ) );
#10799 = ADVANCED_FACE('',(#10800),#1288,.T.);
#10800 = FACE_BOUND('',#10801,.T.);
#10801 = EDGE_LOOP('',(#10802,#10803,#10804,#10805));
#10802 = ORIENTED_EDGE('',*,*,#6353,.T.);
#10803 = ORIENTED_EDGE('',*,*,#10779,.T.);
#10804 = ORIENTED_EDGE('',*,*,#1273,.F.);
#10805 = ORIENTED_EDGE('',*,*,#10806,.F.);
#10806 = EDGE_CURVE('',#6333,#1248,#10807,.T.);
#10807 = SURFACE_CURVE('',#10808,(#10812,#10819),.PCURVE_S1.);
#10808 = LINE('',#10809,#10810);
#10809 = CARTESIAN_POINT('',(-132.,-38.,9.));
#10810 = VECTOR('',#10811,1.);
#10811 = DIRECTION('',(0.,0.,1.));
#10812 = PCURVE('',#1288,#10813);
#10813 = DEFINITIONAL_REPRESENTATION('',(#10814),#10818);
#10814 = LINE('',#10815,#10816);
#10815 = CARTESIAN_POINT('',(16.,0.));
#10816 = VECTOR('',#10817,1.);
#10817 = DIRECTION('',(0.,-1.));
#10818 = ( GEOMETRIC_REPRESENTATION_CONTEXT(2) 
PARAMETRIC_REPRESENTATION_CONTEXT() REPRESENTATION_CONTEXT('2D SPACE',''
  ) );
#10819 = PCURVE('',#1262,#10820);
#10820 = DEFINITIONAL_REPRESENTATION('',(#10821),#10825);
#10821 = LINE('',#10822,#10823);
#10822 = CARTESIAN_POINT('',(0.,0.));
#10823 = VECTOR('',#10824,1.);
#10824 = DIRECTION('',(0.,-1.));
#10825 = ( GEOMETRIC_REPRESENTATION_CONTEXT(2) 
PARAMETRIC_REPRESENTATION_CONTEXT() REPRESENTATION_CONTEXT('2D SPACE',''
  ) );
#10826 = ADVANCED_FACE('',(#10827),#1262,.T.);
#10827 = FACE_BOUND('',#10828,.T.);
#10828 = EDGE_LOOP('',(#10829,#10830,#10831,#10832));
#10829 = ORIENTED_EDGE('',*,*,#6332,.T.);
#10830 = ORIENTED_EDGE('',*,*,#10806,.T.);
#10831 = ORIENTED_EDGE('',*,*,#1247,.F.);
#10832 = ORIENTED_EDGE('',*,*,#10730,.F.);
#10833 = ADVANCED_FACE('',(#10834),#1342,.T.);
#10834 = FACE_BOUND('',#10835,.T.);
#10835 = EDGE_LOOP('',(#10836,#10837,#10858,#10859));
#10836 = ORIENTED_EDGE('',*,*,#6395,.T.);
#10837 = ORIENTED_EDGE('',*,*,#10838,.T.);
#10838 = EDGE_CURVE('',#6398,#1328,#10839,.T.);
#10839 = SURFACE_CURVE('',#10840,(#10844,#10851),.PCURVE_S1.);
#10840 = LINE('',#10841,#10842);
#10841 = CARTESIAN_POINT('',(-146.,-8.,9.));
#10842 = VECTOR('',#10843,1.);
#10843 = DIRECTION('',(0.,0.,1.));
#10844 = PCURVE('',#1342,#10845);
#10845 = DEFINITIONAL_REPRESENTATION('',(#10846),#10850);
#10846 = LINE('',#10847,#10848);
#10847 = CARTESIAN_POINT('',(0.,0.));
#10848 = VECTOR('',#10849,1.);
#10849 = DIRECTION('',(0.,-1.));
#10850 = ( GEOMETRIC_REPRESENTATION_CONTEXT(2) 
PARAMETRIC_REPRESENTATION_CONTEXT() REPRESENTATION_CONTEXT('2D SPACE',''
  ) );
#10851 = PCURVE('',#1368,#10852);
#10852 = DEFINITIONAL_REPRESENTATION('',(#10853),#10857);
#10853 = LINE('',#10854,#10855);
#10854 = CARTESIAN_POINT('',(16.,0.));
#10855 = VECTOR('',#10856,1.);
#10856 = DIRECTION('',(0.,-1.));
#10857 = ( GEOMETRIC_REPRESENTATION_CONTEXT(2) 
PARAMETRIC_REPRESENTATION_CONTEXT() REPRESENTATION_CONTEXT('2D SPACE',''
  ) );
#10858 = ORIENTED_EDGE('',*,*,#1325,.F.);
#10859 = ORIENTED_EDGE('',*,*,#10860,.F.);
#10860 = EDGE_CURVE('',#6396,#1326,#10861,.T.);
#10861 = SURFACE_CURVE('',#10862,(#10866,#10873),.PCURVE_S1.);
#10862 = LINE('',#10863,#10864);
#10863 = CARTESIAN_POINT('',(-146.,8.,9.));
#10864 = VECTOR('',#10865,1.);
#10865 = DIRECTION('',(0.,0.,1.));
#10866 = PCURVE('',#1342,#10867);
#10867 = DEFINITIONAL_REPRESENTATION('',(#10868),#10872);
#10868 = LINE('',#10869,#10870);
#10869 = CARTESIAN_POINT('',(16.,0.));
#10870 = VECTOR('',#10871,1.);
#10871 = DIRECTION('',(0.,-1.));
#10872 = ( GEOMETRIC_REPRESENTATION_CONTEXT(2) 
PARAMETRIC_REPRESENTATION_CONTEXT() REPRESENTATION_CONTEXT('2D SPACE',''
  ) );
#10873 = PCURVE('',#1418,#10874);
#10874 = DEFINITIONAL_REPRESENTATION('',(#10875),#10879);
#10875 = LINE('',#10876,#10877);
#10876 = CARTESIAN_POINT('',(0.,-0.));
#10877 = VECTOR('',#10878,1.);
#10878 = DIRECTION('',(0.,-1.));
#10879 = ( GEOMETRIC_REPRESENTATION_CONTEXT(2) 
PARAMETRIC_REPRESENTATION_CONTEXT() REPRESENTATION_CONTEXT('2D SPACE',''
  ) );
#10880 = ADVANCED_FACE('',(#10881),#1418,.T.);
#10881 = FACE_BOUND('',#10882,.T.);
#10882 = EDGE_LOOP('',(#10883,#10884,#10885,#10886));
#10883 = ORIENTED_EDGE('',*,*,#6460,.T.);
#10884 = ORIENTED_EDGE('',*,*,#10860,.T.);
#10885 = ORIENTED_EDGE('',*,*,#1405,.F.);
#10886 = ORIENTED_EDGE('',*,*,#10887,.F.);
#10887 = EDGE_CURVE('',#6440,#1380,#10888,.T.);
#10888 = SURFACE_CURVE('',#10889,(#10893,#10900),.PCURVE_S1.);
#10889 = LINE('',#10890,#10891);
#10890 = CARTESIAN_POINT('',(-162.,8.,9.));
#10891 = VECTOR('',#10892,1.);
#10892 = DIRECTION('',(0.,0.,1.));
#10893 = PCURVE('',#1418,#10894);
#10894 = DEFINITIONAL_REPRESENTATION('',(#10895),#10899);
#10895 = LINE('',#10896,#10897);
#10896 = CARTESIAN_POINT('',(16.,0.));
#10897 = VECTOR('',#10898,1.);
#10898 = DIRECTION('',(0.,-1.));
#10899 = ( GEOMETRIC_REPRESENTATION_CONTEXT(2) 
PARAMETRIC_REPRESENTATION_CONTEXT() REPRESENTATION_CONTEXT('2D SPACE',''
  ) );
#10900 = PCURVE('',#1394,#10901);
#10901 = DEFINITIONAL_REPRESENTATION('',(#10902),#10906);
#10902 = LINE('',#10903,#10904);
#10903 = CARTESIAN_POINT('',(0.,0.));
#10904 = VECTOR('',#10905,1.);
#10905 = DIRECTION('',(0.,-1.));
#10906 = ( GEOMETRIC_REPRESENTATION_CONTEXT(2) 
PARAMETRIC_REPRESENTATION_CONTEXT() REPRESENTATION_CONTEXT('2D SPACE',''
  ) );
#10907 = ADVANCED_FACE('',(#10908),#1394,.T.);
#10908 = FACE_BOUND('',#10909,.T.);
#10909 = EDGE_LOOP('',(#10910,#10911,#10912,#10913));
#10910 = ORIENTED_EDGE('',*,*,#6439,.T.);
#10911 = ORIENTED_EDGE('',*,*,#10887,.T.);
#10912 = ORIENTED_EDGE('',*,*,#1379,.F.);
#10913 = ORIENTED_EDGE('',*,*,#10914,.F.);
#10914 = EDGE_CURVE('',#6419,#1354,#10915,.T.);
#10915 = SURFACE_CURVE('',#10916,(#10920,#10927),.PCURVE_S1.);
#10916 = LINE('',#10917,#10918);
#10917 = CARTESIAN_POINT('',(-162.,-8.,9.));
#10918 = VECTOR('',#10919,1.);
#10919 = DIRECTION('',(0.,0.,1.));
#10920 = PCURVE('',#1394,#10921);
#10921 = DEFINITIONAL_REPRESENTATION('',(#10922),#10926);
#10922 = LINE('',#10923,#10924);
#10923 = CARTESIAN_POINT('',(16.,0.));
#10924 = VECTOR('',#10925,1.);
#10925 = DIRECTION('',(0.,-1.));
#10926 = ( GEOMETRIC_REPRESENTATION_CONTEXT(2) 
PARAMETRIC_REPRESENTATION_CONTEXT() REPRESENTATION_CONTEXT('2D SPACE',''
  ) );
#10927 = PCURVE('',#1368,#10928);
#10928 = DEFINITIONAL_REPRESENTATION('',(#10929),#10933);
#10929 = LINE('',#10930,#10931);
#10930 = CARTESIAN_POINT('',(0.,0.));
#10931 = VECTOR('',#10932,1.);
#10932 = DIRECTION('',(0.,-1.));
#10933 = ( GEOMETRIC_REPRESENTATION_CONTEXT(2) 
PARAMETRIC_REPRESENTATION_CONTEXT() REPRESENTATION_CONTEXT('2D SPACE',''
  ) );
#10934 = ADVANCED_FACE('',(#10935),#1368,.T.);
#10935 = FACE_BOUND('',#10936,.T.);
#10936 = EDGE_LOOP('',(#10937,#10938,#10939,#10940));
#10937 = ORIENTED_EDGE('',*,*,#6418,.T.);
#10938 = ORIENTED_EDGE('',*,*,#10914,.T.);
#10939 = ORIENTED_EDGE('',*,*,#1353,.F.);
#10940 = ORIENTED_EDGE('',*,*,#10838,.F.);
#10941 = ADVANCED_FACE('',(#10942),#1448,.T.);
#10942 = FACE_BOUND('',#10943,.T.);
#10943 = EDGE_LOOP('',(#10944,#10945,#10966,#10967));
#10944 = ORIENTED_EDGE('',*,*,#6481,.T.);
#10945 = ORIENTED_EDGE('',*,*,#10946,.T.);
#10946 = EDGE_CURVE('',#6484,#1434,#10947,.T.);
#10947 = SURFACE_CURVE('',#10948,(#10952,#10959),.PCURVE_S1.);
#10948 = LINE('',#10949,#10950);
#10949 = CARTESIAN_POINT('',(-116.,-8.,9.));
#10950 = VECTOR('',#10951,1.);
#10951 = DIRECTION('',(0.,0.,1.));
#10952 = PCURVE('',#1448,#10953);
#10953 = DEFINITIONAL_REPRESENTATION('',(#10954),#10958);
#10954 = LINE('',#10955,#10956);
#10955 = CARTESIAN_POINT('',(0.,0.));
#10956 = VECTOR('',#10957,1.);
#10957 = DIRECTION('',(0.,-1.));
#10958 = ( GEOMETRIC_REPRESENTATION_CONTEXT(2) 
PARAMETRIC_REPRESENTATION_CONTEXT() REPRESENTATION_CONTEXT('2D SPACE',''
  ) );
#10959 = PCURVE('',#1474,#10960);
#10960 = DEFINITIONAL_REPRESENTATION('',(#10961),#10965);
#10961 = LINE('',#10962,#10963);
#10962 = CARTESIAN_POINT('',(16.,0.));
#10963 = VECTOR('',#10964,1.);
#10964 = DIRECTION('',(0.,-1.));
#10965 = ( GEOMETRIC_REPRESENTATION_CONTEXT(2) 
PARAMETRIC_REPRESENTATION_CONTEXT() REPRESENTATION_CONTEXT('2D SPACE',''
  ) );
#10966 = ORIENTED_EDGE('',*,*,#1431,.F.);
#10967 = ORIENTED_EDGE('',*,*,#10968,.F.);
#10968 = EDGE_CURVE('',#6482,#1432,#10969,.T.);
#10969 = SURFACE_CURVE('',#10970,(#10974,#10981),.PCURVE_S1.);
#10970 = LINE('',#10971,#10972);
#10971 = CARTESIAN_POINT('',(-116.,8.,9.));
#10972 = VECTOR('',#10973,1.);
#10973 = DIRECTION('',(0.,0.,1.));
#10974 = PCURVE('',#1448,#10975);
#10975 = DEFINITIONAL_REPRESENTATION('',(#10976),#10980);
#10976 = LINE('',#10977,#10978);
#10977 = CARTESIAN_POINT('',(16.,0.));
#10978 = VECTOR('',#10979,1.);
#10979 = DIRECTION('',(0.,-1.));
#10980 = ( GEOMETRIC_REPRESENTATION_CONTEXT(2) 
PARAMETRIC_REPRESENTATION_CONTEXT() REPRESENTATION_CONTEXT('2D SPACE',''
  ) );
#10981 = PCURVE('',#1524,#10982);
#10982 = DEFINITIONAL_REPRESENTATION('',(#10983),#10987);
#10983 = LINE('',#10984,#10985);
#10984 = CARTESIAN_POINT('',(0.,-0.));
#10985 = VECTOR('',#10986,1.);
#10986 = DIRECTION('',(0.,-1.));
#10987 = ( GEOMETRIC_REPRESENTATION_CONTEXT(2) 
PARAMETRIC_REPRESENTATION_CONTEXT() REPRESENTATION_CONTEXT('2D SPACE',''
  ) );
#10988 = ADVANCED_FACE('',(#10989),#1524,.T.);
#10989 = FACE_BOUND('',#10990,.T.);
#10990 = EDGE_LOOP('',(#10991,#10992,#10993,#10994));
#10991 = ORIENTED_EDGE('',*,*,#6546,.T.);
#10992 = ORIENTED_EDGE('',*,*,#10968,.T.);
#10993 = ORIENTED_EDGE('',*,*,#1511,.F.);
#10994 = ORIENTED_EDGE('',*,*,#10995,.F.);
#10995 = EDGE_CURVE('',#6526,#1486,#10996,.T.);
#10996 = SURFACE_CURVE('',#10997,(#11001,#11008),.PCURVE_S1.);
#10997 = LINE('',#10998,#10999);
#10998 = CARTESIAN_POINT('',(-132.,8.,9.));
#10999 = VECTOR('',#11000,1.);
#11000 = DIRECTION('',(0.,0.,1.));
#11001 = PCURVE('',#1524,#11002);
#11002 = DEFINITIONAL_REPRESENTATION('',(#11003),#11007);
#11003 = LINE('',#11004,#11005);
#11004 = CARTESIAN_POINT('',(16.,0.));
#11005 = VECTOR('',#11006,1.);
#11006 = DIRECTION('',(0.,-1.));
#11007 = ( GEOMETRIC_REPRESENTATION_CONTEXT(2) 
PARAMETRIC_REPRESENTATION_CONTEXT() REPRESENTATION_CONTEXT('2D SPACE',''
  ) );
#11008 = PCURVE('',#1500,#11009);
#11009 = DEFINITIONAL_REPRESENTATION('',(#11010),#11014);
#11010 = LINE('',#11011,#11012);
#11011 = CARTESIAN_POINT('',(0.,0.));
#11012 = VECTOR('',#11013,1.);
#11013 = DIRECTION('',(0.,-1.));
#11014 = ( GEOMETRIC_REPRESENTATION_CONTEXT(2) 
PARAMETRIC_REPRESENTATION_CONTEXT() REPRESENTATION_CONTEXT('2D SPACE',''
  ) );
#11015 = ADVANCED_FACE('',(#11016),#1500,.T.);
#11016 = FACE_BOUND('',#11017,.T.);
#11017 = EDGE_LOOP('',(#11018,#11019,#11020,#11021));
#11018 = ORIENTED_EDGE('',*,*,#6525,.T.);
#11019 = ORIENTED_EDGE('',*,*,#10995,.T.);
#11020 = ORIENTED_EDGE('',*,*,#1485,.F.);
#11021 = ORIENTED_EDGE('',*,*,#11022,.F.);
#11022 = EDGE_CURVE('',#6505,#1460,#11023,.T.);
#11023 = SURFACE_CURVE('',#11024,(#11028,#11035),.PCURVE_S1.);
#11024 = LINE('',#11025,#11026);
#11025 = CARTESIAN_POINT('',(-132.,-8.,9.));
#11026 = VECTOR('',#11027,1.);
#11027 = DIRECTION('',(0.,0.,1.));
#11028 = PCURVE('',#1500,#11029);
#11029 = DEFINITIONAL_REPRESENTATION('',(#11030),#11034);
#11030 = LINE('',#11031,#11032);
#11031 = CARTESIAN_POINT('',(16.,0.));
#11032 = VECTOR('',#11033,1.);
#11033 = DIRECTION('',(0.,-1.));
#11034 = ( GEOMETRIC_REPRESENTATION_CONTEXT(2) 
PARAMETRIC_REPRESENTATION_CONTEXT() REPRESENTATION_CONTEXT('2D SPACE',''
  ) );
#11035 = PCURVE('',#1474,#11036);
#11036 = DEFINITIONAL_REPRESENTATION('',(#11037),#11041);
#11037 = LINE('',#11038,#11039);
#11038 = CARTESIAN_POINT('',(0.,0.));
#11039 = VECTOR('',#11040,1.);
#11040 = DIRECTION('',(0.,-1.));
#11041 = ( GEOMETRIC_REPRESENTATION_CONTEXT(2) 
PARAMETRIC_REPRESENTATION_CONTEXT() REPRESENTATION_CONTEXT('2D SPACE',''
  ) );
#11042 = ADVANCED_FACE('',(#11043),#1474,.T.);
#11043 = FACE_BOUND('',#11044,.T.);
#11044 = EDGE_LOOP('',(#11045,#11046,#11047,#11048));
#11045 = ORIENTED_EDGE('',*,*,#6504,.T.);
#11046 = ORIENTED_EDGE('',*,*,#11022,.T.);
#11047 = ORIENTED_EDGE('',*,*,#1459,.F.);
#11048 = ORIENTED_EDGE('',*,*,#10946,.F.);
#11049 = ADVANCED_FACE('',(#11050),#1554,.T.);
#11050 = FACE_BOUND('',#11051,.T.);
#11051 = EDGE_LOOP('',(#11052,#11053,#11074,#11075));
#11052 = ORIENTED_EDGE('',*,*,#6567,.T.);
#11053 = ORIENTED_EDGE('',*,*,#11054,.T.);
#11054 = EDGE_CURVE('',#6570,#1540,#11055,.T.);
#11055 = SURFACE_CURVE('',#11056,(#11060,#11067),.PCURVE_S1.);
#11056 = LINE('',#11057,#11058);
#11057 = CARTESIAN_POINT('',(-86.,-38.,9.));
#11058 = VECTOR('',#11059,1.);
#11059 = DIRECTION('',(0.,0.,1.));
#11060 = PCURVE('',#1554,#11061);
#11061 = DEFINITIONAL_REPRESENTATION('',(#11062),#11066);
#11062 = LINE('',#11063,#11064);
#11063 = CARTESIAN_POINT('',(0.,0.));
#11064 = VECTOR('',#11065,1.);
#11065 = DIRECTION('',(0.,-1.));
#11066 = ( GEOMETRIC_REPRESENTATION_CONTEXT(2) 
PARAMETRIC_REPRESENTATION_CONTEXT() REPRESENTATION_CONTEXT('2D SPACE',''
  ) );
#11067 = PCURVE('',#1580,#11068);
#11068 = DEFINITIONAL_REPRESENTATION('',(#11069),#11073);
#11069 = LINE('',#11070,#11071);
#11070 = CARTESIAN_POINT('',(16.,0.));
#11071 = VECTOR('',#11072,1.);
#11072 = DIRECTION('',(0.,-1.));
#11073 = ( GEOMETRIC_REPRESENTATION_CONTEXT(2) 
PARAMETRIC_REPRESENTATION_CONTEXT() REPRESENTATION_CONTEXT('2D SPACE',''
  ) );
#11074 = ORIENTED_EDGE('',*,*,#1537,.F.);
#11075 = ORIENTED_EDGE('',*,*,#11076,.F.);
#11076 = EDGE_CURVE('',#6568,#1538,#11077,.T.);
#11077 = SURFACE_CURVE('',#11078,(#11082,#11089),.PCURVE_S1.);
#11078 = LINE('',#11079,#11080);
#11079 = CARTESIAN_POINT('',(-86.,-22.,9.));
#11080 = VECTOR('',#11081,1.);
#11081 = DIRECTION('',(0.,0.,1.));
#11082 = PCURVE('',#1554,#11083);
#11083 = DEFINITIONAL_REPRESENTATION('',(#11084),#11088);
#11084 = LINE('',#11085,#11086);
#11085 = CARTESIAN_POINT('',(16.,0.));
#11086 = VECTOR('',#11087,1.);
#11087 = DIRECTION('',(0.,-1.));
#11088 = ( GEOMETRIC_REPRESENTATION_CONTEXT(2) 
PARAMETRIC_REPRESENTATION_CONTEXT() REPRESENTATION_CONTEXT('2D SPACE',''
  ) );
#11089 = PCURVE('',#1630,#11090);
#11090 = DEFINITIONAL_REPRESENTATION('',(#11091),#11095);
#11091 = LINE('',#11092,#11093);
#11092 = CARTESIAN_POINT('',(0.,-0.));
#11093 = VECTOR('',#11094,1.);
#11094 = DIRECTION('',(0.,-1.));
#11095 = ( GEOMETRIC_REPRESENTATION_CONTEXT(2) 
PARAMETRIC_REPRESENTATION_CONTEXT() REPRESENTATION_CONTEXT('2D SPACE',''
  ) );
#11096 = ADVANCED_FACE('',(#11097),#1630,.T.);
#11097 = FACE_BOUND('',#11098,.T.);
#11098 = EDGE_LOOP('',(#11099,#11100,#11101,#11102));
#11099 = ORIENTED_EDGE('',*,*,#6632,.T.);
#11100 = ORIENTED_EDGE('',*,*,#11076,.T.);
#11101 = ORIENTED_EDGE('',*,*,#1617,.F.);
#11102 = ORIENTED_EDGE('',*,*,#11103,.F.);
#11103 = EDGE_CURVE('',#6612,#1592,#11104,.T.);
#11104 = SURFACE_CURVE('',#11105,(#11109,#11116),.PCURVE_S1.);
#11105 = LINE('',#11106,#11107);
#11106 = CARTESIAN_POINT('',(-102.,-22.,9.));
#11107 = VECTOR('',#11108,1.);
#11108 = DIRECTION('',(0.,0.,1.));
#11109 = PCURVE('',#1630,#11110);
#11110 = DEFINITIONAL_REPRESENTATION('',(#11111),#11115);
#11111 = LINE('',#11112,#11113);
#11112 = CARTESIAN_POINT('',(16.,0.));
#11113 = VECTOR('',#11114,1.);
#11114 = DIRECTION('',(0.,-1.));
#11115 = ( GEOMETRIC_REPRESENTATION_CONTEXT(2) 
PARAMETRIC_REPRESENTATION_CONTEXT() REPRESENTATION_CONTEXT('2D SPACE',''
  ) );
#11116 = PCURVE('',#1606,#11117);
#11117 = DEFINITIONAL_REPRESENTATION('',(#11118),#11122);
#11118 = LINE('',#11119,#11120);
#11119 = CARTESIAN_POINT('',(0.,0.));
#11120 = VECTOR('',#11121,1.);
#11121 = DIRECTION('',(0.,-1.));
#11122 = ( GEOMETRIC_REPRESENTATION_CONTEXT(2) 
PARAMETRIC_REPRESENTATION_CONTEXT() REPRESENTATION_CONTEXT('2D SPACE',''
  ) );
#11123 = ADVANCED_FACE('',(#11124),#1606,.T.);
#11124 = FACE_BOUND('',#11125,.T.);
#11125 = EDGE_LOOP('',(#11126,#11127,#11128,#11129));
#11126 = ORIENTED_EDGE('',*,*,#6611,.T.);
#11127 = ORIENTED_EDGE('',*,*,#11103,.T.);
#11128 = ORIENTED_EDGE('',*,*,#1591,.F.);
#11129 = ORIENTED_EDGE('',*,*,#11130,.F.);
#11130 = EDGE_CURVE('',#6591,#1566,#11131,.T.);
#11131 = SURFACE_CURVE('',#11132,(#11136,#11143),.PCURVE_S1.);
#11132 = LINE('',#11133,#11134);
#11133 = CARTESIAN_POINT('',(-102.,-38.,9.));
#11134 = VECTOR('',#11135,1.);
#11135 = DIRECTION('',(0.,0.,1.));
#11136 = PCURVE('',#1606,#11137);
#11137 = DEFINITIONAL_REPRESENTATION('',(#11138),#11142);
#11138 = LINE('',#11139,#11140);
#11139 = CARTESIAN_POINT('',(16.,0.));
#11140 = VECTOR('',#11141,1.);
#11141 = DIRECTION('',(0.,-1.));
#11142 = ( GEOMETRIC_REPRESENTATION_CONTEXT(2) 
PARAMETRIC_REPRESENTATION_CONTEXT() REPRESENTATION_CONTEXT('2D SPACE',''
  ) );
#11143 = PCURVE('',#1580,#11144);
#11144 = DEFINITIONAL_REPRESENTATION('',(#11145),#11149);
#11145 = LINE('',#11146,#11147);
#11146 = CARTESIAN_POINT('',(0.,0.));
#11147 = VECTOR('',#11148,1.);
#11148 = DIRECTION('',(0.,-1.));
#11149 = ( GEOMETRIC_REPRESENTATION_CONTEXT(2) 
PARAMETRIC_REPRESENTATION_CONTEXT() REPRESENTATION_CONTEXT('2D SPACE',''
  ) );
#11150 = ADVANCED_FACE('',(#11151),#1580,.T.);
#11151 = FACE_BOUND('',#11152,.T.);
#11152 = EDGE_LOOP('',(#11153,#11154,#11155,#11156));
#11153 = ORIENTED_EDGE('',*,*,#6590,.T.);
#11154 = ORIENTED_EDGE('',*,*,#11130,.T.);
#11155 = ORIENTED_EDGE('',*,*,#1565,.F.);
#11156 = ORIENTED_EDGE('',*,*,#11054,.F.);
#11157 = ADVANCED_FACE('',(#11158),#1660,.T.);
#11158 = FACE_BOUND('',#11159,.T.);
#11159 = EDGE_LOOP('',(#11160,#11161,#11182,#11183));
#11160 = ORIENTED_EDGE('',*,*,#6653,.T.);
#11161 = ORIENTED_EDGE('',*,*,#11162,.T.);
#11162 = EDGE_CURVE('',#6656,#1646,#11163,.T.);
#11163 = SURFACE_CURVE('',#11164,(#11168,#11175),.PCURVE_S1.);
#11164 = LINE('',#11165,#11166);
#11165 = CARTESIAN_POINT('',(-56.,-38.,9.));
#11166 = VECTOR('',#11167,1.);
#11167 = DIRECTION('',(0.,0.,1.));
#11168 = PCURVE('',#1660,#11169);
#11169 = DEFINITIONAL_REPRESENTATION('',(#11170),#11174);
#11170 = LINE('',#11171,#11172);
#11171 = CARTESIAN_POINT('',(0.,0.));
#11172 = VECTOR('',#11173,1.);
#11173 = DIRECTION('',(0.,-1.));
#11174 = ( GEOMETRIC_REPRESENTATION_CONTEXT(2) 
PARAMETRIC_REPRESENTATION_CONTEXT() REPRESENTATION_CONTEXT('2D SPACE',''
  ) );
#11175 = PCURVE('',#1686,#11176);
#11176 = DEFINITIONAL_REPRESENTATION('',(#11177),#11181);
#11177 = LINE('',#11178,#11179);
#11178 = CARTESIAN_POINT('',(16.,0.));
#11179 = VECTOR('',#11180,1.);
#11180 = DIRECTION('',(0.,-1.));
#11181 = ( GEOMETRIC_REPRESENTATION_CONTEXT(2) 
PARAMETRIC_REPRESENTATION_CONTEXT() REPRESENTATION_CONTEXT('2D SPACE',''
  ) );
#11182 = ORIENTED_EDGE('',*,*,#1643,.F.);
#11183 = ORIENTED_EDGE('',*,*,#11184,.F.);
#11184 = EDGE_CURVE('',#6654,#1644,#11185,.T.);
#11185 = SURFACE_CURVE('',#11186,(#11190,#11197),.PCURVE_S1.);
#11186 = LINE('',#11187,#11188);
#11187 = CARTESIAN_POINT('',(-56.,-22.,9.));
#11188 = VECTOR('',#11189,1.);
#11189 = DIRECTION('',(0.,0.,1.));
#11190 = PCURVE('',#1660,#11191);
#11191 = DEFINITIONAL_REPRESENTATION('',(#11192),#11196);
#11192 = LINE('',#11193,#11194);
#11193 = CARTESIAN_POINT('',(16.,0.));
#11194 = VECTOR('',#11195,1.);
#11195 = DIRECTION('',(0.,-1.));
#11196 = ( GEOMETRIC_REPRESENTATION_CONTEXT(2) 
PARAMETRIC_REPRESENTATION_CONTEXT() REPRESENTATION_CONTEXT('2D SPACE',''
  ) );
#11197 = PCURVE('',#1736,#11198);
#11198 = DEFINITIONAL_REPRESENTATION('',(#11199),#11203);
#11199 = LINE('',#11200,#11201);
#11200 = CARTESIAN_POINT('',(0.,-0.));
#11201 = VECTOR('',#11202,1.);
#11202 = DIRECTION('',(0.,-1.));
#11203 = ( GEOMETRIC_REPRESENTATION_CONTEXT(2) 
PARAMETRIC_REPRESENTATION_CONTEXT() REPRESENTATION_CONTEXT('2D SPACE',''
  ) );
#11204 = ADVANCED_FACE('',(#11205),#1736,.T.);
#11205 = FACE_BOUND('',#11206,.T.);
#11206 = EDGE_LOOP('',(#11207,#11208,#11209,#11210));
#11207 = ORIENTED_EDGE('',*,*,#6718,.T.);
#11208 = ORIENTED_EDGE('',*,*,#11184,.T.);
#11209 = ORIENTED_EDGE('',*,*,#1723,.F.);
#11210 = ORIENTED_EDGE('',*,*,#11211,.F.);
#11211 = EDGE_CURVE('',#6698,#1698,#11212,.T.);
#11212 = SURFACE_CURVE('',#11213,(#11217,#11224),.PCURVE_S1.);
#11213 = LINE('',#11214,#11215);
#11214 = CARTESIAN_POINT('',(-72.,-22.,9.));
#11215 = VECTOR('',#11216,1.);
#11216 = DIRECTION('',(0.,0.,1.));
#11217 = PCURVE('',#1736,#11218);
#11218 = DEFINITIONAL_REPRESENTATION('',(#11219),#11223);
#11219 = LINE('',#11220,#11221);
#11220 = CARTESIAN_POINT('',(16.,0.));
#11221 = VECTOR('',#11222,1.);
#11222 = DIRECTION('',(0.,-1.));
#11223 = ( GEOMETRIC_REPRESENTATION_CONTEXT(2) 
PARAMETRIC_REPRESENTATION_CONTEXT() REPRESENTATION_CONTEXT('2D SPACE',''
  ) );
#11224 = PCURVE('',#1712,#11225);
#11225 = DEFINITIONAL_REPRESENTATION('',(#11226),#11230);
#11226 = LINE('',#11227,#11228);
#11227 = CARTESIAN_POINT('',(0.,0.));
#11228 = VECTOR('',#11229,1.);
#11229 = DIRECTION('',(0.,-1.));
#11230 = ( GEOMETRIC_REPRESENTATION_CONTEXT(2) 
PARAMETRIC_REPRESENTATION_CONTEXT() REPRESENTATION_CONTEXT('2D SPACE',''
  ) );
#11231 = ADVANCED_FACE('',(#11232),#1712,.T.);
#11232 = FACE_BOUND('',#11233,.T.);
#11233 = EDGE_LOOP('',(#11234,#11235,#11236,#11237));
#11234 = ORIENTED_EDGE('',*,*,#6697,.T.);
#11235 = ORIENTED_EDGE('',*,*,#11211,.T.);
#11236 = ORIENTED_EDGE('',*,*,#1697,.F.);
#11237 = ORIENTED_EDGE('',*,*,#11238,.F.);
#11238 = EDGE_CURVE('',#6677,#1672,#11239,.T.);
#11239 = SURFACE_CURVE('',#11240,(#11244,#11251),.PCURVE_S1.);
#11240 = LINE('',#11241,#11242);
#11241 = CARTESIAN_POINT('',(-72.,-38.,9.));
#11242 = VECTOR('',#11243,1.);
#11243 = DIRECTION('',(0.,0.,1.));
#11244 = PCURVE('',#1712,#11245);
#11245 = DEFINITIONAL_REPRESENTATION('',(#11246),#11250);
#11246 = LINE('',#11247,#11248);
#11247 = CARTESIAN_POINT('',(16.,0.));
#11248 = VECTOR('',#11249,1.);
#11249 = DIRECTION('',(0.,-1.));
#11250 = ( GEOMETRIC_REPRESENTATION_CONTEXT(2) 
PARAMETRIC_REPRESENTATION_CONTEXT() REPRESENTATION_CONTEXT('2D SPACE',''
  ) );
#11251 = PCURVE('',#1686,#11252);
#11252 = DEFINITIONAL_REPRESENTATION('',(#11253),#11257);
#11253 = LINE('',#11254,#11255);
#11254 = CARTESIAN_POINT('',(0.,0.));
#11255 = VECTOR('',#11256,1.);
#11256 = DIRECTION('',(0.,-1.));
#11257 = ( GEOMETRIC_REPRESENTATION_CONTEXT(2) 
PARAMETRIC_REPRESENTATION_CONTEXT() REPRESENTATION_CONTEXT('2D SPACE',''
  ) );
#11258 = ADVANCED_FACE('',(#11259),#1686,.T.);
#11259 = FACE_BOUND('',#11260,.T.);
#11260 = EDGE_LOOP('',(#11261,#11262,#11263,#11264));
#11261 = ORIENTED_EDGE('',*,*,#6676,.T.);
#11262 = ORIENTED_EDGE('',*,*,#11238,.T.);
#11263 = ORIENTED_EDGE('',*,*,#1671,.F.);
#11264 = ORIENTED_EDGE('',*,*,#11162,.F.);
#11265 = ADVANCED_FACE('',(#11266),#1766,.T.);
#11266 = FACE_BOUND('',#11267,.T.);
#11267 = EDGE_LOOP('',(#11268,#11269,#11290,#11291));
#11268 = ORIENTED_EDGE('',*,*,#6739,.T.);
#11269 = ORIENTED_EDGE('',*,*,#11270,.T.);
#11270 = EDGE_CURVE('',#6742,#1752,#11271,.T.);
#11271 = SURFACE_CURVE('',#11272,(#11276,#11283),.PCURVE_S1.);
#11272 = LINE('',#11273,#11274);
#11273 = CARTESIAN_POINT('',(-86.,-8.,9.));
#11274 = VECTOR('',#11275,1.);
#11275 = DIRECTION('',(0.,0.,1.));
#11276 = PCURVE('',#1766,#11277);
#11277 = DEFINITIONAL_REPRESENTATION('',(#11278),#11282);
#11278 = LINE('',#11279,#11280);
#11279 = CARTESIAN_POINT('',(0.,0.));
#11280 = VECTOR('',#11281,1.);
#11281 = DIRECTION('',(0.,-1.));
#11282 = ( GEOMETRIC_REPRESENTATION_CONTEXT(2) 
PARAMETRIC_REPRESENTATION_CONTEXT() REPRESENTATION_CONTEXT('2D SPACE',''
  ) );
#11283 = PCURVE('',#1792,#11284);
#11284 = DEFINITIONAL_REPRESENTATION('',(#11285),#11289);
#11285 = LINE('',#11286,#11287);
#11286 = CARTESIAN_POINT('',(16.,0.));
#11287 = VECTOR('',#11288,1.);
#11288 = DIRECTION('',(0.,-1.));
#11289 = ( GEOMETRIC_REPRESENTATION_CONTEXT(2) 
PARAMETRIC_REPRESENTATION_CONTEXT() REPRESENTATION_CONTEXT('2D SPACE',''
  ) );
#11290 = ORIENTED_EDGE('',*,*,#1749,.F.);
#11291 = ORIENTED_EDGE('',*,*,#11292,.F.);
#11292 = EDGE_CURVE('',#6740,#1750,#11293,.T.);
#11293 = SURFACE_CURVE('',#11294,(#11298,#11305),.PCURVE_S1.);
#11294 = LINE('',#11295,#11296);
#11295 = CARTESIAN_POINT('',(-86.,8.,9.));
#11296 = VECTOR('',#11297,1.);
#11297 = DIRECTION('',(0.,0.,1.));
#11298 = PCURVE('',#1766,#11299);
#11299 = DEFINITIONAL_REPRESENTATION('',(#11300),#11304);
#11300 = LINE('',#11301,#11302);
#11301 = CARTESIAN_POINT('',(16.,0.));
#11302 = VECTOR('',#11303,1.);
#11303 = DIRECTION('',(0.,-1.));
#11304 = ( GEOMETRIC_REPRESENTATION_CONTEXT(2) 
PARAMETRIC_REPRESENTATION_CONTEXT() REPRESENTATION_CONTEXT('2D SPACE',''
  ) );
#11305 = PCURVE('',#1842,#11306);
#11306 = DEFINITIONAL_REPRESENTATION('',(#11307),#11311);
#11307 = LINE('',#11308,#11309);
#11308 = CARTESIAN_POINT('',(0.,-0.));
#11309 = VECTOR('',#11310,1.);
#11310 = DIRECTION('',(0.,-1.));
#11311 = ( GEOMETRIC_REPRESENTATION_CONTEXT(2) 
PARAMETRIC_REPRESENTATION_CONTEXT() REPRESENTATION_CONTEXT('2D SPACE',''
  ) );
#11312 = ADVANCED_FACE('',(#11313),#1842,.T.);
#11313 = FACE_BOUND('',#11314,.T.);
#11314 = EDGE_LOOP('',(#11315,#11316,#11317,#11318));
#11315 = ORIENTED_EDGE('',*,*,#6804,.T.);
#11316 = ORIENTED_EDGE('',*,*,#11292,.T.);
#11317 = ORIENTED_EDGE('',*,*,#1829,.F.);
#11318 = ORIENTED_EDGE('',*,*,#11319,.F.);
#11319 = EDGE_CURVE('',#6784,#1804,#11320,.T.);
#11320 = SURFACE_CURVE('',#11321,(#11325,#11332),.PCURVE_S1.);
#11321 = LINE('',#11322,#11323);
#11322 = CARTESIAN_POINT('',(-102.,8.,9.));
#11323 = VECTOR('',#11324,1.);
#11324 = DIRECTION('',(0.,0.,1.));
#11325 = PCURVE('',#1842,#11326);
#11326 = DEFINITIONAL_REPRESENTATION('',(#11327),#11331);
#11327 = LINE('',#11328,#11329);
#11328 = CARTESIAN_POINT('',(16.,0.));
#11329 = VECTOR('',#11330,1.);
#11330 = DIRECTION('',(0.,-1.));
#11331 = ( GEOMETRIC_REPRESENTATION_CONTEXT(2) 
PARAMETRIC_REPRESENTATION_CONTEXT() REPRESENTATION_CONTEXT('2D SPACE',''
  ) );
#11332 = PCURVE('',#1818,#11333);
#11333 = DEFINITIONAL_REPRESENTATION('',(#11334),#11338);
#11334 = LINE('',#11335,#11336);
#11335 = CARTESIAN_POINT('',(0.,0.));
#11336 = VECTOR('',#11337,1.);
#11337 = DIRECTION('',(0.,-1.));
#11338 = ( GEOMETRIC_REPRESENTATION_CONTEXT(2) 
PARAMETRIC_REPRESENTATION_CONTEXT() REPRESENTATION_CONTEXT('2D SPACE',''
  ) );
#11339 = ADVANCED_FACE('',(#11340),#1818,.T.);
#11340 = FACE_BOUND('',#11341,.T.);
#11341 = EDGE_LOOP('',(#11342,#11343,#11344,#11345));
#11342 = ORIENTED_EDGE('',*,*,#6783,.T.);
#11343 = ORIENTED_EDGE('',*,*,#11319,.T.);
#11344 = ORIENTED_EDGE('',*,*,#1803,.F.);
#11345 = ORIENTED_EDGE('',*,*,#11346,.F.);
#11346 = EDGE_CURVE('',#6763,#1778,#11347,.T.);
#11347 = SURFACE_CURVE('',#11348,(#11352,#11359),.PCURVE_S1.);
#11348 = LINE('',#11349,#11350);
#11349 = CARTESIAN_POINT('',(-102.,-8.,9.));
#11350 = VECTOR('',#11351,1.);
#11351 = DIRECTION('',(0.,0.,1.));
#11352 = PCURVE('',#1818,#11353);
#11353 = DEFINITIONAL_REPRESENTATION('',(#11354),#11358);
#11354 = LINE('',#11355,#11356);
#11355 = CARTESIAN_POINT('',(16.,0.));
#11356 = VECTOR('',#11357,1.);
#11357 = DIRECTION('',(0.,-1.));
#11358 = ( GEOMETRIC_REPRESENTATION_CONTEXT(2) 
PARAMETRIC_REPRESENTATION_CONTEXT() REPRESENTATION_CONTEXT('2D SPACE',''
  ) );
#11359 = PCURVE('',#1792,#11360);
#11360 = DEFINITIONAL_REPRESENTATION('',(#11361),#11365);
#11361 = LINE('',#11362,#11363);
#11362 = CARTESIAN_POINT('',(0.,0.));
#11363 = VECTOR('',#11364,1.);
#11364 = DIRECTION('',(0.,-1.));
#11365 = ( GEOMETRIC_REPRESENTATION_CONTEXT(2) 
PARAMETRIC_REPRESENTATION_CONTEXT() REPRESENTATION_CONTEXT('2D SPACE',''
  ) );
#11366 = ADVANCED_FACE('',(#11367),#1792,.T.);
#11367 = FACE_BOUND('',#11368,.T.);
#11368 = EDGE_LOOP('',(#11369,#11370,#11371,#11372));
#11369 = ORIENTED_EDGE('',*,*,#6762,.T.);
#11370 = ORIENTED_EDGE('',*,*,#11346,.T.);
#11371 = ORIENTED_EDGE('',*,*,#1777,.F.);
#11372 = ORIENTED_EDGE('',*,*,#11270,.F.);
#11373 = ADVANCED_FACE('',(#11374),#1872,.T.);
#11374 = FACE_BOUND('',#11375,.T.);
#11375 = EDGE_LOOP('',(#11376,#11377,#11398,#11399));
#11376 = ORIENTED_EDGE('',*,*,#6825,.T.);
#11377 = ORIENTED_EDGE('',*,*,#11378,.T.);
#11378 = EDGE_CURVE('',#6828,#1858,#11379,.T.);
#11379 = SURFACE_CURVE('',#11380,(#11384,#11391),.PCURVE_S1.);
#11380 = LINE('',#11381,#11382);
#11381 = CARTESIAN_POINT('',(-56.,-8.,9.));
#11382 = VECTOR('',#11383,1.);
#11383 = DIRECTION('',(0.,0.,1.));
#11384 = PCURVE('',#1872,#11385);
#11385 = DEFINITIONAL_REPRESENTATION('',(#11386),#11390);
#11386 = LINE('',#11387,#11388);
#11387 = CARTESIAN_POINT('',(0.,0.));
#11388 = VECTOR('',#11389,1.);
#11389 = DIRECTION('',(0.,-1.));
#11390 = ( GEOMETRIC_REPRESENTATION_CONTEXT(2) 
PARAMETRIC_REPRESENTATION_CONTEXT() REPRESENTATION_CONTEXT('2D SPACE',''
  ) );
#11391 = PCURVE('',#1898,#11392);
#11392 = DEFINITIONAL_REPRESENTATION('',(#11393),#11397);
#11393 = LINE('',#11394,#11395);
#11394 = CARTESIAN_POINT('',(16.,0.));
#11395 = VECTOR('',#11396,1.);
#11396 = DIRECTION('',(0.,-1.));
#11397 = ( GEOMETRIC_REPRESENTATION_CONTEXT(2) 
PARAMETRIC_REPRESENTATION_CONTEXT() REPRESENTATION_CONTEXT('2D SPACE',''
  ) );
#11398 = ORIENTED_EDGE('',*,*,#1855,.F.);
#11399 = ORIENTED_EDGE('',*,*,#11400,.F.);
#11400 = EDGE_CURVE('',#6826,#1856,#11401,.T.);
#11401 = SURFACE_CURVE('',#11402,(#11406,#11413),.PCURVE_S1.);
#11402 = LINE('',#11403,#11404);
#11403 = CARTESIAN_POINT('',(-56.,8.,9.));
#11404 = VECTOR('',#11405,1.);
#11405 = DIRECTION('',(0.,0.,1.));
#11406 = PCURVE('',#1872,#11407);
#11407 = DEFINITIONAL_REPRESENTATION('',(#11408),#11412);
#11408 = LINE('',#11409,#11410);
#11409 = CARTESIAN_POINT('',(16.,0.));
#11410 = VECTOR('',#11411,1.);
#11411 = DIRECTION('',(0.,-1.));
#11412 = ( GEOMETRIC_REPRESENTATION_CONTEXT(2) 
PARAMETRIC_REPRESENTATION_CONTEXT() REPRESENTATION_CONTEXT('2D SPACE',''
  ) );
#11413 = PCURVE('',#1948,#11414);
#11414 = DEFINITIONAL_REPRESENTATION('',(#11415),#11419);
#11415 = LINE('',#11416,#11417);
#11416 = CARTESIAN_POINT('',(0.,-0.));
#11417 = VECTOR('',#11418,1.);
#11418 = DIRECTION('',(0.,-1.));
#11419 = ( GEOMETRIC_REPRESENTATION_CONTEXT(2) 
PARAMETRIC_REPRESENTATION_CONTEXT() REPRESENTATION_CONTEXT('2D SPACE',''
  ) );
#11420 = ADVANCED_FACE('',(#11421),#1948,.T.);
#11421 = FACE_BOUND('',#11422,.T.);
#11422 = EDGE_LOOP('',(#11423,#11424,#11425,#11426));
#11423 = ORIENTED_EDGE('',*,*,#6890,.T.);
#11424 = ORIENTED_EDGE('',*,*,#11400,.T.);
#11425 = ORIENTED_EDGE('',*,*,#1935,.F.);
#11426 = ORIENTED_EDGE('',*,*,#11427,.F.);
#11427 = EDGE_CURVE('',#6870,#1910,#11428,.T.);
#11428 = SURFACE_CURVE('',#11429,(#11433,#11440),.PCURVE_S1.);
#11429 = LINE('',#11430,#11431);
#11430 = CARTESIAN_POINT('',(-72.,8.,9.));
#11431 = VECTOR('',#11432,1.);
#11432 = DIRECTION('',(0.,0.,1.));
#11433 = PCURVE('',#1948,#11434);
#11434 = DEFINITIONAL_REPRESENTATION('',(#11435),#11439);
#11435 = LINE('',#11436,#11437);
#11436 = CARTESIAN_POINT('',(16.,0.));
#11437 = VECTOR('',#11438,1.);
#11438 = DIRECTION('',(0.,-1.));
#11439 = ( GEOMETRIC_REPRESENTATION_CONTEXT(2) 
PARAMETRIC_REPRESENTATION_CONTEXT() REPRESENTATION_CONTEXT('2D SPACE',''
  ) );
#11440 = PCURVE('',#1924,#11441);
#11441 = DEFINITIONAL_REPRESENTATION('',(#11442),#11446);
#11442 = LINE('',#11443,#11444);
#11443 = CARTESIAN_POINT('',(0.,0.));
#11444 = VECTOR('',#11445,1.);
#11445 = DIRECTION('',(0.,-1.));
#11446 = ( GEOMETRIC_REPRESENTATION_CONTEXT(2) 
PARAMETRIC_REPRESENTATION_CONTEXT() REPRESENTATION_CONTEXT('2D SPACE',''
  ) );
#11447 = ADVANCED_FACE('',(#11448),#1924,.T.);
#11448 = FACE_BOUND('',#11449,.T.);
#11449 = EDGE_LOOP('',(#11450,#11451,#11452,#11453));
#11450 = ORIENTED_EDGE('',*,*,#6869,.T.);
#11451 = ORIENTED_EDGE('',*,*,#11427,.T.);
#11452 = ORIENTED_EDGE('',*,*,#1909,.F.);
#11453 = ORIENTED_EDGE('',*,*,#11454,.F.);
#11454 = EDGE_CURVE('',#6849,#1884,#11455,.T.);
#11455 = SURFACE_CURVE('',#11456,(#11460,#11467),.PCURVE_S1.);
#11456 = LINE('',#11457,#11458);
#11457 = CARTESIAN_POINT('',(-72.,-8.,9.));
#11458 = VECTOR('',#11459,1.);
#11459 = DIRECTION('',(0.,0.,1.));
#11460 = PCURVE('',#1924,#11461);
#11461 = DEFINITIONAL_REPRESENTATION('',(#11462),#11466);
#11462 = LINE('',#11463,#11464);
#11463 = CARTESIAN_POINT('',(16.,0.));
#11464 = VECTOR('',#11465,1.);
#11465 = DIRECTION('',(0.,-1.));
#11466 = ( GEOMETRIC_REPRESENTATION_CONTEXT(2) 
PARAMETRIC_REPRESENTATION_CONTEXT() REPRESENTATION_CONTEXT('2D SPACE',''
  ) );
#11467 = PCURVE('',#1898,#11468);
#11468 = DEFINITIONAL_REPRESENTATION('',(#11469),#11473);
#11469 = LINE('',#11470,#11471);
#11470 = CARTESIAN_POINT('',(0.,0.));
#11471 = VECTOR('',#11472,1.);
#11472 = DIRECTION('',(0.,-1.));
#11473 = ( GEOMETRIC_REPRESENTATION_CONTEXT(2) 
PARAMETRIC_REPRESENTATION_CONTEXT() REPRESENTATION_CONTEXT('2D SPACE',''
  ) );
#11474 = ADVANCED_FACE('',(#11475),#1898,.T.);
#11475 = FACE_BOUND('',#11476,.T.);
#11476 = EDGE_LOOP('',(#11477,#11478,#11479,#11480));
#11477 = ORIENTED_EDGE('',*,*,#6848,.T.);
#11478 = ORIENTED_EDGE('',*,*,#11454,.T.);
#11479 = ORIENTED_EDGE('',*,*,#1883,.F.);
#11480 = ORIENTED_EDGE('',*,*,#11378,.F.);
#11481 = ADVANCED_FACE('',(#11482),#1978,.T.);
#11482 = FACE_BOUND('',#11483,.T.);
#11483 = EDGE_LOOP('',(#11484,#11485,#11506,#11507));
#11484 = ORIENTED_EDGE('',*,*,#6911,.T.);
#11485 = ORIENTED_EDGE('',*,*,#11486,.T.);
#11486 = EDGE_CURVE('',#6914,#1964,#11487,.T.);
#11487 = SURFACE_CURVE('',#11488,(#11492,#11499),.PCURVE_S1.);
#11488 = LINE('',#11489,#11490);
#11489 = CARTESIAN_POINT('',(-26.,-98.,9.));
#11490 = VECTOR('',#11491,1.);
#11491 = DIRECTION('',(0.,0.,1.));
#11492 = PCURVE('',#1978,#11493);
#11493 = DEFINITIONAL_REPRESENTATION('',(#11494),#11498);
#11494 = LINE('',#11495,#11496);
#11495 = CARTESIAN_POINT('',(0.,0.));
#11496 = VECTOR('',#11497,1.);
#11497 = DIRECTION('',(0.,-1.));
#11498 = ( GEOMETRIC_REPRESENTATION_CONTEXT(2) 
PARAMETRIC_REPRESENTATION_CONTEXT() REPRESENTATION_CONTEXT('2D SPACE',''
  ) );
#11499 = PCURVE('',#2004,#11500);
#11500 = DEFINITIONAL_REPRESENTATION('',(#11501),#11505);
#11501 = LINE('',#11502,#11503);
#11502 = CARTESIAN_POINT('',(16.,0.));
#11503 = VECTOR('',#11504,1.);
#11504 = DIRECTION('',(0.,-1.));
#11505 = ( GEOMETRIC_REPRESENTATION_CONTEXT(2) 
PARAMETRIC_REPRESENTATION_CONTEXT() REPRESENTATION_CONTEXT('2D SPACE',''
  ) );
#11506 = ORIENTED_EDGE('',*,*,#1961,.F.);
#11507 = ORIENTED_EDGE('',*,*,#11508,.F.);
#11508 = EDGE_CURVE('',#6912,#1962,#11509,.T.);
#11509 = SURFACE_CURVE('',#11510,(#11514,#11521),.PCURVE_S1.);
#11510 = LINE('',#11511,#11512);
#11511 = CARTESIAN_POINT('',(-26.,-82.,9.));
#11512 = VECTOR('',#11513,1.);
#11513 = DIRECTION('',(0.,0.,1.));
#11514 = PCURVE('',#1978,#11515);
#11515 = DEFINITIONAL_REPRESENTATION('',(#11516),#11520);
#11516 = LINE('',#11517,#11518);
#11517 = CARTESIAN_POINT('',(16.,0.));
#11518 = VECTOR('',#11519,1.);
#11519 = DIRECTION('',(0.,-1.));
#11520 = ( GEOMETRIC_REPRESENTATION_CONTEXT(2) 
PARAMETRIC_REPRESENTATION_CONTEXT() REPRESENTATION_CONTEXT('2D SPACE',''
  ) );
#11521 = PCURVE('',#2054,#11522);
#11522 = DEFINITIONAL_REPRESENTATION('',(#11523),#11527);
#11523 = LINE('',#11524,#11525);
#11524 = CARTESIAN_POINT('',(0.,-0.));
#11525 = VECTOR('',#11526,1.);
#11526 = DIRECTION('',(0.,-1.));
#11527 = ( GEOMETRIC_REPRESENTATION_CONTEXT(2) 
PARAMETRIC_REPRESENTATION_CONTEXT() REPRESENTATION_CONTEXT('2D SPACE',''
  ) );
#11528 = ADVANCED_FACE('',(#11529),#2054,.T.);
#11529 = FACE_BOUND('',#11530,.T.);
#11530 = EDGE_LOOP('',(#11531,#11532,#11533,#11534));
#11531 = ORIENTED_EDGE('',*,*,#6976,.T.);
#11532 = ORIENTED_EDGE('',*,*,#11508,.T.);
#11533 = ORIENTED_EDGE('',*,*,#2041,.F.);
#11534 = ORIENTED_EDGE('',*,*,#11535,.F.);
#11535 = EDGE_CURVE('',#6956,#2016,#11536,.T.);
#11536 = SURFACE_CURVE('',#11537,(#11541,#11548),.PCURVE_S1.);
#11537 = LINE('',#11538,#11539);
#11538 = CARTESIAN_POINT('',(-42.,-82.,9.));
#11539 = VECTOR('',#11540,1.);
#11540 = DIRECTION('',(0.,0.,1.));
#11541 = PCURVE('',#2054,#11542);
#11542 = DEFINITIONAL_REPRESENTATION('',(#11543),#11547);
#11543 = LINE('',#11544,#11545);
#11544 = CARTESIAN_POINT('',(16.,0.));
#11545 = VECTOR('',#11546,1.);
#11546 = DIRECTION('',(0.,-1.));
#11547 = ( GEOMETRIC_REPRESENTATION_CONTEXT(2) 
PARAMETRIC_REPRESENTATION_CONTEXT() REPRESENTATION_CONTEXT('2D SPACE',''
  ) );
#11548 = PCURVE('',#2030,#11549);
#11549 = DEFINITIONAL_REPRESENTATION('',(#11550),#11554);
#11550 = LINE('',#11551,#11552);
#11551 = CARTESIAN_POINT('',(0.,0.));
#11552 = VECTOR('',#11553,1.);
#11553 = DIRECTION('',(0.,-1.));
#11554 = ( GEOMETRIC_REPRESENTATION_CONTEXT(2) 
PARAMETRIC_REPRESENTATION_CONTEXT() REPRESENTATION_CONTEXT('2D SPACE',''
  ) );
#11555 = ADVANCED_FACE('',(#11556),#2030,.T.);
#11556 = FACE_BOUND('',#11557,.T.);
#11557 = EDGE_LOOP('',(#11558,#11559,#11560,#11561));
#11558 = ORIENTED_EDGE('',*,*,#6955,.T.);
#11559 = ORIENTED_EDGE('',*,*,#11535,.T.);
#11560 = ORIENTED_EDGE('',*,*,#2015,.F.);
#11561 = ORIENTED_EDGE('',*,*,#11562,.F.);
#11562 = EDGE_CURVE('',#6935,#1990,#11563,.T.);
#11563 = SURFACE_CURVE('',#11564,(#11568,#11575),.PCURVE_S1.);
#11564 = LINE('',#11565,#11566);
#11565 = CARTESIAN_POINT('',(-42.,-98.,9.));
#11566 = VECTOR('',#11567,1.);
#11567 = DIRECTION('',(0.,0.,1.));
#11568 = PCURVE('',#2030,#11569);
#11569 = DEFINITIONAL_REPRESENTATION('',(#11570),#11574);
#11570 = LINE('',#11571,#11572);
#11571 = CARTESIAN_POINT('',(16.,0.));
#11572 = VECTOR('',#11573,1.);
#11573 = DIRECTION('',(0.,-1.));
#11574 = ( GEOMETRIC_REPRESENTATION_CONTEXT(2) 
PARAMETRIC_REPRESENTATION_CONTEXT() REPRESENTATION_CONTEXT('2D SPACE',''
  ) );
#11575 = PCURVE('',#2004,#11576);
#11576 = DEFINITIONAL_REPRESENTATION('',(#11577),#11581);
#11577 = LINE('',#11578,#11579);
#11578 = CARTESIAN_POINT('',(0.,0.));
#11579 = VECTOR('',#11580,1.);
#11580 = DIRECTION('',(0.,-1.));
#11581 = ( GEOMETRIC_REPRESENTATION_CONTEXT(2) 
PARAMETRIC_REPRESENTATION_CONTEXT() REPRESENTATION_CONTEXT('2D SPACE',''
  ) );
#11582 = ADVANCED_FACE('',(#11583),#2004,.T.);
#11583 = FACE_BOUND('',#11584,.T.);
#11584 = EDGE_LOOP('',(#11585,#11586,#11587,#11588));
#11585 = ORIENTED_EDGE('',*,*,#6934,.T.);
#11586 = ORIENTED_EDGE('',*,*,#11562,.T.);
#11587 = ORIENTED_EDGE('',*,*,#1989,.F.);
#11588 = ORIENTED_EDGE('',*,*,#11486,.F.);
#11589 = ADVANCED_FACE('',(#11590),#2084,.T.);
#11590 = FACE_BOUND('',#11591,.T.);
#11591 = EDGE_LOOP('',(#11592,#11593,#11614,#11615));
#11592 = ORIENTED_EDGE('',*,*,#6997,.T.);
#11593 = ORIENTED_EDGE('',*,*,#11594,.T.);
#11594 = EDGE_CURVE('',#7000,#2070,#11595,.T.);
#11595 = SURFACE_CURVE('',#11596,(#11600,#11607),.PCURVE_S1.);
#11596 = LINE('',#11597,#11598);
#11597 = CARTESIAN_POINT('',(-26.,-68.,9.));
#11598 = VECTOR('',#11599,1.);
#11599 = DIRECTION('',(0.,0.,1.));
#11600 = PCURVE('',#2084,#11601);
#11601 = DEFINITIONAL_REPRESENTATION('',(#11602),#11606);
#11602 = LINE('',#11603,#11604);
#11603 = CARTESIAN_POINT('',(0.,0.));
#11604 = VECTOR('',#11605,1.);
#11605 = DIRECTION('',(0.,-1.));
#11606 = ( GEOMETRIC_REPRESENTATION_CONTEXT(2) 
PARAMETRIC_REPRESENTATION_CONTEXT() REPRESENTATION_CONTEXT('2D SPACE',''
  ) );
#11607 = PCURVE('',#2110,#11608);
#11608 = DEFINITIONAL_REPRESENTATION('',(#11609),#11613);
#11609 = LINE('',#11610,#11611);
#11610 = CARTESIAN_POINT('',(16.,0.));
#11611 = VECTOR('',#11612,1.);
#11612 = DIRECTION('',(0.,-1.));
#11613 = ( GEOMETRIC_REPRESENTATION_CONTEXT(2) 
PARAMETRIC_REPRESENTATION_CONTEXT() REPRESENTATION_CONTEXT('2D SPACE',''
  ) );
#11614 = ORIENTED_EDGE('',*,*,#2067,.F.);
#11615 = ORIENTED_EDGE('',*,*,#11616,.F.);
#11616 = EDGE_CURVE('',#6998,#2068,#11617,.T.);
#11617 = SURFACE_CURVE('',#11618,(#11622,#11629),.PCURVE_S1.);
#11618 = LINE('',#11619,#11620);
#11619 = CARTESIAN_POINT('',(-26.,-52.,9.));
#11620 = VECTOR('',#11621,1.);
#11621 = DIRECTION('',(0.,0.,1.));
#11622 = PCURVE('',#2084,#11623);
#11623 = DEFINITIONAL_REPRESENTATION('',(#11624),#11628);
#11624 = LINE('',#11625,#11626);
#11625 = CARTESIAN_POINT('',(16.,0.));
#11626 = VECTOR('',#11627,1.);
#11627 = DIRECTION('',(0.,-1.));
#11628 = ( GEOMETRIC_REPRESENTATION_CONTEXT(2) 
PARAMETRIC_REPRESENTATION_CONTEXT() REPRESENTATION_CONTEXT('2D SPACE',''
  ) );
#11629 = PCURVE('',#2160,#11630);
#11630 = DEFINITIONAL_REPRESENTATION('',(#11631),#11635);
#11631 = LINE('',#11632,#11633);
#11632 = CARTESIAN_POINT('',(0.,-0.));
#11633 = VECTOR('',#11634,1.);
#11634 = DIRECTION('',(0.,-1.));
#11635 = ( GEOMETRIC_REPRESENTATION_CONTEXT(2) 
PARAMETRIC_REPRESENTATION_CONTEXT() REPRESENTATION_CONTEXT('2D SPACE',''
  ) );
#11636 = ADVANCED_FACE('',(#11637),#2160,.T.);
#11637 = FACE_BOUND('',#11638,.T.);
#11638 = EDGE_LOOP('',(#11639,#11640,#11641,#11642));
#11639 = ORIENTED_EDGE('',*,*,#7062,.T.);
#11640 = ORIENTED_EDGE('',*,*,#11616,.T.);
#11641 = ORIENTED_EDGE('',*,*,#2147,.F.);
#11642 = ORIENTED_EDGE('',*,*,#11643,.F.);
#11643 = EDGE_CURVE('',#7042,#2122,#11644,.T.);
#11644 = SURFACE_CURVE('',#11645,(#11649,#11656),.PCURVE_S1.);
#11645 = LINE('',#11646,#11647);
#11646 = CARTESIAN_POINT('',(-42.,-52.,9.));
#11647 = VECTOR('',#11648,1.);
#11648 = DIRECTION('',(0.,0.,1.));
#11649 = PCURVE('',#2160,#11650);
#11650 = DEFINITIONAL_REPRESENTATION('',(#11651),#11655);
#11651 = LINE('',#11652,#11653);
#11652 = CARTESIAN_POINT('',(16.,0.));
#11653 = VECTOR('',#11654,1.);
#11654 = DIRECTION('',(0.,-1.));
#11655 = ( GEOMETRIC_REPRESENTATION_CONTEXT(2) 
PARAMETRIC_REPRESENTATION_CONTEXT() REPRESENTATION_CONTEXT('2D SPACE',''
  ) );
#11656 = PCURVE('',#2136,#11657);
#11657 = DEFINITIONAL_REPRESENTATION('',(#11658),#11662);
#11658 = LINE('',#11659,#11660);
#11659 = CARTESIAN_POINT('',(0.,0.));
#11660 = VECTOR('',#11661,1.);
#11661 = DIRECTION('',(0.,-1.));
#11662 = ( GEOMETRIC_REPRESENTATION_CONTEXT(2) 
PARAMETRIC_REPRESENTATION_CONTEXT() REPRESENTATION_CONTEXT('2D SPACE',''
  ) );
#11663 = ADVANCED_FACE('',(#11664),#2136,.T.);
#11664 = FACE_BOUND('',#11665,.T.);
#11665 = EDGE_LOOP('',(#11666,#11667,#11668,#11669));
#11666 = ORIENTED_EDGE('',*,*,#7041,.T.);
#11667 = ORIENTED_EDGE('',*,*,#11643,.T.);
#11668 = ORIENTED_EDGE('',*,*,#2121,.F.);
#11669 = ORIENTED_EDGE('',*,*,#11670,.F.);
#11670 = EDGE_CURVE('',#7021,#2096,#11671,.T.);
#11671 = SURFACE_CURVE('',#11672,(#11676,#11683),.PCURVE_S1.);
#11672 = LINE('',#11673,#11674);
#11673 = CARTESIAN_POINT('',(-42.,-68.,9.));
#11674 = VECTOR('',#11675,1.);
#11675 = DIRECTION('',(0.,0.,1.));
#11676 = PCURVE('',#2136,#11677);
#11677 = DEFINITIONAL_REPRESENTATION('',(#11678),#11682);
#11678 = LINE('',#11679,#11680);
#11679 = CARTESIAN_POINT('',(16.,0.));
#11680 = VECTOR('',#11681,1.);
#11681 = DIRECTION('',(0.,-1.));
#11682 = ( GEOMETRIC_REPRESENTATION_CONTEXT(2) 
PARAMETRIC_REPRESENTATION_CONTEXT() REPRESENTATION_CONTEXT('2D SPACE',''
  ) );
#11683 = PCURVE('',#2110,#11684);
#11684 = DEFINITIONAL_REPRESENTATION('',(#11685),#11689);
#11685 = LINE('',#11686,#11687);
#11686 = CARTESIAN_POINT('',(0.,0.));
#11687 = VECTOR('',#11688,1.);
#11688 = DIRECTION('',(0.,-1.));
#11689 = ( GEOMETRIC_REPRESENTATION_CONTEXT(2) 
PARAMETRIC_REPRESENTATION_CONTEXT() REPRESENTATION_CONTEXT('2D SPACE',''
  ) );
#11690 = ADVANCED_FACE('',(#11691),#2110,.T.);
#11691 = FACE_BOUND('',#11692,.T.);
#11692 = EDGE_LOOP('',(#11693,#11694,#11695,#11696));
#11693 = ORIENTED_EDGE('',*,*,#7020,.T.);
#11694 = ORIENTED_EDGE('',*,*,#11670,.T.);
#11695 = ORIENTED_EDGE('',*,*,#2095,.F.);
#11696 = ORIENTED_EDGE('',*,*,#11594,.F.);
#11697 = ADVANCED_FACE('',(#11698),#2190,.T.);
#11698 = FACE_BOUND('',#11699,.T.);
#11699 = EDGE_LOOP('',(#11700,#11701,#11722,#11723));
#11700 = ORIENTED_EDGE('',*,*,#7083,.T.);
#11701 = ORIENTED_EDGE('',*,*,#11702,.T.);
#11702 = EDGE_CURVE('',#7086,#2176,#11703,.T.);
#11703 = SURFACE_CURVE('',#11704,(#11708,#11715),.PCURVE_S1.);
#11704 = LINE('',#11705,#11706);
#11705 = CARTESIAN_POINT('',(4.,-98.,9.));
#11706 = VECTOR('',#11707,1.);
#11707 = DIRECTION('',(0.,0.,1.));
#11708 = PCURVE('',#2190,#11709);
#11709 = DEFINITIONAL_REPRESENTATION('',(#11710),#11714);
#11710 = LINE('',#11711,#11712);
#11711 = CARTESIAN_POINT('',(0.,0.));
#11712 = VECTOR('',#11713,1.);
#11713 = DIRECTION('',(0.,-1.));
#11714 = ( GEOMETRIC_REPRESENTATION_CONTEXT(2) 
PARAMETRIC_REPRESENTATION_CONTEXT() REPRESENTATION_CONTEXT('2D SPACE',''
  ) );
#11715 = PCURVE('',#2216,#11716);
#11716 = DEFINITIONAL_REPRESENTATION('',(#11717),#11721);
#11717 = LINE('',#11718,#11719);
#11718 = CARTESIAN_POINT('',(16.,0.));
#11719 = VECTOR('',#11720,1.);
#11720 = DIRECTION('',(0.,-1.));
#11721 = ( GEOMETRIC_REPRESENTATION_CONTEXT(2) 
PARAMETRIC_REPRESENTATION_CONTEXT() REPRESENTATION_CONTEXT('2D SPACE',''
  ) );
#11722 = ORIENTED_EDGE('',*,*,#2173,.F.);
#11723 = ORIENTED_EDGE('',*,*,#11724,.F.);
#11724 = EDGE_CURVE('',#7084,#2174,#11725,.T.);
#11725 = SURFACE_CURVE('',#11726,(#11730,#11737),.PCURVE_S1.);
#11726 = LINE('',#11727,#11728);
#11727 = CARTESIAN_POINT('',(4.,-82.,9.));
#11728 = VECTOR('',#11729,1.);
#11729 = DIRECTION('',(0.,0.,1.));
#11730 = PCURVE('',#2190,#11731);
#11731 = DEFINITIONAL_REPRESENTATION('',(#11732),#11736);
#11732 = LINE('',#11733,#11734);
#11733 = CARTESIAN_POINT('',(16.,0.));
#11734 = VECTOR('',#11735,1.);
#11735 = DIRECTION('',(0.,-1.));
#11736 = ( GEOMETRIC_REPRESENTATION_CONTEXT(2) 
PARAMETRIC_REPRESENTATION_CONTEXT() REPRESENTATION_CONTEXT('2D SPACE',''
  ) );
#11737 = PCURVE('',#2266,#11738);
#11738 = DEFINITIONAL_REPRESENTATION('',(#11739),#11743);
#11739 = LINE('',#11740,#11741);
#11740 = CARTESIAN_POINT('',(0.,-0.));
#11741 = VECTOR('',#11742,1.);
#11742 = DIRECTION('',(0.,-1.));
#11743 = ( GEOMETRIC_REPRESENTATION_CONTEXT(2) 
PARAMETRIC_REPRESENTATION_CONTEXT() REPRESENTATION_CONTEXT('2D SPACE',''
  ) );
#11744 = ADVANCED_FACE('',(#11745),#2266,.T.);
#11745 = FACE_BOUND('',#11746,.T.);
#11746 = EDGE_LOOP('',(#11747,#11748,#11749,#11750));
#11747 = ORIENTED_EDGE('',*,*,#7148,.T.);
#11748 = ORIENTED_EDGE('',*,*,#11724,.T.);
#11749 = ORIENTED_EDGE('',*,*,#2253,.F.);
#11750 = ORIENTED_EDGE('',*,*,#11751,.F.);
#11751 = EDGE_CURVE('',#7128,#2228,#11752,.T.);
#11752 = SURFACE_CURVE('',#11753,(#11757,#11764),.PCURVE_S1.);
#11753 = LINE('',#11754,#11755);
#11754 = CARTESIAN_POINT('',(-12.,-82.,9.));
#11755 = VECTOR('',#11756,1.);
#11756 = DIRECTION('',(0.,0.,1.));
#11757 = PCURVE('',#2266,#11758);
#11758 = DEFINITIONAL_REPRESENTATION('',(#11759),#11763);
#11759 = LINE('',#11760,#11761);
#11760 = CARTESIAN_POINT('',(16.,0.));
#11761 = VECTOR('',#11762,1.);
#11762 = DIRECTION('',(0.,-1.));
#11763 = ( GEOMETRIC_REPRESENTATION_CONTEXT(2) 
PARAMETRIC_REPRESENTATION_CONTEXT() REPRESENTATION_CONTEXT('2D SPACE',''
  ) );
#11764 = PCURVE('',#2242,#11765);
#11765 = DEFINITIONAL_REPRESENTATION('',(#11766),#11770);
#11766 = LINE('',#11767,#11768);
#11767 = CARTESIAN_POINT('',(0.,0.));
#11768 = VECTOR('',#11769,1.);
#11769 = DIRECTION('',(0.,-1.));
#11770 = ( GEOMETRIC_REPRESENTATION_CONTEXT(2) 
PARAMETRIC_REPRESENTATION_CONTEXT() REPRESENTATION_CONTEXT('2D SPACE',''
  ) );
#11771 = ADVANCED_FACE('',(#11772),#2242,.T.);
#11772 = FACE_BOUND('',#11773,.T.);
#11773 = EDGE_LOOP('',(#11774,#11775,#11776,#11777));
#11774 = ORIENTED_EDGE('',*,*,#7127,.T.);
#11775 = ORIENTED_EDGE('',*,*,#11751,.T.);
#11776 = ORIENTED_EDGE('',*,*,#2227,.F.);
#11777 = ORIENTED_EDGE('',*,*,#11778,.F.);
#11778 = EDGE_CURVE('',#7107,#2202,#11779,.T.);
#11779 = SURFACE_CURVE('',#11780,(#11784,#11791),.PCURVE_S1.);
#11780 = LINE('',#11781,#11782);
#11781 = CARTESIAN_POINT('',(-12.,-98.,9.));
#11782 = VECTOR('',#11783,1.);
#11783 = DIRECTION('',(0.,0.,1.));
#11784 = PCURVE('',#2242,#11785);
#11785 = DEFINITIONAL_REPRESENTATION('',(#11786),#11790);
#11786 = LINE('',#11787,#11788);
#11787 = CARTESIAN_POINT('',(16.,0.));
#11788 = VECTOR('',#11789,1.);
#11789 = DIRECTION('',(0.,-1.));
#11790 = ( GEOMETRIC_REPRESENTATION_CONTEXT(2) 
PARAMETRIC_REPRESENTATION_CONTEXT() REPRESENTATION_CONTEXT('2D SPACE',''
  ) );
#11791 = PCURVE('',#2216,#11792);
#11792 = DEFINITIONAL_REPRESENTATION('',(#11793),#11797);
#11793 = LINE('',#11794,#11795);
#11794 = CARTESIAN_POINT('',(0.,0.));
#11795 = VECTOR('',#11796,1.);
#11796 = DIRECTION('',(0.,-1.));
#11797 = ( GEOMETRIC_REPRESENTATION_CONTEXT(2) 
PARAMETRIC_REPRESENTATION_CONTEXT() REPRESENTATION_CONTEXT('2D SPACE',''
  ) );
#11798 = ADVANCED_FACE('',(#11799),#2216,.T.);
#11799 = FACE_BOUND('',#11800,.T.);
#11800 = EDGE_LOOP('',(#11801,#11802,#11803,#11804));
#11801 = ORIENTED_EDGE('',*,*,#7106,.T.);
#11802 = ORIENTED_EDGE('',*,*,#11778,.T.);
#11803 = ORIENTED_EDGE('',*,*,#2201,.F.);
#11804 = ORIENTED_EDGE('',*,*,#11702,.F.);
#11805 = ADVANCED_FACE('',(#11806),#2296,.T.);
#11806 = FACE_BOUND('',#11807,.T.);
#11807 = EDGE_LOOP('',(#11808,#11809,#11830,#11831));
#11808 = ORIENTED_EDGE('',*,*,#7169,.T.);
#11809 = ORIENTED_EDGE('',*,*,#11810,.T.);
#11810 = EDGE_CURVE('',#7172,#2282,#11811,.T.);
#11811 = SURFACE_CURVE('',#11812,(#11816,#11823),.PCURVE_S1.);
#11812 = LINE('',#11813,#11814);
#11813 = CARTESIAN_POINT('',(34.,-98.,9.));
#11814 = VECTOR('',#11815,1.);
#11815 = DIRECTION('',(0.,0.,1.));
#11816 = PCURVE('',#2296,#11817);
#11817 = DEFINITIONAL_REPRESENTATION('',(#11818),#11822);
#11818 = LINE('',#11819,#11820);
#11819 = CARTESIAN_POINT('',(0.,0.));
#11820 = VECTOR('',#11821,1.);
#11821 = DIRECTION('',(0.,-1.));
#11822 = ( GEOMETRIC_REPRESENTATION_CONTEXT(2) 
PARAMETRIC_REPRESENTATION_CONTEXT() REPRESENTATION_CONTEXT('2D SPACE',''
  ) );
#11823 = PCURVE('',#2322,#11824);
#11824 = DEFINITIONAL_REPRESENTATION('',(#11825),#11829);
#11825 = LINE('',#11826,#11827);
#11826 = CARTESIAN_POINT('',(16.,0.));
#11827 = VECTOR('',#11828,1.);
#11828 = DIRECTION('',(0.,-1.));
#11829 = ( GEOMETRIC_REPRESENTATION_CONTEXT(2) 
PARAMETRIC_REPRESENTATION_CONTEXT() REPRESENTATION_CONTEXT('2D SPACE',''
  ) );
#11830 = ORIENTED_EDGE('',*,*,#2279,.F.);
#11831 = ORIENTED_EDGE('',*,*,#11832,.F.);
#11832 = EDGE_CURVE('',#7170,#2280,#11833,.T.);
#11833 = SURFACE_CURVE('',#11834,(#11838,#11845),.PCURVE_S1.);
#11834 = LINE('',#11835,#11836);
#11835 = CARTESIAN_POINT('',(34.,-82.,9.));
#11836 = VECTOR('',#11837,1.);
#11837 = DIRECTION('',(0.,0.,1.));
#11838 = PCURVE('',#2296,#11839);
#11839 = DEFINITIONAL_REPRESENTATION('',(#11840),#11844);
#11840 = LINE('',#11841,#11842);
#11841 = CARTESIAN_POINT('',(16.,0.));
#11842 = VECTOR('',#11843,1.);
#11843 = DIRECTION('',(0.,-1.));
#11844 = ( GEOMETRIC_REPRESENTATION_CONTEXT(2) 
PARAMETRIC_REPRESENTATION_CONTEXT() REPRESENTATION_CONTEXT('2D SPACE',''
  ) );
#11845 = PCURVE('',#2372,#11846);
#11846 = DEFINITIONAL_REPRESENTATION('',(#11847),#11851);
#11847 = LINE('',#11848,#11849);
#11848 = CARTESIAN_POINT('',(0.,-0.));
#11849 = VECTOR('',#11850,1.);
#11850 = DIRECTION('',(0.,-1.));
#11851 = ( GEOMETRIC_REPRESENTATION_CONTEXT(2) 
PARAMETRIC_REPRESENTATION_CONTEXT() REPRESENTATION_CONTEXT('2D SPACE',''
  ) );
#11852 = ADVANCED_FACE('',(#11853),#2372,.T.);
#11853 = FACE_BOUND('',#11854,.T.);
#11854 = EDGE_LOOP('',(#11855,#11856,#11857,#11858));
#11855 = ORIENTED_EDGE('',*,*,#7234,.T.);
#11856 = ORIENTED_EDGE('',*,*,#11832,.T.);
#11857 = ORIENTED_EDGE('',*,*,#2359,.F.);
#11858 = ORIENTED_EDGE('',*,*,#11859,.F.);
#11859 = EDGE_CURVE('',#7214,#2334,#11860,.T.);
#11860 = SURFACE_CURVE('',#11861,(#11865,#11872),.PCURVE_S1.);
#11861 = LINE('',#11862,#11863);
#11862 = CARTESIAN_POINT('',(18.,-82.,9.));
#11863 = VECTOR('',#11864,1.);
#11864 = DIRECTION('',(0.,0.,1.));
#11865 = PCURVE('',#2372,#11866);
#11866 = DEFINITIONAL_REPRESENTATION('',(#11867),#11871);
#11867 = LINE('',#11868,#11869);
#11868 = CARTESIAN_POINT('',(16.,0.));
#11869 = VECTOR('',#11870,1.);
#11870 = DIRECTION('',(0.,-1.));
#11871 = ( GEOMETRIC_REPRESENTATION_CONTEXT(2) 
PARAMETRIC_REPRESENTATION_CONTEXT() REPRESENTATION_CONTEXT('2D SPACE',''
  ) );
#11872 = PCURVE('',#2348,#11873);
#11873 = DEFINITIONAL_REPRESENTATION('',(#11874),#11878);
#11874 = LINE('',#11875,#11876);
#11875 = CARTESIAN_POINT('',(0.,0.));
#11876 = VECTOR('',#11877,1.);
#11877 = DIRECTION('',(0.,-1.));
#11878 = ( GEOMETRIC_REPRESENTATION_CONTEXT(2) 
PARAMETRIC_REPRESENTATION_CONTEXT() REPRESENTATION_CONTEXT('2D SPACE',''
  ) );
#11879 = ADVANCED_FACE('',(#11880),#2348,.T.);
#11880 = FACE_BOUND('',#11881,.T.);
#11881 = EDGE_LOOP('',(#11882,#11883,#11884,#11885));
#11882 = ORIENTED_EDGE('',*,*,#7213,.T.);
#11883 = ORIENTED_EDGE('',*,*,#11859,.T.);
#11884 = ORIENTED_EDGE('',*,*,#2333,.F.);
#11885 = ORIENTED_EDGE('',*,*,#11886,.F.);
#11886 = EDGE_CURVE('',#7193,#2308,#11887,.T.);
#11887 = SURFACE_CURVE('',#11888,(#11892,#11899),.PCURVE_S1.);
#11888 = LINE('',#11889,#11890);
#11889 = CARTESIAN_POINT('',(18.,-98.,9.));
#11890 = VECTOR('',#11891,1.);
#11891 = DIRECTION('',(0.,0.,1.));
#11892 = PCURVE('',#2348,#11893);
#11893 = DEFINITIONAL_REPRESENTATION('',(#11894),#11898);
#11894 = LINE('',#11895,#11896);
#11895 = CARTESIAN_POINT('',(16.,0.));
#11896 = VECTOR('',#11897,1.);
#11897 = DIRECTION('',(0.,-1.));
#11898 = ( GEOMETRIC_REPRESENTATION_CONTEXT(2) 
PARAMETRIC_REPRESENTATION_CONTEXT() REPRESENTATION_CONTEXT('2D SPACE',''
  ) );
#11899 = PCURVE('',#2322,#11900);
#11900 = DEFINITIONAL_REPRESENTATION('',(#11901),#11905);
#11901 = LINE('',#11902,#11903);
#11902 = CARTESIAN_POINT('',(0.,0.));
#11903 = VECTOR('',#11904,1.);
#11904 = DIRECTION('',(0.,-1.));
#11905 = ( GEOMETRIC_REPRESENTATION_CONTEXT(2) 
PARAMETRIC_REPRESENTATION_CONTEXT() REPRESENTATION_CONTEXT('2D SPACE',''
  ) );
#11906 = ADVANCED_FACE('',(#11907),#2322,.T.);
#11907 = FACE_BOUND('',#11908,.T.);
#11908 = EDGE_LOOP('',(#11909,#11910,#11911,#11912));
#11909 = ORIENTED_EDGE('',*,*,#7192,.T.);
#11910 = ORIENTED_EDGE('',*,*,#11886,.T.);
#11911 = ORIENTED_EDGE('',*,*,#2307,.F.);
#11912 = ORIENTED_EDGE('',*,*,#11810,.F.);
#11913 = ADVANCED_FACE('',(#11914),#2402,.T.);
#11914 = FACE_BOUND('',#11915,.T.);
#11915 = EDGE_LOOP('',(#11916,#11917,#11938,#11939));
#11916 = ORIENTED_EDGE('',*,*,#7255,.T.);
#11917 = ORIENTED_EDGE('',*,*,#11918,.T.);
#11918 = EDGE_CURVE('',#7258,#2388,#11919,.T.);
#11919 = SURFACE_CURVE('',#11920,(#11924,#11931),.PCURVE_S1.);
#11920 = LINE('',#11921,#11922);
#11921 = CARTESIAN_POINT('',(4.,-68.,9.));
#11922 = VECTOR('',#11923,1.);
#11923 = DIRECTION('',(0.,0.,1.));
#11924 = PCURVE('',#2402,#11925);
#11925 = DEFINITIONAL_REPRESENTATION('',(#11926),#11930);
#11926 = LINE('',#11927,#11928);
#11927 = CARTESIAN_POINT('',(0.,0.));
#11928 = VECTOR('',#11929,1.);
#11929 = DIRECTION('',(0.,-1.));
#11930 = ( GEOMETRIC_REPRESENTATION_CONTEXT(2) 
PARAMETRIC_REPRESENTATION_CONTEXT() REPRESENTATION_CONTEXT('2D SPACE',''
  ) );
#11931 = PCURVE('',#2428,#11932);
#11932 = DEFINITIONAL_REPRESENTATION('',(#11933),#11937);
#11933 = LINE('',#11934,#11935);
#11934 = CARTESIAN_POINT('',(16.,0.));
#11935 = VECTOR('',#11936,1.);
#11936 = DIRECTION('',(0.,-1.));
#11937 = ( GEOMETRIC_REPRESENTATION_CONTEXT(2) 
PARAMETRIC_REPRESENTATION_CONTEXT() REPRESENTATION_CONTEXT('2D SPACE',''
  ) );
#11938 = ORIENTED_EDGE('',*,*,#2385,.F.);
#11939 = ORIENTED_EDGE('',*,*,#11940,.F.);
#11940 = EDGE_CURVE('',#7256,#2386,#11941,.T.);
#11941 = SURFACE_CURVE('',#11942,(#11946,#11953),.PCURVE_S1.);
#11942 = LINE('',#11943,#11944);
#11943 = CARTESIAN_POINT('',(4.,-52.,9.));
#11944 = VECTOR('',#11945,1.);
#11945 = DIRECTION('',(0.,0.,1.));
#11946 = PCURVE('',#2402,#11947);
#11947 = DEFINITIONAL_REPRESENTATION('',(#11948),#11952);
#11948 = LINE('',#11949,#11950);
#11949 = CARTESIAN_POINT('',(16.,0.));
#11950 = VECTOR('',#11951,1.);
#11951 = DIRECTION('',(0.,-1.));
#11952 = ( GEOMETRIC_REPRESENTATION_CONTEXT(2) 
PARAMETRIC_REPRESENTATION_CONTEXT() REPRESENTATION_CONTEXT('2D SPACE',''
  ) );
#11953 = PCURVE('',#2478,#11954);
#11954 = DEFINITIONAL_REPRESENTATION('',(#11955),#11959);
#11955 = LINE('',#11956,#11957);
#11956 = CARTESIAN_POINT('',(0.,-0.));
#11957 = VECTOR('',#11958,1.);
#11958 = DIRECTION('',(0.,-1.));
#11959 = ( GEOMETRIC_REPRESENTATION_CONTEXT(2) 
PARAMETRIC_REPRESENTATION_CONTEXT() REPRESENTATION_CONTEXT('2D SPACE',''
  ) );
#11960 = ADVANCED_FACE('',(#11961),#2478,.T.);
#11961 = FACE_BOUND('',#11962,.T.);
#11962 = EDGE_LOOP('',(#11963,#11964,#11965,#11966));
#11963 = ORIENTED_EDGE('',*,*,#7320,.T.);
#11964 = ORIENTED_EDGE('',*,*,#11940,.T.);
#11965 = ORIENTED_EDGE('',*,*,#2465,.F.);
#11966 = ORIENTED_EDGE('',*,*,#11967,.F.);
#11967 = EDGE_CURVE('',#7300,#2440,#11968,.T.);
#11968 = SURFACE_CURVE('',#11969,(#11973,#11980),.PCURVE_S1.);
#11969 = LINE('',#11970,#11971);
#11970 = CARTESIAN_POINT('',(-12.,-52.,9.));
#11971 = VECTOR('',#11972,1.);
#11972 = DIRECTION('',(0.,0.,1.));
#11973 = PCURVE('',#2478,#11974);
#11974 = DEFINITIONAL_REPRESENTATION('',(#11975),#11979);
#11975 = LINE('',#11976,#11977);
#11976 = CARTESIAN_POINT('',(16.,0.));
#11977 = VECTOR('',#11978,1.);
#11978 = DIRECTION('',(0.,-1.));
#11979 = ( GEOMETRIC_REPRESENTATION_CONTEXT(2) 
PARAMETRIC_REPRESENTATION_CONTEXT() REPRESENTATION_CONTEXT('2D SPACE',''
  ) );
#11980 = PCURVE('',#2454,#11981);
#11981 = DEFINITIONAL_REPRESENTATION('',(#11982),#11986);
#11982 = LINE('',#11983,#11984);
#11983 = CARTESIAN_POINT('',(0.,0.));
#11984 = VECTOR('',#11985,1.);
#11985 = DIRECTION('',(0.,-1.));
#11986 = ( GEOMETRIC_REPRESENTATION_CONTEXT(2) 
PARAMETRIC_REPRESENTATION_CONTEXT() REPRESENTATION_CONTEXT('2D SPACE',''
  ) );
#11987 = ADVANCED_FACE('',(#11988),#2454,.T.);
#11988 = FACE_BOUND('',#11989,.T.);
#11989 = EDGE_LOOP('',(#11990,#11991,#11992,#11993));
#11990 = ORIENTED_EDGE('',*,*,#7299,.T.);
#11991 = ORIENTED_EDGE('',*,*,#11967,.T.);
#11992 = ORIENTED_EDGE('',*,*,#2439,.F.);
#11993 = ORIENTED_EDGE('',*,*,#11994,.F.);
#11994 = EDGE_CURVE('',#7279,#2414,#11995,.T.);
#11995 = SURFACE_CURVE('',#11996,(#12000,#12007),.PCURVE_S1.);
#11996 = LINE('',#11997,#11998);
#11997 = CARTESIAN_POINT('',(-12.,-68.,9.));
#11998 = VECTOR('',#11999,1.);
#11999 = DIRECTION('',(0.,0.,1.));
#12000 = PCURVE('',#2454,#12001);
#12001 = DEFINITIONAL_REPRESENTATION('',(#12002),#12006);
#12002 = LINE('',#12003,#12004);
#12003 = CARTESIAN_POINT('',(16.,0.));
#12004 = VECTOR('',#12005,1.);
#12005 = DIRECTION('',(0.,-1.));
#12006 = ( GEOMETRIC_REPRESENTATION_CONTEXT(2) 
PARAMETRIC_REPRESENTATION_CONTEXT() REPRESENTATION_CONTEXT('2D SPACE',''
  ) );
#12007 = PCURVE('',#2428,#12008);
#12008 = DEFINITIONAL_REPRESENTATION('',(#12009),#12013);
#12009 = LINE('',#12010,#12011);
#12010 = CARTESIAN_POINT('',(0.,0.));
#12011 = VECTOR('',#12012,1.);
#12012 = DIRECTION('',(0.,-1.));
#12013 = ( GEOMETRIC_REPRESENTATION_CONTEXT(2) 
PARAMETRIC_REPRESENTATION_CONTEXT() REPRESENTATION_CONTEXT('2D SPACE',''
  ) );
#12014 = ADVANCED_FACE('',(#12015),#2428,.T.);
#12015 = FACE_BOUND('',#12016,.T.);
#12016 = EDGE_LOOP('',(#12017,#12018,#12019,#12020));
#12017 = ORIENTED_EDGE('',*,*,#7278,.T.);
#12018 = ORIENTED_EDGE('',*,*,#11994,.T.);
#12019 = ORIENTED_EDGE('',*,*,#2413,.F.);
#12020 = ORIENTED_EDGE('',*,*,#11918,.F.);
#12021 = ADVANCED_FACE('',(#12022),#2508,.T.);
#12022 = FACE_BOUND('',#12023,.T.);
#12023 = EDGE_LOOP('',(#12024,#12025,#12046,#12047));
#12024 = ORIENTED_EDGE('',*,*,#7341,.T.);
#12025 = ORIENTED_EDGE('',*,*,#12026,.T.);
#12026 = EDGE_CURVE('',#7344,#2494,#12027,.T.);
#12027 = SURFACE_CURVE('',#12028,(#12032,#12039),.PCURVE_S1.);
#12028 = LINE('',#12029,#12030);
#12029 = CARTESIAN_POINT('',(34.,-68.,9.));
#12030 = VECTOR('',#12031,1.);
#12031 = DIRECTION('',(0.,0.,1.));
#12032 = PCURVE('',#2508,#12033);
#12033 = DEFINITIONAL_REPRESENTATION('',(#12034),#12038);
#12034 = LINE('',#12035,#12036);
#12035 = CARTESIAN_POINT('',(0.,0.));
#12036 = VECTOR('',#12037,1.);
#12037 = DIRECTION('',(0.,-1.));
#12038 = ( GEOMETRIC_REPRESENTATION_CONTEXT(2) 
PARAMETRIC_REPRESENTATION_CONTEXT() REPRESENTATION_CONTEXT('2D SPACE',''
  ) );
#12039 = PCURVE('',#2534,#12040);
#12040 = DEFINITIONAL_REPRESENTATION('',(#12041),#12045);
#12041 = LINE('',#12042,#12043);
#12042 = CARTESIAN_POINT('',(16.,0.));
#12043 = VECTOR('',#12044,1.);
#12044 = DIRECTION('',(0.,-1.));
#12045 = ( GEOMETRIC_REPRESENTATION_CONTEXT(2) 
PARAMETRIC_REPRESENTATION_CONTEXT() REPRESENTATION_CONTEXT('2D SPACE',''
  ) );
#12046 = ORIENTED_EDGE('',*,*,#2491,.F.);
#12047 = ORIENTED_EDGE('',*,*,#12048,.F.);
#12048 = EDGE_CURVE('',#7342,#2492,#12049,.T.);
#12049 = SURFACE_CURVE('',#12050,(#12054,#12061),.PCURVE_S1.);
#12050 = LINE('',#12051,#12052);
#12051 = CARTESIAN_POINT('',(34.,-52.,9.));
#12052 = VECTOR('',#12053,1.);
#12053 = DIRECTION('',(0.,0.,1.));
#12054 = PCURVE('',#2508,#12055);
#12055 = DEFINITIONAL_REPRESENTATION('',(#12056),#12060);
#12056 = LINE('',#12057,#12058);
#12057 = CARTESIAN_POINT('',(16.,0.));
#12058 = VECTOR('',#12059,1.);
#12059 = DIRECTION('',(0.,-1.));
#12060 = ( GEOMETRIC_REPRESENTATION_CONTEXT(2) 
PARAMETRIC_REPRESENTATION_CONTEXT() REPRESENTATION_CONTEXT('2D SPACE',''
  ) );
#12061 = PCURVE('',#2584,#12062);
#12062 = DEFINITIONAL_REPRESENTATION('',(#12063),#12067);
#12063 = LINE('',#12064,#12065);
#12064 = CARTESIAN_POINT('',(0.,-0.));
#12065 = VECTOR('',#12066,1.);
#12066 = DIRECTION('',(0.,-1.));
#12067 = ( GEOMETRIC_REPRESENTATION_CONTEXT(2) 
PARAMETRIC_REPRESENTATION_CONTEXT() REPRESENTATION_CONTEXT('2D SPACE',''
  ) );
#12068 = ADVANCED_FACE('',(#12069),#2584,.T.);
#12069 = FACE_BOUND('',#12070,.T.);
#12070 = EDGE_LOOP('',(#12071,#12072,#12073,#12074));
#12071 = ORIENTED_EDGE('',*,*,#7406,.T.);
#12072 = ORIENTED_EDGE('',*,*,#12048,.T.);
#12073 = ORIENTED_EDGE('',*,*,#2571,.F.);
#12074 = ORIENTED_EDGE('',*,*,#12075,.F.);
#12075 = EDGE_CURVE('',#7386,#2546,#12076,.T.);
#12076 = SURFACE_CURVE('',#12077,(#12081,#12088),.PCURVE_S1.);
#12077 = LINE('',#12078,#12079);
#12078 = CARTESIAN_POINT('',(18.,-52.,9.));
#12079 = VECTOR('',#12080,1.);
#12080 = DIRECTION('',(0.,0.,1.));
#12081 = PCURVE('',#2584,#12082);
#12082 = DEFINITIONAL_REPRESENTATION('',(#12083),#12087);
#12083 = LINE('',#12084,#12085);
#12084 = CARTESIAN_POINT('',(16.,0.));
#12085 = VECTOR('',#12086,1.);
#12086 = DIRECTION('',(0.,-1.));
#12087 = ( GEOMETRIC_REPRESENTATION_CONTEXT(2) 
PARAMETRIC_REPRESENTATION_CONTEXT() REPRESENTATION_CONTEXT('2D SPACE',''
  ) );
#12088 = PCURVE('',#2560,#12089);
#12089 = DEFINITIONAL_REPRESENTATION('',(#12090),#12094);
#12090 = LINE('',#12091,#12092);
#12091 = CARTESIAN_POINT('',(0.,0.));
#12092 = VECTOR('',#12093,1.);
#12093 = DIRECTION('',(0.,-1.));
#12094 = ( GEOMETRIC_REPRESENTATION_CONTEXT(2) 
PARAMETRIC_REPRESENTATION_CONTEXT() REPRESENTATION_CONTEXT('2D SPACE',''
  ) );
#12095 = ADVANCED_FACE('',(#12096),#2560,.T.);
#12096 = FACE_BOUND('',#12097,.T.);
#12097 = EDGE_LOOP('',(#12098,#12099,#12100,#12101));
#12098 = ORIENTED_EDGE('',*,*,#7385,.T.);
#12099 = ORIENTED_EDGE('',*,*,#12075,.T.);
#12100 = ORIENTED_EDGE('',*,*,#2545,.F.);
#12101 = ORIENTED_EDGE('',*,*,#12102,.F.);
#12102 = EDGE_CURVE('',#7365,#2520,#12103,.T.);
#12103 = SURFACE_CURVE('',#12104,(#12108,#12115),.PCURVE_S1.);
#12104 = LINE('',#12105,#12106);
#12105 = CARTESIAN_POINT('',(18.,-68.,9.));
#12106 = VECTOR('',#12107,1.);
#12107 = DIRECTION('',(0.,0.,1.));
#12108 = PCURVE('',#2560,#12109);
#12109 = DEFINITIONAL_REPRESENTATION('',(#12110),#12114);
#12110 = LINE('',#12111,#12112);
#12111 = CARTESIAN_POINT('',(16.,0.));
#12112 = VECTOR('',#12113,1.);
#12113 = DIRECTION('',(0.,-1.));
#12114 = ( GEOMETRIC_REPRESENTATION_CONTEXT(2) 
PARAMETRIC_REPRESENTATION_CONTEXT() REPRESENTATION_CONTEXT('2D SPACE',''
  ) );
#12115 = PCURVE('',#2534,#12116);
#12116 = DEFINITIONAL_REPRESENTATION('',(#12117),#12121);
#12117 = LINE('',#12118,#12119);
#12118 = CARTESIAN_POINT('',(0.,0.));
#12119 = VECTOR('',#12120,1.);
#12120 = DIRECTION('',(0.,-1.));
#12121 = ( GEOMETRIC_REPRESENTATION_CONTEXT(2) 
PARAMETRIC_REPRESENTATION_CONTEXT() REPRESENTATION_CONTEXT('2D SPACE',''
  ) );
#12122 = ADVANCED_FACE('',(#12123),#2534,.T.);
#12123 = FACE_BOUND('',#12124,.T.);
#12124 = EDGE_LOOP('',(#12125,#12126,#12127,#12128));
#12125 = ORIENTED_EDGE('',*,*,#7364,.T.);
#12126 = ORIENTED_EDGE('',*,*,#12102,.T.);
#12127 = ORIENTED_EDGE('',*,*,#2519,.F.);
#12128 = ORIENTED_EDGE('',*,*,#12026,.F.);
#12129 = ADVANCED_FACE('',(#12130),#2614,.T.);
#12130 = FACE_BOUND('',#12131,.T.);
#12131 = EDGE_LOOP('',(#12132,#12133,#12154,#12155));
#12132 = ORIENTED_EDGE('',*,*,#7427,.T.);
#12133 = ORIENTED_EDGE('',*,*,#12134,.T.);
#12134 = EDGE_CURVE('',#7430,#2600,#12135,.T.);
#12135 = SURFACE_CURVE('',#12136,(#12140,#12147),.PCURVE_S1.);
#12136 = LINE('',#12137,#12138);
#12137 = CARTESIAN_POINT('',(-26.,-38.,9.));
#12138 = VECTOR('',#12139,1.);
#12139 = DIRECTION('',(0.,0.,1.));
#12140 = PCURVE('',#2614,#12141);
#12141 = DEFINITIONAL_REPRESENTATION('',(#12142),#12146);
#12142 = LINE('',#12143,#12144);
#12143 = CARTESIAN_POINT('',(0.,0.));
#12144 = VECTOR('',#12145,1.);
#12145 = DIRECTION('',(0.,-1.));
#12146 = ( GEOMETRIC_REPRESENTATION_CONTEXT(2) 
PARAMETRIC_REPRESENTATION_CONTEXT() REPRESENTATION_CONTEXT('2D SPACE',''
  ) );
#12147 = PCURVE('',#2640,#12148);
#12148 = DEFINITIONAL_REPRESENTATION('',(#12149),#12153);
#12149 = LINE('',#12150,#12151);
#12150 = CARTESIAN_POINT('',(16.,0.));
#12151 = VECTOR('',#12152,1.);
#12152 = DIRECTION('',(0.,-1.));
#12153 = ( GEOMETRIC_REPRESENTATION_CONTEXT(2) 
PARAMETRIC_REPRESENTATION_CONTEXT() REPRESENTATION_CONTEXT('2D SPACE',''
  ) );
#12154 = ORIENTED_EDGE('',*,*,#2597,.F.);
#12155 = ORIENTED_EDGE('',*,*,#12156,.F.);
#12156 = EDGE_CURVE('',#7428,#2598,#12157,.T.);
#12157 = SURFACE_CURVE('',#12158,(#12162,#12169),.PCURVE_S1.);
#12158 = LINE('',#12159,#12160);
#12159 = CARTESIAN_POINT('',(-26.,-22.,9.));
#12160 = VECTOR('',#12161,1.);
#12161 = DIRECTION('',(0.,0.,1.));
#12162 = PCURVE('',#2614,#12163);
#12163 = DEFINITIONAL_REPRESENTATION('',(#12164),#12168);
#12164 = LINE('',#12165,#12166);
#12165 = CARTESIAN_POINT('',(16.,0.));
#12166 = VECTOR('',#12167,1.);
#12167 = DIRECTION('',(0.,-1.));
#12168 = ( GEOMETRIC_REPRESENTATION_CONTEXT(2) 
PARAMETRIC_REPRESENTATION_CONTEXT() REPRESENTATION_CONTEXT('2D SPACE',''
  ) );
#12169 = PCURVE('',#2690,#12170);
#12170 = DEFINITIONAL_REPRESENTATION('',(#12171),#12175);
#12171 = LINE('',#12172,#12173);
#12172 = CARTESIAN_POINT('',(0.,-0.));
#12173 = VECTOR('',#12174,1.);
#12174 = DIRECTION('',(0.,-1.));
#12175 = ( GEOMETRIC_REPRESENTATION_CONTEXT(2) 
PARAMETRIC_REPRESENTATION_CONTEXT() REPRESENTATION_CONTEXT('2D SPACE',''
  ) );
#12176 = ADVANCED_FACE('',(#12177),#2690,.T.);
#12177 = FACE_BOUND('',#12178,.T.);
#12178 = EDGE_LOOP('',(#12179,#12180,#12181,#12182));
#12179 = ORIENTED_EDGE('',*,*,#7492,.T.);
#12180 = ORIENTED_EDGE('',*,*,#12156,.T.);
#12181 = ORIENTED_EDGE('',*,*,#2677,.F.);
#12182 = ORIENTED_EDGE('',*,*,#12183,.F.);
#12183 = EDGE_CURVE('',#7472,#2652,#12184,.T.);
#12184 = SURFACE_CURVE('',#12185,(#12189,#12196),.PCURVE_S1.);
#12185 = LINE('',#12186,#12187);
#12186 = CARTESIAN_POINT('',(-42.,-22.,9.));
#12187 = VECTOR('',#12188,1.);
#12188 = DIRECTION('',(0.,0.,1.));
#12189 = PCURVE('',#2690,#12190);
#12190 = DEFINITIONAL_REPRESENTATION('',(#12191),#12195);
#12191 = LINE('',#12192,#12193);
#12192 = CARTESIAN_POINT('',(16.,0.));
#12193 = VECTOR('',#12194,1.);
#12194 = DIRECTION('',(0.,-1.));
#12195 = ( GEOMETRIC_REPRESENTATION_CONTEXT(2) 
PARAMETRIC_REPRESENTATION_CONTEXT() REPRESENTATION_CONTEXT('2D SPACE',''
  ) );
#12196 = PCURVE('',#2666,#12197);
#12197 = DEFINITIONAL_REPRESENTATION('',(#12198),#12202);
#12198 = LINE('',#12199,#12200);
#12199 = CARTESIAN_POINT('',(0.,0.));
#12200 = VECTOR('',#12201,1.);
#12201 = DIRECTION('',(0.,-1.));
#12202 = ( GEOMETRIC_REPRESENTATION_CONTEXT(2) 
PARAMETRIC_REPRESENTATION_CONTEXT() REPRESENTATION_CONTEXT('2D SPACE',''
  ) );
#12203 = ADVANCED_FACE('',(#12204),#2666,.T.);
#12204 = FACE_BOUND('',#12205,.T.);
#12205 = EDGE_LOOP('',(#12206,#12207,#12208,#12209));
#12206 = ORIENTED_EDGE('',*,*,#7471,.T.);
#12207 = ORIENTED_EDGE('',*,*,#12183,.T.);
#12208 = ORIENTED_EDGE('',*,*,#2651,.F.);
#12209 = ORIENTED_EDGE('',*,*,#12210,.F.);
#12210 = EDGE_CURVE('',#7451,#2626,#12211,.T.);
#12211 = SURFACE_CURVE('',#12212,(#12216,#12223),.PCURVE_S1.);
#12212 = LINE('',#12213,#12214);
#12213 = CARTESIAN_POINT('',(-42.,-38.,9.));
#12214 = VECTOR('',#12215,1.);
#12215 = DIRECTION('',(0.,0.,1.));
#12216 = PCURVE('',#2666,#12217);
#12217 = DEFINITIONAL_REPRESENTATION('',(#12218),#12222);
#12218 = LINE('',#12219,#12220);
#12219 = CARTESIAN_POINT('',(16.,0.));
#12220 = VECTOR('',#12221,1.);
#12221 = DIRECTION('',(0.,-1.));
#12222 = ( GEOMETRIC_REPRESENTATION_CONTEXT(2) 
PARAMETRIC_REPRESENTATION_CONTEXT() REPRESENTATION_CONTEXT('2D SPACE',''
  ) );
#12223 = PCURVE('',#2640,#12224);
#12224 = DEFINITIONAL_REPRESENTATION('',(#12225),#12229);
#12225 = LINE('',#12226,#12227);
#12226 = CARTESIAN_POINT('',(0.,0.));
#12227 = VECTOR('',#12228,1.);
#12228 = DIRECTION('',(0.,-1.));
#12229 = ( GEOMETRIC_REPRESENTATION_CONTEXT(2) 
PARAMETRIC_REPRESENTATION_CONTEXT() REPRESENTATION_CONTEXT('2D SPACE',''
  ) );
#12230 = ADVANCED_FACE('',(#12231),#2640,.T.);
#12231 = FACE_BOUND('',#12232,.T.);
#12232 = EDGE_LOOP('',(#12233,#12234,#12235,#12236));
#12233 = ORIENTED_EDGE('',*,*,#7450,.T.);
#12234 = ORIENTED_EDGE('',*,*,#12210,.T.);
#12235 = ORIENTED_EDGE('',*,*,#2625,.F.);
#12236 = ORIENTED_EDGE('',*,*,#12134,.F.);
#12237 = ADVANCED_FACE('',(#12238),#2720,.T.);
#12238 = FACE_BOUND('',#12239,.T.);
#12239 = EDGE_LOOP('',(#12240,#12241,#12262,#12263));
#12240 = ORIENTED_EDGE('',*,*,#7513,.T.);
#12241 = ORIENTED_EDGE('',*,*,#12242,.T.);
#12242 = EDGE_CURVE('',#7516,#2706,#12243,.T.);
#12243 = SURFACE_CURVE('',#12244,(#12248,#12255),.PCURVE_S1.);
#12244 = LINE('',#12245,#12246);
#12245 = CARTESIAN_POINT('',(-26.,-8.,9.));
#12246 = VECTOR('',#12247,1.);
#12247 = DIRECTION('',(0.,0.,1.));
#12248 = PCURVE('',#2720,#12249);
#12249 = DEFINITIONAL_REPRESENTATION('',(#12250),#12254);
#12250 = LINE('',#12251,#12252);
#12251 = CARTESIAN_POINT('',(0.,0.));
#12252 = VECTOR('',#12253,1.);
#12253 = DIRECTION('',(0.,-1.));
#12254 = ( GEOMETRIC_REPRESENTATION_CONTEXT(2) 
PARAMETRIC_REPRESENTATION_CONTEXT() REPRESENTATION_CONTEXT('2D SPACE',''
  ) );
#12255 = PCURVE('',#2746,#12256);
#12256 = DEFINITIONAL_REPRESENTATION('',(#12257),#12261);
#12257 = LINE('',#12258,#12259);
#12258 = CARTESIAN_POINT('',(16.,0.));
#12259 = VECTOR('',#12260,1.);
#12260 = DIRECTION('',(0.,-1.));
#12261 = ( GEOMETRIC_REPRESENTATION_CONTEXT(2) 
PARAMETRIC_REPRESENTATION_CONTEXT() REPRESENTATION_CONTEXT('2D SPACE',''
  ) );
#12262 = ORIENTED_EDGE('',*,*,#2703,.F.);
#12263 = ORIENTED_EDGE('',*,*,#12264,.F.);
#12264 = EDGE_CURVE('',#7514,#2704,#12265,.T.);
#12265 = SURFACE_CURVE('',#12266,(#12270,#12277),.PCURVE_S1.);
#12266 = LINE('',#12267,#12268);
#12267 = CARTESIAN_POINT('',(-26.,8.,9.));
#12268 = VECTOR('',#12269,1.);
#12269 = DIRECTION('',(0.,0.,1.));
#12270 = PCURVE('',#2720,#12271);
#12271 = DEFINITIONAL_REPRESENTATION('',(#12272),#12276);
#12272 = LINE('',#12273,#12274);
#12273 = CARTESIAN_POINT('',(16.,0.));
#12274 = VECTOR('',#12275,1.);
#12275 = DIRECTION('',(0.,-1.));
#12276 = ( GEOMETRIC_REPRESENTATION_CONTEXT(2) 
PARAMETRIC_REPRESENTATION_CONTEXT() REPRESENTATION_CONTEXT('2D SPACE',''
  ) );
#12277 = PCURVE('',#2796,#12278);
#12278 = DEFINITIONAL_REPRESENTATION('',(#12279),#12283);
#12279 = LINE('',#12280,#12281);
#12280 = CARTESIAN_POINT('',(0.,-0.));
#12281 = VECTOR('',#12282,1.);
#12282 = DIRECTION('',(0.,-1.));
#12283 = ( GEOMETRIC_REPRESENTATION_CONTEXT(2) 
PARAMETRIC_REPRESENTATION_CONTEXT() REPRESENTATION_CONTEXT('2D SPACE',''
  ) );
#12284 = ADVANCED_FACE('',(#12285),#2796,.T.);
#12285 = FACE_BOUND('',#12286,.T.);
#12286 = EDGE_LOOP('',(#12287,#12288,#12289,#12290));
#12287 = ORIENTED_EDGE('',*,*,#7578,.T.);
#12288 = ORIENTED_EDGE('',*,*,#12264,.T.);
#12289 = ORIENTED_EDGE('',*,*,#2783,.F.);
#12290 = ORIENTED_EDGE('',*,*,#12291,.F.);
#12291 = EDGE_CURVE('',#7558,#2758,#12292,.T.);
#12292 = SURFACE_CURVE('',#12293,(#12297,#12304),.PCURVE_S1.);
#12293 = LINE('',#12294,#12295);
#12294 = CARTESIAN_POINT('',(-42.,8.,9.));
#12295 = VECTOR('',#12296,1.);
#12296 = DIRECTION('',(0.,0.,1.));
#12297 = PCURVE('',#2796,#12298);
#12298 = DEFINITIONAL_REPRESENTATION('',(#12299),#12303);
#12299 = LINE('',#12300,#12301);
#12300 = CARTESIAN_POINT('',(16.,0.));
#12301 = VECTOR('',#12302,1.);
#12302 = DIRECTION('',(0.,-1.));
#12303 = ( GEOMETRIC_REPRESENTATION_CONTEXT(2) 
PARAMETRIC_REPRESENTATION_CONTEXT() REPRESENTATION_CONTEXT('2D SPACE',''
  ) );
#12304 = PCURVE('',#2772,#12305);
#12305 = DEFINITIONAL_REPRESENTATION('',(#12306),#12310);
#12306 = LINE('',#12307,#12308);
#12307 = CARTESIAN_POINT('',(0.,0.));
#12308 = VECTOR('',#12309,1.);
#12309 = DIRECTION('',(0.,-1.));
#12310 = ( GEOMETRIC_REPRESENTATION_CONTEXT(2) 
PARAMETRIC_REPRESENTATION_CONTEXT() REPRESENTATION_CONTEXT('2D SPACE',''
  ) );
#12311 = ADVANCED_FACE('',(#12312),#2772,.T.);
#12312 = FACE_BOUND('',#12313,.T.);
#12313 = EDGE_LOOP('',(#12314,#12315,#12316,#12317));
#12314 = ORIENTED_EDGE('',*,*,#7557,.T.);
#12315 = ORIENTED_EDGE('',*,*,#12291,.T.);
#12316 = ORIENTED_EDGE('',*,*,#2757,.F.);
#12317 = ORIENTED_EDGE('',*,*,#12318,.F.);
#12318 = EDGE_CURVE('',#7537,#2732,#12319,.T.);
#12319 = SURFACE_CURVE('',#12320,(#12324,#12331),.PCURVE_S1.);
#12320 = LINE('',#12321,#12322);
#12321 = CARTESIAN_POINT('',(-42.,-8.,9.));
#12322 = VECTOR('',#12323,1.);
#12323 = DIRECTION('',(0.,0.,1.));
#12324 = PCURVE('',#2772,#12325);
#12325 = DEFINITIONAL_REPRESENTATION('',(#12326),#12330);
#12326 = LINE('',#12327,#12328);
#12327 = CARTESIAN_POINT('',(16.,0.));
#12328 = VECTOR('',#12329,1.);
#12329 = DIRECTION('',(0.,-1.));
#12330 = ( GEOMETRIC_REPRESENTATION_CONTEXT(2) 
PARAMETRIC_REPRESENTATION_CONTEXT() REPRESENTATION_CONTEXT('2D SPACE',''
  ) );
#12331 = PCURVE('',#2746,#12332);
#12332 = DEFINITIONAL_REPRESENTATION('',(#12333),#12337);
#12333 = LINE('',#12334,#12335);
#12334 = CARTESIAN_POINT('',(0.,0.));
#12335 = VECTOR('',#12336,1.);
#12336 = DIRECTION('',(0.,-1.));
#12337 = ( GEOMETRIC_REPRESENTATION_CONTEXT(2) 
PARAMETRIC_REPRESENTATION_CONTEXT() REPRESENTATION_CONTEXT('2D SPACE',''
  ) );
#12338 = ADVANCED_FACE('',(#12339),#2746,.T.);
#12339 = FACE_BOUND('',#12340,.T.);
#12340 = EDGE_LOOP('',(#12341,#12342,#12343,#12344));
#12341 = ORIENTED_EDGE('',*,*,#7536,.T.);
#12342 = ORIENTED_EDGE('',*,*,#12318,.T.);
#12343 = ORIENTED_EDGE('',*,*,#2731,.F.);
#12344 = ORIENTED_EDGE('',*,*,#12242,.F.);
#12345 = ADVANCED_FACE('',(#12346),#2826,.T.);
#12346 = FACE_BOUND('',#12347,.T.);
#12347 = EDGE_LOOP('',(#12348,#12349,#12370,#12371));
#12348 = ORIENTED_EDGE('',*,*,#7599,.T.);
#12349 = ORIENTED_EDGE('',*,*,#12350,.T.);
#12350 = EDGE_CURVE('',#7602,#2812,#12351,.T.);
#12351 = SURFACE_CURVE('',#12352,(#12356,#12363),.PCURVE_S1.);
#12352 = LINE('',#12353,#12354);
#12353 = CARTESIAN_POINT('',(4.,-38.,9.));
#12354 = VECTOR('',#12355,1.);
#12355 = DIRECTION('',(0.,0.,1.));
#12356 = PCURVE('',#2826,#12357);
#12357 = DEFINITIONAL_REPRESENTATION('',(#12358),#12362);
#12358 = LINE('',#12359,#12360);
#12359 = CARTESIAN_POINT('',(0.,0.));
#12360 = VECTOR('',#12361,1.);
#12361 = DIRECTION('',(0.,-1.));
#12362 = ( GEOMETRIC_REPRESENTATION_CONTEXT(2) 
PARAMETRIC_REPRESENTATION_CONTEXT() REPRESENTATION_CONTEXT('2D SPACE',''
  ) );
#12363 = PCURVE('',#2852,#12364);
#12364 = DEFINITIONAL_REPRESENTATION('',(#12365),#12369);
#12365 = LINE('',#12366,#12367);
#12366 = CARTESIAN_POINT('',(16.,0.));
#12367 = VECTOR('',#12368,1.);
#12368 = DIRECTION('',(0.,-1.));
#12369 = ( GEOMETRIC_REPRESENTATION_CONTEXT(2) 
PARAMETRIC_REPRESENTATION_CONTEXT() REPRESENTATION_CONTEXT('2D SPACE',''
  ) );
#12370 = ORIENTED_EDGE('',*,*,#2809,.F.);
#12371 = ORIENTED_EDGE('',*,*,#12372,.F.);
#12372 = EDGE_CURVE('',#7600,#2810,#12373,.T.);
#12373 = SURFACE_CURVE('',#12374,(#12378,#12385),.PCURVE_S1.);
#12374 = LINE('',#12375,#12376);
#12375 = CARTESIAN_POINT('',(4.,-22.,9.));
#12376 = VECTOR('',#12377,1.);
#12377 = DIRECTION('',(0.,0.,1.));
#12378 = PCURVE('',#2826,#12379);
#12379 = DEFINITIONAL_REPRESENTATION('',(#12380),#12384);
#12380 = LINE('',#12381,#12382);
#12381 = CARTESIAN_POINT('',(16.,0.));
#12382 = VECTOR('',#12383,1.);
#12383 = DIRECTION('',(0.,-1.));
#12384 = ( GEOMETRIC_REPRESENTATION_CONTEXT(2) 
PARAMETRIC_REPRESENTATION_CONTEXT() REPRESENTATION_CONTEXT('2D SPACE',''
  ) );
#12385 = PCURVE('',#2902,#12386);
#12386 = DEFINITIONAL_REPRESENTATION('',(#12387),#12391);
#12387 = LINE('',#12388,#12389);
#12388 = CARTESIAN_POINT('',(0.,-0.));
#12389 = VECTOR('',#12390,1.);
#12390 = DIRECTION('',(0.,-1.));
#12391 = ( GEOMETRIC_REPRESENTATION_CONTEXT(2) 
PARAMETRIC_REPRESENTATION_CONTEXT() REPRESENTATION_CONTEXT('2D SPACE',''
  ) );
#12392 = ADVANCED_FACE('',(#12393),#2902,.T.);
#12393 = FACE_BOUND('',#12394,.T.);
#12394 = EDGE_LOOP('',(#12395,#12396,#12397,#12398));
#12395 = ORIENTED_EDGE('',*,*,#7664,.T.);
#12396 = ORIENTED_EDGE('',*,*,#12372,.T.);
#12397 = ORIENTED_EDGE('',*,*,#2889,.F.);
#12398 = ORIENTED_EDGE('',*,*,#12399,.F.);
#12399 = EDGE_CURVE('',#7644,#2864,#12400,.T.);
#12400 = SURFACE_CURVE('',#12401,(#12405,#12412),.PCURVE_S1.);
#12401 = LINE('',#12402,#12403);
#12402 = CARTESIAN_POINT('',(-12.,-22.,9.));
#12403 = VECTOR('',#12404,1.);
#12404 = DIRECTION('',(0.,0.,1.));
#12405 = PCURVE('',#2902,#12406);
#12406 = DEFINITIONAL_REPRESENTATION('',(#12407),#12411);
#12407 = LINE('',#12408,#12409);
#12408 = CARTESIAN_POINT('',(16.,0.));
#12409 = VECTOR('',#12410,1.);
#12410 = DIRECTION('',(0.,-1.));
#12411 = ( GEOMETRIC_REPRESENTATION_CONTEXT(2) 
PARAMETRIC_REPRESENTATION_CONTEXT() REPRESENTATION_CONTEXT('2D SPACE',''
  ) );
#12412 = PCURVE('',#2878,#12413);
#12413 = DEFINITIONAL_REPRESENTATION('',(#12414),#12418);
#12414 = LINE('',#12415,#12416);
#12415 = CARTESIAN_POINT('',(0.,0.));
#12416 = VECTOR('',#12417,1.);
#12417 = DIRECTION('',(0.,-1.));
#12418 = ( GEOMETRIC_REPRESENTATION_CONTEXT(2) 
PARAMETRIC_REPRESENTATION_CONTEXT() REPRESENTATION_CONTEXT('2D SPACE',''
  ) );
#12419 = ADVANCED_FACE('',(#12420),#2878,.T.);
#12420 = FACE_BOUND('',#12421,.T.);
#12421 = EDGE_LOOP('',(#12422,#12423,#12424,#12425));
#12422 = ORIENTED_EDGE('',*,*,#7643,.T.);
#12423 = ORIENTED_EDGE('',*,*,#12399,.T.);
#12424 = ORIENTED_EDGE('',*,*,#2863,.F.);
#12425 = ORIENTED_EDGE('',*,*,#12426,.F.);
#12426 = EDGE_CURVE('',#7623,#2838,#12427,.T.);
#12427 = SURFACE_CURVE('',#12428,(#12432,#12439),.PCURVE_S1.);
#12428 = LINE('',#12429,#12430);
#12429 = CARTESIAN_POINT('',(-12.,-38.,9.));
#12430 = VECTOR('',#12431,1.);
#12431 = DIRECTION('',(0.,0.,1.));
#12432 = PCURVE('',#2878,#12433);
#12433 = DEFINITIONAL_REPRESENTATION('',(#12434),#12438);
#12434 = LINE('',#12435,#12436);
#12435 = CARTESIAN_POINT('',(16.,0.));
#12436 = VECTOR('',#12437,1.);
#12437 = DIRECTION('',(0.,-1.));
#12438 = ( GEOMETRIC_REPRESENTATION_CONTEXT(2) 
PARAMETRIC_REPRESENTATION_CONTEXT() REPRESENTATION_CONTEXT('2D SPACE',''
  ) );
#12439 = PCURVE('',#2852,#12440);
#12440 = DEFINITIONAL_REPRESENTATION('',(#12441),#12445);
#12441 = LINE('',#12442,#12443);
#12442 = CARTESIAN_POINT('',(0.,0.));
#12443 = VECTOR('',#12444,1.);
#12444 = DIRECTION('',(0.,-1.));
#12445 = ( GEOMETRIC_REPRESENTATION_CONTEXT(2) 
PARAMETRIC_REPRESENTATION_CONTEXT() REPRESENTATION_CONTEXT('2D SPACE',''
  ) );
#12446 = ADVANCED_FACE('',(#12447),#2852,.T.);
#12447 = FACE_BOUND('',#12448,.T.);
#12448 = EDGE_LOOP('',(#12449,#12450,#12451,#12452));
#12449 = ORIENTED_EDGE('',*,*,#7622,.T.);
#12450 = ORIENTED_EDGE('',*,*,#12426,.T.);
#12451 = ORIENTED_EDGE('',*,*,#2837,.F.);
#12452 = ORIENTED_EDGE('',*,*,#12350,.F.);
#12453 = ADVANCED_FACE('',(#12454),#2932,.T.);
#12454 = FACE_BOUND('',#12455,.T.);
#12455 = EDGE_LOOP('',(#12456,#12457,#12478,#12479));
#12456 = ORIENTED_EDGE('',*,*,#7685,.T.);
#12457 = ORIENTED_EDGE('',*,*,#12458,.T.);
#12458 = EDGE_CURVE('',#7688,#2918,#12459,.T.);
#12459 = SURFACE_CURVE('',#12460,(#12464,#12471),.PCURVE_S1.);
#12460 = LINE('',#12461,#12462);
#12461 = CARTESIAN_POINT('',(34.,-38.,9.));
#12462 = VECTOR('',#12463,1.);
#12463 = DIRECTION('',(0.,0.,1.));
#12464 = PCURVE('',#2932,#12465);
#12465 = DEFINITIONAL_REPRESENTATION('',(#12466),#12470);
#12466 = LINE('',#12467,#12468);
#12467 = CARTESIAN_POINT('',(0.,0.));
#12468 = VECTOR('',#12469,1.);
#12469 = DIRECTION('',(0.,-1.));
#12470 = ( GEOMETRIC_REPRESENTATION_CONTEXT(2) 
PARAMETRIC_REPRESENTATION_CONTEXT() REPRESENTATION_CONTEXT('2D SPACE',''
  ) );
#12471 = PCURVE('',#2958,#12472);
#12472 = DEFINITIONAL_REPRESENTATION('',(#12473),#12477);
#12473 = LINE('',#12474,#12475);
#12474 = CARTESIAN_POINT('',(16.,0.));
#12475 = VECTOR('',#12476,1.);
#12476 = DIRECTION('',(0.,-1.));
#12477 = ( GEOMETRIC_REPRESENTATION_CONTEXT(2) 
PARAMETRIC_REPRESENTATION_CONTEXT() REPRESENTATION_CONTEXT('2D SPACE',''
  ) );
#12478 = ORIENTED_EDGE('',*,*,#2915,.F.);
#12479 = ORIENTED_EDGE('',*,*,#12480,.F.);
#12480 = EDGE_CURVE('',#7686,#2916,#12481,.T.);
#12481 = SURFACE_CURVE('',#12482,(#12486,#12493),.PCURVE_S1.);
#12482 = LINE('',#12483,#12484);
#12483 = CARTESIAN_POINT('',(34.,-22.,9.));
#12484 = VECTOR('',#12485,1.);
#12485 = DIRECTION('',(0.,0.,1.));
#12486 = PCURVE('',#2932,#12487);
#12487 = DEFINITIONAL_REPRESENTATION('',(#12488),#12492);
#12488 = LINE('',#12489,#12490);
#12489 = CARTESIAN_POINT('',(16.,0.));
#12490 = VECTOR('',#12491,1.);
#12491 = DIRECTION('',(0.,-1.));
#12492 = ( GEOMETRIC_REPRESENTATION_CONTEXT(2) 
PARAMETRIC_REPRESENTATION_CONTEXT() REPRESENTATION_CONTEXT('2D SPACE',''
  ) );
#12493 = PCURVE('',#3008,#12494);
#12494 = DEFINITIONAL_REPRESENTATION('',(#12495),#12499);
#12495 = LINE('',#12496,#12497);
#12496 = CARTESIAN_POINT('',(0.,-0.));
#12497 = VECTOR('',#12498,1.);
#12498 = DIRECTION('',(0.,-1.));
#12499 = ( GEOMETRIC_REPRESENTATION_CONTEXT(2) 
PARAMETRIC_REPRESENTATION_CONTEXT() REPRESENTATION_CONTEXT('2D SPACE',''
  ) );
#12500 = ADVANCED_FACE('',(#12501),#3008,.T.);
#12501 = FACE_BOUND('',#12502,.T.);
#12502 = EDGE_LOOP('',(#12503,#12504,#12505,#12506));
#12503 = ORIENTED_EDGE('',*,*,#7750,.T.);
#12504 = ORIENTED_EDGE('',*,*,#12480,.T.);
#12505 = ORIENTED_EDGE('',*,*,#2995,.F.);
#12506 = ORIENTED_EDGE('',*,*,#12507,.F.);
#12507 = EDGE_CURVE('',#7730,#2970,#12508,.T.);
#12508 = SURFACE_CURVE('',#12509,(#12513,#12520),.PCURVE_S1.);
#12509 = LINE('',#12510,#12511);
#12510 = CARTESIAN_POINT('',(18.,-22.,9.));
#12511 = VECTOR('',#12512,1.);
#12512 = DIRECTION('',(0.,0.,1.));
#12513 = PCURVE('',#3008,#12514);
#12514 = DEFINITIONAL_REPRESENTATION('',(#12515),#12519);
#12515 = LINE('',#12516,#12517);
#12516 = CARTESIAN_POINT('',(16.,0.));
#12517 = VECTOR('',#12518,1.);
#12518 = DIRECTION('',(0.,-1.));
#12519 = ( GEOMETRIC_REPRESENTATION_CONTEXT(2) 
PARAMETRIC_REPRESENTATION_CONTEXT() REPRESENTATION_CONTEXT('2D SPACE',''
  ) );
#12520 = PCURVE('',#2984,#12521);
#12521 = DEFINITIONAL_REPRESENTATION('',(#12522),#12526);
#12522 = LINE('',#12523,#12524);
#12523 = CARTESIAN_POINT('',(0.,0.));
#12524 = VECTOR('',#12525,1.);
#12525 = DIRECTION('',(0.,-1.));
#12526 = ( GEOMETRIC_REPRESENTATION_CONTEXT(2) 
PARAMETRIC_REPRESENTATION_CONTEXT() REPRESENTATION_CONTEXT('2D SPACE',''
  ) );
#12527 = ADVANCED_FACE('',(#12528),#2984,.T.);
#12528 = FACE_BOUND('',#12529,.T.);
#12529 = EDGE_LOOP('',(#12530,#12531,#12532,#12533));
#12530 = ORIENTED_EDGE('',*,*,#7729,.T.);
#12531 = ORIENTED_EDGE('',*,*,#12507,.T.);
#12532 = ORIENTED_EDGE('',*,*,#2969,.F.);
#12533 = ORIENTED_EDGE('',*,*,#12534,.F.);
#12534 = EDGE_CURVE('',#7709,#2944,#12535,.T.);
#12535 = SURFACE_CURVE('',#12536,(#12540,#12547),.PCURVE_S1.);
#12536 = LINE('',#12537,#12538);
#12537 = CARTESIAN_POINT('',(18.,-38.,9.));
#12538 = VECTOR('',#12539,1.);
#12539 = DIRECTION('',(0.,0.,1.));
#12540 = PCURVE('',#2984,#12541);
#12541 = DEFINITIONAL_REPRESENTATION('',(#12542),#12546);
#12542 = LINE('',#12543,#12544);
#12543 = CARTESIAN_POINT('',(16.,0.));
#12544 = VECTOR('',#12545,1.);
#12545 = DIRECTION('',(0.,-1.));
#12546 = ( GEOMETRIC_REPRESENTATION_CONTEXT(2) 
PARAMETRIC_REPRESENTATION_CONTEXT() REPRESENTATION_CONTEXT('2D SPACE',''
  ) );
#12547 = PCURVE('',#2958,#12548);
#12548 = DEFINITIONAL_REPRESENTATION('',(#12549),#12553);
#12549 = LINE('',#12550,#12551);
#12550 = CARTESIAN_POINT('',(0.,0.));
#12551 = VECTOR('',#12552,1.);
#12552 = DIRECTION('',(0.,-1.));
#12553 = ( GEOMETRIC_REPRESENTATION_CONTEXT(2) 
PARAMETRIC_REPRESENTATION_CONTEXT() REPRESENTATION_CONTEXT('2D SPACE',''
  ) );
#12554 = ADVANCED_FACE('',(#12555),#2958,.T.);
#12555 = FACE_BOUND('',#12556,.T.);
#12556 = EDGE_LOOP('',(#12557,#12558,#12559,#12560));
#12557 = ORIENTED_EDGE('',*,*,#7708,.T.);
#12558 = ORIENTED_EDGE('',*,*,#12534,.T.);
#12559 = ORIENTED_EDGE('',*,*,#2943,.F.);
#12560 = ORIENTED_EDGE('',*,*,#12458,.F.);
#12561 = ADVANCED_FACE('',(#12562),#3038,.T.);
#12562 = FACE_BOUND('',#12563,.T.);
#12563 = EDGE_LOOP('',(#12564,#12565,#12586,#12587));
#12564 = ORIENTED_EDGE('',*,*,#7771,.T.);
#12565 = ORIENTED_EDGE('',*,*,#12566,.T.);
#12566 = EDGE_CURVE('',#7774,#3024,#12567,.T.);
#12567 = SURFACE_CURVE('',#12568,(#12572,#12579),.PCURVE_S1.);
#12568 = LINE('',#12569,#12570);
#12569 = CARTESIAN_POINT('',(4.,-8.,9.));
#12570 = VECTOR('',#12571,1.);
#12571 = DIRECTION('',(0.,0.,1.));
#12572 = PCURVE('',#3038,#12573);
#12573 = DEFINITIONAL_REPRESENTATION('',(#12574),#12578);
#12574 = LINE('',#12575,#12576);
#12575 = CARTESIAN_POINT('',(0.,0.));
#12576 = VECTOR('',#12577,1.);
#12577 = DIRECTION('',(0.,-1.));
#12578 = ( GEOMETRIC_REPRESENTATION_CONTEXT(2) 
PARAMETRIC_REPRESENTATION_CONTEXT() REPRESENTATION_CONTEXT('2D SPACE',''
  ) );
#12579 = PCURVE('',#3064,#12580);
#12580 = DEFINITIONAL_REPRESENTATION('',(#12581),#12585);
#12581 = LINE('',#12582,#12583);
#12582 = CARTESIAN_POINT('',(16.,0.));
#12583 = VECTOR('',#12584,1.);
#12584 = DIRECTION('',(0.,-1.));
#12585 = ( GEOMETRIC_REPRESENTATION_CONTEXT(2) 
PARAMETRIC_REPRESENTATION_CONTEXT() REPRESENTATION_CONTEXT('2D SPACE',''
  ) );
#12586 = ORIENTED_EDGE('',*,*,#3021,.F.);
#12587 = ORIENTED_EDGE('',*,*,#12588,.F.);
#12588 = EDGE_CURVE('',#7772,#3022,#12589,.T.);
#12589 = SURFACE_CURVE('',#12590,(#12594,#12601),.PCURVE_S1.);
#12590 = LINE('',#12591,#12592);
#12591 = CARTESIAN_POINT('',(4.,8.,9.));
#12592 = VECTOR('',#12593,1.);
#12593 = DIRECTION('',(0.,0.,1.));
#12594 = PCURVE('',#3038,#12595);
#12595 = DEFINITIONAL_REPRESENTATION('',(#12596),#12600);
#12596 = LINE('',#12597,#12598);
#12597 = CARTESIAN_POINT('',(16.,0.));
#12598 = VECTOR('',#12599,1.);
#12599 = DIRECTION('',(0.,-1.));
#12600 = ( GEOMETRIC_REPRESENTATION_CONTEXT(2) 
PARAMETRIC_REPRESENTATION_CONTEXT() REPRESENTATION_CONTEXT('2D SPACE',''
  ) );
#12601 = PCURVE('',#3114,#12602);
#12602 = DEFINITIONAL_REPRESENTATION('',(#12603),#12607);
#12603 = LINE('',#12604,#12605);
#12604 = CARTESIAN_POINT('',(0.,-0.));
#12605 = VECTOR('',#12606,1.);
#12606 = DIRECTION('',(0.,-1.));
#12607 = ( GEOMETRIC_REPRESENTATION_CONTEXT(2) 
PARAMETRIC_REPRESENTATION_CONTEXT() REPRESENTATION_CONTEXT('2D SPACE',''
  ) );
#12608 = ADVANCED_FACE('',(#12609),#3114,.T.);
#12609 = FACE_BOUND('',#12610,.T.);
#12610 = EDGE_LOOP('',(#12611,#12612,#12613,#12614));
#12611 = ORIENTED_EDGE('',*,*,#7836,.T.);
#12612 = ORIENTED_EDGE('',*,*,#12588,.T.);
#12613 = ORIENTED_EDGE('',*,*,#3101,.F.);
#12614 = ORIENTED_EDGE('',*,*,#12615,.F.);
#12615 = EDGE_CURVE('',#7816,#3076,#12616,.T.);
#12616 = SURFACE_CURVE('',#12617,(#12621,#12628),.PCURVE_S1.);
#12617 = LINE('',#12618,#12619);
#12618 = CARTESIAN_POINT('',(-12.,8.,9.));
#12619 = VECTOR('',#12620,1.);
#12620 = DIRECTION('',(0.,0.,1.));
#12621 = PCURVE('',#3114,#12622);
#12622 = DEFINITIONAL_REPRESENTATION('',(#12623),#12627);
#12623 = LINE('',#12624,#12625);
#12624 = CARTESIAN_POINT('',(16.,0.));
#12625 = VECTOR('',#12626,1.);
#12626 = DIRECTION('',(0.,-1.));
#12627 = ( GEOMETRIC_REPRESENTATION_CONTEXT(2) 
PARAMETRIC_REPRESENTATION_CONTEXT() REPRESENTATION_CONTEXT('2D SPACE',''
  ) );
#12628 = PCURVE('',#3090,#12629);
#12629 = DEFINITIONAL_REPRESENTATION('',(#12630),#12634);
#12630 = LINE('',#12631,#12632);
#12631 = CARTESIAN_POINT('',(0.,0.));
#12632 = VECTOR('',#12633,1.);
#12633 = DIRECTION('',(0.,-1.));
#12634 = ( GEOMETRIC_REPRESENTATION_CONTEXT(2) 
PARAMETRIC_REPRESENTATION_CONTEXT() REPRESENTATION_CONTEXT('2D SPACE',''
  ) );
#12635 = ADVANCED_FACE('',(#12636),#3090,.T.);
#12636 = FACE_BOUND('',#12637,.T.);
#12637 = EDGE_LOOP('',(#12638,#12639,#12640,#12641));
#12638 = ORIENTED_EDGE('',*,*,#7815,.T.);
#12639 = ORIENTED_EDGE('',*,*,#12615,.T.);
#12640 = ORIENTED_EDGE('',*,*,#3075,.F.);
#12641 = ORIENTED_EDGE('',*,*,#12642,.F.);
#12642 = EDGE_CURVE('',#7795,#3050,#12643,.T.);
#12643 = SURFACE_CURVE('',#12644,(#12648,#12655),.PCURVE_S1.);
#12644 = LINE('',#12645,#12646);
#12645 = CARTESIAN_POINT('',(-12.,-8.,9.));
#12646 = VECTOR('',#12647,1.);
#12647 = DIRECTION('',(0.,0.,1.));
#12648 = PCURVE('',#3090,#12649);
#12649 = DEFINITIONAL_REPRESENTATION('',(#12650),#12654);
#12650 = LINE('',#12651,#12652);
#12651 = CARTESIAN_POINT('',(16.,0.));
#12652 = VECTOR('',#12653,1.);
#12653 = DIRECTION('',(0.,-1.));
#12654 = ( GEOMETRIC_REPRESENTATION_CONTEXT(2) 
PARAMETRIC_REPRESENTATION_CONTEXT() REPRESENTATION_CONTEXT('2D SPACE',''
  ) );
#12655 = PCURVE('',#3064,#12656);
#12656 = DEFINITIONAL_REPRESENTATION('',(#12657),#12661);
#12657 = LINE('',#12658,#12659);
#12658 = CARTESIAN_POINT('',(0.,0.));
#12659 = VECTOR('',#12660,1.);
#12660 = DIRECTION('',(0.,-1.));
#12661 = ( GEOMETRIC_REPRESENTATION_CONTEXT(2) 
PARAMETRIC_REPRESENTATION_CONTEXT() REPRESENTATION_CONTEXT('2D SPACE',''
  ) );
#12662 = ADVANCED_FACE('',(#12663),#3064,.T.);
#12663 = FACE_BOUND('',#12664,.T.);
#12664 = EDGE_LOOP('',(#12665,#12666,#12667,#12668));
#12665 = ORIENTED_EDGE('',*,*,#7794,.T.);
#12666 = ORIENTED_EDGE('',*,*,#12642,.T.);
#12667 = ORIENTED_EDGE('',*,*,#3049,.F.);
#12668 = ORIENTED_EDGE('',*,*,#12566,.F.);
#12669 = ADVANCED_FACE('',(#12670),#3144,.T.);
#12670 = FACE_BOUND('',#12671,.T.);
#12671 = EDGE_LOOP('',(#12672,#12673,#12694,#12695));
#12672 = ORIENTED_EDGE('',*,*,#7857,.T.);
#12673 = ORIENTED_EDGE('',*,*,#12674,.T.);
#12674 = EDGE_CURVE('',#7860,#3130,#12675,.T.);
#12675 = SURFACE_CURVE('',#12676,(#12680,#12687),.PCURVE_S1.);
#12676 = LINE('',#12677,#12678);
#12677 = CARTESIAN_POINT('',(34.,-8.,9.));
#12678 = VECTOR('',#12679,1.);
#12679 = DIRECTION('',(0.,0.,1.));
#12680 = PCURVE('',#3144,#12681);
#12681 = DEFINITIONAL_REPRESENTATION('',(#12682),#12686);
#12682 = LINE('',#12683,#12684);
#12683 = CARTESIAN_POINT('',(0.,0.));
#12684 = VECTOR('',#12685,1.);
#12685 = DIRECTION('',(0.,-1.));
#12686 = ( GEOMETRIC_REPRESENTATION_CONTEXT(2) 
PARAMETRIC_REPRESENTATION_CONTEXT() REPRESENTATION_CONTEXT('2D SPACE',''
  ) );
#12687 = PCURVE('',#3170,#12688);
#12688 = DEFINITIONAL_REPRESENTATION('',(#12689),#12693);
#12689 = LINE('',#12690,#12691);
#12690 = CARTESIAN_POINT('',(16.,0.));
#12691 = VECTOR('',#12692,1.);
#12692 = DIRECTION('',(0.,-1.));
#12693 = ( GEOMETRIC_REPRESENTATION_CONTEXT(2) 
PARAMETRIC_REPRESENTATION_CONTEXT() REPRESENTATION_CONTEXT('2D SPACE',''
  ) );
#12694 = ORIENTED_EDGE('',*,*,#3127,.F.);
#12695 = ORIENTED_EDGE('',*,*,#12696,.F.);
#12696 = EDGE_CURVE('',#7858,#3128,#12697,.T.);
#12697 = SURFACE_CURVE('',#12698,(#12702,#12709),.PCURVE_S1.);
#12698 = LINE('',#12699,#12700);
#12699 = CARTESIAN_POINT('',(34.,8.,9.));
#12700 = VECTOR('',#12701,1.);
#12701 = DIRECTION('',(0.,0.,1.));
#12702 = PCURVE('',#3144,#12703);
#12703 = DEFINITIONAL_REPRESENTATION('',(#12704),#12708);
#12704 = LINE('',#12705,#12706);
#12705 = CARTESIAN_POINT('',(16.,0.));
#12706 = VECTOR('',#12707,1.);
#12707 = DIRECTION('',(0.,-1.));
#12708 = ( GEOMETRIC_REPRESENTATION_CONTEXT(2) 
PARAMETRIC_REPRESENTATION_CONTEXT() REPRESENTATION_CONTEXT('2D SPACE',''
  ) );
#12709 = PCURVE('',#3220,#12710);
#12710 = DEFINITIONAL_REPRESENTATION('',(#12711),#12715);
#12711 = LINE('',#12712,#12713);
#12712 = CARTESIAN_POINT('',(0.,-0.));
#12713 = VECTOR('',#12714,1.);
#12714 = DIRECTION('',(0.,-1.));
#12715 = ( GEOMETRIC_REPRESENTATION_CONTEXT(2) 
PARAMETRIC_REPRESENTATION_CONTEXT() REPRESENTATION_CONTEXT('2D SPACE',''
  ) );
#12716 = ADVANCED_FACE('',(#12717),#3220,.T.);
#12717 = FACE_BOUND('',#12718,.T.);
#12718 = EDGE_LOOP('',(#12719,#12720,#12721,#12722));
#12719 = ORIENTED_EDGE('',*,*,#7922,.T.);
#12720 = ORIENTED_EDGE('',*,*,#12696,.T.);
#12721 = ORIENTED_EDGE('',*,*,#3207,.F.);
#12722 = ORIENTED_EDGE('',*,*,#12723,.F.);
#12723 = EDGE_CURVE('',#7902,#3182,#12724,.T.);
#12724 = SURFACE_CURVE('',#12725,(#12729,#12736),.PCURVE_S1.);
#12725 = LINE('',#12726,#12727);
#12726 = CARTESIAN_POINT('',(18.,8.,9.));
#12727 = VECTOR('',#12728,1.);
#12728 = DIRECTION('',(0.,0.,1.));
#12729 = PCURVE('',#3220,#12730);
#12730 = DEFINITIONAL_REPRESENTATION('',(#12731),#12735);
#12731 = LINE('',#12732,#12733);
#12732 = CARTESIAN_POINT('',(16.,0.));
#12733 = VECTOR('',#12734,1.);
#12734 = DIRECTION('',(0.,-1.));
#12735 = ( GEOMETRIC_REPRESENTATION_CONTEXT(2) 
PARAMETRIC_REPRESENTATION_CONTEXT() REPRESENTATION_CONTEXT('2D SPACE',''
  ) );
#12736 = PCURVE('',#3196,#12737);
#12737 = DEFINITIONAL_REPRESENTATION('',(#12738),#12742);
#12738 = LINE('',#12739,#12740);
#12739 = CARTESIAN_POINT('',(0.,0.));
#12740 = VECTOR('',#12741,1.);
#12741 = DIRECTION('',(0.,-1.));
#12742 = ( GEOMETRIC_REPRESENTATION_CONTEXT(2) 
PARAMETRIC_REPRESENTATION_CONTEXT() REPRESENTATION_CONTEXT('2D SPACE',''
  ) );
#12743 = ADVANCED_FACE('',(#12744),#3196,.T.);
#12744 = FACE_BOUND('',#12745,.T.);
#12745 = EDGE_LOOP('',(#12746,#12747,#12748,#12749));
#12746 = ORIENTED_EDGE('',*,*,#7901,.T.);
#12747 = ORIENTED_EDGE('',*,*,#12723,.T.);
#12748 = ORIENTED_EDGE('',*,*,#3181,.F.);
#12749 = ORIENTED_EDGE('',*,*,#12750,.F.);
#12750 = EDGE_CURVE('',#7881,#3156,#12751,.T.);
#12751 = SURFACE_CURVE('',#12752,(#12756,#12763),.PCURVE_S1.);
#12752 = LINE('',#12753,#12754);
#12753 = CARTESIAN_POINT('',(18.,-8.,9.));
#12754 = VECTOR('',#12755,1.);
#12755 = DIRECTION('',(0.,0.,1.));
#12756 = PCURVE('',#3196,#12757);
#12757 = DEFINITIONAL_REPRESENTATION('',(#12758),#12762);
#12758 = LINE('',#12759,#12760);
#12759 = CARTESIAN_POINT('',(16.,0.));
#12760 = VECTOR('',#12761,1.);
#12761 = DIRECTION('',(0.,-1.));
#12762 = ( GEOMETRIC_REPRESENTATION_CONTEXT(2) 
PARAMETRIC_REPRESENTATION_CONTEXT() REPRESENTATION_CONTEXT('2D SPACE',''
  ) );
#12763 = PCURVE('',#3170,#12764);
#12764 = DEFINITIONAL_REPRESENTATION('',(#12765),#12769);
#12765 = LINE('',#12766,#12767);
#12766 = CARTESIAN_POINT('',(0.,0.));
#12767 = VECTOR('',#12768,1.);
#12768 = DIRECTION('',(0.,-1.));
#12769 = ( GEOMETRIC_REPRESENTATION_CONTEXT(2) 
PARAMETRIC_REPRESENTATION_CONTEXT() REPRESENTATION_CONTEXT('2D SPACE',''
  ) );
#12770 = ADVANCED_FACE('',(#12771),#3170,.T.);
#12771 = FACE_BOUND('',#12772,.T.);
#12772 = EDGE_LOOP('',(#12773,#12774,#12775,#12776));
#12773 = ORIENTED_EDGE('',*,*,#7880,.T.);
#12774 = ORIENTED_EDGE('',*,*,#12750,.T.);
#12775 = ORIENTED_EDGE('',*,*,#3155,.F.);
#12776 = ORIENTED_EDGE('',*,*,#12674,.F.);
#12777 = ADVANCED_FACE('',(#12778),#3250,.T.);
#12778 = FACE_BOUND('',#12779,.T.);
#12779 = EDGE_LOOP('',(#12780,#12781,#12802,#12803));
#12780 = ORIENTED_EDGE('',*,*,#7943,.T.);
#12781 = ORIENTED_EDGE('',*,*,#12782,.T.);
#12782 = EDGE_CURVE('',#7946,#3236,#12783,.T.);
#12783 = SURFACE_CURVE('',#12784,(#12788,#12795),.PCURVE_S1.);
#12784 = LINE('',#12785,#12786);
#12785 = CARTESIAN_POINT('',(-146.,22.,9.));
#12786 = VECTOR('',#12787,1.);
#12787 = DIRECTION('',(0.,0.,1.));
#12788 = PCURVE('',#3250,#12789);
#12789 = DEFINITIONAL_REPRESENTATION('',(#12790),#12794);
#12790 = LINE('',#12791,#12792);
#12791 = CARTESIAN_POINT('',(0.,0.));
#12792 = VECTOR('',#12793,1.);
#12793 = DIRECTION('',(0.,-1.));
#12794 = ( GEOMETRIC_REPRESENTATION_CONTEXT(2) 
PARAMETRIC_REPRESENTATION_CONTEXT() REPRESENTATION_CONTEXT('2D SPACE',''
  ) );
#12795 = PCURVE('',#3276,#12796);
#12796 = DEFINITIONAL_REPRESENTATION('',(#12797),#12801);
#12797 = LINE('',#12798,#12799);
#12798 = CARTESIAN_POINT('',(16.,0.));
#12799 = VECTOR('',#12800,1.);
#12800 = DIRECTION('',(0.,-1.));
#12801 = ( GEOMETRIC_REPRESENTATION_CONTEXT(2) 
PARAMETRIC_REPRESENTATION_CONTEXT() REPRESENTATION_CONTEXT('2D SPACE',''
  ) );
#12802 = ORIENTED_EDGE('',*,*,#3233,.F.);
#12803 = ORIENTED_EDGE('',*,*,#12804,.F.);
#12804 = EDGE_CURVE('',#7944,#3234,#12805,.T.);
#12805 = SURFACE_CURVE('',#12806,(#12810,#12817),.PCURVE_S1.);
#12806 = LINE('',#12807,#12808);
#12807 = CARTESIAN_POINT('',(-146.,38.,9.));
#12808 = VECTOR('',#12809,1.);
#12809 = DIRECTION('',(0.,0.,1.));
#12810 = PCURVE('',#3250,#12811);
#12811 = DEFINITIONAL_REPRESENTATION('',(#12812),#12816);
#12812 = LINE('',#12813,#12814);
#12813 = CARTESIAN_POINT('',(16.,0.));
#12814 = VECTOR('',#12815,1.);
#12815 = DIRECTION('',(0.,-1.));
#12816 = ( GEOMETRIC_REPRESENTATION_CONTEXT(2) 
PARAMETRIC_REPRESENTATION_CONTEXT() REPRESENTATION_CONTEXT('2D SPACE',''
  ) );
#12817 = PCURVE('',#3326,#12818);
#12818 = DEFINITIONAL_REPRESENTATION('',(#12819),#12823);
#12819 = LINE('',#12820,#12821);
#12820 = CARTESIAN_POINT('',(0.,-0.));
#12821 = VECTOR('',#12822,1.);
#12822 = DIRECTION('',(0.,-1.));
#12823 = ( GEOMETRIC_REPRESENTATION_CONTEXT(2) 
PARAMETRIC_REPRESENTATION_CONTEXT() REPRESENTATION_CONTEXT('2D SPACE',''
  ) );
#12824 = ADVANCED_FACE('',(#12825),#3326,.T.);
#12825 = FACE_BOUND('',#12826,.T.);
#12826 = EDGE_LOOP('',(#12827,#12828,#12829,#12830));
#12827 = ORIENTED_EDGE('',*,*,#8008,.T.);
#12828 = ORIENTED_EDGE('',*,*,#12804,.T.);
#12829 = ORIENTED_EDGE('',*,*,#3313,.F.);
#12830 = ORIENTED_EDGE('',*,*,#12831,.F.);
#12831 = EDGE_CURVE('',#7988,#3288,#12832,.T.);
#12832 = SURFACE_CURVE('',#12833,(#12837,#12844),.PCURVE_S1.);
#12833 = LINE('',#12834,#12835);
#12834 = CARTESIAN_POINT('',(-162.,38.,9.));
#12835 = VECTOR('',#12836,1.);
#12836 = DIRECTION('',(0.,0.,1.));
#12837 = PCURVE('',#3326,#12838);
#12838 = DEFINITIONAL_REPRESENTATION('',(#12839),#12843);
#12839 = LINE('',#12840,#12841);
#12840 = CARTESIAN_POINT('',(16.,0.));
#12841 = VECTOR('',#12842,1.);
#12842 = DIRECTION('',(0.,-1.));
#12843 = ( GEOMETRIC_REPRESENTATION_CONTEXT(2) 
PARAMETRIC_REPRESENTATION_CONTEXT() REPRESENTATION_CONTEXT('2D SPACE',''
  ) );
#12844 = PCURVE('',#3302,#12845);
#12845 = DEFINITIONAL_REPRESENTATION('',(#12846),#12850);
#12846 = LINE('',#12847,#12848);
#12847 = CARTESIAN_POINT('',(0.,0.));
#12848 = VECTOR('',#12849,1.);
#12849 = DIRECTION('',(0.,-1.));
#12850 = ( GEOMETRIC_REPRESENTATION_CONTEXT(2) 
PARAMETRIC_REPRESENTATION_CONTEXT() REPRESENTATION_CONTEXT('2D SPACE',''
  ) );
#12851 = ADVANCED_FACE('',(#12852),#3302,.T.);
#12852 = FACE_BOUND('',#12853,.T.);
#12853 = EDGE_LOOP('',(#12854,#12855,#12856,#12857));
#12854 = ORIENTED_EDGE('',*,*,#7987,.T.);
#12855 = ORIENTED_EDGE('',*,*,#12831,.T.);
#12856 = ORIENTED_EDGE('',*,*,#3287,.F.);
#12857 = ORIENTED_EDGE('',*,*,#12858,.F.);
#12858 = EDGE_CURVE('',#7967,#3262,#12859,.T.);
#12859 = SURFACE_CURVE('',#12860,(#12864,#12871),.PCURVE_S1.);
#12860 = LINE('',#12861,#12862);
#12861 = CARTESIAN_POINT('',(-162.,22.,9.));
#12862 = VECTOR('',#12863,1.);
#12863 = DIRECTION('',(0.,0.,1.));
#12864 = PCURVE('',#3302,#12865);
#12865 = DEFINITIONAL_REPRESENTATION('',(#12866),#12870);
#12866 = LINE('',#12867,#12868);
#12867 = CARTESIAN_POINT('',(16.,0.));
#12868 = VECTOR('',#12869,1.);
#12869 = DIRECTION('',(0.,-1.));
#12870 = ( GEOMETRIC_REPRESENTATION_CONTEXT(2) 
PARAMETRIC_REPRESENTATION_CONTEXT() REPRESENTATION_CONTEXT('2D SPACE',''
  ) );
#12871 = PCURVE('',#3276,#12872);
#12872 = DEFINITIONAL_REPRESENTATION('',(#12873),#12877);
#12873 = LINE('',#12874,#12875);
#12874 = CARTESIAN_POINT('',(0.,0.));
#12875 = VECTOR('',#12876,1.);
#12876 = DIRECTION('',(0.,-1.));
#12877 = ( GEOMETRIC_REPRESENTATION_CONTEXT(2) 
PARAMETRIC_REPRESENTATION_CONTEXT() REPRESENTATION_CONTEXT('2D SPACE',''
  ) );
#12878 = ADVANCED_FACE('',(#12879),#3276,.T.);
#12879 = FACE_BOUND('',#12880,.T.);
#12880 = EDGE_LOOP('',(#12881,#12882,#12883,#12884));
#12881 = ORIENTED_EDGE('',*,*,#7966,.T.);
#12882 = ORIENTED_EDGE('',*,*,#12858,.T.);
#12883 = ORIENTED_EDGE('',*,*,#3261,.F.);
#12884 = ORIENTED_EDGE('',*,*,#12782,.F.);
#12885 = ADVANCED_FACE('',(#12886),#3356,.T.);
#12886 = FACE_BOUND('',#12887,.T.);
#12887 = EDGE_LOOP('',(#12888,#12889,#12910,#12911));
#12888 = ORIENTED_EDGE('',*,*,#8029,.T.);
#12889 = ORIENTED_EDGE('',*,*,#12890,.T.);
#12890 = EDGE_CURVE('',#8032,#3342,#12891,.T.);
#12891 = SURFACE_CURVE('',#12892,(#12896,#12903),.PCURVE_S1.);
#12892 = LINE('',#12893,#12894);
#12893 = CARTESIAN_POINT('',(-116.,22.,9.));
#12894 = VECTOR('',#12895,1.);
#12895 = DIRECTION('',(0.,0.,1.));
#12896 = PCURVE('',#3356,#12897);
#12897 = DEFINITIONAL_REPRESENTATION('',(#12898),#12902);
#12898 = LINE('',#12899,#12900);
#12899 = CARTESIAN_POINT('',(0.,0.));
#12900 = VECTOR('',#12901,1.);
#12901 = DIRECTION('',(0.,-1.));
#12902 = ( GEOMETRIC_REPRESENTATION_CONTEXT(2) 
PARAMETRIC_REPRESENTATION_CONTEXT() REPRESENTATION_CONTEXT('2D SPACE',''
  ) );
#12903 = PCURVE('',#3382,#12904);
#12904 = DEFINITIONAL_REPRESENTATION('',(#12905),#12909);
#12905 = LINE('',#12906,#12907);
#12906 = CARTESIAN_POINT('',(16.,0.));
#12907 = VECTOR('',#12908,1.);
#12908 = DIRECTION('',(0.,-1.));
#12909 = ( GEOMETRIC_REPRESENTATION_CONTEXT(2) 
PARAMETRIC_REPRESENTATION_CONTEXT() REPRESENTATION_CONTEXT('2D SPACE',''
  ) );
#12910 = ORIENTED_EDGE('',*,*,#3339,.F.);
#12911 = ORIENTED_EDGE('',*,*,#12912,.F.);
#12912 = EDGE_CURVE('',#8030,#3340,#12913,.T.);
#12913 = SURFACE_CURVE('',#12914,(#12918,#12925),.PCURVE_S1.);
#12914 = LINE('',#12915,#12916);
#12915 = CARTESIAN_POINT('',(-116.,38.,9.));
#12916 = VECTOR('',#12917,1.);
#12917 = DIRECTION('',(0.,0.,1.));
#12918 = PCURVE('',#3356,#12919);
#12919 = DEFINITIONAL_REPRESENTATION('',(#12920),#12924);
#12920 = LINE('',#12921,#12922);
#12921 = CARTESIAN_POINT('',(16.,0.));
#12922 = VECTOR('',#12923,1.);
#12923 = DIRECTION('',(0.,-1.));
#12924 = ( GEOMETRIC_REPRESENTATION_CONTEXT(2) 
PARAMETRIC_REPRESENTATION_CONTEXT() REPRESENTATION_CONTEXT('2D SPACE',''
  ) );
#12925 = PCURVE('',#3432,#12926);
#12926 = DEFINITIONAL_REPRESENTATION('',(#12927),#12931);
#12927 = LINE('',#12928,#12929);
#12928 = CARTESIAN_POINT('',(0.,-0.));
#12929 = VECTOR('',#12930,1.);
#12930 = DIRECTION('',(0.,-1.));
#12931 = ( GEOMETRIC_REPRESENTATION_CONTEXT(2) 
PARAMETRIC_REPRESENTATION_CONTEXT() REPRESENTATION_CONTEXT('2D SPACE',''
  ) );
#12932 = ADVANCED_FACE('',(#12933),#3432,.T.);
#12933 = FACE_BOUND('',#12934,.T.);
#12934 = EDGE_LOOP('',(#12935,#12936,#12937,#12938));
#12935 = ORIENTED_EDGE('',*,*,#8094,.T.);
#12936 = ORIENTED_EDGE('',*,*,#12912,.T.);
#12937 = ORIENTED_EDGE('',*,*,#3419,.F.);
#12938 = ORIENTED_EDGE('',*,*,#12939,.F.);
#12939 = EDGE_CURVE('',#8074,#3394,#12940,.T.);
#12940 = SURFACE_CURVE('',#12941,(#12945,#12952),.PCURVE_S1.);
#12941 = LINE('',#12942,#12943);
#12942 = CARTESIAN_POINT('',(-132.,38.,9.));
#12943 = VECTOR('',#12944,1.);
#12944 = DIRECTION('',(0.,0.,1.));
#12945 = PCURVE('',#3432,#12946);
#12946 = DEFINITIONAL_REPRESENTATION('',(#12947),#12951);
#12947 = LINE('',#12948,#12949);
#12948 = CARTESIAN_POINT('',(16.,0.));
#12949 = VECTOR('',#12950,1.);
#12950 = DIRECTION('',(0.,-1.));
#12951 = ( GEOMETRIC_REPRESENTATION_CONTEXT(2) 
PARAMETRIC_REPRESENTATION_CONTEXT() REPRESENTATION_CONTEXT('2D SPACE',''
  ) );
#12952 = PCURVE('',#3408,#12953);
#12953 = DEFINITIONAL_REPRESENTATION('',(#12954),#12958);
#12954 = LINE('',#12955,#12956);
#12955 = CARTESIAN_POINT('',(0.,0.));
#12956 = VECTOR('',#12957,1.);
#12957 = DIRECTION('',(0.,-1.));
#12958 = ( GEOMETRIC_REPRESENTATION_CONTEXT(2) 
PARAMETRIC_REPRESENTATION_CONTEXT() REPRESENTATION_CONTEXT('2D SPACE',''
  ) );
#12959 = ADVANCED_FACE('',(#12960),#3408,.T.);
#12960 = FACE_BOUND('',#12961,.T.);
#12961 = EDGE_LOOP('',(#12962,#12963,#12964,#12965));
#12962 = ORIENTED_EDGE('',*,*,#8073,.T.);
#12963 = ORIENTED_EDGE('',*,*,#12939,.T.);
#12964 = ORIENTED_EDGE('',*,*,#3393,.F.);
#12965 = ORIENTED_EDGE('',*,*,#12966,.F.);
#12966 = EDGE_CURVE('',#8053,#3368,#12967,.T.);
#12967 = SURFACE_CURVE('',#12968,(#12972,#12979),.PCURVE_S1.);
#12968 = LINE('',#12969,#12970);
#12969 = CARTESIAN_POINT('',(-132.,22.,9.));
#12970 = VECTOR('',#12971,1.);
#12971 = DIRECTION('',(0.,0.,1.));
#12972 = PCURVE('',#3408,#12973);
#12973 = DEFINITIONAL_REPRESENTATION('',(#12974),#12978);
#12974 = LINE('',#12975,#12976);
#12975 = CARTESIAN_POINT('',(16.,0.));
#12976 = VECTOR('',#12977,1.);
#12977 = DIRECTION('',(0.,-1.));
#12978 = ( GEOMETRIC_REPRESENTATION_CONTEXT(2) 
PARAMETRIC_REPRESENTATION_CONTEXT() REPRESENTATION_CONTEXT('2D SPACE',''
  ) );
#12979 = PCURVE('',#3382,#12980);
#12980 = DEFINITIONAL_REPRESENTATION('',(#12981),#12985);
#12981 = LINE('',#12982,#12983);
#12982 = CARTESIAN_POINT('',(0.,0.));
#12983 = VECTOR('',#12984,1.);
#12984 = DIRECTION('',(0.,-1.));
#12985 = ( GEOMETRIC_REPRESENTATION_CONTEXT(2) 
PARAMETRIC_REPRESENTATION_CONTEXT() REPRESENTATION_CONTEXT('2D SPACE',''
  ) );
#12986 = ADVANCED_FACE('',(#12987),#3382,.T.);
#12987 = FACE_BOUND('',#12988,.T.);
#12988 = EDGE_LOOP('',(#12989,#12990,#12991,#12992));
#12989 = ORIENTED_EDGE('',*,*,#8052,.T.);
#12990 = ORIENTED_EDGE('',*,*,#12966,.T.);
#12991 = ORIENTED_EDGE('',*,*,#3367,.F.);
#12992 = ORIENTED_EDGE('',*,*,#12890,.F.);
#12993 = ADVANCED_FACE('',(#12994),#3462,.T.);
#12994 = FACE_BOUND('',#12995,.T.);
#12995 = EDGE_LOOP('',(#12996,#12997,#13018,#13019));
#12996 = ORIENTED_EDGE('',*,*,#8115,.T.);
#12997 = ORIENTED_EDGE('',*,*,#12998,.T.);
#12998 = EDGE_CURVE('',#8118,#3448,#12999,.T.);
#12999 = SURFACE_CURVE('',#13000,(#13004,#13011),.PCURVE_S1.);
#13000 = LINE('',#13001,#13002);
#13001 = CARTESIAN_POINT('',(-86.,22.,9.));
#13002 = VECTOR('',#13003,1.);
#13003 = DIRECTION('',(0.,0.,1.));
#13004 = PCURVE('',#3462,#13005);
#13005 = DEFINITIONAL_REPRESENTATION('',(#13006),#13010);
#13006 = LINE('',#13007,#13008);
#13007 = CARTESIAN_POINT('',(0.,0.));
#13008 = VECTOR('',#13009,1.);
#13009 = DIRECTION('',(0.,-1.));
#13010 = ( GEOMETRIC_REPRESENTATION_CONTEXT(2) 
PARAMETRIC_REPRESENTATION_CONTEXT() REPRESENTATION_CONTEXT('2D SPACE',''
  ) );
#13011 = PCURVE('',#3488,#13012);
#13012 = DEFINITIONAL_REPRESENTATION('',(#13013),#13017);
#13013 = LINE('',#13014,#13015);
#13014 = CARTESIAN_POINT('',(16.,0.));
#13015 = VECTOR('',#13016,1.);
#13016 = DIRECTION('',(0.,-1.));
#13017 = ( GEOMETRIC_REPRESENTATION_CONTEXT(2) 
PARAMETRIC_REPRESENTATION_CONTEXT() REPRESENTATION_CONTEXT('2D SPACE',''
  ) );
#13018 = ORIENTED_EDGE('',*,*,#3445,.F.);
#13019 = ORIENTED_EDGE('',*,*,#13020,.F.);
#13020 = EDGE_CURVE('',#8116,#3446,#13021,.T.);
#13021 = SURFACE_CURVE('',#13022,(#13026,#13033),.PCURVE_S1.);
#13022 = LINE('',#13023,#13024);
#13023 = CARTESIAN_POINT('',(-86.,38.,9.));
#13024 = VECTOR('',#13025,1.);
#13025 = DIRECTION('',(0.,0.,1.));
#13026 = PCURVE('',#3462,#13027);
#13027 = DEFINITIONAL_REPRESENTATION('',(#13028),#13032);
#13028 = LINE('',#13029,#13030);
#13029 = CARTESIAN_POINT('',(16.,0.));
#13030 = VECTOR('',#13031,1.);
#13031 = DIRECTION('',(0.,-1.));
#13032 = ( GEOMETRIC_REPRESENTATION_CONTEXT(2) 
PARAMETRIC_REPRESENTATION_CONTEXT() REPRESENTATION_CONTEXT('2D SPACE',''
  ) );
#13033 = PCURVE('',#3538,#13034);
#13034 = DEFINITIONAL_REPRESENTATION('',(#13035),#13039);
#13035 = LINE('',#13036,#13037);
#13036 = CARTESIAN_POINT('',(0.,-0.));
#13037 = VECTOR('',#13038,1.);
#13038 = DIRECTION('',(0.,-1.));
#13039 = ( GEOMETRIC_REPRESENTATION_CONTEXT(2) 
PARAMETRIC_REPRESENTATION_CONTEXT() REPRESENTATION_CONTEXT('2D SPACE',''
  ) );
#13040 = ADVANCED_FACE('',(#13041),#3538,.T.);
#13041 = FACE_BOUND('',#13042,.T.);
#13042 = EDGE_LOOP('',(#13043,#13044,#13045,#13046));
#13043 = ORIENTED_EDGE('',*,*,#8180,.T.);
#13044 = ORIENTED_EDGE('',*,*,#13020,.T.);
#13045 = ORIENTED_EDGE('',*,*,#3525,.F.);
#13046 = ORIENTED_EDGE('',*,*,#13047,.F.);
#13047 = EDGE_CURVE('',#8160,#3500,#13048,.T.);
#13048 = SURFACE_CURVE('',#13049,(#13053,#13060),.PCURVE_S1.);
#13049 = LINE('',#13050,#13051);
#13050 = CARTESIAN_POINT('',(-102.,38.,9.));
#13051 = VECTOR('',#13052,1.);
#13052 = DIRECTION('',(0.,0.,1.));
#13053 = PCURVE('',#3538,#13054);
#13054 = DEFINITIONAL_REPRESENTATION('',(#13055),#13059);
#13055 = LINE('',#13056,#13057);
#13056 = CARTESIAN_POINT('',(16.,0.));
#13057 = VECTOR('',#13058,1.);
#13058 = DIRECTION('',(0.,-1.));
#13059 = ( GEOMETRIC_REPRESENTATION_CONTEXT(2) 
PARAMETRIC_REPRESENTATION_CONTEXT() REPRESENTATION_CONTEXT('2D SPACE',''
  ) );
#13060 = PCURVE('',#3514,#13061);
#13061 = DEFINITIONAL_REPRESENTATION('',(#13062),#13066);
#13062 = LINE('',#13063,#13064);
#13063 = CARTESIAN_POINT('',(0.,0.));
#13064 = VECTOR('',#13065,1.);
#13065 = DIRECTION('',(0.,-1.));
#13066 = ( GEOMETRIC_REPRESENTATION_CONTEXT(2) 
PARAMETRIC_REPRESENTATION_CONTEXT() REPRESENTATION_CONTEXT('2D SPACE',''
  ) );
#13067 = ADVANCED_FACE('',(#13068),#3514,.T.);
#13068 = FACE_BOUND('',#13069,.T.);
#13069 = EDGE_LOOP('',(#13070,#13071,#13072,#13073));
#13070 = ORIENTED_EDGE('',*,*,#8159,.T.);
#13071 = ORIENTED_EDGE('',*,*,#13047,.T.);
#13072 = ORIENTED_EDGE('',*,*,#3499,.F.);
#13073 = ORIENTED_EDGE('',*,*,#13074,.F.);
#13074 = EDGE_CURVE('',#8139,#3474,#13075,.T.);
#13075 = SURFACE_CURVE('',#13076,(#13080,#13087),.PCURVE_S1.);
#13076 = LINE('',#13077,#13078);
#13077 = CARTESIAN_POINT('',(-102.,22.,9.));
#13078 = VECTOR('',#13079,1.);
#13079 = DIRECTION('',(0.,0.,1.));
#13080 = PCURVE('',#3514,#13081);
#13081 = DEFINITIONAL_REPRESENTATION('',(#13082),#13086);
#13082 = LINE('',#13083,#13084);
#13083 = CARTESIAN_POINT('',(16.,0.));
#13084 = VECTOR('',#13085,1.);
#13085 = DIRECTION('',(0.,-1.));
#13086 = ( GEOMETRIC_REPRESENTATION_CONTEXT(2) 
PARAMETRIC_REPRESENTATION_CONTEXT() REPRESENTATION_CONTEXT('2D SPACE',''
  ) );
#13087 = PCURVE('',#3488,#13088);
#13088 = DEFINITIONAL_REPRESENTATION('',(#13089),#13093);
#13089 = LINE('',#13090,#13091);
#13090 = CARTESIAN_POINT('',(0.,0.));
#13091 = VECTOR('',#13092,1.);
#13092 = DIRECTION('',(0.,-1.));
#13093 = ( GEOMETRIC_REPRESENTATION_CONTEXT(2) 
PARAMETRIC_REPRESENTATION_CONTEXT() REPRESENTATION_CONTEXT('2D SPACE',''
  ) );
#13094 = ADVANCED_FACE('',(#13095),#3488,.T.);
#13095 = FACE_BOUND('',#13096,.T.);
#13096 = EDGE_LOOP('',(#13097,#13098,#13099,#13100));
#13097 = ORIENTED_EDGE('',*,*,#8138,.T.);
#13098 = ORIENTED_EDGE('',*,*,#13074,.T.);
#13099 = ORIENTED_EDGE('',*,*,#3473,.F.);
#13100 = ORIENTED_EDGE('',*,*,#12998,.F.);
#13101 = ADVANCED_FACE('',(#13102),#3568,.T.);
#13102 = FACE_BOUND('',#13103,.T.);
#13103 = EDGE_LOOP('',(#13104,#13105,#13126,#13127));
#13104 = ORIENTED_EDGE('',*,*,#8201,.T.);
#13105 = ORIENTED_EDGE('',*,*,#13106,.T.);
#13106 = EDGE_CURVE('',#8204,#3554,#13107,.T.);
#13107 = SURFACE_CURVE('',#13108,(#13112,#13119),.PCURVE_S1.);
#13108 = LINE('',#13109,#13110);
#13109 = CARTESIAN_POINT('',(-56.,22.,9.));
#13110 = VECTOR('',#13111,1.);
#13111 = DIRECTION('',(0.,0.,1.));
#13112 = PCURVE('',#3568,#13113);
#13113 = DEFINITIONAL_REPRESENTATION('',(#13114),#13118);
#13114 = LINE('',#13115,#13116);
#13115 = CARTESIAN_POINT('',(0.,0.));
#13116 = VECTOR('',#13117,1.);
#13117 = DIRECTION('',(0.,-1.));
#13118 = ( GEOMETRIC_REPRESENTATION_CONTEXT(2) 
PARAMETRIC_REPRESENTATION_CONTEXT() REPRESENTATION_CONTEXT('2D SPACE',''
  ) );
#13119 = PCURVE('',#3594,#13120);
#13120 = DEFINITIONAL_REPRESENTATION('',(#13121),#13125);
#13121 = LINE('',#13122,#13123);
#13122 = CARTESIAN_POINT('',(16.,0.));
#13123 = VECTOR('',#13124,1.);
#13124 = DIRECTION('',(0.,-1.));
#13125 = ( GEOMETRIC_REPRESENTATION_CONTEXT(2) 
PARAMETRIC_REPRESENTATION_CONTEXT() REPRESENTATION_CONTEXT('2D SPACE',''
  ) );
#13126 = ORIENTED_EDGE('',*,*,#3551,.F.);
#13127 = ORIENTED_EDGE('',*,*,#13128,.F.);
#13128 = EDGE_CURVE('',#8202,#3552,#13129,.T.);
#13129 = SURFACE_CURVE('',#13130,(#13134,#13141),.PCURVE_S1.);
#13130 = LINE('',#13131,#13132);
#13131 = CARTESIAN_POINT('',(-56.,38.,9.));
#13132 = VECTOR('',#13133,1.);
#13133 = DIRECTION('',(0.,0.,1.));
#13134 = PCURVE('',#3568,#13135);
#13135 = DEFINITIONAL_REPRESENTATION('',(#13136),#13140);
#13136 = LINE('',#13137,#13138);
#13137 = CARTESIAN_POINT('',(16.,0.));
#13138 = VECTOR('',#13139,1.);
#13139 = DIRECTION('',(0.,-1.));
#13140 = ( GEOMETRIC_REPRESENTATION_CONTEXT(2) 
PARAMETRIC_REPRESENTATION_CONTEXT() REPRESENTATION_CONTEXT('2D SPACE',''
  ) );
#13141 = PCURVE('',#3644,#13142);
#13142 = DEFINITIONAL_REPRESENTATION('',(#13143),#13147);
#13143 = LINE('',#13144,#13145);
#13144 = CARTESIAN_POINT('',(0.,-0.));
#13145 = VECTOR('',#13146,1.);
#13146 = DIRECTION('',(0.,-1.));
#13147 = ( GEOMETRIC_REPRESENTATION_CONTEXT(2) 
PARAMETRIC_REPRESENTATION_CONTEXT() REPRESENTATION_CONTEXT('2D SPACE',''
  ) );
#13148 = ADVANCED_FACE('',(#13149),#3644,.T.);
#13149 = FACE_BOUND('',#13150,.T.);
#13150 = EDGE_LOOP('',(#13151,#13152,#13153,#13154));
#13151 = ORIENTED_EDGE('',*,*,#8266,.T.);
#13152 = ORIENTED_EDGE('',*,*,#13128,.T.);
#13153 = ORIENTED_EDGE('',*,*,#3631,.F.);
#13154 = ORIENTED_EDGE('',*,*,#13155,.F.);
#13155 = EDGE_CURVE('',#8246,#3606,#13156,.T.);
#13156 = SURFACE_CURVE('',#13157,(#13161,#13168),.PCURVE_S1.);
#13157 = LINE('',#13158,#13159);
#13158 = CARTESIAN_POINT('',(-72.,38.,9.));
#13159 = VECTOR('',#13160,1.);
#13160 = DIRECTION('',(0.,0.,1.));
#13161 = PCURVE('',#3644,#13162);
#13162 = DEFINITIONAL_REPRESENTATION('',(#13163),#13167);
#13163 = LINE('',#13164,#13165);
#13164 = CARTESIAN_POINT('',(16.,0.));
#13165 = VECTOR('',#13166,1.);
#13166 = DIRECTION('',(0.,-1.));
#13167 = ( GEOMETRIC_REPRESENTATION_CONTEXT(2) 
PARAMETRIC_REPRESENTATION_CONTEXT() REPRESENTATION_CONTEXT('2D SPACE',''
  ) );
#13168 = PCURVE('',#3620,#13169);
#13169 = DEFINITIONAL_REPRESENTATION('',(#13170),#13174);
#13170 = LINE('',#13171,#13172);
#13171 = CARTESIAN_POINT('',(0.,0.));
#13172 = VECTOR('',#13173,1.);
#13173 = DIRECTION('',(0.,-1.));
#13174 = ( GEOMETRIC_REPRESENTATION_CONTEXT(2) 
PARAMETRIC_REPRESENTATION_CONTEXT() REPRESENTATION_CONTEXT('2D SPACE',''
  ) );
#13175 = ADVANCED_FACE('',(#13176),#3620,.T.);
#13176 = FACE_BOUND('',#13177,.T.);
#13177 = EDGE_LOOP('',(#13178,#13179,#13180,#13181));
#13178 = ORIENTED_EDGE('',*,*,#8245,.T.);
#13179 = ORIENTED_EDGE('',*,*,#13155,.T.);
#13180 = ORIENTED_EDGE('',*,*,#3605,.F.);
#13181 = ORIENTED_EDGE('',*,*,#13182,.F.);
#13182 = EDGE_CURVE('',#8225,#3580,#13183,.T.);
#13183 = SURFACE_CURVE('',#13184,(#13188,#13195),.PCURVE_S1.);
#13184 = LINE('',#13185,#13186);
#13185 = CARTESIAN_POINT('',(-72.,22.,9.));
#13186 = VECTOR('',#13187,1.);
#13187 = DIRECTION('',(0.,0.,1.));
#13188 = PCURVE('',#3620,#13189);
#13189 = DEFINITIONAL_REPRESENTATION('',(#13190),#13194);
#13190 = LINE('',#13191,#13192);
#13191 = CARTESIAN_POINT('',(16.,0.));
#13192 = VECTOR('',#13193,1.);
#13193 = DIRECTION('',(0.,-1.));
#13194 = ( GEOMETRIC_REPRESENTATION_CONTEXT(2) 
PARAMETRIC_REPRESENTATION_CONTEXT() REPRESENTATION_CONTEXT('2D SPACE',''
  ) );
#13195 = PCURVE('',#3594,#13196);
#13196 = DEFINITIONAL_REPRESENTATION('',(#13197),#13201);
#13197 = LINE('',#13198,#13199);
#13198 = CARTESIAN_POINT('',(0.,0.));
#13199 = VECTOR('',#13200,1.);
#13200 = DIRECTION('',(0.,-1.));
#13201 = ( GEOMETRIC_REPRESENTATION_CONTEXT(2) 
PARAMETRIC_REPRESENTATION_CONTEXT() REPRESENTATION_CONTEXT('2D SPACE',''
  ) );
#13202 = ADVANCED_FACE('',(#13203),#3594,.T.);
#13203 = FACE_BOUND('',#13204,.T.);
#13204 = EDGE_LOOP('',(#13205,#13206,#13207,#13208));
#13205 = ORIENTED_EDGE('',*,*,#8224,.T.);
#13206 = ORIENTED_EDGE('',*,*,#13182,.T.);
#13207 = ORIENTED_EDGE('',*,*,#3579,.F.);
#13208 = ORIENTED_EDGE('',*,*,#13106,.F.);
#13209 = ADVANCED_FACE('',(#13210),#3674,.T.);
#13210 = FACE_BOUND('',#13211,.T.);
#13211 = EDGE_LOOP('',(#13212,#13213,#13234,#13235));
#13212 = ORIENTED_EDGE('',*,*,#8287,.T.);
#13213 = ORIENTED_EDGE('',*,*,#13214,.T.);
#13214 = EDGE_CURVE('',#8290,#3660,#13215,.T.);
#13215 = SURFACE_CURVE('',#13216,(#13220,#13227),.PCURVE_S1.);
#13216 = LINE('',#13217,#13218);
#13217 = CARTESIAN_POINT('',(-146.,52.,9.));
#13218 = VECTOR('',#13219,1.);
#13219 = DIRECTION('',(0.,0.,1.));
#13220 = PCURVE('',#3674,#13221);
#13221 = DEFINITIONAL_REPRESENTATION('',(#13222),#13226);
#13222 = LINE('',#13223,#13224);
#13223 = CARTESIAN_POINT('',(0.,0.));
#13224 = VECTOR('',#13225,1.);
#13225 = DIRECTION('',(0.,-1.));
#13226 = ( GEOMETRIC_REPRESENTATION_CONTEXT(2) 
PARAMETRIC_REPRESENTATION_CONTEXT() REPRESENTATION_CONTEXT('2D SPACE',''
  ) );
#13227 = PCURVE('',#3700,#13228);
#13228 = DEFINITIONAL_REPRESENTATION('',(#13229),#13233);
#13229 = LINE('',#13230,#13231);
#13230 = CARTESIAN_POINT('',(16.,0.));
#13231 = VECTOR('',#13232,1.);
#13232 = DIRECTION('',(0.,-1.));
#13233 = ( GEOMETRIC_REPRESENTATION_CONTEXT(2) 
PARAMETRIC_REPRESENTATION_CONTEXT() REPRESENTATION_CONTEXT('2D SPACE',''
  ) );
#13234 = ORIENTED_EDGE('',*,*,#3657,.F.);
#13235 = ORIENTED_EDGE('',*,*,#13236,.F.);
#13236 = EDGE_CURVE('',#8288,#3658,#13237,.T.);
#13237 = SURFACE_CURVE('',#13238,(#13242,#13249),.PCURVE_S1.);
#13238 = LINE('',#13239,#13240);
#13239 = CARTESIAN_POINT('',(-146.,68.,9.));
#13240 = VECTOR('',#13241,1.);
#13241 = DIRECTION('',(0.,0.,1.));
#13242 = PCURVE('',#3674,#13243);
#13243 = DEFINITIONAL_REPRESENTATION('',(#13244),#13248);
#13244 = LINE('',#13245,#13246);
#13245 = CARTESIAN_POINT('',(16.,0.));
#13246 = VECTOR('',#13247,1.);
#13247 = DIRECTION('',(0.,-1.));
#13248 = ( GEOMETRIC_REPRESENTATION_CONTEXT(2) 
PARAMETRIC_REPRESENTATION_CONTEXT() REPRESENTATION_CONTEXT('2D SPACE',''
  ) );
#13249 = PCURVE('',#3750,#13250);
#13250 = DEFINITIONAL_REPRESENTATION('',(#13251),#13255);
#13251 = LINE('',#13252,#13253);
#13252 = CARTESIAN_POINT('',(0.,-0.));
#13253 = VECTOR('',#13254,1.);
#13254 = DIRECTION('',(0.,-1.));
#13255 = ( GEOMETRIC_REPRESENTATION_CONTEXT(2) 
PARAMETRIC_REPRESENTATION_CONTEXT() REPRESENTATION_CONTEXT('2D SPACE',''
  ) );
#13256 = ADVANCED_FACE('',(#13257),#3750,.T.);
#13257 = FACE_BOUND('',#13258,.T.);
#13258 = EDGE_LOOP('',(#13259,#13260,#13261,#13262));
#13259 = ORIENTED_EDGE('',*,*,#8352,.T.);
#13260 = ORIENTED_EDGE('',*,*,#13236,.T.);
#13261 = ORIENTED_EDGE('',*,*,#3737,.F.);
#13262 = ORIENTED_EDGE('',*,*,#13263,.F.);
#13263 = EDGE_CURVE('',#8332,#3712,#13264,.T.);
#13264 = SURFACE_CURVE('',#13265,(#13269,#13276),.PCURVE_S1.);
#13265 = LINE('',#13266,#13267);
#13266 = CARTESIAN_POINT('',(-162.,68.,9.));
#13267 = VECTOR('',#13268,1.);
#13268 = DIRECTION('',(0.,0.,1.));
#13269 = PCURVE('',#3750,#13270);
#13270 = DEFINITIONAL_REPRESENTATION('',(#13271),#13275);
#13271 = LINE('',#13272,#13273);
#13272 = CARTESIAN_POINT('',(16.,0.));
#13273 = VECTOR('',#13274,1.);
#13274 = DIRECTION('',(0.,-1.));
#13275 = ( GEOMETRIC_REPRESENTATION_CONTEXT(2) 
PARAMETRIC_REPRESENTATION_CONTEXT() REPRESENTATION_CONTEXT('2D SPACE',''
  ) );
#13276 = PCURVE('',#3726,#13277);
#13277 = DEFINITIONAL_REPRESENTATION('',(#13278),#13282);
#13278 = LINE('',#13279,#13280);
#13279 = CARTESIAN_POINT('',(0.,0.));
#13280 = VECTOR('',#13281,1.);
#13281 = DIRECTION('',(0.,-1.));
#13282 = ( GEOMETRIC_REPRESENTATION_CONTEXT(2) 
PARAMETRIC_REPRESENTATION_CONTEXT() REPRESENTATION_CONTEXT('2D SPACE',''
  ) );
#13283 = ADVANCED_FACE('',(#13284),#3726,.T.);
#13284 = FACE_BOUND('',#13285,.T.);
#13285 = EDGE_LOOP('',(#13286,#13287,#13288,#13289));
#13286 = ORIENTED_EDGE('',*,*,#8331,.T.);
#13287 = ORIENTED_EDGE('',*,*,#13263,.T.);
#13288 = ORIENTED_EDGE('',*,*,#3711,.F.);
#13289 = ORIENTED_EDGE('',*,*,#13290,.F.);
#13290 = EDGE_CURVE('',#8311,#3686,#13291,.T.);
#13291 = SURFACE_CURVE('',#13292,(#13296,#13303),.PCURVE_S1.);
#13292 = LINE('',#13293,#13294);
#13293 = CARTESIAN_POINT('',(-162.,52.,9.));
#13294 = VECTOR('',#13295,1.);
#13295 = DIRECTION('',(0.,0.,1.));
#13296 = PCURVE('',#3726,#13297);
#13297 = DEFINITIONAL_REPRESENTATION('',(#13298),#13302);
#13298 = LINE('',#13299,#13300);
#13299 = CARTESIAN_POINT('',(16.,0.));
#13300 = VECTOR('',#13301,1.);
#13301 = DIRECTION('',(0.,-1.));
#13302 = ( GEOMETRIC_REPRESENTATION_CONTEXT(2) 
PARAMETRIC_REPRESENTATION_CONTEXT() REPRESENTATION_CONTEXT('2D SPACE',''
  ) );
#13303 = PCURVE('',#3700,#13304);
#13304 = DEFINITIONAL_REPRESENTATION('',(#13305),#13309);
#13305 = LINE('',#13306,#13307);
#13306 = CARTESIAN_POINT('',(0.,0.));
#13307 = VECTOR('',#13308,1.);
#13308 = DIRECTION('',(0.,-1.));
#13309 = ( GEOMETRIC_REPRESENTATION_CONTEXT(2) 
PARAMETRIC_REPRESENTATION_CONTEXT() REPRESENTATION_CONTEXT('2D SPACE',''
  ) );
#13310 = ADVANCED_FACE('',(#13311),#3700,.T.);
#13311 = FACE_BOUND('',#13312,.T.);
#13312 = EDGE_LOOP('',(#13313,#13314,#13315,#13316));
#13313 = ORIENTED_EDGE('',*,*,#8310,.T.);
#13314 = ORIENTED_EDGE('',*,*,#13290,.T.);
#13315 = ORIENTED_EDGE('',*,*,#3685,.F.);
#13316 = ORIENTED_EDGE('',*,*,#13214,.F.);
#13317 = ADVANCED_FACE('',(#13318),#3780,.T.);
#13318 = FACE_BOUND('',#13319,.T.);
#13319 = EDGE_LOOP('',(#13320,#13321,#13342,#13343));
#13320 = ORIENTED_EDGE('',*,*,#8373,.T.);
#13321 = ORIENTED_EDGE('',*,*,#13322,.T.);
#13322 = EDGE_CURVE('',#8376,#3766,#13323,.T.);
#13323 = SURFACE_CURVE('',#13324,(#13328,#13335),.PCURVE_S1.);
#13324 = LINE('',#13325,#13326);
#13325 = CARTESIAN_POINT('',(-116.,52.,9.));
#13326 = VECTOR('',#13327,1.);
#13327 = DIRECTION('',(0.,0.,1.));
#13328 = PCURVE('',#3780,#13329);
#13329 = DEFINITIONAL_REPRESENTATION('',(#13330),#13334);
#13330 = LINE('',#13331,#13332);
#13331 = CARTESIAN_POINT('',(0.,0.));
#13332 = VECTOR('',#13333,1.);
#13333 = DIRECTION('',(0.,-1.));
#13334 = ( GEOMETRIC_REPRESENTATION_CONTEXT(2) 
PARAMETRIC_REPRESENTATION_CONTEXT() REPRESENTATION_CONTEXT('2D SPACE',''
  ) );
#13335 = PCURVE('',#3806,#13336);
#13336 = DEFINITIONAL_REPRESENTATION('',(#13337),#13341);
#13337 = LINE('',#13338,#13339);
#13338 = CARTESIAN_POINT('',(16.,0.));
#13339 = VECTOR('',#13340,1.);
#13340 = DIRECTION('',(0.,-1.));
#13341 = ( GEOMETRIC_REPRESENTATION_CONTEXT(2) 
PARAMETRIC_REPRESENTATION_CONTEXT() REPRESENTATION_CONTEXT('2D SPACE',''
  ) );
#13342 = ORIENTED_EDGE('',*,*,#3763,.F.);
#13343 = ORIENTED_EDGE('',*,*,#13344,.F.);
#13344 = EDGE_CURVE('',#8374,#3764,#13345,.T.);
#13345 = SURFACE_CURVE('',#13346,(#13350,#13357),.PCURVE_S1.);
#13346 = LINE('',#13347,#13348);
#13347 = CARTESIAN_POINT('',(-116.,68.,9.));
#13348 = VECTOR('',#13349,1.);
#13349 = DIRECTION('',(0.,0.,1.));
#13350 = PCURVE('',#3780,#13351);
#13351 = DEFINITIONAL_REPRESENTATION('',(#13352),#13356);
#13352 = LINE('',#13353,#13354);
#13353 = CARTESIAN_POINT('',(16.,0.));
#13354 = VECTOR('',#13355,1.);
#13355 = DIRECTION('',(0.,-1.));
#13356 = ( GEOMETRIC_REPRESENTATION_CONTEXT(2) 
PARAMETRIC_REPRESENTATION_CONTEXT() REPRESENTATION_CONTEXT('2D SPACE',''
  ) );
#13357 = PCURVE('',#3856,#13358);
#13358 = DEFINITIONAL_REPRESENTATION('',(#13359),#13363);
#13359 = LINE('',#13360,#13361);
#13360 = CARTESIAN_POINT('',(0.,-0.));
#13361 = VECTOR('',#13362,1.);
#13362 = DIRECTION('',(0.,-1.));
#13363 = ( GEOMETRIC_REPRESENTATION_CONTEXT(2) 
PARAMETRIC_REPRESENTATION_CONTEXT() REPRESENTATION_CONTEXT('2D SPACE',''
  ) );
#13364 = ADVANCED_FACE('',(#13365),#3856,.T.);
#13365 = FACE_BOUND('',#13366,.T.);
#13366 = EDGE_LOOP('',(#13367,#13368,#13369,#13370));
#13367 = ORIENTED_EDGE('',*,*,#8438,.T.);
#13368 = ORIENTED_EDGE('',*,*,#13344,.T.);
#13369 = ORIENTED_EDGE('',*,*,#3843,.F.);
#13370 = ORIENTED_EDGE('',*,*,#13371,.F.);
#13371 = EDGE_CURVE('',#8418,#3818,#13372,.T.);
#13372 = SURFACE_CURVE('',#13373,(#13377,#13384),.PCURVE_S1.);
#13373 = LINE('',#13374,#13375);
#13374 = CARTESIAN_POINT('',(-132.,68.,9.));
#13375 = VECTOR('',#13376,1.);
#13376 = DIRECTION('',(0.,0.,1.));
#13377 = PCURVE('',#3856,#13378);
#13378 = DEFINITIONAL_REPRESENTATION('',(#13379),#13383);
#13379 = LINE('',#13380,#13381);
#13380 = CARTESIAN_POINT('',(16.,0.));
#13381 = VECTOR('',#13382,1.);
#13382 = DIRECTION('',(0.,-1.));
#13383 = ( GEOMETRIC_REPRESENTATION_CONTEXT(2) 
PARAMETRIC_REPRESENTATION_CONTEXT() REPRESENTATION_CONTEXT('2D SPACE',''
  ) );
#13384 = PCURVE('',#3832,#13385);
#13385 = DEFINITIONAL_REPRESENTATION('',(#13386),#13390);
#13386 = LINE('',#13387,#13388);
#13387 = CARTESIAN_POINT('',(0.,0.));
#13388 = VECTOR('',#13389,1.);
#13389 = DIRECTION('',(0.,-1.));
#13390 = ( GEOMETRIC_REPRESENTATION_CONTEXT(2) 
PARAMETRIC_REPRESENTATION_CONTEXT() REPRESENTATION_CONTEXT('2D SPACE',''
  ) );
#13391 = ADVANCED_FACE('',(#13392),#3832,.T.);
#13392 = FACE_BOUND('',#13393,.T.);
#13393 = EDGE_LOOP('',(#13394,#13395,#13396,#13397));
#13394 = ORIENTED_EDGE('',*,*,#8417,.T.);
#13395 = ORIENTED_EDGE('',*,*,#13371,.T.);
#13396 = ORIENTED_EDGE('',*,*,#3817,.F.);
#13397 = ORIENTED_EDGE('',*,*,#13398,.F.);
#13398 = EDGE_CURVE('',#8397,#3792,#13399,.T.);
#13399 = SURFACE_CURVE('',#13400,(#13404,#13411),.PCURVE_S1.);
#13400 = LINE('',#13401,#13402);
#13401 = CARTESIAN_POINT('',(-132.,52.,9.));
#13402 = VECTOR('',#13403,1.);
#13403 = DIRECTION('',(0.,0.,1.));
#13404 = PCURVE('',#3832,#13405);
#13405 = DEFINITIONAL_REPRESENTATION('',(#13406),#13410);
#13406 = LINE('',#13407,#13408);
#13407 = CARTESIAN_POINT('',(16.,0.));
#13408 = VECTOR('',#13409,1.);
#13409 = DIRECTION('',(0.,-1.));
#13410 = ( GEOMETRIC_REPRESENTATION_CONTEXT(2) 
PARAMETRIC_REPRESENTATION_CONTEXT() REPRESENTATION_CONTEXT('2D SPACE',''
  ) );
#13411 = PCURVE('',#3806,#13412);
#13412 = DEFINITIONAL_REPRESENTATION('',(#13413),#13417);
#13413 = LINE('',#13414,#13415);
#13414 = CARTESIAN_POINT('',(0.,0.));
#13415 = VECTOR('',#13416,1.);
#13416 = DIRECTION('',(0.,-1.));
#13417 = ( GEOMETRIC_REPRESENTATION_CONTEXT(2) 
PARAMETRIC_REPRESENTATION_CONTEXT() REPRESENTATION_CONTEXT('2D SPACE',''
  ) );
#13418 = ADVANCED_FACE('',(#13419),#3806,.T.);
#13419 = FACE_BOUND('',#13420,.T.);
#13420 = EDGE_LOOP('',(#13421,#13422,#13423,#13424));
#13421 = ORIENTED_EDGE('',*,*,#8396,.T.);
#13422 = ORIENTED_EDGE('',*,*,#13398,.T.);
#13423 = ORIENTED_EDGE('',*,*,#3791,.F.);
#13424 = ORIENTED_EDGE('',*,*,#13322,.F.);
#13425 = ADVANCED_FACE('',(#13426),#3886,.T.);
#13426 = FACE_BOUND('',#13427,.T.);
#13427 = EDGE_LOOP('',(#13428,#13429,#13450,#13451));
#13428 = ORIENTED_EDGE('',*,*,#8459,.T.);
#13429 = ORIENTED_EDGE('',*,*,#13430,.T.);
#13430 = EDGE_CURVE('',#8462,#3872,#13431,.T.);
#13431 = SURFACE_CURVE('',#13432,(#13436,#13443),.PCURVE_S1.);
#13432 = LINE('',#13433,#13434);
#13433 = CARTESIAN_POINT('',(-146.,82.,9.));
#13434 = VECTOR('',#13435,1.);
#13435 = DIRECTION('',(0.,0.,1.));
#13436 = PCURVE('',#3886,#13437);
#13437 = DEFINITIONAL_REPRESENTATION('',(#13438),#13442);
#13438 = LINE('',#13439,#13440);
#13439 = CARTESIAN_POINT('',(0.,0.));
#13440 = VECTOR('',#13441,1.);
#13441 = DIRECTION('',(0.,-1.));
#13442 = ( GEOMETRIC_REPRESENTATION_CONTEXT(2) 
PARAMETRIC_REPRESENTATION_CONTEXT() REPRESENTATION_CONTEXT('2D SPACE',''
  ) );
#13443 = PCURVE('',#3912,#13444);
#13444 = DEFINITIONAL_REPRESENTATION('',(#13445),#13449);
#13445 = LINE('',#13446,#13447);
#13446 = CARTESIAN_POINT('',(16.,0.));
#13447 = VECTOR('',#13448,1.);
#13448 = DIRECTION('',(0.,-1.));
#13449 = ( GEOMETRIC_REPRESENTATION_CONTEXT(2) 
PARAMETRIC_REPRESENTATION_CONTEXT() REPRESENTATION_CONTEXT('2D SPACE',''
  ) );
#13450 = ORIENTED_EDGE('',*,*,#3869,.F.);
#13451 = ORIENTED_EDGE('',*,*,#13452,.F.);
#13452 = EDGE_CURVE('',#8460,#3870,#13453,.T.);
#13453 = SURFACE_CURVE('',#13454,(#13458,#13465),.PCURVE_S1.);
#13454 = LINE('',#13455,#13456);
#13455 = CARTESIAN_POINT('',(-146.,98.,9.));
#13456 = VECTOR('',#13457,1.);
#13457 = DIRECTION('',(0.,0.,1.));
#13458 = PCURVE('',#3886,#13459);
#13459 = DEFINITIONAL_REPRESENTATION('',(#13460),#13464);
#13460 = LINE('',#13461,#13462);
#13461 = CARTESIAN_POINT('',(16.,0.));
#13462 = VECTOR('',#13463,1.);
#13463 = DIRECTION('',(0.,-1.));
#13464 = ( GEOMETRIC_REPRESENTATION_CONTEXT(2) 
PARAMETRIC_REPRESENTATION_CONTEXT() REPRESENTATION_CONTEXT('2D SPACE',''
  ) );
#13465 = PCURVE('',#3962,#13466);
#13466 = DEFINITIONAL_REPRESENTATION('',(#13467),#13471);
#13467 = LINE('',#13468,#13469);
#13468 = CARTESIAN_POINT('',(0.,-0.));
#13469 = VECTOR('',#13470,1.);
#13470 = DIRECTION('',(0.,-1.));
#13471 = ( GEOMETRIC_REPRESENTATION_CONTEXT(2) 
PARAMETRIC_REPRESENTATION_CONTEXT() REPRESENTATION_CONTEXT('2D SPACE',''
  ) );
#13472 = ADVANCED_FACE('',(#13473),#3962,.T.);
#13473 = FACE_BOUND('',#13474,.T.);
#13474 = EDGE_LOOP('',(#13475,#13476,#13477,#13478));
#13475 = ORIENTED_EDGE('',*,*,#8524,.T.);
#13476 = ORIENTED_EDGE('',*,*,#13452,.T.);
#13477 = ORIENTED_EDGE('',*,*,#3949,.F.);
#13478 = ORIENTED_EDGE('',*,*,#13479,.F.);
#13479 = EDGE_CURVE('',#8504,#3924,#13480,.T.);
#13480 = SURFACE_CURVE('',#13481,(#13485,#13492),.PCURVE_S1.);
#13481 = LINE('',#13482,#13483);
#13482 = CARTESIAN_POINT('',(-162.,98.,9.));
#13483 = VECTOR('',#13484,1.);
#13484 = DIRECTION('',(0.,0.,1.));
#13485 = PCURVE('',#3962,#13486);
#13486 = DEFINITIONAL_REPRESENTATION('',(#13487),#13491);
#13487 = LINE('',#13488,#13489);
#13488 = CARTESIAN_POINT('',(16.,0.));
#13489 = VECTOR('',#13490,1.);
#13490 = DIRECTION('',(0.,-1.));
#13491 = ( GEOMETRIC_REPRESENTATION_CONTEXT(2) 
PARAMETRIC_REPRESENTATION_CONTEXT() REPRESENTATION_CONTEXT('2D SPACE',''
  ) );
#13492 = PCURVE('',#3938,#13493);
#13493 = DEFINITIONAL_REPRESENTATION('',(#13494),#13498);
#13494 = LINE('',#13495,#13496);
#13495 = CARTESIAN_POINT('',(0.,0.));
#13496 = VECTOR('',#13497,1.);
#13497 = DIRECTION('',(0.,-1.));
#13498 = ( GEOMETRIC_REPRESENTATION_CONTEXT(2) 
PARAMETRIC_REPRESENTATION_CONTEXT() REPRESENTATION_CONTEXT('2D SPACE',''
  ) );
#13499 = ADVANCED_FACE('',(#13500),#3938,.T.);
#13500 = FACE_BOUND('',#13501,.T.);
#13501 = EDGE_LOOP('',(#13502,#13503,#13504,#13505));
#13502 = ORIENTED_EDGE('',*,*,#8503,.T.);
#13503 = ORIENTED_EDGE('',*,*,#13479,.T.);
#13504 = ORIENTED_EDGE('',*,*,#3923,.F.);
#13505 = ORIENTED_EDGE('',*,*,#13506,.F.);
#13506 = EDGE_CURVE('',#8483,#3898,#13507,.T.);
#13507 = SURFACE_CURVE('',#13508,(#13512,#13519),.PCURVE_S1.);
#13508 = LINE('',#13509,#13510);
#13509 = CARTESIAN_POINT('',(-162.,82.,9.));
#13510 = VECTOR('',#13511,1.);
#13511 = DIRECTION('',(0.,0.,1.));
#13512 = PCURVE('',#3938,#13513);
#13513 = DEFINITIONAL_REPRESENTATION('',(#13514),#13518);
#13514 = LINE('',#13515,#13516);
#13515 = CARTESIAN_POINT('',(16.,0.));
#13516 = VECTOR('',#13517,1.);
#13517 = DIRECTION('',(0.,-1.));
#13518 = ( GEOMETRIC_REPRESENTATION_CONTEXT(2) 
PARAMETRIC_REPRESENTATION_CONTEXT() REPRESENTATION_CONTEXT('2D SPACE',''
  ) );
#13519 = PCURVE('',#3912,#13520);
#13520 = DEFINITIONAL_REPRESENTATION('',(#13521),#13525);
#13521 = LINE('',#13522,#13523);
#13522 = CARTESIAN_POINT('',(0.,0.));
#13523 = VECTOR('',#13524,1.);
#13524 = DIRECTION('',(0.,-1.));
#13525 = ( GEOMETRIC_REPRESENTATION_CONTEXT(2) 
PARAMETRIC_REPRESENTATION_CONTEXT() REPRESENTATION_CONTEXT('2D SPACE',''
  ) );
#13526 = ADVANCED_FACE('',(#13527),#3912,.T.);
#13527 = FACE_BOUND('',#13528,.T.);
#13528 = EDGE_LOOP('',(#13529,#13530,#13531,#13532));
#13529 = ORIENTED_EDGE('',*,*,#8482,.T.);
#13530 = ORIENTED_EDGE('',*,*,#13506,.T.);
#13531 = ORIENTED_EDGE('',*,*,#3897,.F.);
#13532 = ORIENTED_EDGE('',*,*,#13430,.F.);
#13533 = ADVANCED_FACE('',(#13534),#3992,.T.);
#13534 = FACE_BOUND('',#13535,.T.);
#13535 = EDGE_LOOP('',(#13536,#13537,#13558,#13559));
#13536 = ORIENTED_EDGE('',*,*,#8545,.T.);
#13537 = ORIENTED_EDGE('',*,*,#13538,.T.);
#13538 = EDGE_CURVE('',#8548,#3978,#13539,.T.);
#13539 = SURFACE_CURVE('',#13540,(#13544,#13551),.PCURVE_S1.);
#13540 = LINE('',#13541,#13542);
#13541 = CARTESIAN_POINT('',(-116.,82.,9.));
#13542 = VECTOR('',#13543,1.);
#13543 = DIRECTION('',(0.,0.,1.));
#13544 = PCURVE('',#3992,#13545);
#13545 = DEFINITIONAL_REPRESENTATION('',(#13546),#13550);
#13546 = LINE('',#13547,#13548);
#13547 = CARTESIAN_POINT('',(0.,0.));
#13548 = VECTOR('',#13549,1.);
#13549 = DIRECTION('',(0.,-1.));
#13550 = ( GEOMETRIC_REPRESENTATION_CONTEXT(2) 
PARAMETRIC_REPRESENTATION_CONTEXT() REPRESENTATION_CONTEXT('2D SPACE',''
  ) );
#13551 = PCURVE('',#4018,#13552);
#13552 = DEFINITIONAL_REPRESENTATION('',(#13553),#13557);
#13553 = LINE('',#13554,#13555);
#13554 = CARTESIAN_POINT('',(16.,0.));
#13555 = VECTOR('',#13556,1.);
#13556 = DIRECTION('',(0.,-1.));
#13557 = ( GEOMETRIC_REPRESENTATION_CONTEXT(2) 
PARAMETRIC_REPRESENTATION_CONTEXT() REPRESENTATION_CONTEXT('2D SPACE',''
  ) );
#13558 = ORIENTED_EDGE('',*,*,#3975,.F.);
#13559 = ORIENTED_EDGE('',*,*,#13560,.F.);
#13560 = EDGE_CURVE('',#8546,#3976,#13561,.T.);
#13561 = SURFACE_CURVE('',#13562,(#13566,#13573),.PCURVE_S1.);
#13562 = LINE('',#13563,#13564);
#13563 = CARTESIAN_POINT('',(-116.,98.,9.));
#13564 = VECTOR('',#13565,1.);
#13565 = DIRECTION('',(0.,0.,1.));
#13566 = PCURVE('',#3992,#13567);
#13567 = DEFINITIONAL_REPRESENTATION('',(#13568),#13572);
#13568 = LINE('',#13569,#13570);
#13569 = CARTESIAN_POINT('',(16.,0.));
#13570 = VECTOR('',#13571,1.);
#13571 = DIRECTION('',(0.,-1.));
#13572 = ( GEOMETRIC_REPRESENTATION_CONTEXT(2) 
PARAMETRIC_REPRESENTATION_CONTEXT() REPRESENTATION_CONTEXT('2D SPACE',''
  ) );
#13573 = PCURVE('',#4068,#13574);
#13574 = DEFINITIONAL_REPRESENTATION('',(#13575),#13579);
#13575 = LINE('',#13576,#13577);
#13576 = CARTESIAN_POINT('',(0.,-0.));
#13577 = VECTOR('',#13578,1.);
#13578 = DIRECTION('',(0.,-1.));
#13579 = ( GEOMETRIC_REPRESENTATION_CONTEXT(2) 
PARAMETRIC_REPRESENTATION_CONTEXT() REPRESENTATION_CONTEXT('2D SPACE',''
  ) );
#13580 = ADVANCED_FACE('',(#13581),#4068,.T.);
#13581 = FACE_BOUND('',#13582,.T.);
#13582 = EDGE_LOOP('',(#13583,#13584,#13585,#13586));
#13583 = ORIENTED_EDGE('',*,*,#8610,.T.);
#13584 = ORIENTED_EDGE('',*,*,#13560,.T.);
#13585 = ORIENTED_EDGE('',*,*,#4055,.F.);
#13586 = ORIENTED_EDGE('',*,*,#13587,.F.);
#13587 = EDGE_CURVE('',#8590,#4030,#13588,.T.);
#13588 = SURFACE_CURVE('',#13589,(#13593,#13600),.PCURVE_S1.);
#13589 = LINE('',#13590,#13591);
#13590 = CARTESIAN_POINT('',(-132.,98.,9.));
#13591 = VECTOR('',#13592,1.);
#13592 = DIRECTION('',(0.,0.,1.));
#13593 = PCURVE('',#4068,#13594);
#13594 = DEFINITIONAL_REPRESENTATION('',(#13595),#13599);
#13595 = LINE('',#13596,#13597);
#13596 = CARTESIAN_POINT('',(16.,0.));
#13597 = VECTOR('',#13598,1.);
#13598 = DIRECTION('',(0.,-1.));
#13599 = ( GEOMETRIC_REPRESENTATION_CONTEXT(2) 
PARAMETRIC_REPRESENTATION_CONTEXT() REPRESENTATION_CONTEXT('2D SPACE',''
  ) );
#13600 = PCURVE('',#4044,#13601);
#13601 = DEFINITIONAL_REPRESENTATION('',(#13602),#13606);
#13602 = LINE('',#13603,#13604);
#13603 = CARTESIAN_POINT('',(0.,0.));
#13604 = VECTOR('',#13605,1.);
#13605 = DIRECTION('',(0.,-1.));
#13606 = ( GEOMETRIC_REPRESENTATION_CONTEXT(2) 
PARAMETRIC_REPRESENTATION_CONTEXT() REPRESENTATION_CONTEXT('2D SPACE',''
  ) );
#13607 = ADVANCED_FACE('',(#13608),#4044,.T.);
#13608 = FACE_BOUND('',#13609,.T.);
#13609 = EDGE_LOOP('',(#13610,#13611,#13612,#13613));
#13610 = ORIENTED_EDGE('',*,*,#8589,.T.);
#13611 = ORIENTED_EDGE('',*,*,#13587,.T.);
#13612 = ORIENTED_EDGE('',*,*,#4029,.F.);
#13613 = ORIENTED_EDGE('',*,*,#13614,.F.);
#13614 = EDGE_CURVE('',#8569,#4004,#13615,.T.);
#13615 = SURFACE_CURVE('',#13616,(#13620,#13627),.PCURVE_S1.);
#13616 = LINE('',#13617,#13618);
#13617 = CARTESIAN_POINT('',(-132.,82.,9.));
#13618 = VECTOR('',#13619,1.);
#13619 = DIRECTION('',(0.,0.,1.));
#13620 = PCURVE('',#4044,#13621);
#13621 = DEFINITIONAL_REPRESENTATION('',(#13622),#13626);
#13622 = LINE('',#13623,#13624);
#13623 = CARTESIAN_POINT('',(16.,0.));
#13624 = VECTOR('',#13625,1.);
#13625 = DIRECTION('',(0.,-1.));
#13626 = ( GEOMETRIC_REPRESENTATION_CONTEXT(2) 
PARAMETRIC_REPRESENTATION_CONTEXT() REPRESENTATION_CONTEXT('2D SPACE',''
  ) );
#13627 = PCURVE('',#4018,#13628);
#13628 = DEFINITIONAL_REPRESENTATION('',(#13629),#13633);
#13629 = LINE('',#13630,#13631);
#13630 = CARTESIAN_POINT('',(0.,0.));
#13631 = VECTOR('',#13632,1.);
#13632 = DIRECTION('',(0.,-1.));
#13633 = ( GEOMETRIC_REPRESENTATION_CONTEXT(2) 
PARAMETRIC_REPRESENTATION_CONTEXT() REPRESENTATION_CONTEXT('2D SPACE',''
  ) );
#13634 = ADVANCED_FACE('',(#13635),#4018,.T.);
#13635 = FACE_BOUND('',#13636,.T.);
#13636 = EDGE_LOOP('',(#13637,#13638,#13639,#13640));
#13637 = ORIENTED_EDGE('',*,*,#8568,.T.);
#13638 = ORIENTED_EDGE('',*,*,#13614,.T.);
#13639 = ORIENTED_EDGE('',*,*,#4003,.F.);
#13640 = ORIENTED_EDGE('',*,*,#13538,.F.);
#13641 = ADVANCED_FACE('',(#13642),#4098,.T.);
#13642 = FACE_BOUND('',#13643,.T.);
#13643 = EDGE_LOOP('',(#13644,#13645,#13666,#13667));
#13644 = ORIENTED_EDGE('',*,*,#8631,.T.);
#13645 = ORIENTED_EDGE('',*,*,#13646,.T.);
#13646 = EDGE_CURVE('',#8634,#4084,#13647,.T.);
#13647 = SURFACE_CURVE('',#13648,(#13652,#13659),.PCURVE_S1.);
#13648 = LINE('',#13649,#13650);
#13649 = CARTESIAN_POINT('',(-86.,52.,9.));
#13650 = VECTOR('',#13651,1.);
#13651 = DIRECTION('',(0.,0.,1.));
#13652 = PCURVE('',#4098,#13653);
#13653 = DEFINITIONAL_REPRESENTATION('',(#13654),#13658);
#13654 = LINE('',#13655,#13656);
#13655 = CARTESIAN_POINT('',(0.,0.));
#13656 = VECTOR('',#13657,1.);
#13657 = DIRECTION('',(0.,-1.));
#13658 = ( GEOMETRIC_REPRESENTATION_CONTEXT(2) 
PARAMETRIC_REPRESENTATION_CONTEXT() REPRESENTATION_CONTEXT('2D SPACE',''
  ) );
#13659 = PCURVE('',#4124,#13660);
#13660 = DEFINITIONAL_REPRESENTATION('',(#13661),#13665);
#13661 = LINE('',#13662,#13663);
#13662 = CARTESIAN_POINT('',(16.,0.));
#13663 = VECTOR('',#13664,1.);
#13664 = DIRECTION('',(0.,-1.));
#13665 = ( GEOMETRIC_REPRESENTATION_CONTEXT(2) 
PARAMETRIC_REPRESENTATION_CONTEXT() REPRESENTATION_CONTEXT('2D SPACE',''
  ) );
#13666 = ORIENTED_EDGE('',*,*,#4081,.F.);
#13667 = ORIENTED_EDGE('',*,*,#13668,.F.);
#13668 = EDGE_CURVE('',#8632,#4082,#13669,.T.);
#13669 = SURFACE_CURVE('',#13670,(#13674,#13681),.PCURVE_S1.);
#13670 = LINE('',#13671,#13672);
#13671 = CARTESIAN_POINT('',(-86.,68.,9.));
#13672 = VECTOR('',#13673,1.);
#13673 = DIRECTION('',(0.,0.,1.));
#13674 = PCURVE('',#4098,#13675);
#13675 = DEFINITIONAL_REPRESENTATION('',(#13676),#13680);
#13676 = LINE('',#13677,#13678);
#13677 = CARTESIAN_POINT('',(16.,0.));
#13678 = VECTOR('',#13679,1.);
#13679 = DIRECTION('',(0.,-1.));
#13680 = ( GEOMETRIC_REPRESENTATION_CONTEXT(2) 
PARAMETRIC_REPRESENTATION_CONTEXT() REPRESENTATION_CONTEXT('2D SPACE',''
  ) );
#13681 = PCURVE('',#4174,#13682);
#13682 = DEFINITIONAL_REPRESENTATION('',(#13683),#13687);
#13683 = LINE('',#13684,#13685);
#13684 = CARTESIAN_POINT('',(0.,-0.));
#13685 = VECTOR('',#13686,1.);
#13686 = DIRECTION('',(0.,-1.));
#13687 = ( GEOMETRIC_REPRESENTATION_CONTEXT(2) 
PARAMETRIC_REPRESENTATION_CONTEXT() REPRESENTATION_CONTEXT('2D SPACE',''
  ) );
#13688 = ADVANCED_FACE('',(#13689),#4174,.T.);
#13689 = FACE_BOUND('',#13690,.T.);
#13690 = EDGE_LOOP('',(#13691,#13692,#13693,#13694));
#13691 = ORIENTED_EDGE('',*,*,#8696,.T.);
#13692 = ORIENTED_EDGE('',*,*,#13668,.T.);
#13693 = ORIENTED_EDGE('',*,*,#4161,.F.);
#13694 = ORIENTED_EDGE('',*,*,#13695,.F.);
#13695 = EDGE_CURVE('',#8676,#4136,#13696,.T.);
#13696 = SURFACE_CURVE('',#13697,(#13701,#13708),.PCURVE_S1.);
#13697 = LINE('',#13698,#13699);
#13698 = CARTESIAN_POINT('',(-102.,68.,9.));
#13699 = VECTOR('',#13700,1.);
#13700 = DIRECTION('',(0.,0.,1.));
#13701 = PCURVE('',#4174,#13702);
#13702 = DEFINITIONAL_REPRESENTATION('',(#13703),#13707);
#13703 = LINE('',#13704,#13705);
#13704 = CARTESIAN_POINT('',(16.,0.));
#13705 = VECTOR('',#13706,1.);
#13706 = DIRECTION('',(0.,-1.));
#13707 = ( GEOMETRIC_REPRESENTATION_CONTEXT(2) 
PARAMETRIC_REPRESENTATION_CONTEXT() REPRESENTATION_CONTEXT('2D SPACE',''
  ) );
#13708 = PCURVE('',#4150,#13709);
#13709 = DEFINITIONAL_REPRESENTATION('',(#13710),#13714);
#13710 = LINE('',#13711,#13712);
#13711 = CARTESIAN_POINT('',(0.,0.));
#13712 = VECTOR('',#13713,1.);
#13713 = DIRECTION('',(0.,-1.));
#13714 = ( GEOMETRIC_REPRESENTATION_CONTEXT(2) 
PARAMETRIC_REPRESENTATION_CONTEXT() REPRESENTATION_CONTEXT('2D SPACE',''
  ) );
#13715 = ADVANCED_FACE('',(#13716),#4150,.T.);
#13716 = FACE_BOUND('',#13717,.T.);
#13717 = EDGE_LOOP('',(#13718,#13719,#13720,#13721));
#13718 = ORIENTED_EDGE('',*,*,#8675,.T.);
#13719 = ORIENTED_EDGE('',*,*,#13695,.T.);
#13720 = ORIENTED_EDGE('',*,*,#4135,.F.);
#13721 = ORIENTED_EDGE('',*,*,#13722,.F.);
#13722 = EDGE_CURVE('',#8655,#4110,#13723,.T.);
#13723 = SURFACE_CURVE('',#13724,(#13728,#13735),.PCURVE_S1.);
#13724 = LINE('',#13725,#13726);
#13725 = CARTESIAN_POINT('',(-102.,52.,9.));
#13726 = VECTOR('',#13727,1.);
#13727 = DIRECTION('',(0.,0.,1.));
#13728 = PCURVE('',#4150,#13729);
#13729 = DEFINITIONAL_REPRESENTATION('',(#13730),#13734);
#13730 = LINE('',#13731,#13732);
#13731 = CARTESIAN_POINT('',(16.,0.));
#13732 = VECTOR('',#13733,1.);
#13733 = DIRECTION('',(0.,-1.));
#13734 = ( GEOMETRIC_REPRESENTATION_CONTEXT(2) 
PARAMETRIC_REPRESENTATION_CONTEXT() REPRESENTATION_CONTEXT('2D SPACE',''
  ) );
#13735 = PCURVE('',#4124,#13736);
#13736 = DEFINITIONAL_REPRESENTATION('',(#13737),#13741);
#13737 = LINE('',#13738,#13739);
#13738 = CARTESIAN_POINT('',(0.,0.));
#13739 = VECTOR('',#13740,1.);
#13740 = DIRECTION('',(0.,-1.));
#13741 = ( GEOMETRIC_REPRESENTATION_CONTEXT(2) 
PARAMETRIC_REPRESENTATION_CONTEXT() REPRESENTATION_CONTEXT('2D SPACE',''
  ) );
#13742 = ADVANCED_FACE('',(#13743),#4124,.T.);
#13743 = FACE_BOUND('',#13744,.T.);
#13744 = EDGE_LOOP('',(#13745,#13746,#13747,#13748));
#13745 = ORIENTED_EDGE('',*,*,#8654,.T.);
#13746 = ORIENTED_EDGE('',*,*,#13722,.T.);
#13747 = ORIENTED_EDGE('',*,*,#4109,.F.);
#13748 = ORIENTED_EDGE('',*,*,#13646,.F.);
#13749 = ADVANCED_FACE('',(#13750),#4204,.T.);
#13750 = FACE_BOUND('',#13751,.T.);
#13751 = EDGE_LOOP('',(#13752,#13753,#13774,#13775));
#13752 = ORIENTED_EDGE('',*,*,#8717,.T.);
#13753 = ORIENTED_EDGE('',*,*,#13754,.T.);
#13754 = EDGE_CURVE('',#8720,#4190,#13755,.T.);
#13755 = SURFACE_CURVE('',#13756,(#13760,#13767),.PCURVE_S1.);
#13756 = LINE('',#13757,#13758);
#13757 = CARTESIAN_POINT('',(-56.,52.,9.));
#13758 = VECTOR('',#13759,1.);
#13759 = DIRECTION('',(0.,0.,1.));
#13760 = PCURVE('',#4204,#13761);
#13761 = DEFINITIONAL_REPRESENTATION('',(#13762),#13766);
#13762 = LINE('',#13763,#13764);
#13763 = CARTESIAN_POINT('',(0.,0.));
#13764 = VECTOR('',#13765,1.);
#13765 = DIRECTION('',(0.,-1.));
#13766 = ( GEOMETRIC_REPRESENTATION_CONTEXT(2) 
PARAMETRIC_REPRESENTATION_CONTEXT() REPRESENTATION_CONTEXT('2D SPACE',''
  ) );
#13767 = PCURVE('',#4230,#13768);
#13768 = DEFINITIONAL_REPRESENTATION('',(#13769),#13773);
#13769 = LINE('',#13770,#13771);
#13770 = CARTESIAN_POINT('',(16.,0.));
#13771 = VECTOR('',#13772,1.);
#13772 = DIRECTION('',(0.,-1.));
#13773 = ( GEOMETRIC_REPRESENTATION_CONTEXT(2) 
PARAMETRIC_REPRESENTATION_CONTEXT() REPRESENTATION_CONTEXT('2D SPACE',''
  ) );
#13774 = ORIENTED_EDGE('',*,*,#4187,.F.);
#13775 = ORIENTED_EDGE('',*,*,#13776,.F.);
#13776 = EDGE_CURVE('',#8718,#4188,#13777,.T.);
#13777 = SURFACE_CURVE('',#13778,(#13782,#13789),.PCURVE_S1.);
#13778 = LINE('',#13779,#13780);
#13779 = CARTESIAN_POINT('',(-56.,68.,9.));
#13780 = VECTOR('',#13781,1.);
#13781 = DIRECTION('',(0.,0.,1.));
#13782 = PCURVE('',#4204,#13783);
#13783 = DEFINITIONAL_REPRESENTATION('',(#13784),#13788);
#13784 = LINE('',#13785,#13786);
#13785 = CARTESIAN_POINT('',(16.,0.));
#13786 = VECTOR('',#13787,1.);
#13787 = DIRECTION('',(0.,-1.));
#13788 = ( GEOMETRIC_REPRESENTATION_CONTEXT(2) 
PARAMETRIC_REPRESENTATION_CONTEXT() REPRESENTATION_CONTEXT('2D SPACE',''
  ) );
#13789 = PCURVE('',#4280,#13790);
#13790 = DEFINITIONAL_REPRESENTATION('',(#13791),#13795);
#13791 = LINE('',#13792,#13793);
#13792 = CARTESIAN_POINT('',(0.,-0.));
#13793 = VECTOR('',#13794,1.);
#13794 = DIRECTION('',(0.,-1.));
#13795 = ( GEOMETRIC_REPRESENTATION_CONTEXT(2) 
PARAMETRIC_REPRESENTATION_CONTEXT() REPRESENTATION_CONTEXT('2D SPACE',''
  ) );
#13796 = ADVANCED_FACE('',(#13797),#4280,.T.);
#13797 = FACE_BOUND('',#13798,.T.);
#13798 = EDGE_LOOP('',(#13799,#13800,#13801,#13802));
#13799 = ORIENTED_EDGE('',*,*,#8782,.T.);
#13800 = ORIENTED_EDGE('',*,*,#13776,.T.);
#13801 = ORIENTED_EDGE('',*,*,#4267,.F.);
#13802 = ORIENTED_EDGE('',*,*,#13803,.F.);
#13803 = EDGE_CURVE('',#8762,#4242,#13804,.T.);
#13804 = SURFACE_CURVE('',#13805,(#13809,#13816),.PCURVE_S1.);
#13805 = LINE('',#13806,#13807);
#13806 = CARTESIAN_POINT('',(-72.,68.,9.));
#13807 = VECTOR('',#13808,1.);
#13808 = DIRECTION('',(0.,0.,1.));
#13809 = PCURVE('',#4280,#13810);
#13810 = DEFINITIONAL_REPRESENTATION('',(#13811),#13815);
#13811 = LINE('',#13812,#13813);
#13812 = CARTESIAN_POINT('',(16.,0.));
#13813 = VECTOR('',#13814,1.);
#13814 = DIRECTION('',(0.,-1.));
#13815 = ( GEOMETRIC_REPRESENTATION_CONTEXT(2) 
PARAMETRIC_REPRESENTATION_CONTEXT() REPRESENTATION_CONTEXT('2D SPACE',''
  ) );
#13816 = PCURVE('',#4256,#13817);
#13817 = DEFINITIONAL_REPRESENTATION('',(#13818),#13822);
#13818 = LINE('',#13819,#13820);
#13819 = CARTESIAN_POINT('',(0.,0.));
#13820 = VECTOR('',#13821,1.);
#13821 = DIRECTION('',(0.,-1.));
#13822 = ( GEOMETRIC_REPRESENTATION_CONTEXT(2) 
PARAMETRIC_REPRESENTATION_CONTEXT() REPRESENTATION_CONTEXT('2D SPACE',''
  ) );
#13823 = ADVANCED_FACE('',(#13824),#4256,.T.);
#13824 = FACE_BOUND('',#13825,.T.);
#13825 = EDGE_LOOP('',(#13826,#13827,#13828,#13829));
#13826 = ORIENTED_EDGE('',*,*,#8761,.T.);
#13827 = ORIENTED_EDGE('',*,*,#13803,.T.);
#13828 = ORIENTED_EDGE('',*,*,#4241,.F.);
#13829 = ORIENTED_EDGE('',*,*,#13830,.F.);
#13830 = EDGE_CURVE('',#8741,#4216,#13831,.T.);
#13831 = SURFACE_CURVE('',#13832,(#13836,#13843),.PCURVE_S1.);
#13832 = LINE('',#13833,#13834);
#13833 = CARTESIAN_POINT('',(-72.,52.,9.));
#13834 = VECTOR('',#13835,1.);
#13835 = DIRECTION('',(0.,0.,1.));
#13836 = PCURVE('',#4256,#13837);
#13837 = DEFINITIONAL_REPRESENTATION('',(#13838),#13842);
#13838 = LINE('',#13839,#13840);
#13839 = CARTESIAN_POINT('',(16.,0.));
#13840 = VECTOR('',#13841,1.);
#13841 = DIRECTION('',(0.,-1.));
#13842 = ( GEOMETRIC_REPRESENTATION_CONTEXT(2) 
PARAMETRIC_REPRESENTATION_CONTEXT() REPRESENTATION_CONTEXT('2D SPACE',''
  ) );
#13843 = PCURVE('',#4230,#13844);
#13844 = DEFINITIONAL_REPRESENTATION('',(#13845),#13849);
#13845 = LINE('',#13846,#13847);
#13846 = CARTESIAN_POINT('',(0.,0.));
#13847 = VECTOR('',#13848,1.);
#13848 = DIRECTION('',(0.,-1.));
#13849 = ( GEOMETRIC_REPRESENTATION_CONTEXT(2) 
PARAMETRIC_REPRESENTATION_CONTEXT() REPRESENTATION_CONTEXT('2D SPACE',''
  ) );
#13850 = ADVANCED_FACE('',(#13851),#4230,.T.);
#13851 = FACE_BOUND('',#13852,.T.);
#13852 = EDGE_LOOP('',(#13853,#13854,#13855,#13856));
#13853 = ORIENTED_EDGE('',*,*,#8740,.T.);
#13854 = ORIENTED_EDGE('',*,*,#13830,.T.);
#13855 = ORIENTED_EDGE('',*,*,#4215,.F.);
#13856 = ORIENTED_EDGE('',*,*,#13754,.F.);
#13857 = ADVANCED_FACE('',(#13858),#4310,.T.);
#13858 = FACE_BOUND('',#13859,.T.);
#13859 = EDGE_LOOP('',(#13860,#13861,#13882,#13883));
#13860 = ORIENTED_EDGE('',*,*,#8803,.T.);
#13861 = ORIENTED_EDGE('',*,*,#13862,.T.);
#13862 = EDGE_CURVE('',#8806,#4296,#13863,.T.);
#13863 = SURFACE_CURVE('',#13864,(#13868,#13875),.PCURVE_S1.);
#13864 = LINE('',#13865,#13866);
#13865 = CARTESIAN_POINT('',(-86.,82.,9.));
#13866 = VECTOR('',#13867,1.);
#13867 = DIRECTION('',(0.,0.,1.));
#13868 = PCURVE('',#4310,#13869);
#13869 = DEFINITIONAL_REPRESENTATION('',(#13870),#13874);
#13870 = LINE('',#13871,#13872);
#13871 = CARTESIAN_POINT('',(0.,0.));
#13872 = VECTOR('',#13873,1.);
#13873 = DIRECTION('',(0.,-1.));
#13874 = ( GEOMETRIC_REPRESENTATION_CONTEXT(2) 
PARAMETRIC_REPRESENTATION_CONTEXT() REPRESENTATION_CONTEXT('2D SPACE',''
  ) );
#13875 = PCURVE('',#4336,#13876);
#13876 = DEFINITIONAL_REPRESENTATION('',(#13877),#13881);
#13877 = LINE('',#13878,#13879);
#13878 = CARTESIAN_POINT('',(16.,0.));
#13879 = VECTOR('',#13880,1.);
#13880 = DIRECTION('',(0.,-1.));
#13881 = ( GEOMETRIC_REPRESENTATION_CONTEXT(2) 
PARAMETRIC_REPRESENTATION_CONTEXT() REPRESENTATION_CONTEXT('2D SPACE',''
  ) );
#13882 = ORIENTED_EDGE('',*,*,#4293,.F.);
#13883 = ORIENTED_EDGE('',*,*,#13884,.F.);
#13884 = EDGE_CURVE('',#8804,#4294,#13885,.T.);
#13885 = SURFACE_CURVE('',#13886,(#13890,#13897),.PCURVE_S1.);
#13886 = LINE('',#13887,#13888);
#13887 = CARTESIAN_POINT('',(-86.,98.,9.));
#13888 = VECTOR('',#13889,1.);
#13889 = DIRECTION('',(0.,0.,1.));
#13890 = PCURVE('',#4310,#13891);
#13891 = DEFINITIONAL_REPRESENTATION('',(#13892),#13896);
#13892 = LINE('',#13893,#13894);
#13893 = CARTESIAN_POINT('',(16.,0.));
#13894 = VECTOR('',#13895,1.);
#13895 = DIRECTION('',(0.,-1.));
#13896 = ( GEOMETRIC_REPRESENTATION_CONTEXT(2) 
PARAMETRIC_REPRESENTATION_CONTEXT() REPRESENTATION_CONTEXT('2D SPACE',''
  ) );
#13897 = PCURVE('',#4386,#13898);
#13898 = DEFINITIONAL_REPRESENTATION('',(#13899),#13903);
#13899 = LINE('',#13900,#13901);
#13900 = CARTESIAN_POINT('',(0.,-0.));
#13901 = VECTOR('',#13902,1.);
#13902 = DIRECTION('',(0.,-1.));
#13903 = ( GEOMETRIC_REPRESENTATION_CONTEXT(2) 
PARAMETRIC_REPRESENTATION_CONTEXT() REPRESENTATION_CONTEXT('2D SPACE',''
  ) );
#13904 = ADVANCED_FACE('',(#13905),#4386,.T.);
#13905 = FACE_BOUND('',#13906,.T.);
#13906 = EDGE_LOOP('',(#13907,#13908,#13909,#13910));
#13907 = ORIENTED_EDGE('',*,*,#8868,.T.);
#13908 = ORIENTED_EDGE('',*,*,#13884,.T.);
#13909 = ORIENTED_EDGE('',*,*,#4373,.F.);
#13910 = ORIENTED_EDGE('',*,*,#13911,.F.);
#13911 = EDGE_CURVE('',#8848,#4348,#13912,.T.);
#13912 = SURFACE_CURVE('',#13913,(#13917,#13924),.PCURVE_S1.);
#13913 = LINE('',#13914,#13915);
#13914 = CARTESIAN_POINT('',(-102.,98.,9.));
#13915 = VECTOR('',#13916,1.);
#13916 = DIRECTION('',(0.,0.,1.));
#13917 = PCURVE('',#4386,#13918);
#13918 = DEFINITIONAL_REPRESENTATION('',(#13919),#13923);
#13919 = LINE('',#13920,#13921);
#13920 = CARTESIAN_POINT('',(16.,0.));
#13921 = VECTOR('',#13922,1.);
#13922 = DIRECTION('',(0.,-1.));
#13923 = ( GEOMETRIC_REPRESENTATION_CONTEXT(2) 
PARAMETRIC_REPRESENTATION_CONTEXT() REPRESENTATION_CONTEXT('2D SPACE',''
  ) );
#13924 = PCURVE('',#4362,#13925);
#13925 = DEFINITIONAL_REPRESENTATION('',(#13926),#13930);
#13926 = LINE('',#13927,#13928);
#13927 = CARTESIAN_POINT('',(0.,0.));
#13928 = VECTOR('',#13929,1.);
#13929 = DIRECTION('',(0.,-1.));
#13930 = ( GEOMETRIC_REPRESENTATION_CONTEXT(2) 
PARAMETRIC_REPRESENTATION_CONTEXT() REPRESENTATION_CONTEXT('2D SPACE',''
  ) );
#13931 = ADVANCED_FACE('',(#13932),#4362,.T.);
#13932 = FACE_BOUND('',#13933,.T.);
#13933 = EDGE_LOOP('',(#13934,#13935,#13936,#13937));
#13934 = ORIENTED_EDGE('',*,*,#8847,.T.);
#13935 = ORIENTED_EDGE('',*,*,#13911,.T.);
#13936 = ORIENTED_EDGE('',*,*,#4347,.F.);
#13937 = ORIENTED_EDGE('',*,*,#13938,.F.);
#13938 = EDGE_CURVE('',#8827,#4322,#13939,.T.);
#13939 = SURFACE_CURVE('',#13940,(#13944,#13951),.PCURVE_S1.);
#13940 = LINE('',#13941,#13942);
#13941 = CARTESIAN_POINT('',(-102.,82.,9.));
#13942 = VECTOR('',#13943,1.);
#13943 = DIRECTION('',(0.,0.,1.));
#13944 = PCURVE('',#4362,#13945);
#13945 = DEFINITIONAL_REPRESENTATION('',(#13946),#13950);
#13946 = LINE('',#13947,#13948);
#13947 = CARTESIAN_POINT('',(16.,0.));
#13948 = VECTOR('',#13949,1.);
#13949 = DIRECTION('',(0.,-1.));
#13950 = ( GEOMETRIC_REPRESENTATION_CONTEXT(2) 
PARAMETRIC_REPRESENTATION_CONTEXT() REPRESENTATION_CONTEXT('2D SPACE',''
  ) );
#13951 = PCURVE('',#4336,#13952);
#13952 = DEFINITIONAL_REPRESENTATION('',(#13953),#13957);
#13953 = LINE('',#13954,#13955);
#13954 = CARTESIAN_POINT('',(0.,0.));
#13955 = VECTOR('',#13956,1.);
#13956 = DIRECTION('',(0.,-1.));
#13957 = ( GEOMETRIC_REPRESENTATION_CONTEXT(2) 
PARAMETRIC_REPRESENTATION_CONTEXT() REPRESENTATION_CONTEXT('2D SPACE',''
  ) );
#13958 = ADVANCED_FACE('',(#13959),#4336,.T.);
#13959 = FACE_BOUND('',#13960,.T.);
#13960 = EDGE_LOOP('',(#13961,#13962,#13963,#13964));
#13961 = ORIENTED_EDGE('',*,*,#8826,.T.);
#13962 = ORIENTED_EDGE('',*,*,#13938,.T.);
#13963 = ORIENTED_EDGE('',*,*,#4321,.F.);
#13964 = ORIENTED_EDGE('',*,*,#13862,.F.);
#13965 = ADVANCED_FACE('',(#13966),#4416,.T.);
#13966 = FACE_BOUND('',#13967,.T.);
#13967 = EDGE_LOOP('',(#13968,#13969,#13990,#13991));
#13968 = ORIENTED_EDGE('',*,*,#8889,.T.);
#13969 = ORIENTED_EDGE('',*,*,#13970,.T.);
#13970 = EDGE_CURVE('',#8892,#4402,#13971,.T.);
#13971 = SURFACE_CURVE('',#13972,(#13976,#13983),.PCURVE_S1.);
#13972 = LINE('',#13973,#13974);
#13973 = CARTESIAN_POINT('',(-56.,82.,9.));
#13974 = VECTOR('',#13975,1.);
#13975 = DIRECTION('',(0.,0.,1.));
#13976 = PCURVE('',#4416,#13977);
#13977 = DEFINITIONAL_REPRESENTATION('',(#13978),#13982);
#13978 = LINE('',#13979,#13980);
#13979 = CARTESIAN_POINT('',(0.,0.));
#13980 = VECTOR('',#13981,1.);
#13981 = DIRECTION('',(0.,-1.));
#13982 = ( GEOMETRIC_REPRESENTATION_CONTEXT(2) 
PARAMETRIC_REPRESENTATION_CONTEXT() REPRESENTATION_CONTEXT('2D SPACE',''
  ) );
#13983 = PCURVE('',#4442,#13984);
#13984 = DEFINITIONAL_REPRESENTATION('',(#13985),#13989);
#13985 = LINE('',#13986,#13987);
#13986 = CARTESIAN_POINT('',(16.,0.));
#13987 = VECTOR('',#13988,1.);
#13988 = DIRECTION('',(0.,-1.));
#13989 = ( GEOMETRIC_REPRESENTATION_CONTEXT(2) 
PARAMETRIC_REPRESENTATION_CONTEXT() REPRESENTATION_CONTEXT('2D SPACE',''
  ) );
#13990 = ORIENTED_EDGE('',*,*,#4399,.F.);
#13991 = ORIENTED_EDGE('',*,*,#13992,.F.);
#13992 = EDGE_CURVE('',#8890,#4400,#13993,.T.);
#13993 = SURFACE_CURVE('',#13994,(#13998,#14005),.PCURVE_S1.);
#13994 = LINE('',#13995,#13996);
#13995 = CARTESIAN_POINT('',(-56.,98.,9.));
#13996 = VECTOR('',#13997,1.);
#13997 = DIRECTION('',(0.,0.,1.));
#13998 = PCURVE('',#4416,#13999);
#13999 = DEFINITIONAL_REPRESENTATION('',(#14000),#14004);
#14000 = LINE('',#14001,#14002);
#14001 = CARTESIAN_POINT('',(16.,0.));
#14002 = VECTOR('',#14003,1.);
#14003 = DIRECTION('',(0.,-1.));
#14004 = ( GEOMETRIC_REPRESENTATION_CONTEXT(2) 
PARAMETRIC_REPRESENTATION_CONTEXT() REPRESENTATION_CONTEXT('2D SPACE',''
  ) );
#14005 = PCURVE('',#4492,#14006);
#14006 = DEFINITIONAL_REPRESENTATION('',(#14007),#14011);
#14007 = LINE('',#14008,#14009);
#14008 = CARTESIAN_POINT('',(0.,-0.));
#14009 = VECTOR('',#14010,1.);
#14010 = DIRECTION('',(0.,-1.));
#14011 = ( GEOMETRIC_REPRESENTATION_CONTEXT(2) 
PARAMETRIC_REPRESENTATION_CONTEXT() REPRESENTATION_CONTEXT('2D SPACE',''
  ) );
#14012 = ADVANCED_FACE('',(#14013),#4492,.T.);
#14013 = FACE_BOUND('',#14014,.T.);
#14014 = EDGE_LOOP('',(#14015,#14016,#14017,#14018));
#14015 = ORIENTED_EDGE('',*,*,#8954,.T.);
#14016 = ORIENTED_EDGE('',*,*,#13992,.T.);
#14017 = ORIENTED_EDGE('',*,*,#4479,.F.);
#14018 = ORIENTED_EDGE('',*,*,#14019,.F.);
#14019 = EDGE_CURVE('',#8934,#4454,#14020,.T.);
#14020 = SURFACE_CURVE('',#14021,(#14025,#14032),.PCURVE_S1.);
#14021 = LINE('',#14022,#14023);
#14022 = CARTESIAN_POINT('',(-72.,98.,9.));
#14023 = VECTOR('',#14024,1.);
#14024 = DIRECTION('',(0.,0.,1.));
#14025 = PCURVE('',#4492,#14026);
#14026 = DEFINITIONAL_REPRESENTATION('',(#14027),#14031);
#14027 = LINE('',#14028,#14029);
#14028 = CARTESIAN_POINT('',(16.,0.));
#14029 = VECTOR('',#14030,1.);
#14030 = DIRECTION('',(0.,-1.));
#14031 = ( GEOMETRIC_REPRESENTATION_CONTEXT(2) 
PARAMETRIC_REPRESENTATION_CONTEXT() REPRESENTATION_CONTEXT('2D SPACE',''
  ) );
#14032 = PCURVE('',#4468,#14033);
#14033 = DEFINITIONAL_REPRESENTATION('',(#14034),#14038);
#14034 = LINE('',#14035,#14036);
#14035 = CARTESIAN_POINT('',(0.,0.));
#14036 = VECTOR('',#14037,1.);
#14037 = DIRECTION('',(0.,-1.));
#14038 = ( GEOMETRIC_REPRESENTATION_CONTEXT(2) 
PARAMETRIC_REPRESENTATION_CONTEXT() REPRESENTATION_CONTEXT('2D SPACE',''
  ) );
#14039 = ADVANCED_FACE('',(#14040),#4468,.T.);
#14040 = FACE_BOUND('',#14041,.T.);
#14041 = EDGE_LOOP('',(#14042,#14043,#14044,#14045));
#14042 = ORIENTED_EDGE('',*,*,#8933,.T.);
#14043 = ORIENTED_EDGE('',*,*,#14019,.T.);
#14044 = ORIENTED_EDGE('',*,*,#4453,.F.);
#14045 = ORIENTED_EDGE('',*,*,#14046,.F.);
#14046 = EDGE_CURVE('',#8913,#4428,#14047,.T.);
#14047 = SURFACE_CURVE('',#14048,(#14052,#14059),.PCURVE_S1.);
#14048 = LINE('',#14049,#14050);
#14049 = CARTESIAN_POINT('',(-72.,82.,9.));
#14050 = VECTOR('',#14051,1.);
#14051 = DIRECTION('',(0.,0.,1.));
#14052 = PCURVE('',#4468,#14053);
#14053 = DEFINITIONAL_REPRESENTATION('',(#14054),#14058);
#14054 = LINE('',#14055,#14056);
#14055 = CARTESIAN_POINT('',(16.,0.));
#14056 = VECTOR('',#14057,1.);
#14057 = DIRECTION('',(0.,-1.));
#14058 = ( GEOMETRIC_REPRESENTATION_CONTEXT(2) 
PARAMETRIC_REPRESENTATION_CONTEXT() REPRESENTATION_CONTEXT('2D SPACE',''
  ) );
#14059 = PCURVE('',#4442,#14060);
#14060 = DEFINITIONAL_REPRESENTATION('',(#14061),#14065);
#14061 = LINE('',#14062,#14063);
#14062 = CARTESIAN_POINT('',(0.,0.));
#14063 = VECTOR('',#14064,1.);
#14064 = DIRECTION('',(0.,-1.));
#14065 = ( GEOMETRIC_REPRESENTATION_CONTEXT(2) 
PARAMETRIC_REPRESENTATION_CONTEXT() REPRESENTATION_CONTEXT('2D SPACE',''
  ) );
#14066 = ADVANCED_FACE('',(#14067),#4442,.T.);
#14067 = FACE_BOUND('',#14068,.T.);
#14068 = EDGE_LOOP('',(#14069,#14070,#14071,#14072));
#14069 = ORIENTED_EDGE('',*,*,#8912,.T.);
#14070 = ORIENTED_EDGE('',*,*,#14046,.T.);
#14071 = ORIENTED_EDGE('',*,*,#4427,.F.);
#14072 = ORIENTED_EDGE('',*,*,#13970,.F.);
#14073 = ADVANCED_FACE('',(#14074),#4522,.T.);
#14074 = FACE_BOUND('',#14075,.T.);
#14075 = EDGE_LOOP('',(#14076,#14077,#14098,#14099));
#14076 = ORIENTED_EDGE('',*,*,#8975,.T.);
#14077 = ORIENTED_EDGE('',*,*,#14078,.T.);
#14078 = EDGE_CURVE('',#8978,#4508,#14079,.T.);
#14079 = SURFACE_CURVE('',#14080,(#14084,#14091),.PCURVE_S1.);
#14080 = LINE('',#14081,#14082);
#14081 = CARTESIAN_POINT('',(-26.,22.,9.));
#14082 = VECTOR('',#14083,1.);
#14083 = DIRECTION('',(0.,0.,1.));
#14084 = PCURVE('',#4522,#14085);
#14085 = DEFINITIONAL_REPRESENTATION('',(#14086),#14090);
#14086 = LINE('',#14087,#14088);
#14087 = CARTESIAN_POINT('',(0.,0.));
#14088 = VECTOR('',#14089,1.);
#14089 = DIRECTION('',(0.,-1.));
#14090 = ( GEOMETRIC_REPRESENTATION_CONTEXT(2) 
PARAMETRIC_REPRESENTATION_CONTEXT() REPRESENTATION_CONTEXT('2D SPACE',''
  ) );
#14091 = PCURVE('',#4548,#14092);
#14092 = DEFINITIONAL_REPRESENTATION('',(#14093),#14097);
#14093 = LINE('',#14094,#14095);
#14094 = CARTESIAN_POINT('',(16.,0.));
#14095 = VECTOR('',#14096,1.);
#14096 = DIRECTION('',(0.,-1.));
#14097 = ( GEOMETRIC_REPRESENTATION_CONTEXT(2) 
PARAMETRIC_REPRESENTATION_CONTEXT() REPRESENTATION_CONTEXT('2D SPACE',''
  ) );
#14098 = ORIENTED_EDGE('',*,*,#4505,.F.);
#14099 = ORIENTED_EDGE('',*,*,#14100,.F.);
#14100 = EDGE_CURVE('',#8976,#4506,#14101,.T.);
#14101 = SURFACE_CURVE('',#14102,(#14106,#14113),.PCURVE_S1.);
#14102 = LINE('',#14103,#14104);
#14103 = CARTESIAN_POINT('',(-26.,38.,9.));
#14104 = VECTOR('',#14105,1.);
#14105 = DIRECTION('',(0.,0.,1.));
#14106 = PCURVE('',#4522,#14107);
#14107 = DEFINITIONAL_REPRESENTATION('',(#14108),#14112);
#14108 = LINE('',#14109,#14110);
#14109 = CARTESIAN_POINT('',(16.,0.));
#14110 = VECTOR('',#14111,1.);
#14111 = DIRECTION('',(0.,-1.));
#14112 = ( GEOMETRIC_REPRESENTATION_CONTEXT(2) 
PARAMETRIC_REPRESENTATION_CONTEXT() REPRESENTATION_CONTEXT('2D SPACE',''
  ) );
#14113 = PCURVE('',#4598,#14114);
#14114 = DEFINITIONAL_REPRESENTATION('',(#14115),#14119);
#14115 = LINE('',#14116,#14117);
#14116 = CARTESIAN_POINT('',(0.,-0.));
#14117 = VECTOR('',#14118,1.);
#14118 = DIRECTION('',(0.,-1.));
#14119 = ( GEOMETRIC_REPRESENTATION_CONTEXT(2) 
PARAMETRIC_REPRESENTATION_CONTEXT() REPRESENTATION_CONTEXT('2D SPACE',''
  ) );
#14120 = ADVANCED_FACE('',(#14121),#4598,.T.);
#14121 = FACE_BOUND('',#14122,.T.);
#14122 = EDGE_LOOP('',(#14123,#14124,#14125,#14126));
#14123 = ORIENTED_EDGE('',*,*,#9040,.T.);
#14124 = ORIENTED_EDGE('',*,*,#14100,.T.);
#14125 = ORIENTED_EDGE('',*,*,#4585,.F.);
#14126 = ORIENTED_EDGE('',*,*,#14127,.F.);
#14127 = EDGE_CURVE('',#9020,#4560,#14128,.T.);
#14128 = SURFACE_CURVE('',#14129,(#14133,#14140),.PCURVE_S1.);
#14129 = LINE('',#14130,#14131);
#14130 = CARTESIAN_POINT('',(-42.,38.,9.));
#14131 = VECTOR('',#14132,1.);
#14132 = DIRECTION('',(0.,0.,1.));
#14133 = PCURVE('',#4598,#14134);
#14134 = DEFINITIONAL_REPRESENTATION('',(#14135),#14139);
#14135 = LINE('',#14136,#14137);
#14136 = CARTESIAN_POINT('',(16.,0.));
#14137 = VECTOR('',#14138,1.);
#14138 = DIRECTION('',(0.,-1.));
#14139 = ( GEOMETRIC_REPRESENTATION_CONTEXT(2) 
PARAMETRIC_REPRESENTATION_CONTEXT() REPRESENTATION_CONTEXT('2D SPACE',''
  ) );
#14140 = PCURVE('',#4574,#14141);
#14141 = DEFINITIONAL_REPRESENTATION('',(#14142),#14146);
#14142 = LINE('',#14143,#14144);
#14143 = CARTESIAN_POINT('',(0.,0.));
#14144 = VECTOR('',#14145,1.);
#14145 = DIRECTION('',(0.,-1.));
#14146 = ( GEOMETRIC_REPRESENTATION_CONTEXT(2) 
PARAMETRIC_REPRESENTATION_CONTEXT() REPRESENTATION_CONTEXT('2D SPACE',''
  ) );
#14147 = ADVANCED_FACE('',(#14148),#4574,.T.);
#14148 = FACE_BOUND('',#14149,.T.);
#14149 = EDGE_LOOP('',(#14150,#14151,#14152,#14153));
#14150 = ORIENTED_EDGE('',*,*,#9019,.T.);
#14151 = ORIENTED_EDGE('',*,*,#14127,.T.);
#14152 = ORIENTED_EDGE('',*,*,#4559,.F.);
#14153 = ORIENTED_EDGE('',*,*,#14154,.F.);
#14154 = EDGE_CURVE('',#8999,#4534,#14155,.T.);
#14155 = SURFACE_CURVE('',#14156,(#14160,#14167),.PCURVE_S1.);
#14156 = LINE('',#14157,#14158);
#14157 = CARTESIAN_POINT('',(-42.,22.,9.));
#14158 = VECTOR('',#14159,1.);
#14159 = DIRECTION('',(0.,0.,1.));
#14160 = PCURVE('',#4574,#14161);
#14161 = DEFINITIONAL_REPRESENTATION('',(#14162),#14166);
#14162 = LINE('',#14163,#14164);
#14163 = CARTESIAN_POINT('',(16.,0.));
#14164 = VECTOR('',#14165,1.);
#14165 = DIRECTION('',(0.,-1.));
#14166 = ( GEOMETRIC_REPRESENTATION_CONTEXT(2) 
PARAMETRIC_REPRESENTATION_CONTEXT() REPRESENTATION_CONTEXT('2D SPACE',''
  ) );
#14167 = PCURVE('',#4548,#14168);
#14168 = DEFINITIONAL_REPRESENTATION('',(#14169),#14173);
#14169 = LINE('',#14170,#14171);
#14170 = CARTESIAN_POINT('',(0.,0.));
#14171 = VECTOR('',#14172,1.);
#14172 = DIRECTION('',(0.,-1.));
#14173 = ( GEOMETRIC_REPRESENTATION_CONTEXT(2) 
PARAMETRIC_REPRESENTATION_CONTEXT() REPRESENTATION_CONTEXT('2D SPACE',''
  ) );
#14174 = ADVANCED_FACE('',(#14175),#4548,.T.);
#14175 = FACE_BOUND('',#14176,.T.);
#14176 = EDGE_LOOP('',(#14177,#14178,#14179,#14180));
#14177 = ORIENTED_EDGE('',*,*,#8998,.T.);
#14178 = ORIENTED_EDGE('',*,*,#14154,.T.);
#14179 = ORIENTED_EDGE('',*,*,#4533,.F.);
#14180 = ORIENTED_EDGE('',*,*,#14078,.F.);
#14181 = ADVANCED_FACE('',(#14182),#4628,.T.);
#14182 = FACE_BOUND('',#14183,.T.);
#14183 = EDGE_LOOP('',(#14184,#14185,#14206,#14207));
#14184 = ORIENTED_EDGE('',*,*,#9061,.T.);
#14185 = ORIENTED_EDGE('',*,*,#14186,.T.);
#14186 = EDGE_CURVE('',#9064,#4614,#14187,.T.);
#14187 = SURFACE_CURVE('',#14188,(#14192,#14199),.PCURVE_S1.);
#14188 = LINE('',#14189,#14190);
#14189 = CARTESIAN_POINT('',(4.,22.,9.));
#14190 = VECTOR('',#14191,1.);
#14191 = DIRECTION('',(0.,0.,1.));
#14192 = PCURVE('',#4628,#14193);
#14193 = DEFINITIONAL_REPRESENTATION('',(#14194),#14198);
#14194 = LINE('',#14195,#14196);
#14195 = CARTESIAN_POINT('',(0.,0.));
#14196 = VECTOR('',#14197,1.);
#14197 = DIRECTION('',(0.,-1.));
#14198 = ( GEOMETRIC_REPRESENTATION_CONTEXT(2) 
PARAMETRIC_REPRESENTATION_CONTEXT() REPRESENTATION_CONTEXT('2D SPACE',''
  ) );
#14199 = PCURVE('',#4654,#14200);
#14200 = DEFINITIONAL_REPRESENTATION('',(#14201),#14205);
#14201 = LINE('',#14202,#14203);
#14202 = CARTESIAN_POINT('',(16.,0.));
#14203 = VECTOR('',#14204,1.);
#14204 = DIRECTION('',(0.,-1.));
#14205 = ( GEOMETRIC_REPRESENTATION_CONTEXT(2) 
PARAMETRIC_REPRESENTATION_CONTEXT() REPRESENTATION_CONTEXT('2D SPACE',''
  ) );
#14206 = ORIENTED_EDGE('',*,*,#4611,.F.);
#14207 = ORIENTED_EDGE('',*,*,#14208,.F.);
#14208 = EDGE_CURVE('',#9062,#4612,#14209,.T.);
#14209 = SURFACE_CURVE('',#14210,(#14214,#14221),.PCURVE_S1.);
#14210 = LINE('',#14211,#14212);
#14211 = CARTESIAN_POINT('',(4.,38.,9.));
#14212 = VECTOR('',#14213,1.);
#14213 = DIRECTION('',(0.,0.,1.));
#14214 = PCURVE('',#4628,#14215);
#14215 = DEFINITIONAL_REPRESENTATION('',(#14216),#14220);
#14216 = LINE('',#14217,#14218);
#14217 = CARTESIAN_POINT('',(16.,0.));
#14218 = VECTOR('',#14219,1.);
#14219 = DIRECTION('',(0.,-1.));
#14220 = ( GEOMETRIC_REPRESENTATION_CONTEXT(2) 
PARAMETRIC_REPRESENTATION_CONTEXT() REPRESENTATION_CONTEXT('2D SPACE',''
  ) );
#14221 = PCURVE('',#4704,#14222);
#14222 = DEFINITIONAL_REPRESENTATION('',(#14223),#14227);
#14223 = LINE('',#14224,#14225);
#14224 = CARTESIAN_POINT('',(0.,-0.));
#14225 = VECTOR('',#14226,1.);
#14226 = DIRECTION('',(0.,-1.));
#14227 = ( GEOMETRIC_REPRESENTATION_CONTEXT(2) 
PARAMETRIC_REPRESENTATION_CONTEXT() REPRESENTATION_CONTEXT('2D SPACE',''
  ) );
#14228 = ADVANCED_FACE('',(#14229),#4704,.T.);
#14229 = FACE_BOUND('',#14230,.T.);
#14230 = EDGE_LOOP('',(#14231,#14232,#14233,#14234));
#14231 = ORIENTED_EDGE('',*,*,#9126,.T.);
#14232 = ORIENTED_EDGE('',*,*,#14208,.T.);
#14233 = ORIENTED_EDGE('',*,*,#4691,.F.);
#14234 = ORIENTED_EDGE('',*,*,#14235,.F.);
#14235 = EDGE_CURVE('',#9106,#4666,#14236,.T.);
#14236 = SURFACE_CURVE('',#14237,(#14241,#14248),.PCURVE_S1.);
#14237 = LINE('',#14238,#14239);
#14238 = CARTESIAN_POINT('',(-12.,38.,9.));
#14239 = VECTOR('',#14240,1.);
#14240 = DIRECTION('',(0.,0.,1.));
#14241 = PCURVE('',#4704,#14242);
#14242 = DEFINITIONAL_REPRESENTATION('',(#14243),#14247);
#14243 = LINE('',#14244,#14245);
#14244 = CARTESIAN_POINT('',(16.,0.));
#14245 = VECTOR('',#14246,1.);
#14246 = DIRECTION('',(0.,-1.));
#14247 = ( GEOMETRIC_REPRESENTATION_CONTEXT(2) 
PARAMETRIC_REPRESENTATION_CONTEXT() REPRESENTATION_CONTEXT('2D SPACE',''
  ) );
#14248 = PCURVE('',#4680,#14249);
#14249 = DEFINITIONAL_REPRESENTATION('',(#14250),#14254);
#14250 = LINE('',#14251,#14252);
#14251 = CARTESIAN_POINT('',(0.,0.));
#14252 = VECTOR('',#14253,1.);
#14253 = DIRECTION('',(0.,-1.));
#14254 = ( GEOMETRIC_REPRESENTATION_CONTEXT(2) 
PARAMETRIC_REPRESENTATION_CONTEXT() REPRESENTATION_CONTEXT('2D SPACE',''
  ) );
#14255 = ADVANCED_FACE('',(#14256),#4680,.T.);
#14256 = FACE_BOUND('',#14257,.T.);
#14257 = EDGE_LOOP('',(#14258,#14259,#14260,#14261));
#14258 = ORIENTED_EDGE('',*,*,#9105,.T.);
#14259 = ORIENTED_EDGE('',*,*,#14235,.T.);
#14260 = ORIENTED_EDGE('',*,*,#4665,.F.);
#14261 = ORIENTED_EDGE('',*,*,#14262,.F.);
#14262 = EDGE_CURVE('',#9085,#4640,#14263,.T.);
#14263 = SURFACE_CURVE('',#14264,(#14268,#14275),.PCURVE_S1.);
#14264 = LINE('',#14265,#14266);
#14265 = CARTESIAN_POINT('',(-12.,22.,9.));
#14266 = VECTOR('',#14267,1.);
#14267 = DIRECTION('',(0.,0.,1.));
#14268 = PCURVE('',#4680,#14269);
#14269 = DEFINITIONAL_REPRESENTATION('',(#14270),#14274);
#14270 = LINE('',#14271,#14272);
#14271 = CARTESIAN_POINT('',(16.,0.));
#14272 = VECTOR('',#14273,1.);
#14273 = DIRECTION('',(0.,-1.));
#14274 = ( GEOMETRIC_REPRESENTATION_CONTEXT(2) 
PARAMETRIC_REPRESENTATION_CONTEXT() REPRESENTATION_CONTEXT('2D SPACE',''
  ) );
#14275 = PCURVE('',#4654,#14276);
#14276 = DEFINITIONAL_REPRESENTATION('',(#14277),#14281);
#14277 = LINE('',#14278,#14279);
#14278 = CARTESIAN_POINT('',(0.,0.));
#14279 = VECTOR('',#14280,1.);
#14280 = DIRECTION('',(0.,-1.));
#14281 = ( GEOMETRIC_REPRESENTATION_CONTEXT(2) 
PARAMETRIC_REPRESENTATION_CONTEXT() REPRESENTATION_CONTEXT('2D SPACE',''
  ) );
#14282 = ADVANCED_FACE('',(#14283),#4654,.T.);
#14283 = FACE_BOUND('',#14284,.T.);
#14284 = EDGE_LOOP('',(#14285,#14286,#14287,#14288));
#14285 = ORIENTED_EDGE('',*,*,#9084,.T.);
#14286 = ORIENTED_EDGE('',*,*,#14262,.T.);
#14287 = ORIENTED_EDGE('',*,*,#4639,.F.);
#14288 = ORIENTED_EDGE('',*,*,#14186,.F.);
#14289 = ADVANCED_FACE('',(#14290),#4734,.T.);
#14290 = FACE_BOUND('',#14291,.T.);
#14291 = EDGE_LOOP('',(#14292,#14293,#14314,#14315));
#14292 = ORIENTED_EDGE('',*,*,#9147,.T.);
#14293 = ORIENTED_EDGE('',*,*,#14294,.T.);
#14294 = EDGE_CURVE('',#9150,#4720,#14295,.T.);
#14295 = SURFACE_CURVE('',#14296,(#14300,#14307),.PCURVE_S1.);
#14296 = LINE('',#14297,#14298);
#14297 = CARTESIAN_POINT('',(34.,22.,9.));
#14298 = VECTOR('',#14299,1.);
#14299 = DIRECTION('',(0.,0.,1.));
#14300 = PCURVE('',#4734,#14301);
#14301 = DEFINITIONAL_REPRESENTATION('',(#14302),#14306);
#14302 = LINE('',#14303,#14304);
#14303 = CARTESIAN_POINT('',(0.,0.));
#14304 = VECTOR('',#14305,1.);
#14305 = DIRECTION('',(0.,-1.));
#14306 = ( GEOMETRIC_REPRESENTATION_CONTEXT(2) 
PARAMETRIC_REPRESENTATION_CONTEXT() REPRESENTATION_CONTEXT('2D SPACE',''
  ) );
#14307 = PCURVE('',#4760,#14308);
#14308 = DEFINITIONAL_REPRESENTATION('',(#14309),#14313);
#14309 = LINE('',#14310,#14311);
#14310 = CARTESIAN_POINT('',(16.,0.));
#14311 = VECTOR('',#14312,1.);
#14312 = DIRECTION('',(0.,-1.));
#14313 = ( GEOMETRIC_REPRESENTATION_CONTEXT(2) 
PARAMETRIC_REPRESENTATION_CONTEXT() REPRESENTATION_CONTEXT('2D SPACE',''
  ) );
#14314 = ORIENTED_EDGE('',*,*,#4717,.F.);
#14315 = ORIENTED_EDGE('',*,*,#14316,.F.);
#14316 = EDGE_CURVE('',#9148,#4718,#14317,.T.);
#14317 = SURFACE_CURVE('',#14318,(#14322,#14329),.PCURVE_S1.);
#14318 = LINE('',#14319,#14320);
#14319 = CARTESIAN_POINT('',(34.,38.,9.));
#14320 = VECTOR('',#14321,1.);
#14321 = DIRECTION('',(0.,0.,1.));
#14322 = PCURVE('',#4734,#14323);
#14323 = DEFINITIONAL_REPRESENTATION('',(#14324),#14328);
#14324 = LINE('',#14325,#14326);
#14325 = CARTESIAN_POINT('',(16.,0.));
#14326 = VECTOR('',#14327,1.);
#14327 = DIRECTION('',(0.,-1.));
#14328 = ( GEOMETRIC_REPRESENTATION_CONTEXT(2) 
PARAMETRIC_REPRESENTATION_CONTEXT() REPRESENTATION_CONTEXT('2D SPACE',''
  ) );
#14329 = PCURVE('',#4810,#14330);
#14330 = DEFINITIONAL_REPRESENTATION('',(#14331),#14335);
#14331 = LINE('',#14332,#14333);
#14332 = CARTESIAN_POINT('',(0.,-0.));
#14333 = VECTOR('',#14334,1.);
#14334 = DIRECTION('',(0.,-1.));
#14335 = ( GEOMETRIC_REPRESENTATION_CONTEXT(2) 
PARAMETRIC_REPRESENTATION_CONTEXT() REPRESENTATION_CONTEXT('2D SPACE',''
  ) );
#14336 = ADVANCED_FACE('',(#14337),#4810,.T.);
#14337 = FACE_BOUND('',#14338,.T.);
#14338 = EDGE_LOOP('',(#14339,#14340,#14341,#14342));
#14339 = ORIENTED_EDGE('',*,*,#9212,.T.);
#14340 = ORIENTED_EDGE('',*,*,#14316,.T.);
#14341 = ORIENTED_EDGE('',*,*,#4797,.F.);
#14342 = ORIENTED_EDGE('',*,*,#14343,.F.);
#14343 = EDGE_CURVE('',#9192,#4772,#14344,.T.);
#14344 = SURFACE_CURVE('',#14345,(#14349,#14356),.PCURVE_S1.);
#14345 = LINE('',#14346,#14347);
#14346 = CARTESIAN_POINT('',(18.,38.,9.));
#14347 = VECTOR('',#14348,1.);
#14348 = DIRECTION('',(0.,0.,1.));
#14349 = PCURVE('',#4810,#14350);
#14350 = DEFINITIONAL_REPRESENTATION('',(#14351),#14355);
#14351 = LINE('',#14352,#14353);
#14352 = CARTESIAN_POINT('',(16.,0.));
#14353 = VECTOR('',#14354,1.);
#14354 = DIRECTION('',(0.,-1.));
#14355 = ( GEOMETRIC_REPRESENTATION_CONTEXT(2) 
PARAMETRIC_REPRESENTATION_CONTEXT() REPRESENTATION_CONTEXT('2D SPACE',''
  ) );
#14356 = PCURVE('',#4786,#14357);
#14357 = DEFINITIONAL_REPRESENTATION('',(#14358),#14362);
#14358 = LINE('',#14359,#14360);
#14359 = CARTESIAN_POINT('',(0.,0.));
#14360 = VECTOR('',#14361,1.);
#14361 = DIRECTION('',(0.,-1.));
#14362 = ( GEOMETRIC_REPRESENTATION_CONTEXT(2) 
PARAMETRIC_REPRESENTATION_CONTEXT() REPRESENTATION_CONTEXT('2D SPACE',''
  ) );
#14363 = ADVANCED_FACE('',(#14364),#4786,.T.);
#14364 = FACE_BOUND('',#14365,.T.);
#14365 = EDGE_LOOP('',(#14366,#14367,#14368,#14369));
#14366 = ORIENTED_EDGE('',*,*,#9191,.T.);
#14367 = ORIENTED_EDGE('',*,*,#14343,.T.);
#14368 = ORIENTED_EDGE('',*,*,#4771,.F.);
#14369 = ORIENTED_EDGE('',*,*,#14370,.F.);
#14370 = EDGE_CURVE('',#9171,#4746,#14371,.T.);
#14371 = SURFACE_CURVE('',#14372,(#14376,#14383),.PCURVE_S1.);
#14372 = LINE('',#14373,#14374);
#14373 = CARTESIAN_POINT('',(18.,22.,9.));
#14374 = VECTOR('',#14375,1.);
#14375 = DIRECTION('',(0.,0.,1.));
#14376 = PCURVE('',#4786,#14377);
#14377 = DEFINITIONAL_REPRESENTATION('',(#14378),#14382);
#14378 = LINE('',#14379,#14380);
#14379 = CARTESIAN_POINT('',(16.,0.));
#14380 = VECTOR('',#14381,1.);
#14381 = DIRECTION('',(0.,-1.));
#14382 = ( GEOMETRIC_REPRESENTATION_CONTEXT(2) 
PARAMETRIC_REPRESENTATION_CONTEXT() REPRESENTATION_CONTEXT('2D SPACE',''
  ) );
#14383 = PCURVE('',#4760,#14384);
#14384 = DEFINITIONAL_REPRESENTATION('',(#14385),#14389);
#14385 = LINE('',#14386,#14387);
#14386 = CARTESIAN_POINT('',(0.,0.));
#14387 = VECTOR('',#14388,1.);
#14388 = DIRECTION('',(0.,-1.));
#14389 = ( GEOMETRIC_REPRESENTATION_CONTEXT(2) 
PARAMETRIC_REPRESENTATION_CONTEXT() REPRESENTATION_CONTEXT('2D SPACE',''
  ) );
#14390 = ADVANCED_FACE('',(#14391),#4760,.T.);
#14391 = FACE_BOUND('',#14392,.T.);
#14392 = EDGE_LOOP('',(#14393,#14394,#14395,#14396));
#14393 = ORIENTED_EDGE('',*,*,#9170,.T.);
#14394 = ORIENTED_EDGE('',*,*,#14370,.T.);
#14395 = ORIENTED_EDGE('',*,*,#4745,.F.);
#14396 = ORIENTED_EDGE('',*,*,#14294,.F.);
#14397 = ADVANCED_FACE('',(#14398),#4840,.T.);
#14398 = FACE_BOUND('',#14399,.T.);
#14399 = EDGE_LOOP('',(#14400,#14401,#14422,#14423));
#14400 = ORIENTED_EDGE('',*,*,#9233,.T.);
#14401 = ORIENTED_EDGE('',*,*,#14402,.T.);
#14402 = EDGE_CURVE('',#9236,#4826,#14403,.T.);
#14403 = SURFACE_CURVE('',#14404,(#14408,#14415),.PCURVE_S1.);
#14404 = LINE('',#14405,#14406);
#14405 = CARTESIAN_POINT('',(-26.,52.,9.));
#14406 = VECTOR('',#14407,1.);
#14407 = DIRECTION('',(0.,0.,1.));
#14408 = PCURVE('',#4840,#14409);
#14409 = DEFINITIONAL_REPRESENTATION('',(#14410),#14414);
#14410 = LINE('',#14411,#14412);
#14411 = CARTESIAN_POINT('',(0.,0.));
#14412 = VECTOR('',#14413,1.);
#14413 = DIRECTION('',(0.,-1.));
#14414 = ( GEOMETRIC_REPRESENTATION_CONTEXT(2) 
PARAMETRIC_REPRESENTATION_CONTEXT() REPRESENTATION_CONTEXT('2D SPACE',''
  ) );
#14415 = PCURVE('',#4866,#14416);
#14416 = DEFINITIONAL_REPRESENTATION('',(#14417),#14421);
#14417 = LINE('',#14418,#14419);
#14418 = CARTESIAN_POINT('',(16.,0.));
#14419 = VECTOR('',#14420,1.);
#14420 = DIRECTION('',(0.,-1.));
#14421 = ( GEOMETRIC_REPRESENTATION_CONTEXT(2) 
PARAMETRIC_REPRESENTATION_CONTEXT() REPRESENTATION_CONTEXT('2D SPACE',''
  ) );
#14422 = ORIENTED_EDGE('',*,*,#4823,.F.);
#14423 = ORIENTED_EDGE('',*,*,#14424,.F.);
#14424 = EDGE_CURVE('',#9234,#4824,#14425,.T.);
#14425 = SURFACE_CURVE('',#14426,(#14430,#14437),.PCURVE_S1.);
#14426 = LINE('',#14427,#14428);
#14427 = CARTESIAN_POINT('',(-26.,68.,9.));
#14428 = VECTOR('',#14429,1.);
#14429 = DIRECTION('',(0.,0.,1.));
#14430 = PCURVE('',#4840,#14431);
#14431 = DEFINITIONAL_REPRESENTATION('',(#14432),#14436);
#14432 = LINE('',#14433,#14434);
#14433 = CARTESIAN_POINT('',(16.,0.));
#14434 = VECTOR('',#14435,1.);
#14435 = DIRECTION('',(0.,-1.));
#14436 = ( GEOMETRIC_REPRESENTATION_CONTEXT(2) 
PARAMETRIC_REPRESENTATION_CONTEXT() REPRESENTATION_CONTEXT('2D SPACE',''
  ) );
#14437 = PCURVE('',#4916,#14438);
#14438 = DEFINITIONAL_REPRESENTATION('',(#14439),#14443);
#14439 = LINE('',#14440,#14441);
#14440 = CARTESIAN_POINT('',(0.,-0.));
#14441 = VECTOR('',#14442,1.);
#14442 = DIRECTION('',(0.,-1.));
#14443 = ( GEOMETRIC_REPRESENTATION_CONTEXT(2) 
PARAMETRIC_REPRESENTATION_CONTEXT() REPRESENTATION_CONTEXT('2D SPACE',''
  ) );
#14444 = ADVANCED_FACE('',(#14445),#4916,.T.);
#14445 = FACE_BOUND('',#14446,.T.);
#14446 = EDGE_LOOP('',(#14447,#14448,#14449,#14450));
#14447 = ORIENTED_EDGE('',*,*,#9298,.T.);
#14448 = ORIENTED_EDGE('',*,*,#14424,.T.);
#14449 = ORIENTED_EDGE('',*,*,#4903,.F.);
#14450 = ORIENTED_EDGE('',*,*,#14451,.F.);
#14451 = EDGE_CURVE('',#9278,#4878,#14452,.T.);
#14452 = SURFACE_CURVE('',#14453,(#14457,#14464),.PCURVE_S1.);
#14453 = LINE('',#14454,#14455);
#14454 = CARTESIAN_POINT('',(-42.,68.,9.));
#14455 = VECTOR('',#14456,1.);
#14456 = DIRECTION('',(0.,0.,1.));
#14457 = PCURVE('',#4916,#14458);
#14458 = DEFINITIONAL_REPRESENTATION('',(#14459),#14463);
#14459 = LINE('',#14460,#14461);
#14460 = CARTESIAN_POINT('',(16.,0.));
#14461 = VECTOR('',#14462,1.);
#14462 = DIRECTION('',(0.,-1.));
#14463 = ( GEOMETRIC_REPRESENTATION_CONTEXT(2) 
PARAMETRIC_REPRESENTATION_CONTEXT() REPRESENTATION_CONTEXT('2D SPACE',''
  ) );
#14464 = PCURVE('',#4892,#14465);
#14465 = DEFINITIONAL_REPRESENTATION('',(#14466),#14470);
#14466 = LINE('',#14467,#14468);
#14467 = CARTESIAN_POINT('',(0.,0.));
#14468 = VECTOR('',#14469,1.);
#14469 = DIRECTION('',(0.,-1.));
#14470 = ( GEOMETRIC_REPRESENTATION_CONTEXT(2) 
PARAMETRIC_REPRESENTATION_CONTEXT() REPRESENTATION_CONTEXT('2D SPACE',''
  ) );
#14471 = ADVANCED_FACE('',(#14472),#4892,.T.);
#14472 = FACE_BOUND('',#14473,.T.);
#14473 = EDGE_LOOP('',(#14474,#14475,#14476,#14477));
#14474 = ORIENTED_EDGE('',*,*,#9277,.T.);
#14475 = ORIENTED_EDGE('',*,*,#14451,.T.);
#14476 = ORIENTED_EDGE('',*,*,#4877,.F.);
#14477 = ORIENTED_EDGE('',*,*,#14478,.F.);
#14478 = EDGE_CURVE('',#9257,#4852,#14479,.T.);
#14479 = SURFACE_CURVE('',#14480,(#14484,#14491),.PCURVE_S1.);
#14480 = LINE('',#14481,#14482);
#14481 = CARTESIAN_POINT('',(-42.,52.,9.));
#14482 = VECTOR('',#14483,1.);
#14483 = DIRECTION('',(0.,0.,1.));
#14484 = PCURVE('',#4892,#14485);
#14485 = DEFINITIONAL_REPRESENTATION('',(#14486),#14490);
#14486 = LINE('',#14487,#14488);
#14487 = CARTESIAN_POINT('',(16.,0.));
#14488 = VECTOR('',#14489,1.);
#14489 = DIRECTION('',(0.,-1.));
#14490 = ( GEOMETRIC_REPRESENTATION_CONTEXT(2) 
PARAMETRIC_REPRESENTATION_CONTEXT() REPRESENTATION_CONTEXT('2D SPACE',''
  ) );
#14491 = PCURVE('',#4866,#14492);
#14492 = DEFINITIONAL_REPRESENTATION('',(#14493),#14497);
#14493 = LINE('',#14494,#14495);
#14494 = CARTESIAN_POINT('',(0.,0.));
#14495 = VECTOR('',#14496,1.);
#14496 = DIRECTION('',(0.,-1.));
#14497 = ( GEOMETRIC_REPRESENTATION_CONTEXT(2) 
PARAMETRIC_REPRESENTATION_CONTEXT() REPRESENTATION_CONTEXT('2D SPACE',''
  ) );
#14498 = ADVANCED_FACE('',(#14499),#4866,.T.);
#14499 = FACE_BOUND('',#14500,.T.);
#14500 = EDGE_LOOP('',(#14501,#14502,#14503,#14504));
#14501 = ORIENTED_EDGE('',*,*,#9256,.T.);
#14502 = ORIENTED_EDGE('',*,*,#14478,.T.);
#14503 = ORIENTED_EDGE('',*,*,#4851,.F.);
#14504 = ORIENTED_EDGE('',*,*,#14402,.F.);
#14505 = ADVANCED_FACE('',(#14506),#4946,.T.);
#14506 = FACE_BOUND('',#14507,.T.);
#14507 = EDGE_LOOP('',(#14508,#14509,#14530,#14531));
#14508 = ORIENTED_EDGE('',*,*,#9319,.T.);
#14509 = ORIENTED_EDGE('',*,*,#14510,.T.);
#14510 = EDGE_CURVE('',#9322,#4932,#14511,.T.);
#14511 = SURFACE_CURVE('',#14512,(#14516,#14523),.PCURVE_S1.);
#14512 = LINE('',#14513,#14514);
#14513 = CARTESIAN_POINT('',(-26.,82.,9.));
#14514 = VECTOR('',#14515,1.);
#14515 = DIRECTION('',(0.,0.,1.));
#14516 = PCURVE('',#4946,#14517);
#14517 = DEFINITIONAL_REPRESENTATION('',(#14518),#14522);
#14518 = LINE('',#14519,#14520);
#14519 = CARTESIAN_POINT('',(0.,0.));
#14520 = VECTOR('',#14521,1.);
#14521 = DIRECTION('',(0.,-1.));
#14522 = ( GEOMETRIC_REPRESENTATION_CONTEXT(2) 
PARAMETRIC_REPRESENTATION_CONTEXT() REPRESENTATION_CONTEXT('2D SPACE',''
  ) );
#14523 = PCURVE('',#4972,#14524);
#14524 = DEFINITIONAL_REPRESENTATION('',(#14525),#14529);
#14525 = LINE('',#14526,#14527);
#14526 = CARTESIAN_POINT('',(16.,0.));
#14527 = VECTOR('',#14528,1.);
#14528 = DIRECTION('',(0.,-1.));
#14529 = ( GEOMETRIC_REPRESENTATION_CONTEXT(2) 
PARAMETRIC_REPRESENTATION_CONTEXT() REPRESENTATION_CONTEXT('2D SPACE',''
  ) );
#14530 = ORIENTED_EDGE('',*,*,#4929,.F.);
#14531 = ORIENTED_EDGE('',*,*,#14532,.F.);
#14532 = EDGE_CURVE('',#9320,#4930,#14533,.T.);
#14533 = SURFACE_CURVE('',#14534,(#14538,#14545),.PCURVE_S1.);
#14534 = LINE('',#14535,#14536);
#14535 = CARTESIAN_POINT('',(-26.,98.,9.));
#14536 = VECTOR('',#14537,1.);
#14537 = DIRECTION('',(0.,0.,1.));
#14538 = PCURVE('',#4946,#14539);
#14539 = DEFINITIONAL_REPRESENTATION('',(#14540),#14544);
#14540 = LINE('',#14541,#14542);
#14541 = CARTESIAN_POINT('',(16.,0.));
#14542 = VECTOR('',#14543,1.);
#14543 = DIRECTION('',(0.,-1.));
#14544 = ( GEOMETRIC_REPRESENTATION_CONTEXT(2) 
PARAMETRIC_REPRESENTATION_CONTEXT() REPRESENTATION_CONTEXT('2D SPACE',''
  ) );
#14545 = PCURVE('',#5022,#14546);
#14546 = DEFINITIONAL_REPRESENTATION('',(#14547),#14551);
#14547 = LINE('',#14548,#14549);
#14548 = CARTESIAN_POINT('',(0.,-0.));
#14549 = VECTOR('',#14550,1.);
#14550 = DIRECTION('',(0.,-1.));
#14551 = ( GEOMETRIC_REPRESENTATION_CONTEXT(2) 
PARAMETRIC_REPRESENTATION_CONTEXT() REPRESENTATION_CONTEXT('2D SPACE',''
  ) );
#14552 = ADVANCED_FACE('',(#14553),#5022,.T.);
#14553 = FACE_BOUND('',#14554,.T.);
#14554 = EDGE_LOOP('',(#14555,#14556,#14557,#14558));
#14555 = ORIENTED_EDGE('',*,*,#9384,.T.);
#14556 = ORIENTED_EDGE('',*,*,#14532,.T.);
#14557 = ORIENTED_EDGE('',*,*,#5009,.F.);
#14558 = ORIENTED_EDGE('',*,*,#14559,.F.);
#14559 = EDGE_CURVE('',#9364,#4984,#14560,.T.);
#14560 = SURFACE_CURVE('',#14561,(#14565,#14572),.PCURVE_S1.);
#14561 = LINE('',#14562,#14563);
#14562 = CARTESIAN_POINT('',(-42.,98.,9.));
#14563 = VECTOR('',#14564,1.);
#14564 = DIRECTION('',(0.,0.,1.));
#14565 = PCURVE('',#5022,#14566);
#14566 = DEFINITIONAL_REPRESENTATION('',(#14567),#14571);
#14567 = LINE('',#14568,#14569);
#14568 = CARTESIAN_POINT('',(16.,0.));
#14569 = VECTOR('',#14570,1.);
#14570 = DIRECTION('',(0.,-1.));
#14571 = ( GEOMETRIC_REPRESENTATION_CONTEXT(2) 
PARAMETRIC_REPRESENTATION_CONTEXT() REPRESENTATION_CONTEXT('2D SPACE',''
  ) );
#14572 = PCURVE('',#4998,#14573);
#14573 = DEFINITIONAL_REPRESENTATION('',(#14574),#14578);
#14574 = LINE('',#14575,#14576);
#14575 = CARTESIAN_POINT('',(0.,0.));
#14576 = VECTOR('',#14577,1.);
#14577 = DIRECTION('',(0.,-1.));
#14578 = ( GEOMETRIC_REPRESENTATION_CONTEXT(2) 
PARAMETRIC_REPRESENTATION_CONTEXT() REPRESENTATION_CONTEXT('2D SPACE',''
  ) );
#14579 = ADVANCED_FACE('',(#14580),#4998,.T.);
#14580 = FACE_BOUND('',#14581,.T.);
#14581 = EDGE_LOOP('',(#14582,#14583,#14584,#14585));
#14582 = ORIENTED_EDGE('',*,*,#9363,.T.);
#14583 = ORIENTED_EDGE('',*,*,#14559,.T.);
#14584 = ORIENTED_EDGE('',*,*,#4983,.F.);
#14585 = ORIENTED_EDGE('',*,*,#14586,.F.);
#14586 = EDGE_CURVE('',#9343,#4958,#14587,.T.);
#14587 = SURFACE_CURVE('',#14588,(#14592,#14599),.PCURVE_S1.);
#14588 = LINE('',#14589,#14590);
#14589 = CARTESIAN_POINT('',(-42.,82.,9.));
#14590 = VECTOR('',#14591,1.);
#14591 = DIRECTION('',(0.,0.,1.));
#14592 = PCURVE('',#4998,#14593);
#14593 = DEFINITIONAL_REPRESENTATION('',(#14594),#14598);
#14594 = LINE('',#14595,#14596);
#14595 = CARTESIAN_POINT('',(16.,0.));
#14596 = VECTOR('',#14597,1.);
#14597 = DIRECTION('',(0.,-1.));
#14598 = ( GEOMETRIC_REPRESENTATION_CONTEXT(2) 
PARAMETRIC_REPRESENTATION_CONTEXT() REPRESENTATION_CONTEXT('2D SPACE',''
  ) );
#14599 = PCURVE('',#4972,#14600);
#14600 = DEFINITIONAL_REPRESENTATION('',(#14601),#14605);
#14601 = LINE('',#14602,#14603);
#14602 = CARTESIAN_POINT('',(0.,0.));
#14603 = VECTOR('',#14604,1.);
#14604 = DIRECTION('',(0.,-1.));
#14605 = ( GEOMETRIC_REPRESENTATION_CONTEXT(2) 
PARAMETRIC_REPRESENTATION_CONTEXT() REPRESENTATION_CONTEXT('2D SPACE',''
  ) );
#14606 = ADVANCED_FACE('',(#14607),#4972,.T.);
#14607 = FACE_BOUND('',#14608,.T.);
#14608 = EDGE_LOOP('',(#14609,#14610,#14611,#14612));
#14609 = ORIENTED_EDGE('',*,*,#9342,.T.);
#14610 = ORIENTED_EDGE('',*,*,#14586,.T.);
#14611 = ORIENTED_EDGE('',*,*,#4957,.F.);
#14612 = ORIENTED_EDGE('',*,*,#14510,.F.);
#14613 = ADVANCED_FACE('',(#14614),#5052,.T.);
#14614 = FACE_BOUND('',#14615,.T.);
#14615 = EDGE_LOOP('',(#14616,#14617,#14638,#14639));
#14616 = ORIENTED_EDGE('',*,*,#9405,.T.);
#14617 = ORIENTED_EDGE('',*,*,#14618,.T.);
#14618 = EDGE_CURVE('',#9408,#5038,#14619,.T.);
#14619 = SURFACE_CURVE('',#14620,(#14624,#14631),.PCURVE_S1.);
#14620 = LINE('',#14621,#14622);
#14621 = CARTESIAN_POINT('',(4.,52.,9.));
#14622 = VECTOR('',#14623,1.);
#14623 = DIRECTION('',(0.,0.,1.));
#14624 = PCURVE('',#5052,#14625);
#14625 = DEFINITIONAL_REPRESENTATION('',(#14626),#14630);
#14626 = LINE('',#14627,#14628);
#14627 = CARTESIAN_POINT('',(0.,0.));
#14628 = VECTOR('',#14629,1.);
#14629 = DIRECTION('',(0.,-1.));
#14630 = ( GEOMETRIC_REPRESENTATION_CONTEXT(2) 
PARAMETRIC_REPRESENTATION_CONTEXT() REPRESENTATION_CONTEXT('2D SPACE',''
  ) );
#14631 = PCURVE('',#5078,#14632);
#14632 = DEFINITIONAL_REPRESENTATION('',(#14633),#14637);
#14633 = LINE('',#14634,#14635);
#14634 = CARTESIAN_POINT('',(16.,0.));
#14635 = VECTOR('',#14636,1.);
#14636 = DIRECTION('',(0.,-1.));
#14637 = ( GEOMETRIC_REPRESENTATION_CONTEXT(2) 
PARAMETRIC_REPRESENTATION_CONTEXT() REPRESENTATION_CONTEXT('2D SPACE',''
  ) );
#14638 = ORIENTED_EDGE('',*,*,#5035,.F.);
#14639 = ORIENTED_EDGE('',*,*,#14640,.F.);
#14640 = EDGE_CURVE('',#9406,#5036,#14641,.T.);
#14641 = SURFACE_CURVE('',#14642,(#14646,#14653),.PCURVE_S1.);
#14642 = LINE('',#14643,#14644);
#14643 = CARTESIAN_POINT('',(4.,68.,9.));
#14644 = VECTOR('',#14645,1.);
#14645 = DIRECTION('',(0.,0.,1.));
#14646 = PCURVE('',#5052,#14647);
#14647 = DEFINITIONAL_REPRESENTATION('',(#14648),#14652);
#14648 = LINE('',#14649,#14650);
#14649 = CARTESIAN_POINT('',(16.,0.));
#14650 = VECTOR('',#14651,1.);
#14651 = DIRECTION('',(0.,-1.));
#14652 = ( GEOMETRIC_REPRESENTATION_CONTEXT(2) 
PARAMETRIC_REPRESENTATION_CONTEXT() REPRESENTATION_CONTEXT('2D SPACE',''
  ) );
#14653 = PCURVE('',#5128,#14654);
#14654 = DEFINITIONAL_REPRESENTATION('',(#14655),#14659);
#14655 = LINE('',#14656,#14657);
#14656 = CARTESIAN_POINT('',(0.,-0.));
#14657 = VECTOR('',#14658,1.);
#14658 = DIRECTION('',(0.,-1.));
#14659 = ( GEOMETRIC_REPRESENTATION_CONTEXT(2) 
PARAMETRIC_REPRESENTATION_CONTEXT() REPRESENTATION_CONTEXT('2D SPACE',''
  ) );
#14660 = ADVANCED_FACE('',(#14661),#5128,.T.);
#14661 = FACE_BOUND('',#14662,.T.);
#14662 = EDGE_LOOP('',(#14663,#14664,#14665,#14666));
#14663 = ORIENTED_EDGE('',*,*,#9470,.T.);
#14664 = ORIENTED_EDGE('',*,*,#14640,.T.);
#14665 = ORIENTED_EDGE('',*,*,#5115,.F.);
#14666 = ORIENTED_EDGE('',*,*,#14667,.F.);
#14667 = EDGE_CURVE('',#9450,#5090,#14668,.T.);
#14668 = SURFACE_CURVE('',#14669,(#14673,#14680),.PCURVE_S1.);
#14669 = LINE('',#14670,#14671);
#14670 = CARTESIAN_POINT('',(-12.,68.,9.));
#14671 = VECTOR('',#14672,1.);
#14672 = DIRECTION('',(0.,0.,1.));
#14673 = PCURVE('',#5128,#14674);
#14674 = DEFINITIONAL_REPRESENTATION('',(#14675),#14679);
#14675 = LINE('',#14676,#14677);
#14676 = CARTESIAN_POINT('',(16.,0.));
#14677 = VECTOR('',#14678,1.);
#14678 = DIRECTION('',(0.,-1.));
#14679 = ( GEOMETRIC_REPRESENTATION_CONTEXT(2) 
PARAMETRIC_REPRESENTATION_CONTEXT() REPRESENTATION_CONTEXT('2D SPACE',''
  ) );
#14680 = PCURVE('',#5104,#14681);
#14681 = DEFINITIONAL_REPRESENTATION('',(#14682),#14686);
#14682 = LINE('',#14683,#14684);
#14683 = CARTESIAN_POINT('',(0.,0.));
#14684 = VECTOR('',#14685,1.);
#14685 = DIRECTION('',(0.,-1.));
#14686 = ( GEOMETRIC_REPRESENTATION_CONTEXT(2) 
PARAMETRIC_REPRESENTATION_CONTEXT() REPRESENTATION_CONTEXT('2D SPACE',''
  ) );
#14687 = ADVANCED_FACE('',(#14688),#5104,.T.);
#14688 = FACE_BOUND('',#14689,.T.);
#14689 = EDGE_LOOP('',(#14690,#14691,#14692,#14693));
#14690 = ORIENTED_EDGE('',*,*,#9449,.T.);
#14691 = ORIENTED_EDGE('',*,*,#14667,.T.);
#14692 = ORIENTED_EDGE('',*,*,#5089,.F.);
#14693 = ORIENTED_EDGE('',*,*,#14694,.F.);
#14694 = EDGE_CURVE('',#9429,#5064,#14695,.T.);
#14695 = SURFACE_CURVE('',#14696,(#14700,#14707),.PCURVE_S1.);
#14696 = LINE('',#14697,#14698);
#14697 = CARTESIAN_POINT('',(-12.,52.,9.));
#14698 = VECTOR('',#14699,1.);
#14699 = DIRECTION('',(0.,0.,1.));
#14700 = PCURVE('',#5104,#14701);
#14701 = DEFINITIONAL_REPRESENTATION('',(#14702),#14706);
#14702 = LINE('',#14703,#14704);
#14703 = CARTESIAN_POINT('',(16.,0.));
#14704 = VECTOR('',#14705,1.);
#14705 = DIRECTION('',(0.,-1.));
#14706 = ( GEOMETRIC_REPRESENTATION_CONTEXT(2) 
PARAMETRIC_REPRESENTATION_CONTEXT() REPRESENTATION_CONTEXT('2D SPACE',''
  ) );
#14707 = PCURVE('',#5078,#14708);
#14708 = DEFINITIONAL_REPRESENTATION('',(#14709),#14713);
#14709 = LINE('',#14710,#14711);
#14710 = CARTESIAN_POINT('',(0.,0.));
#14711 = VECTOR('',#14712,1.);
#14712 = DIRECTION('',(0.,-1.));
#14713 = ( GEOMETRIC_REPRESENTATION_CONTEXT(2) 
PARAMETRIC_REPRESENTATION_CONTEXT() REPRESENTATION_CONTEXT('2D SPACE',''
  ) );
#14714 = ADVANCED_FACE('',(#14715),#5078,.T.);
#14715 = FACE_BOUND('',#14716,.T.);
#14716 = EDGE_LOOP('',(#14717,#14718,#14719,#14720));
#14717 = ORIENTED_EDGE('',*,*,#9428,.T.);
#14718 = ORIENTED_EDGE('',*,*,#14694,.T.);
#14719 = ORIENTED_EDGE('',*,*,#5063,.F.);
#14720 = ORIENTED_EDGE('',*,*,#14618,.F.);
#14721 = ADVANCED_FACE('',(#14722),#5158,.T.);
#14722 = FACE_BOUND('',#14723,.T.);
#14723 = EDGE_LOOP('',(#14724,#14725,#14746,#14747));
#14724 = ORIENTED_EDGE('',*,*,#9491,.T.);
#14725 = ORIENTED_EDGE('',*,*,#14726,.T.);
#14726 = EDGE_CURVE('',#9494,#5144,#14727,.T.);
#14727 = SURFACE_CURVE('',#14728,(#14732,#14739),.PCURVE_S1.);
#14728 = LINE('',#14729,#14730);
#14729 = CARTESIAN_POINT('',(34.,52.,9.));
#14730 = VECTOR('',#14731,1.);
#14731 = DIRECTION('',(0.,0.,1.));
#14732 = PCURVE('',#5158,#14733);
#14733 = DEFINITIONAL_REPRESENTATION('',(#14734),#14738);
#14734 = LINE('',#14735,#14736);
#14735 = CARTESIAN_POINT('',(0.,0.));
#14736 = VECTOR('',#14737,1.);
#14737 = DIRECTION('',(0.,-1.));
#14738 = ( GEOMETRIC_REPRESENTATION_CONTEXT(2) 
PARAMETRIC_REPRESENTATION_CONTEXT() REPRESENTATION_CONTEXT('2D SPACE',''
  ) );
#14739 = PCURVE('',#5184,#14740);
#14740 = DEFINITIONAL_REPRESENTATION('',(#14741),#14745);
#14741 = LINE('',#14742,#14743);
#14742 = CARTESIAN_POINT('',(16.,0.));
#14743 = VECTOR('',#14744,1.);
#14744 = DIRECTION('',(0.,-1.));
#14745 = ( GEOMETRIC_REPRESENTATION_CONTEXT(2) 
PARAMETRIC_REPRESENTATION_CONTEXT() REPRESENTATION_CONTEXT('2D SPACE',''
  ) );
#14746 = ORIENTED_EDGE('',*,*,#5141,.F.);
#14747 = ORIENTED_EDGE('',*,*,#14748,.F.);
#14748 = EDGE_CURVE('',#9492,#5142,#14749,.T.);
#14749 = SURFACE_CURVE('',#14750,(#14754,#14761),.PCURVE_S1.);
#14750 = LINE('',#14751,#14752);
#14751 = CARTESIAN_POINT('',(34.,68.,9.));
#14752 = VECTOR('',#14753,1.);
#14753 = DIRECTION('',(0.,0.,1.));
#14754 = PCURVE('',#5158,#14755);
#14755 = DEFINITIONAL_REPRESENTATION('',(#14756),#14760);
#14756 = LINE('',#14757,#14758);
#14757 = CARTESIAN_POINT('',(16.,0.));
#14758 = VECTOR('',#14759,1.);
#14759 = DIRECTION('',(0.,-1.));
#14760 = ( GEOMETRIC_REPRESENTATION_CONTEXT(2) 
PARAMETRIC_REPRESENTATION_CONTEXT() REPRESENTATION_CONTEXT('2D SPACE',''
  ) );
#14761 = PCURVE('',#5234,#14762);
#14762 = DEFINITIONAL_REPRESENTATION('',(#14763),#14767);
#14763 = LINE('',#14764,#14765);
#14764 = CARTESIAN_POINT('',(0.,-0.));
#14765 = VECTOR('',#14766,1.);
#14766 = DIRECTION('',(0.,-1.));
#14767 = ( GEOMETRIC_REPRESENTATION_CONTEXT(2) 
PARAMETRIC_REPRESENTATION_CONTEXT() REPRESENTATION_CONTEXT('2D SPACE',''
  ) );
#14768 = ADVANCED_FACE('',(#14769),#5234,.T.);
#14769 = FACE_BOUND('',#14770,.T.);
#14770 = EDGE_LOOP('',(#14771,#14772,#14773,#14774));
#14771 = ORIENTED_EDGE('',*,*,#9556,.T.);
#14772 = ORIENTED_EDGE('',*,*,#14748,.T.);
#14773 = ORIENTED_EDGE('',*,*,#5221,.F.);
#14774 = ORIENTED_EDGE('',*,*,#14775,.F.);
#14775 = EDGE_CURVE('',#9536,#5196,#14776,.T.);
#14776 = SURFACE_CURVE('',#14777,(#14781,#14788),.PCURVE_S1.);
#14777 = LINE('',#14778,#14779);
#14778 = CARTESIAN_POINT('',(18.,68.,9.));
#14779 = VECTOR('',#14780,1.);
#14780 = DIRECTION('',(0.,0.,1.));
#14781 = PCURVE('',#5234,#14782);
#14782 = DEFINITIONAL_REPRESENTATION('',(#14783),#14787);
#14783 = LINE('',#14784,#14785);
#14784 = CARTESIAN_POINT('',(16.,0.));
#14785 = VECTOR('',#14786,1.);
#14786 = DIRECTION('',(0.,-1.));
#14787 = ( GEOMETRIC_REPRESENTATION_CONTEXT(2) 
PARAMETRIC_REPRESENTATION_CONTEXT() REPRESENTATION_CONTEXT('2D SPACE',''
  ) );
#14788 = PCURVE('',#5210,#14789);
#14789 = DEFINITIONAL_REPRESENTATION('',(#14790),#14794);
#14790 = LINE('',#14791,#14792);
#14791 = CARTESIAN_POINT('',(0.,0.));
#14792 = VECTOR('',#14793,1.);
#14793 = DIRECTION('',(0.,-1.));
#14794 = ( GEOMETRIC_REPRESENTATION_CONTEXT(2) 
PARAMETRIC_REPRESENTATION_CONTEXT() REPRESENTATION_CONTEXT('2D SPACE',''
  ) );
#14795 = ADVANCED_FACE('',(#14796),#5210,.T.);
#14796 = FACE_BOUND('',#14797,.T.);
#14797 = EDGE_LOOP('',(#14798,#14799,#14800,#14801));
#14798 = ORIENTED_EDGE('',*,*,#9535,.T.);
#14799 = ORIENTED_EDGE('',*,*,#14775,.T.);
#14800 = ORIENTED_EDGE('',*,*,#5195,.F.);
#14801 = ORIENTED_EDGE('',*,*,#14802,.F.);
#14802 = EDGE_CURVE('',#9515,#5170,#14803,.T.);
#14803 = SURFACE_CURVE('',#14804,(#14808,#14815),.PCURVE_S1.);
#14804 = LINE('',#14805,#14806);
#14805 = CARTESIAN_POINT('',(18.,52.,9.));
#14806 = VECTOR('',#14807,1.);
#14807 = DIRECTION('',(0.,0.,1.));
#14808 = PCURVE('',#5210,#14809);
#14809 = DEFINITIONAL_REPRESENTATION('',(#14810),#14814);
#14810 = LINE('',#14811,#14812);
#14811 = CARTESIAN_POINT('',(16.,0.));
#14812 = VECTOR('',#14813,1.);
#14813 = DIRECTION('',(0.,-1.));
#14814 = ( GEOMETRIC_REPRESENTATION_CONTEXT(2) 
PARAMETRIC_REPRESENTATION_CONTEXT() REPRESENTATION_CONTEXT('2D SPACE',''
  ) );
#14815 = PCURVE('',#5184,#14816);
#14816 = DEFINITIONAL_REPRESENTATION('',(#14817),#14821);
#14817 = LINE('',#14818,#14819);
#14818 = CARTESIAN_POINT('',(0.,0.));
#14819 = VECTOR('',#14820,1.);
#14820 = DIRECTION('',(0.,-1.));
#14821 = ( GEOMETRIC_REPRESENTATION_CONTEXT(2) 
PARAMETRIC_REPRESENTATION_CONTEXT() REPRESENTATION_CONTEXT('2D SPACE',''
  ) );
#14822 = ADVANCED_FACE('',(#14823),#5184,.T.);
#14823 = FACE_BOUND('',#14824,.T.);
#14824 = EDGE_LOOP('',(#14825,#14826,#14827,#14828));
#14825 = ORIENTED_EDGE('',*,*,#9514,.T.);
#14826 = ORIENTED_EDGE('',*,*,#14802,.T.);
#14827 = ORIENTED_EDGE('',*,*,#5169,.F.);
#14828 = ORIENTED_EDGE('',*,*,#14726,.F.);
#14829 = ADVANCED_FACE('',(#14830),#5264,.T.);
#14830 = FACE_BOUND('',#14831,.T.);
#14831 = EDGE_LOOP('',(#14832,#14833,#14854,#14855));
#14832 = ORIENTED_EDGE('',*,*,#9577,.T.);
#14833 = ORIENTED_EDGE('',*,*,#14834,.T.);
#14834 = EDGE_CURVE('',#9580,#5250,#14835,.T.);
#14835 = SURFACE_CURVE('',#14836,(#14840,#14847),.PCURVE_S1.);
#14836 = LINE('',#14837,#14838);
#14837 = CARTESIAN_POINT('',(4.,82.,9.));
#14838 = VECTOR('',#14839,1.);
#14839 = DIRECTION('',(0.,0.,1.));
#14840 = PCURVE('',#5264,#14841);
#14841 = DEFINITIONAL_REPRESENTATION('',(#14842),#14846);
#14842 = LINE('',#14843,#14844);
#14843 = CARTESIAN_POINT('',(0.,0.));
#14844 = VECTOR('',#14845,1.);
#14845 = DIRECTION('',(0.,-1.));
#14846 = ( GEOMETRIC_REPRESENTATION_CONTEXT(2) 
PARAMETRIC_REPRESENTATION_CONTEXT() REPRESENTATION_CONTEXT('2D SPACE',''
  ) );
#14847 = PCURVE('',#5290,#14848);
#14848 = DEFINITIONAL_REPRESENTATION('',(#14849),#14853);
#14849 = LINE('',#14850,#14851);
#14850 = CARTESIAN_POINT('',(16.,0.));
#14851 = VECTOR('',#14852,1.);
#14852 = DIRECTION('',(0.,-1.));
#14853 = ( GEOMETRIC_REPRESENTATION_CONTEXT(2) 
PARAMETRIC_REPRESENTATION_CONTEXT() REPRESENTATION_CONTEXT('2D SPACE',''
  ) );
#14854 = ORIENTED_EDGE('',*,*,#5247,.F.);
#14855 = ORIENTED_EDGE('',*,*,#14856,.F.);
#14856 = EDGE_CURVE('',#9578,#5248,#14857,.T.);
#14857 = SURFACE_CURVE('',#14858,(#14862,#14869),.PCURVE_S1.);
#14858 = LINE('',#14859,#14860);
#14859 = CARTESIAN_POINT('',(4.,98.,9.));
#14860 = VECTOR('',#14861,1.);
#14861 = DIRECTION('',(0.,0.,1.));
#14862 = PCURVE('',#5264,#14863);
#14863 = DEFINITIONAL_REPRESENTATION('',(#14864),#14868);
#14864 = LINE('',#14865,#14866);
#14865 = CARTESIAN_POINT('',(16.,0.));
#14866 = VECTOR('',#14867,1.);
#14867 = DIRECTION('',(0.,-1.));
#14868 = ( GEOMETRIC_REPRESENTATION_CONTEXT(2) 
PARAMETRIC_REPRESENTATION_CONTEXT() REPRESENTATION_CONTEXT('2D SPACE',''
  ) );
#14869 = PCURVE('',#5340,#14870);
#14870 = DEFINITIONAL_REPRESENTATION('',(#14871),#14875);
#14871 = LINE('',#14872,#14873);
#14872 = CARTESIAN_POINT('',(0.,-0.));
#14873 = VECTOR('',#14874,1.);
#14874 = DIRECTION('',(0.,-1.));
#14875 = ( GEOMETRIC_REPRESENTATION_CONTEXT(2) 
PARAMETRIC_REPRESENTATION_CONTEXT() REPRESENTATION_CONTEXT('2D SPACE',''
  ) );
#14876 = ADVANCED_FACE('',(#14877),#5340,.T.);
#14877 = FACE_BOUND('',#14878,.T.);
#14878 = EDGE_LOOP('',(#14879,#14880,#14881,#14882));
#14879 = ORIENTED_EDGE('',*,*,#9642,.T.);
#14880 = ORIENTED_EDGE('',*,*,#14856,.T.);
#14881 = ORIENTED_EDGE('',*,*,#5327,.F.);
#14882 = ORIENTED_EDGE('',*,*,#14883,.F.);
#14883 = EDGE_CURVE('',#9622,#5302,#14884,.T.);
#14884 = SURFACE_CURVE('',#14885,(#14889,#14896),.PCURVE_S1.);
#14885 = LINE('',#14886,#14887);
#14886 = CARTESIAN_POINT('',(-12.,98.,9.));
#14887 = VECTOR('',#14888,1.);
#14888 = DIRECTION('',(0.,0.,1.));
#14889 = PCURVE('',#5340,#14890);
#14890 = DEFINITIONAL_REPRESENTATION('',(#14891),#14895);
#14891 = LINE('',#14892,#14893);
#14892 = CARTESIAN_POINT('',(16.,0.));
#14893 = VECTOR('',#14894,1.);
#14894 = DIRECTION('',(0.,-1.));
#14895 = ( GEOMETRIC_REPRESENTATION_CONTEXT(2) 
PARAMETRIC_REPRESENTATION_CONTEXT() REPRESENTATION_CONTEXT('2D SPACE',''
  ) );
#14896 = PCURVE('',#5316,#14897);
#14897 = DEFINITIONAL_REPRESENTATION('',(#14898),#14902);
#14898 = LINE('',#14899,#14900);
#14899 = CARTESIAN_POINT('',(0.,0.));
#14900 = VECTOR('',#14901,1.);
#14901 = DIRECTION('',(0.,-1.));
#14902 = ( GEOMETRIC_REPRESENTATION_CONTEXT(2) 
PARAMETRIC_REPRESENTATION_CONTEXT() REPRESENTATION_CONTEXT('2D SPACE',''
  ) );
#14903 = ADVANCED_FACE('',(#14904),#5316,.T.);
#14904 = FACE_BOUND('',#14905,.T.);
#14905 = EDGE_LOOP('',(#14906,#14907,#14908,#14909));
#14906 = ORIENTED_EDGE('',*,*,#9621,.T.);
#14907 = ORIENTED_EDGE('',*,*,#14883,.T.);
#14908 = ORIENTED_EDGE('',*,*,#5301,.F.);
#14909 = ORIENTED_EDGE('',*,*,#14910,.F.);
#14910 = EDGE_CURVE('',#9601,#5276,#14911,.T.);
#14911 = SURFACE_CURVE('',#14912,(#14916,#14923),.PCURVE_S1.);
#14912 = LINE('',#14913,#14914);
#14913 = CARTESIAN_POINT('',(-12.,82.,9.));
#14914 = VECTOR('',#14915,1.);
#14915 = DIRECTION('',(0.,0.,1.));
#14916 = PCURVE('',#5316,#14917);
#14917 = DEFINITIONAL_REPRESENTATION('',(#14918),#14922);
#14918 = LINE('',#14919,#14920);
#14919 = CARTESIAN_POINT('',(16.,0.));
#14920 = VECTOR('',#14921,1.);
#14921 = DIRECTION('',(0.,-1.));
#14922 = ( GEOMETRIC_REPRESENTATION_CONTEXT(2) 
PARAMETRIC_REPRESENTATION_CONTEXT() REPRESENTATION_CONTEXT('2D SPACE',''
  ) );
#14923 = PCURVE('',#5290,#14924);
#14924 = DEFINITIONAL_REPRESENTATION('',(#14925),#14929);
#14925 = LINE('',#14926,#14927);
#14926 = CARTESIAN_POINT('',(0.,0.));
#14927 = VECTOR('',#14928,1.);
#14928 = DIRECTION('',(0.,-1.));
#14929 = ( GEOMETRIC_REPRESENTATION_CONTEXT(2) 
PARAMETRIC_REPRESENTATION_CONTEXT() REPRESENTATION_CONTEXT('2D SPACE',''
  ) );
#14930 = ADVANCED_FACE('',(#14931),#5290,.T.);
#14931 = FACE_BOUND('',#14932,.T.);
#14932 = EDGE_LOOP('',(#14933,#14934,#14935,#14936));
#14933 = ORIENTED_EDGE('',*,*,#9600,.T.);
#14934 = ORIENTED_EDGE('',*,*,#14910,.T.);
#14935 = ORIENTED_EDGE('',*,*,#5275,.F.);
#14936 = ORIENTED_EDGE('',*,*,#14834,.F.);
#14937 = ADVANCED_FACE('',(#14938),#5370,.T.);
#14938 = FACE_BOUND('',#14939,.T.);
#14939 = EDGE_LOOP('',(#14940,#14941,#14962,#14963));
#14940 = ORIENTED_EDGE('',*,*,#9663,.T.);
#14941 = ORIENTED_EDGE('',*,*,#14942,.T.);
#14942 = EDGE_CURVE('',#9666,#5356,#14943,.T.);
#14943 = SURFACE_CURVE('',#14944,(#14948,#14955),.PCURVE_S1.);
#14944 = LINE('',#14945,#14946);
#14945 = CARTESIAN_POINT('',(34.,82.,9.));
#14946 = VECTOR('',#14947,1.);
#14947 = DIRECTION('',(0.,0.,1.));
#14948 = PCURVE('',#5370,#14949);
#14949 = DEFINITIONAL_REPRESENTATION('',(#14950),#14954);
#14950 = LINE('',#14951,#14952);
#14951 = CARTESIAN_POINT('',(0.,0.));
#14952 = VECTOR('',#14953,1.);
#14953 = DIRECTION('',(0.,-1.));
#14954 = ( GEOMETRIC_REPRESENTATION_CONTEXT(2) 
PARAMETRIC_REPRESENTATION_CONTEXT() REPRESENTATION_CONTEXT('2D SPACE',''
  ) );
#14955 = PCURVE('',#5396,#14956);
#14956 = DEFINITIONAL_REPRESENTATION('',(#14957),#14961);
#14957 = LINE('',#14958,#14959);
#14958 = CARTESIAN_POINT('',(16.,0.));
#14959 = VECTOR('',#14960,1.);
#14960 = DIRECTION('',(0.,-1.));
#14961 = ( GEOMETRIC_REPRESENTATION_CONTEXT(2) 
PARAMETRIC_REPRESENTATION_CONTEXT() REPRESENTATION_CONTEXT('2D SPACE',''
  ) );
#14962 = ORIENTED_EDGE('',*,*,#5353,.F.);
#14963 = ORIENTED_EDGE('',*,*,#14964,.F.);
#14964 = EDGE_CURVE('',#9664,#5354,#14965,.T.);
#14965 = SURFACE_CURVE('',#14966,(#14970,#14977),.PCURVE_S1.);
#14966 = LINE('',#14967,#14968);
#14967 = CARTESIAN_POINT('',(34.,98.,9.));
#14968 = VECTOR('',#14969,1.);
#14969 = DIRECTION('',(0.,0.,1.));
#14970 = PCURVE('',#5370,#14971);
#14971 = DEFINITIONAL_REPRESENTATION('',(#14972),#14976);
#14972 = LINE('',#14973,#14974);
#14973 = CARTESIAN_POINT('',(16.,0.));
#14974 = VECTOR('',#14975,1.);
#14975 = DIRECTION('',(0.,-1.));
#14976 = ( GEOMETRIC_REPRESENTATION_CONTEXT(2) 
PARAMETRIC_REPRESENTATION_CONTEXT() REPRESENTATION_CONTEXT('2D SPACE',''
  ) );
#14977 = PCURVE('',#5446,#14978);
#14978 = DEFINITIONAL_REPRESENTATION('',(#14979),#14983);
#14979 = LINE('',#14980,#14981);
#14980 = CARTESIAN_POINT('',(0.,-0.));
#14981 = VECTOR('',#14982,1.);
#14982 = DIRECTION('',(0.,-1.));
#14983 = ( GEOMETRIC_REPRESENTATION_CONTEXT(2) 
PARAMETRIC_REPRESENTATION_CONTEXT() REPRESENTATION_CONTEXT('2D SPACE',''
  ) );
#14984 = ADVANCED_FACE('',(#14985),#5446,.T.);
#14985 = FACE_BOUND('',#14986,.T.);
#14986 = EDGE_LOOP('',(#14987,#14988,#14989,#14990));
#14987 = ORIENTED_EDGE('',*,*,#9728,.T.);
#14988 = ORIENTED_EDGE('',*,*,#14964,.T.);
#14989 = ORIENTED_EDGE('',*,*,#5433,.F.);
#14990 = ORIENTED_EDGE('',*,*,#14991,.F.);
#14991 = EDGE_CURVE('',#9708,#5408,#14992,.T.);
#14992 = SURFACE_CURVE('',#14993,(#14997,#15004),.PCURVE_S1.);
#14993 = LINE('',#14994,#14995);
#14994 = CARTESIAN_POINT('',(18.,98.,9.));
#14995 = VECTOR('',#14996,1.);
#14996 = DIRECTION('',(0.,0.,1.));
#14997 = PCURVE('',#5446,#14998);
#14998 = DEFINITIONAL_REPRESENTATION('',(#14999),#15003);
#14999 = LINE('',#15000,#15001);
#15000 = CARTESIAN_POINT('',(16.,0.));
#15001 = VECTOR('',#15002,1.);
#15002 = DIRECTION('',(0.,-1.));
#15003 = ( GEOMETRIC_REPRESENTATION_CONTEXT(2) 
PARAMETRIC_REPRESENTATION_CONTEXT() REPRESENTATION_CONTEXT('2D SPACE',''
  ) );
#15004 = PCURVE('',#5422,#15005);
#15005 = DEFINITIONAL_REPRESENTATION('',(#15006),#15010);
#15006 = LINE('',#15007,#15008);
#15007 = CARTESIAN_POINT('',(0.,0.));
#15008 = VECTOR('',#15009,1.);
#15009 = DIRECTION('',(0.,-1.));
#15010 = ( GEOMETRIC_REPRESENTATION_CONTEXT(2) 
PARAMETRIC_REPRESENTATION_CONTEXT() REPRESENTATION_CONTEXT('2D SPACE',''
  ) );
#15011 = ADVANCED_FACE('',(#15012),#5422,.T.);
#15012 = FACE_BOUND('',#15013,.T.);
#15013 = EDGE_LOOP('',(#15014,#15015,#15016,#15017));
#15014 = ORIENTED_EDGE('',*,*,#9707,.T.);
#15015 = ORIENTED_EDGE('',*,*,#14991,.T.);
#15016 = ORIENTED_EDGE('',*,*,#5407,.F.);
#15017 = ORIENTED_EDGE('',*,*,#15018,.F.);
#15018 = EDGE_CURVE('',#9687,#5382,#15019,.T.);
#15019 = SURFACE_CURVE('',#15020,(#15024,#15031),.PCURVE_S1.);
#15020 = LINE('',#15021,#15022);
#15021 = CARTESIAN_POINT('',(18.,82.,9.));
#15022 = VECTOR('',#15023,1.);
#15023 = DIRECTION('',(0.,0.,1.));
#15024 = PCURVE('',#5422,#15025);
#15025 = DEFINITIONAL_REPRESENTATION('',(#15026),#15030);
#15026 = LINE('',#15027,#15028);
#15027 = CARTESIAN_POINT('',(16.,0.));
#15028 = VECTOR('',#15029,1.);
#15029 = DIRECTION('',(0.,-1.));
#15030 = ( GEOMETRIC_REPRESENTATION_CONTEXT(2) 
PARAMETRIC_REPRESENTATION_CONTEXT() REPRESENTATION_CONTEXT('2D SPACE',''
  ) );
#15031 = PCURVE('',#5396,#15032);
#15032 = DEFINITIONAL_REPRESENTATION('',(#15033),#15037);
#15033 = LINE('',#15034,#15035);
#15034 = CARTESIAN_POINT('',(0.,0.));
#15035 = VECTOR('',#15036,1.);
#15036 = DIRECTION('',(0.,-1.));
#15037 = ( GEOMETRIC_REPRESENTATION_CONTEXT(2) 
PARAMETRIC_REPRESENTATION_CONTEXT() REPRESENTATION_CONTEXT('2D SPACE',''
  ) );
#15038 = ADVANCED_FACE('',(#15039),#5396,.T.);
#15039 = FACE_BOUND('',#15040,.T.);
#15040 = EDGE_LOOP('',(#15041,#15042,#15043,#15044));
#15041 = ORIENTED_EDGE('',*,*,#9686,.T.);
#15042 = ORIENTED_EDGE('',*,*,#15018,.T.);
#15043 = ORIENTED_EDGE('',*,*,#5381,.F.);
#15044 = ORIENTED_EDGE('',*,*,#14942,.F.);
#15045 = ( GEOMETRIC_REPRESENTATION_CONTEXT(3) 
GLOBAL_UNCERTAINTY_ASSIGNED_CONTEXT((#15049)) 
GLOBAL_UNIT_ASSIGNED_CONTEXT((#15046,#15047,#15048)) 
REPRESENTATION_CONTEXT('Context #1',
  '3D Context with UNIT and UNCERTAINTY') );
#15046 = ( LENGTH_UNIT() NAMED_UNIT(*) SI_UNIT(.MILLI.,.METRE.) );
#15047 = ( NAMED_UNIT(*) PLANE_ANGLE_UNIT() SI_UNIT($,.RADIAN.) );
#15048 = ( NAMED_UNIT(*) SI_UNIT($,.STERADIAN.) SOLID_ANGLE_UNIT() );
#15049 = UNCERTAINTY_MEASURE_WITH_UNIT(LENGTH_MEASURE(2.E-07),#15046,
  'distance_accuracy_value','confusion accuracy');
#15050 = PRODUCT_RELATED_PRODUCT_CATEGORY('part',$,(#7));
ENDSEC;
END-ISO-10303-21;
