ISO-10303-21;
HEADER;
/* Generated by software containing ST-Developer
 * from STEP Tools, Inc. (www.steptools.com) 
 */

FILE_DESCRIPTION(
/* description */ (''),
/* implementation_level */ '2;1');

FILE_NAME(
/* name */ 'myoelectric hand hhh.step',
/* time_stamp */ '2024-09-03T00:07:17+05:30',
/* author */ (''),
/* organization */ (''),
/* preprocessor_version */ 'ST-DEVELOPER v20',
/* originating_system */ 'Autodesk Translation Framework v13.14.0.145',

/* authorisation */ '');

FILE_SCHEMA (('AUTOMOTIVE_DESIGN { 1 0 10303 214 3 1 1 }'));
ENDSEC;

DATA;
#10=MECHANICAL_DESIGN_GEOMETRIC_PRESENTATION_REPRESENTATION('',(#31,#32,
#33,#34,#35,#36,#37,#38),#3040);
#11=ITEM_DEFINED_TRANSFORMATION($,$,#1559,#1776);
#12=ITEM_DEFINED_TRANSFORMATION($,$,#1685,#1777);
#13=ITEM_DEFINED_TRANSFORMATION($,$,#1693,#1778);
#14=ITEM_DEFINED_TRANSFORMATION($,$,#1739,#1779);
#15=ITEM_DEFINED_TRANSFORMATION($,$,#1756,#1780);
#16=(
REPRESENTATION_RELATIONSHIP($,$,#3063,#3062)
REPRESENTATION_RELATIONSHIP_WITH_TRANSFORMATION(#11)
SHAPE_REPRESENTATION_RELATIONSHIP()
);
#17=(
REPRESENTATION_RELATIONSHIP($,$,#3064,#3062)
REPRESENTATION_RELATIONSHIP_WITH_TRANSFORMATION(#12)
SHAPE_REPRESENTATION_RELATIONSHIP()
);
#18=(
REPRESENTATION_RELATIONSHIP($,$,#3065,#3062)
REPRESENTATION_RELATIONSHIP_WITH_TRANSFORMATION(#13)
SHAPE_REPRESENTATION_RELATIONSHIP()
);
#19=(
REPRESENTATION_RELATIONSHIP($,$,#3066,#3062)
REPRESENTATION_RELATIONSHIP_WITH_TRANSFORMATION(#14)
SHAPE_REPRESENTATION_RELATIONSHIP()
);
#20=(
REPRESENTATION_RELATIONSHIP($,$,#3067,#3062)
REPRESENTATION_RELATIONSHIP_WITH_TRANSFORMATION(#15)
SHAPE_REPRESENTATION_RELATIONSHIP()
);
#21=CONTEXT_DEPENDENT_SHAPE_REPRESENTATION(#16,#3057);
#22=CONTEXT_DEPENDENT_SHAPE_REPRESENTATION(#17,#3058);
#23=CONTEXT_DEPENDENT_SHAPE_REPRESENTATION(#18,#3059);
#24=CONTEXT_DEPENDENT_SHAPE_REPRESENTATION(#19,#3060);
#25=CONTEXT_DEPENDENT_SHAPE_REPRESENTATION(#20,#3061);
#26=NEXT_ASSEMBLY_USAGE_OCCURRENCE('Component75 (1):1',
'Component75 (1):1','Component75 (1):1',#3069,#3070,'Component75 (1):1');
#27=NEXT_ASSEMBLY_USAGE_OCCURRENCE('Component76:1','Component76:1',
'Component76:1',#3069,#3071,'Component76:1');
#28=NEXT_ASSEMBLY_USAGE_OCCURRENCE('Component77:1','Component77:1',
'Component77:1',#3069,#3072,'Component77:1');
#29=NEXT_ASSEMBLY_USAGE_OCCURRENCE('Component78:1','Component78:1',
'Component78:1',#3069,#3073,'Component78:1');
#30=NEXT_ASSEMBLY_USAGE_OCCURRENCE('Component79:1','Component79:1',
'Component79:1',#3069,#3074,'Component79:1');
#31=STYLED_ITEM('',(#3096),#1494);
#32=STYLED_ITEM('',(#3096),#1495);
#33=STYLED_ITEM('',(#3096),#1496);
#34=STYLED_ITEM('',(#3096),#1497);
#35=STYLED_ITEM('',(#3096),#1498);
#36=STYLED_ITEM('',(#3096),#1499);
#37=STYLED_ITEM('',(#3096),#1500);
#38=STYLED_ITEM('',(#3096),#1501);
#39=TOROIDAL_SURFACE('',#1577,7.25,0.5);
#40=TOROIDAL_SURFACE('',#1582,7.25,0.5);
#41=TOROIDAL_SURFACE('',#1588,7.5,0.5);
#42=TOROIDAL_SURFACE('',#1593,7.5,0.5);
#43=TOROIDAL_SURFACE('',#1596,6.5,0.5);
#44=TOROIDAL_SURFACE('',#1599,6.5,0.5);
#45=TOROIDAL_SURFACE('',#1609,16.5,0.5);
#46=TOROIDAL_SURFACE('',#1612,16.5,0.5);
#47=TOROIDAL_SURFACE('',#1622,16.5,0.5);
#48=TOROIDAL_SURFACE('',#1625,16.5,0.5);
#49=TOROIDAL_SURFACE('',#1635,16.5,0.5);
#50=TOROIDAL_SURFACE('',#1640,16.5,0.5);
#51=TOROIDAL_SURFACE('',#1648,1.5,0.5);
#52=TOROIDAL_SURFACE('',#1651,1.5,0.5);
#53=TOROIDAL_SURFACE('',#1661,1.5,0.5);
#54=TOROIDAL_SURFACE('',#1664,1.5,0.5);
#55=TOROIDAL_SURFACE('',#1673,15.5,0.5);
#56=TOROIDAL_SURFACE('',#1678,15.5,0.5);
#57=TOROIDAL_SURFACE('',#1704,6.5,0.5);
#58=TOROIDAL_SURFACE('',#1710,4.5,0.5);
#59=TOROIDAL_SURFACE('',#1715,19.5,0.5);
#60=TOROIDAL_SURFACE('',#1720,1.5,0.5);
#61=TOROIDAL_SURFACE('',#1725,1.5,0.5);
#62=TOROIDAL_SURFACE('',#1730,20.5,0.5);
#63=TOROIDAL_SURFACE('',#1735,6.5,0.5);
#64=TOROIDAL_SURFACE('',#1766,23.5,1.5);
#65=B_SPLINE_CURVE_WITH_KNOTS('',3,(#2358,#2359,#2360,#2361,#2362,#2363,
#2364,#2365,#2366,#2367,#2368,#2369),.UNSPECIFIED.,.F.,.F.,(4,2,2,2,2,4),
(-0.157091158023838,-0.156593137557399,-0.136891074663856,-0.117356404810371,
-0.0978255414010775,-0.0782965687788312),.UNSPECIFIED.);
#66=B_SPLINE_CURVE_WITH_KNOTS('',3,(#2381,#2382,#2383,#2384,#2385,#2386,
#2387,#2388,#2389,#2390,#2391,#2392),.UNSPECIFIED.,.F.,.F.,(4,2,2,2,2,4),
(-0.000498020466081221,0.,0.0197020628936788,0.0392367327470766,0.0587675961562748,
0.0782965687784261),.UNSPECIFIED.);
#67=B_SPLINE_CURVE_WITH_KNOTS('',3,(#2407,#2408,#2409,#2410,#2411,#2412,
#2413,#2414,#2415,#2416,#2417,#2418,#2419,#2420,#2421,#2422,#2423,#2424,
#2425,#2426,#2427,#2428,#2429,#2430,#2431,#2432,#2433,#2434,#2435,#2436,
#2437),.UNSPECIFIED.,.F.,.F.,(4,3,3,3,3,3,3,3,3,3,4),(0.,0.158186182429651,
0.316365072602661,0.474610412962237,0.632832746718551,0.791035179831492,
0.949220814150411,1.10746440901092,1.26566553758628,1.42390568333425,1.57079637349236),
 .UNSPECIFIED.);
#68=B_SPLINE_CURVE_WITH_KNOTS('',3,(#2442,#2443,#2444,#2445,#2446,#2447,
#2448,#2449,#2450,#2451,#2452,#2453,#2454,#2455,#2456,#2457,#2458,#2459,
#2460,#2461,#2462,#2463,#2464,#2465,#2466,#2467,#2468,#2469,#2470,#2471,
#2472),.UNSPECIFIED.,.F.,.F.,(4,3,3,3,3,3,3,3,3,3,4),(0.,0.158186177815144,
0.316365063844176,0.474610401451259,0.632832733605656,0.79103516638793,
0.949220801671491,1.10746439934273,1.26566553153496,1.42390568177876,1.57079637349236),
 .UNSPECIFIED.);
#69=B_SPLINE_CURVE_WITH_KNOTS('',3,(#2833,#2834,#2835,#2836,#2837,#2838,
#2839,#2840,#2841,#2842,#2843,#2844,#2845,#2846,#2847,#2848),
 .UNSPECIFIED.,.F.,.F.,(4,2,2,2,2,2,2,4),(0.,0.0558842675798205,0.0963160532467649,
0.136352900613621,0.178176323706359,0.223252651124028,0.251774600366812,
0.27988878745527),.UNSPECIFIED.);
#70=B_SPLINE_CURVE_WITH_KNOTS('',3,(#2850,#2851,#2852,#2853,#2854,#2855,
#2856,#2857,#2858,#2859,#2860,#2861),.UNSPECIFIED.,.F.,.F.,(4,2,2,2,2,4),
(0.118036799223314,0.142939010693953,0.190594600771374,0.238227729719604,
0.285860858667834,0.313305263312533),.UNSPECIFIED.);
#71=B_SPLINE_CURVE_WITH_KNOTS('',3,(#2863,#2864,#2865,#2866,#2867,#2868,
#2869,#2870,#2871,#2872,#2873,#2874,#2875,#2876),.UNSPECIFIED.,.F.,.F.,
(4,2,2,2,2,2,4),(0.,0.0474175161894207,0.0955271944707078,0.146943157900059,
0.202998384622327,0.230705497699423,0.261995330347623),.UNSPECIFIED.);
#72=B_SPLINE_CURVE_WITH_KNOTS('',3,(#2878,#2879,#2880,#2881),
 .UNSPECIFIED.,.F.,.F.,(4,4),(0.658992231668017,0.668285471235394),
 .UNSPECIFIED.);
#73=B_SPLINE_CURVE_WITH_KNOTS('',3,(#2882,#2883,#2884,#2885,#2886,#2887,
#2888,#2889),.UNSPECIFIED.,.F.,.F.,(4,2,2,4),(0.668285471235394,0.697651674044496,
0.755811412622827,0.789719763847483),.UNSPECIFIED.);
#74=B_SPLINE_CURVE_WITH_KNOTS('',3,(#2892,#2893,#2894,#2895,#2896,#2897,
#2898,#2899,#2900,#2901,#2902,#2903,#2904,#2905,#2906,#2907),
 .UNSPECIFIED.,.F.,.F.,(4,2,2,2,2,2,2,4),(0.,0.0558842675798483,0.0963160532467789,
0.136352900613619,0.178176323706342,0.223252651123994,0.251774600366756,
0.279888787455188),.UNSPECIFIED.);
#75=B_SPLINE_CURVE_WITH_KNOTS('',3,(#2909,#2910,#2911,#2912,#2913,#2914,
#2915,#2916,#2917,#2918,#2919,#2920),.UNSPECIFIED.,.F.,.F.,(4,2,2,2,2,4),
(0.118036799223311,0.142939010693953,0.190594600771373,0.238227729719603,
0.285860858667833,0.313305263312535),.UNSPECIFIED.);
#76=B_SPLINE_CURVE_WITH_KNOTS('',3,(#2922,#2923,#2924,#2925,#2926,#2927,
#2928,#2929,#2930,#2931,#2932,#2933,#2934,#2935),.UNSPECIFIED.,.F.,.F.,
(4,2,2,2,2,2,4),(0.,0.0474175161894273,0.0955271944707001,0.146943157900033,
0.202998384622272,0.230705497699367,0.261995330347581),.UNSPECIFIED.);
#77=B_SPLINE_CURVE_WITH_KNOTS('',3,(#2937,#2938,#2939,#2940),
 .UNSPECIFIED.,.F.,.F.,(4,4),(-0.27125912426566,-0.261965884698284),
 .UNSPECIFIED.);
#78=B_SPLINE_CURVE_WITH_KNOTS('',3,(#2941,#2942,#2943,#2944,#2945,#2946,
#2947,#2948),.UNSPECIFIED.,.F.,.F.,(4,2,2,4),(-0.261965884698284,-0.232599681889186,
-0.174439943310854,-0.14053159208625),.UNSPECIFIED.);
#79=B_SPLINE_CURVE_WITH_KNOTS('',3,(#2951,#2952,#2953,#2954,#2955,#2956,
#2957,#2958,#2959,#2960,#2961,#2962,#2963,#2964,#2965,#2966),
 .UNSPECIFIED.,.F.,.F.,(4,2,2,2,2,2,2,4),(0.,0.0558842675798396,0.0963160532467718,
0.136352900613622,0.178176323706348,0.223252651124003,0.251774600366783,
0.279888787455187),.UNSPECIFIED.);
#80=B_SPLINE_CURVE_WITH_KNOTS('',3,(#2968,#2969,#2970,#2971,#2972,#2973,
#2974,#2975,#2976,#2977,#2978,#2979),.UNSPECIFIED.,.F.,.F.,(4,2,2,2,2,4),
(0.118036799223316,0.142939010693953,0.190594600771374,0.238227729719604,
0.285860858667834,0.313305263312555),.UNSPECIFIED.);
#81=B_SPLINE_CURVE_WITH_KNOTS('',3,(#2981,#2982,#2983,#2984,#2985,#2986,
#2987,#2988,#2989,#2990,#2991,#2992,#2993,#2994),.UNSPECIFIED.,.F.,.F.,
(4,2,2,2,2,2,4),(0.,0.0474175161894264,0.095527194470706,0.146943157900053,
0.202998384622298,0.230705497699407,0.261995330347659),.UNSPECIFIED.);
#82=B_SPLINE_CURVE_WITH_KNOTS('',3,(#2996,#2997,#2998,#2999),
 .UNSPECIFIED.,.F.,.F.,(4,4),(-0.271259124265684,-0.261965884698308),
 .UNSPECIFIED.);
#83=B_SPLINE_CURVE_WITH_KNOTS('',3,(#3000,#3001,#3002,#3003,#3004,#3005,
#3006,#3007),.UNSPECIFIED.,.F.,.F.,(4,2,2,4),(-0.261965884698308,-0.23259968188921,
-0.174439943310871,-0.140531592086232),.UNSPECIFIED.);
#84=CYLINDRICAL_SURFACE('',#1572,0.5);
#85=CYLINDRICAL_SURFACE('',#1575,0.5);
#86=CYLINDRICAL_SURFACE('',#1580,7.75);
#87=CYLINDRICAL_SURFACE('',#1585,0.5);
#88=CYLINDRICAL_SURFACE('',#1586,0.5);
#89=CYLINDRICAL_SURFACE('',#1591,8.);
#90=CYLINDRICAL_SURFACE('',#1603,7.);
#91=CYLINDRICAL_SURFACE('',#1604,0.5);
#92=CYLINDRICAL_SURFACE('',#1606,0.5);
#93=CYLINDRICAL_SURFACE('',#1616,16.);
#94=CYLINDRICAL_SURFACE('',#1617,0.5);
#95=CYLINDRICAL_SURFACE('',#1619,0.5);
#96=CYLINDRICAL_SURFACE('',#1629,16.);
#97=CYLINDRICAL_SURFACE('',#1630,0.5);
#98=CYLINDRICAL_SURFACE('',#1632,0.5);
#99=CYLINDRICAL_SURFACE('',#1638,16.);
#100=CYLINDRICAL_SURFACE('',#1643,0.5);
#101=CYLINDRICAL_SURFACE('',#1645,0.5);
#102=CYLINDRICAL_SURFACE('',#1655,2.);
#103=CYLINDRICAL_SURFACE('',#1656,0.5);
#104=CYLINDRICAL_SURFACE('',#1658,0.5);
#105=CYLINDRICAL_SURFACE('',#1668,2.);
#106=CYLINDRICAL_SURFACE('',#1669,0.5);
#107=CYLINDRICAL_SURFACE('',#1671,0.5);
#108=CYLINDRICAL_SURFACE('',#1676,0.5);
#109=CYLINDRICAL_SURFACE('',#1683,0.5);
#110=CYLINDRICAL_SURFACE('',#1684,16.);
#111=CYLINDRICAL_SURFACE('',#1708,0.5);
#112=CYLINDRICAL_SURFACE('',#1713,0.5);
#113=CYLINDRICAL_SURFACE('',#1718,0.5);
#114=CYLINDRICAL_SURFACE('',#1723,0.5);
#115=CYLINDRICAL_SURFACE('',#1728,0.5);
#116=CYLINDRICAL_SURFACE('',#1733,0.5);
#117=CYLINDRICAL_SURFACE('',#1738,0.5);
#118=CYLINDRICAL_SURFACE('',#1757,22.);
#119=CYLINDRICAL_SURFACE('',#1763,25.);
#120=FACE_BOUND('',#219,.T.);
#121=FACE_BOUND('',#220,.T.);
#122=FACE_BOUND('',#276,.T.);
#123=FACE_BOUND('',#277,.T.);
#124=FACE_BOUND('',#279,.T.);
#125=FACE_BOUND('',#280,.T.);
#126=FACE_BOUND('',#296,.T.);
#127=FACE_BOUND('',#297,.T.);
#128=FACE_BOUND('',#298,.T.);
#129=FACE_BOUND('',#299,.T.);
#130=FACE_BOUND('',#300,.T.);
#131=FACE_BOUND('',#301,.T.);
#132=FACE_BOUND('',#304,.T.);
#133=FACE_BOUND('',#305,.T.);
#134=FACE_BOUND('',#307,.T.);
#135=FACE_BOUND('',#308,.T.);
#136=FACE_BOUND('',#309,.T.);
#137=FACE_BOUND('',#312,.T.);
#138=FACE_OUTER_BOUND('',#218,.T.);
#139=FACE_OUTER_BOUND('',#221,.T.);
#140=FACE_OUTER_BOUND('',#222,.T.);
#141=FACE_OUTER_BOUND('',#223,.T.);
#142=FACE_OUTER_BOUND('',#224,.T.);
#143=FACE_OUTER_BOUND('',#225,.T.);
#144=FACE_OUTER_BOUND('',#226,.T.);
#145=FACE_OUTER_BOUND('',#227,.T.);
#146=FACE_OUTER_BOUND('',#228,.T.);
#147=FACE_OUTER_BOUND('',#229,.T.);
#148=FACE_OUTER_BOUND('',#230,.T.);
#149=FACE_OUTER_BOUND('',#231,.T.);
#150=FACE_OUTER_BOUND('',#232,.T.);
#151=FACE_OUTER_BOUND('',#233,.T.);
#152=FACE_OUTER_BOUND('',#234,.T.);
#153=FACE_OUTER_BOUND('',#235,.T.);
#154=FACE_OUTER_BOUND('',#236,.T.);
#155=FACE_OUTER_BOUND('',#237,.T.);
#156=FACE_OUTER_BOUND('',#238,.T.);
#157=FACE_OUTER_BOUND('',#239,.T.);
#158=FACE_OUTER_BOUND('',#240,.T.);
#159=FACE_OUTER_BOUND('',#241,.T.);
#160=FACE_OUTER_BOUND('',#242,.T.);
#161=FACE_OUTER_BOUND('',#243,.T.);
#162=FACE_OUTER_BOUND('',#244,.T.);
#163=FACE_OUTER_BOUND('',#245,.T.);
#164=FACE_OUTER_BOUND('',#246,.T.);
#165=FACE_OUTER_BOUND('',#247,.T.);
#166=FACE_OUTER_BOUND('',#248,.T.);
#167=FACE_OUTER_BOUND('',#249,.T.);
#168=FACE_OUTER_BOUND('',#250,.T.);
#169=FACE_OUTER_BOUND('',#251,.T.);
#170=FACE_OUTER_BOUND('',#252,.T.);
#171=FACE_OUTER_BOUND('',#253,.T.);
#172=FACE_OUTER_BOUND('',#254,.T.);
#173=FACE_OUTER_BOUND('',#255,.T.);
#174=FACE_OUTER_BOUND('',#256,.T.);
#175=FACE_OUTER_BOUND('',#257,.T.);
#176=FACE_OUTER_BOUND('',#258,.T.);
#177=FACE_OUTER_BOUND('',#259,.T.);
#178=FACE_OUTER_BOUND('',#260,.T.);
#179=FACE_OUTER_BOUND('',#261,.T.);
#180=FACE_OUTER_BOUND('',#262,.T.);
#181=FACE_OUTER_BOUND('',#263,.T.);
#182=FACE_OUTER_BOUND('',#264,.T.);
#183=FACE_OUTER_BOUND('',#265,.T.);
#184=FACE_OUTER_BOUND('',#266,.T.);
#185=FACE_OUTER_BOUND('',#267,.T.);
#186=FACE_OUTER_BOUND('',#268,.T.);
#187=FACE_OUTER_BOUND('',#269,.T.);
#188=FACE_OUTER_BOUND('',#270,.T.);
#189=FACE_OUTER_BOUND('',#271,.T.);
#190=FACE_OUTER_BOUND('',#272,.T.);
#191=FACE_OUTER_BOUND('',#273,.T.);
#192=FACE_OUTER_BOUND('',#274,.T.);
#193=FACE_OUTER_BOUND('',#275,.T.);
#194=FACE_OUTER_BOUND('',#278,.T.);
#195=FACE_OUTER_BOUND('',#281,.T.);
#196=FACE_OUTER_BOUND('',#282,.T.);
#197=FACE_OUTER_BOUND('',#283,.T.);
#198=FACE_OUTER_BOUND('',#284,.T.);
#199=FACE_OUTER_BOUND('',#285,.T.);
#200=FACE_OUTER_BOUND('',#286,.T.);
#201=FACE_OUTER_BOUND('',#287,.T.);
#202=FACE_OUTER_BOUND('',#288,.T.);
#203=FACE_OUTER_BOUND('',#289,.T.);
#204=FACE_OUTER_BOUND('',#290,.T.);
#205=FACE_OUTER_BOUND('',#291,.T.);
#206=FACE_OUTER_BOUND('',#292,.T.);
#207=FACE_OUTER_BOUND('',#293,.T.);
#208=FACE_OUTER_BOUND('',#294,.T.);
#209=FACE_OUTER_BOUND('',#295,.T.);
#210=FACE_OUTER_BOUND('',#302,.T.);
#211=FACE_OUTER_BOUND('',#303,.T.);
#212=FACE_OUTER_BOUND('',#306,.T.);
#213=FACE_OUTER_BOUND('',#310,.T.);
#214=FACE_OUTER_BOUND('',#311,.T.);
#215=FACE_OUTER_BOUND('',#313,.T.);
#216=FACE_OUTER_BOUND('',#314,.T.);
#217=FACE_OUTER_BOUND('',#315,.T.);
#218=EDGE_LOOP('',(#1011,#1012,#1013,#1014,#1015,#1016,#1017,#1018,#1019,
#1020,#1021,#1022,#1023,#1024,#1025,#1026,#1027,#1028));
#219=EDGE_LOOP('',(#1029));
#220=EDGE_LOOP('',(#1030));
#221=EDGE_LOOP('',(#1031,#1032,#1033,#1034));
#222=EDGE_LOOP('',(#1035,#1036,#1037,#1038));
#223=EDGE_LOOP('',(#1039,#1040,#1041,#1042));
#224=EDGE_LOOP('',(#1043,#1044,#1045,#1046));
#225=EDGE_LOOP('',(#1047,#1048,#1049,#1050));
#226=EDGE_LOOP('',(#1051,#1052,#1053,#1054));
#227=EDGE_LOOP('',(#1055,#1056,#1057,#1058));
#228=EDGE_LOOP('',(#1059,#1060,#1061,#1062));
#229=EDGE_LOOP('',(#1063,#1064,#1065,#1066));
#230=EDGE_LOOP('',(#1067,#1068,#1069,#1070));
#231=EDGE_LOOP('',(#1071,#1072,#1073,#1074));
#232=EDGE_LOOP('',(#1075,#1076,#1077,#1078));
#233=EDGE_LOOP('',(#1079,#1080,#1081,#1082));
#234=EDGE_LOOP('',(#1083,#1084,#1085,#1086));
#235=EDGE_LOOP('',(#1087,#1088,#1089,#1090));
#236=EDGE_LOOP('',(#1091,#1092,#1093,#1094));
#237=EDGE_LOOP('',(#1095,#1096,#1097,#1098));
#238=EDGE_LOOP('',(#1099,#1100,#1101,#1102));
#239=EDGE_LOOP('',(#1103,#1104,#1105,#1106));
#240=EDGE_LOOP('',(#1107,#1108,#1109,#1110));
#241=EDGE_LOOP('',(#1111,#1112,#1113,#1114));
#242=EDGE_LOOP('',(#1115,#1116,#1117,#1118));
#243=EDGE_LOOP('',(#1119,#1120,#1121,#1122));
#244=EDGE_LOOP('',(#1123,#1124,#1125,#1126));
#245=EDGE_LOOP('',(#1127,#1128,#1129,#1130));
#246=EDGE_LOOP('',(#1131,#1132,#1133,#1134));
#247=EDGE_LOOP('',(#1135,#1136,#1137,#1138));
#248=EDGE_LOOP('',(#1139,#1140,#1141,#1142));
#249=EDGE_LOOP('',(#1143,#1144,#1145,#1146));
#250=EDGE_LOOP('',(#1147,#1148,#1149,#1150));
#251=EDGE_LOOP('',(#1151,#1152,#1153,#1154));
#252=EDGE_LOOP('',(#1155,#1156,#1157,#1158));
#253=EDGE_LOOP('',(#1159,#1160,#1161,#1162));
#254=EDGE_LOOP('',(#1163,#1164,#1165,#1166));
#255=EDGE_LOOP('',(#1167,#1168,#1169,#1170));
#256=EDGE_LOOP('',(#1171,#1172,#1173,#1174));
#257=EDGE_LOOP('',(#1175,#1176,#1177,#1178));
#258=EDGE_LOOP('',(#1179,#1180,#1181,#1182));
#259=EDGE_LOOP('',(#1183,#1184,#1185,#1186));
#260=EDGE_LOOP('',(#1187,#1188,#1189,#1190));
#261=EDGE_LOOP('',(#1191,#1192,#1193,#1194));
#262=EDGE_LOOP('',(#1195,#1196,#1197,#1198));
#263=EDGE_LOOP('',(#1199,#1200,#1201,#1202));
#264=EDGE_LOOP('',(#1203,#1204,#1205,#1206));
#265=EDGE_LOOP('',(#1207,#1208,#1209,#1210));
#266=EDGE_LOOP('',(#1211,#1212,#1213,#1214));
#267=EDGE_LOOP('',(#1215,#1216,#1217,#1218));
#268=EDGE_LOOP('',(#1219,#1220,#1221,#1222));
#269=EDGE_LOOP('',(#1223,#1224,#1225,#1226));
#270=EDGE_LOOP('',(#1227,#1228,#1229,#1230));
#271=EDGE_LOOP('',(#1231,#1232,#1233,#1234));
#272=EDGE_LOOP('',(#1235,#1236,#1237,#1238));
#273=EDGE_LOOP('',(#1239,#1240,#1241,#1242));
#274=EDGE_LOOP('',(#1243,#1244,#1245,#1246));
#275=EDGE_LOOP('',(#1247,#1248,#1249,#1250,#1251,#1252,#1253,#1254,#1255,
#1256,#1257,#1258));
#276=EDGE_LOOP('',(#1259));
#277=EDGE_LOOP('',(#1260));
#278=EDGE_LOOP('',(#1261,#1262,#1263,#1264,#1265,#1266,#1267,#1268,#1269,
#1270,#1271,#1272,#1273,#1274));
#279=EDGE_LOOP('',(#1275));
#280=EDGE_LOOP('',(#1276));
#281=EDGE_LOOP('',(#1277,#1278,#1279,#1280));
#282=EDGE_LOOP('',(#1281,#1282,#1283,#1284));
#283=EDGE_LOOP('',(#1285,#1286,#1287,#1288));
#284=EDGE_LOOP('',(#1289,#1290,#1291,#1292));
#285=EDGE_LOOP('',(#1293,#1294,#1295,#1296));
#286=EDGE_LOOP('',(#1297,#1298,#1299,#1300));
#287=EDGE_LOOP('',(#1301,#1302,#1303,#1304));
#288=EDGE_LOOP('',(#1305,#1306,#1307,#1308));
#289=EDGE_LOOP('',(#1309,#1310,#1311,#1312));
#290=EDGE_LOOP('',(#1313,#1314,#1315,#1316));
#291=EDGE_LOOP('',(#1317,#1318,#1319,#1320));
#292=EDGE_LOOP('',(#1321,#1322,#1323,#1324));
#293=EDGE_LOOP('',(#1325,#1326,#1327,#1328));
#294=EDGE_LOOP('',(#1329,#1330,#1331,#1332));
#295=EDGE_LOOP('',(#1333,#1334,#1335,#1336,#1337,#1338,#1339,#1340,#1341,
#1342,#1343,#1344,#1345,#1346));
#296=EDGE_LOOP('',(#1347));
#297=EDGE_LOOP('',(#1348));
#298=EDGE_LOOP('',(#1349));
#299=EDGE_LOOP('',(#1350));
#300=EDGE_LOOP('',(#1351));
#301=EDGE_LOOP('',(#1352));
#302=EDGE_LOOP('',(#1353,#1354,#1355,#1356));
#303=EDGE_LOOP('',(#1357));
#304=EDGE_LOOP('',(#1358));
#305=EDGE_LOOP('',(#1359));
#306=EDGE_LOOP('',(#1360,#1361,#1362,#1363));
#307=EDGE_LOOP('',(#1364,#1365,#1366,#1367,#1368));
#308=EDGE_LOOP('',(#1369,#1370,#1371,#1372,#1373));
#309=EDGE_LOOP('',(#1374,#1375,#1376,#1377,#1378));
#310=EDGE_LOOP('',(#1379,#1380,#1381,#1382));
#311=EDGE_LOOP('',(#1383));
#312=EDGE_LOOP('',(#1384));
#313=EDGE_LOOP('',(#1385));
#314=EDGE_LOOP('',(#1386));
#315=EDGE_LOOP('',(#1387));
#316=CIRCLE('',#1561,7.25);
#317=CIRCLE('',#1562,6.5);
#318=CIRCLE('',#1563,16.5);
#319=CIRCLE('',#1564,16.5);
#320=CIRCLE('',#1565,16.5);
#321=CIRCLE('',#1566,1.5);
#322=CIRCLE('',#1567,1.5);
#323=CIRCLE('',#1568,15.5);
#324=CIRCLE('',#1569,7.5);
#325=CIRCLE('',#1570,4.);
#326=CIRCLE('',#1571,1.5);
#327=CIRCLE('',#1573,0.500000000266076);
#328=CIRCLE('',#1576,0.5);
#329=CIRCLE('',#1578,0.500000000000004);
#330=CIRCLE('',#1579,7.75);
#331=CIRCLE('',#1581,7.75);
#332=CIRCLE('',#1583,0.5);
#333=CIRCLE('',#1584,7.25);
#334=CIRCLE('',#1589,0.499999999999921);
#335=CIRCLE('',#1590,8.);
#336=CIRCLE('',#1592,8.);
#337=CIRCLE('',#1594,0.499999999999993);
#338=CIRCLE('',#1595,7.5);
#339=CIRCLE('',#1597,7.);
#340=CIRCLE('',#1598,0.500000000000017);
#341=CIRCLE('',#1600,6.5);
#342=CIRCLE('',#1601,0.500000000000014);
#343=CIRCLE('',#1602,7.);
#344=CIRCLE('',#1605,0.499999999999999);
#345=CIRCLE('',#1607,0.500000000000001);
#346=CIRCLE('',#1610,0.499999999999995);
#347=CIRCLE('',#1611,16.);
#348=CIRCLE('',#1613,16.5);
#349=CIRCLE('',#1614,0.499999999999995);
#350=CIRCLE('',#1615,16.);
#351=CIRCLE('',#1618,0.499999999999999);
#352=CIRCLE('',#1620,0.499999999999992);
#353=CIRCLE('',#1623,0.500000000000003);
#354=CIRCLE('',#1624,16.);
#355=CIRCLE('',#1626,16.5);
#356=CIRCLE('',#1627,0.500000000000005);
#357=CIRCLE('',#1628,16.);
#358=CIRCLE('',#1631,0.500000000000005);
#359=CIRCLE('',#1633,0.499999999999998);
#360=CIRCLE('',#1636,0.499999999999997);
#361=CIRCLE('',#1637,16.);
#362=CIRCLE('',#1639,16.);
#363=CIRCLE('',#1641,16.5);
#364=CIRCLE('',#1642,0.499999999999997);
#365=CIRCLE('',#1644,0.500000000000005);
#366=CIRCLE('',#1646,0.500000000000005);
#367=CIRCLE('',#1649,0.500000000000066);
#368=CIRCLE('',#1650,2.);
#369=CIRCLE('',#1652,1.5);
#370=CIRCLE('',#1653,0.500000000000046);
#371=CIRCLE('',#1654,2.);
#372=CIRCLE('',#1657,0.499999999999971);
#373=CIRCLE('',#1659,0.499999999999921);
#374=CIRCLE('',#1662,0.499999999999997);
#375=CIRCLE('',#1663,2.);
#376=CIRCLE('',#1665,1.5);
#377=CIRCLE('',#1666,0.499999999999997);
#378=CIRCLE('',#1667,2.);
#379=CIRCLE('',#1670,0.500000000000005);
#380=CIRCLE('',#1672,0.500000000000003);
#381=CIRCLE('',#1674,16.);
#382=CIRCLE('',#1677,0.500000000000004);
#383=CIRCLE('',#1679,0.500000000000014);
#384=CIRCLE('',#1680,15.5);
#385=CIRCLE('',#1681,16.);
#386=CIRCLE('',#1687,4.);
#387=CIRCLE('',#1688,1.);
#388=CIRCLE('',#1689,1.);
#389=CIRCLE('',#1690,4.);
#390=CIRCLE('',#1691,1.35);
#391=CIRCLE('',#1692,1.35);
#392=CIRCLE('',#1695,4.5);
#393=CIRCLE('',#1696,6.5);
#394=CIRCLE('',#1697,19.5);
#395=CIRCLE('',#1698,1.5);
#396=CIRCLE('',#1699,1.5);
#397=CIRCLE('',#1700,20.5);
#398=CIRCLE('',#1701,6.5);
#399=CIRCLE('',#1702,4.);
#400=CIRCLE('',#1703,4.);
#401=CIRCLE('',#1705,0.50000000000002);
#402=CIRCLE('',#1706,0.500000000000009);
#403=CIRCLE('',#1707,7.);
#404=CIRCLE('',#1709,0.499999999999978);
#405=CIRCLE('',#1711,0.499999999999998);
#406=CIRCLE('',#1712,5.);
#407=CIRCLE('',#1714,0.499999999999997);
#408=CIRCLE('',#1716,0.500000000000003);
#409=CIRCLE('',#1717,20.);
#410=CIRCLE('',#1719,0.500000000000074);
#411=CIRCLE('',#1721,0.499999999999916);
#412=CIRCLE('',#1722,2.);
#413=CIRCLE('',#1724,0.499999999999957);
#414=CIRCLE('',#1726,0.499999999999979);
#415=CIRCLE('',#1727,2.);
#416=CIRCLE('',#1729,0.499999999999999);
#417=CIRCLE('',#1731,0.499999999999992);
#418=CIRCLE('',#1732,20.);
#419=CIRCLE('',#1734,0.499999999999962);
#420=CIRCLE('',#1736,0.5);
#421=CIRCLE('',#1737,7.);
#422=CIRCLE('',#1741,25.6826245993269);
#423=CIRCLE('',#1742,5.);
#424=CIRCLE('',#1743,126.);
#425=CIRCLE('',#1744,15.);
#426=CIRCLE('',#1745,34.);
#427=CIRCLE('',#1746,5.);
#428=CIRCLE('',#1747,5.);
#429=CIRCLE('',#1748,32.5);
#430=CIRCLE('',#1749,5.);
#431=CIRCLE('',#1750,2.6);
#432=CIRCLE('',#1751,2.6);
#433=CIRCLE('',#1752,1.45);
#434=CIRCLE('',#1753,1.45);
#435=CIRCLE('',#1754,1.45);
#436=CIRCLE('',#1755,1.45);
#437=CIRCLE('',#1758,22.);
#438=CIRCLE('',#1759,22.);
#439=CIRCLE('',#1761,0.75);
#440=CIRCLE('',#1762,9.1);
#441=CIRCLE('',#1764,25.);
#442=CIRCLE('',#1765,25.);
#443=CIRCLE('',#1767,1.5);
#444=CIRCLE('',#1768,23.5);
#445=CIRCLE('',#1771,4.);
#446=CIRCLE('',#1773,4.);
#447=CIRCLE('',#1775,1.5);
#448=LINE('',#2315,#531);
#449=LINE('',#2319,#532);
#450=LINE('',#2323,#533);
#451=LINE('',#2327,#534);
#452=LINE('',#2331,#535);
#453=LINE('',#2335,#536);
#454=LINE('',#2339,#537);
#455=LINE('',#2343,#538);
#456=LINE('',#2347,#539);
#457=LINE('',#2357,#540);
#458=LINE('',#2373,#541);
#459=LINE('',#2374,#542);
#460=LINE('',#2375,#543);
#461=LINE('',#2380,#544);
#462=LINE('',#2400,#545);
#463=LINE('',#2438,#546);
#464=LINE('',#2473,#547);
#465=LINE('',#2474,#548);
#466=LINE('',#2476,#549);
#467=LINE('',#2484,#550);
#468=LINE('',#2500,#551);
#469=LINE('',#2504,#552);
#470=LINE('',#2507,#553);
#471=LINE('',#2510,#554);
#472=LINE('',#2512,#555);
#473=LINE('',#2524,#556);
#474=LINE('',#2528,#557);
#475=LINE('',#2531,#558);
#476=LINE('',#2534,#559);
#477=LINE('',#2536,#560);
#478=LINE('',#2548,#561);
#479=LINE('',#2552,#562);
#480=LINE('',#2555,#563);
#481=LINE('',#2558,#564);
#482=LINE('',#2560,#565);
#483=LINE('',#2568,#566);
#484=LINE('',#2576,#567);
#485=LINE('',#2579,#568);
#486=LINE('',#2582,#569);
#487=LINE('',#2584,#570);
#488=LINE('',#2596,#571);
#489=LINE('',#2600,#572);
#490=LINE('',#2603,#573);
#491=LINE('',#2606,#574);
#492=LINE('',#2608,#575);
#493=LINE('',#2620,#576);
#494=LINE('',#2624,#577);
#495=LINE('',#2628,#578);
#496=LINE('',#2633,#579);
#497=LINE('',#2634,#580);
#498=LINE('',#2638,#581);
#499=LINE('',#2646,#582);
#500=LINE('',#2647,#583);
#501=LINE('',#2649,#584);
#502=LINE('',#2655,#585);
#503=LINE('',#2657,#586);
#504=LINE('',#2661,#587);
#505=LINE('',#2665,#588);
#506=LINE('',#2667,#589);
#507=LINE('',#2669,#590);
#508=LINE('',#2673,#591);
#509=LINE('',#2676,#592);
#510=LINE('',#2685,#593);
#511=LINE('',#2689,#594);
#512=LINE('',#2693,#595);
#513=LINE('',#2697,#596);
#514=LINE('',#2701,#597);
#515=LINE('',#2705,#598);
#516=LINE('',#2709,#599);
#517=LINE('',#2724,#600);
#518=LINE('',#2732,#601);
#519=LINE('',#2740,#602);
#520=LINE('',#2748,#603);
#521=LINE('',#2756,#604);
#522=LINE('',#2764,#605);
#523=LINE('',#2770,#606);
#524=LINE('',#2777,#607);
#525=LINE('',#2787,#608);
#526=LINE('',#2791,#609);
#527=LINE('',#2795,#610);
#528=LINE('',#2800,#611);
#529=LINE('',#2818,#612);
#530=LINE('',#2829,#613);
#531=VECTOR('',#1787,10.);
#532=VECTOR('',#1790,10.);
#533=VECTOR('',#1793,10.);
#534=VECTOR('',#1796,10.);
#535=VECTOR('',#1799,10.);
#536=VECTOR('',#1802,10.);
#537=VECTOR('',#1805,10.);
#538=VECTOR('',#1808,10.);
#539=VECTOR('',#1811,10.);
#540=VECTOR('',#1822,10.);
#541=VECTOR('',#1825,10.);
#542=VECTOR('',#1826,10.);
#543=VECTOR('',#1827,10.);
#544=VECTOR('',#1832,10.);
#545=VECTOR('',#1843,10.);
#546=VECTOR('',#1852,10.);
#547=VECTOR('',#1855,10.);
#548=VECTOR('',#1856,10.);
#549=VECTOR('',#1859,10.);
#550=VECTOR('',#1870,10.);
#551=VECTOR('',#1893,10.);
#552=VECTOR('',#1898,10.);
#553=VECTOR('',#1901,10.);
#554=VECTOR('',#1904,10.);
#555=VECTOR('',#1907,10.);
#556=VECTOR('',#1924,10.);
#557=VECTOR('',#1929,10.);
#558=VECTOR('',#1932,10.);
#559=VECTOR('',#1935,10.);
#560=VECTOR('',#1938,10.);
#561=VECTOR('',#1955,10.);
#562=VECTOR('',#1960,10.);
#563=VECTOR('',#1963,10.);
#564=VECTOR('',#1966,10.);
#565=VECTOR('',#1969,10.);
#566=VECTOR('',#1980,10.);
#567=VECTOR('',#1991,10.);
#568=VECTOR('',#1994,10.);
#569=VECTOR('',#1997,10.);
#570=VECTOR('',#2000,10.);
#571=VECTOR('',#2017,10.);
#572=VECTOR('',#2022,10.);
#573=VECTOR('',#2025,10.);
#574=VECTOR('',#2028,10.);
#575=VECTOR('',#2031,10.);
#576=VECTOR('',#2048,10.);
#577=VECTOR('',#2053,10.);
#578=VECTOR('',#2058,10.);
#579=VECTOR('',#2065,10.);
#580=VECTOR('',#2066,10.);
#581=VECTOR('',#2071,10.);
#582=VECTOR('',#2082,10.);
#583=VECTOR('',#2083,10.);
#584=VECTOR('',#2086,10.);
#585=VECTOR('',#2093,10.);
#586=VECTOR('',#2094,10.);
#587=VECTOR('',#2097,10.);
#588=VECTOR('',#2100,10.);
#589=VECTOR('',#2101,10.);
#590=VECTOR('',#2102,10.);
#591=VECTOR('',#2105,10.);
#592=VECTOR('',#2108,10.);
#593=VECTOR('',#2117,10.);
#594=VECTOR('',#2120,10.);
#595=VECTOR('',#2123,10.);
#596=VECTOR('',#2126,10.);
#597=VECTOR('',#2129,10.);
#598=VECTOR('',#2132,10.);
#599=VECTOR('',#2135,10.);
#600=VECTOR('',#2154,10.);
#601=VECTOR('',#2165,10.);
#602=VECTOR('',#2176,10.);
#603=VECTOR('',#2187,10.);
#604=VECTOR('',#2198,10.);
#605=VECTOR('',#2209,10.);
#606=VECTOR('',#2218,10.);
#607=VECTOR('',#2225,10.);
#608=VECTOR('',#2234,10.);
#609=VECTOR('',#2237,10.);
#610=VECTOR('',#2240,10.);
#611=VECTOR('',#2245,10.);
#612=VECTOR('',#2264,22.);
#613=VECTOR('',#2277,25.);
#614=VERTEX_POINT('',#2313);
#615=VERTEX_POINT('',#2314);
#616=VERTEX_POINT('',#2316);
#617=VERTEX_POINT('',#2318);
#618=VERTEX_POINT('',#2320);
#619=VERTEX_POINT('',#2322);
#620=VERTEX_POINT('',#2324);
#621=VERTEX_POINT('',#2326);
#622=VERTEX_POINT('',#2328);
#623=VERTEX_POINT('',#2330);
#624=VERTEX_POINT('',#2332);
#625=VERTEX_POINT('',#2334);
#626=VERTEX_POINT('',#2336);
#627=VERTEX_POINT('',#2338);
#628=VERTEX_POINT('',#2340);
#629=VERTEX_POINT('',#2342);
#630=VERTEX_POINT('',#2344);
#631=VERTEX_POINT('',#2346);
#632=VERTEX_POINT('',#2349);
#633=VERTEX_POINT('',#2351);
#634=VERTEX_POINT('',#2354);
#635=VERTEX_POINT('',#2356);
#636=VERTEX_POINT('',#2371);
#637=VERTEX_POINT('',#2372);
#638=VERTEX_POINT('',#2377);
#639=VERTEX_POINT('',#2379);
#640=VERTEX_POINT('',#2394);
#641=VERTEX_POINT('',#2398);
#642=VERTEX_POINT('',#2402);
#643=VERTEX_POINT('',#2406);
#644=VERTEX_POINT('',#2440);
#645=VERTEX_POINT('',#2441);
#646=VERTEX_POINT('',#2478);
#647=VERTEX_POINT('',#2482);
#648=VERTEX_POINT('',#2486);
#649=VERTEX_POINT('',#2490);
#650=VERTEX_POINT('',#2494);
#651=VERTEX_POINT('',#2496);
#652=VERTEX_POINT('',#2502);
#653=VERTEX_POINT('',#2506);
#654=VERTEX_POINT('',#2508);
#655=VERTEX_POINT('',#2514);
#656=VERTEX_POINT('',#2518);
#657=VERTEX_POINT('',#2520);
#658=VERTEX_POINT('',#2526);
#659=VERTEX_POINT('',#2530);
#660=VERTEX_POINT('',#2532);
#661=VERTEX_POINT('',#2538);
#662=VERTEX_POINT('',#2542);
#663=VERTEX_POINT('',#2544);
#664=VERTEX_POINT('',#2550);
#665=VERTEX_POINT('',#2554);
#666=VERTEX_POINT('',#2556);
#667=VERTEX_POINT('',#2562);
#668=VERTEX_POINT('',#2566);
#669=VERTEX_POINT('',#2570);
#670=VERTEX_POINT('',#2574);
#671=VERTEX_POINT('',#2578);
#672=VERTEX_POINT('',#2580);
#673=VERTEX_POINT('',#2586);
#674=VERTEX_POINT('',#2590);
#675=VERTEX_POINT('',#2592);
#676=VERTEX_POINT('',#2598);
#677=VERTEX_POINT('',#2602);
#678=VERTEX_POINT('',#2604);
#679=VERTEX_POINT('',#2610);
#680=VERTEX_POINT('',#2614);
#681=VERTEX_POINT('',#2616);
#682=VERTEX_POINT('',#2622);
#683=VERTEX_POINT('',#2626);
#684=VERTEX_POINT('',#2632);
#685=VERTEX_POINT('',#2636);
#686=VERTEX_POINT('',#2640);
#687=VERTEX_POINT('',#2641);
#688=VERTEX_POINT('',#2653);
#689=VERTEX_POINT('',#2654);
#690=VERTEX_POINT('',#2656);
#691=VERTEX_POINT('',#2658);
#692=VERTEX_POINT('',#2660);
#693=VERTEX_POINT('',#2662);
#694=VERTEX_POINT('',#2664);
#695=VERTEX_POINT('',#2666);
#696=VERTEX_POINT('',#2668);
#697=VERTEX_POINT('',#2670);
#698=VERTEX_POINT('',#2672);
#699=VERTEX_POINT('',#2674);
#700=VERTEX_POINT('',#2677);
#701=VERTEX_POINT('',#2679);
#702=VERTEX_POINT('',#2683);
#703=VERTEX_POINT('',#2684);
#704=VERTEX_POINT('',#2686);
#705=VERTEX_POINT('',#2688);
#706=VERTEX_POINT('',#2690);
#707=VERTEX_POINT('',#2692);
#708=VERTEX_POINT('',#2694);
#709=VERTEX_POINT('',#2696);
#710=VERTEX_POINT('',#2698);
#711=VERTEX_POINT('',#2700);
#712=VERTEX_POINT('',#2702);
#713=VERTEX_POINT('',#2704);
#714=VERTEX_POINT('',#2706);
#715=VERTEX_POINT('',#2708);
#716=VERTEX_POINT('',#2711);
#717=VERTEX_POINT('',#2713);
#718=VERTEX_POINT('',#2716);
#719=VERTEX_POINT('',#2718);
#720=VERTEX_POINT('',#2722);
#721=VERTEX_POINT('',#2726);
#722=VERTEX_POINT('',#2730);
#723=VERTEX_POINT('',#2734);
#724=VERTEX_POINT('',#2738);
#725=VERTEX_POINT('',#2742);
#726=VERTEX_POINT('',#2746);
#727=VERTEX_POINT('',#2750);
#728=VERTEX_POINT('',#2754);
#729=VERTEX_POINT('',#2758);
#730=VERTEX_POINT('',#2762);
#731=VERTEX_POINT('',#2766);
#732=VERTEX_POINT('',#2773);
#733=VERTEX_POINT('',#2774);
#734=VERTEX_POINT('',#2776);
#735=VERTEX_POINT('',#2778);
#736=VERTEX_POINT('',#2780);
#737=VERTEX_POINT('',#2782);
#738=VERTEX_POINT('',#2784);
#739=VERTEX_POINT('',#2786);
#740=VERTEX_POINT('',#2788);
#741=VERTEX_POINT('',#2790);
#742=VERTEX_POINT('',#2792);
#743=VERTEX_POINT('',#2794);
#744=VERTEX_POINT('',#2796);
#745=VERTEX_POINT('',#2798);
#746=VERTEX_POINT('',#2801);
#747=VERTEX_POINT('',#2803);
#748=VERTEX_POINT('',#2805);
#749=VERTEX_POINT('',#2807);
#750=VERTEX_POINT('',#2809);
#751=VERTEX_POINT('',#2811);
#752=VERTEX_POINT('',#2815);
#753=VERTEX_POINT('',#2817);
#754=VERTEX_POINT('',#2821);
#755=VERTEX_POINT('',#2823);
#756=VERTEX_POINT('',#2826);
#757=VERTEX_POINT('',#2828);
#758=VERTEX_POINT('',#2831);
#759=VERTEX_POINT('',#2832);
#760=VERTEX_POINT('',#2849);
#761=VERTEX_POINT('',#2862);
#762=VERTEX_POINT('',#2877);
#763=VERTEX_POINT('',#2890);
#764=VERTEX_POINT('',#2891);
#765=VERTEX_POINT('',#2908);
#766=VERTEX_POINT('',#2921);
#767=VERTEX_POINT('',#2936);
#768=VERTEX_POINT('',#2949);
#769=VERTEX_POINT('',#2950);
#770=VERTEX_POINT('',#2967);
#771=VERTEX_POINT('',#2980);
#772=VERTEX_POINT('',#2995);
#773=VERTEX_POINT('',#3009);
#774=VERTEX_POINT('',#3014);
#775=VERTEX_POINT('',#3017);
#776=VERTEX_POINT('',#3020);
#777=EDGE_CURVE('',#614,#615,#448,.T.);
#778=EDGE_CURVE('',#616,#614,#316,.T.);
#779=EDGE_CURVE('',#617,#616,#449,.T.);
#780=EDGE_CURVE('',#618,#617,#317,.T.);
#781=EDGE_CURVE('',#619,#618,#450,.T.);
#782=EDGE_CURVE('',#620,#619,#318,.T.);
#783=EDGE_CURVE('',#621,#620,#451,.T.);
#784=EDGE_CURVE('',#622,#621,#319,.T.);
#785=EDGE_CURVE('',#623,#622,#452,.T.);
#786=EDGE_CURVE('',#624,#623,#320,.T.);
#787=EDGE_CURVE('',#625,#624,#453,.T.);
#788=EDGE_CURVE('',#626,#625,#321,.T.);
#789=EDGE_CURVE('',#627,#626,#454,.T.);
#790=EDGE_CURVE('',#628,#627,#322,.T.);
#791=EDGE_CURVE('',#629,#628,#455,.T.);
#792=EDGE_CURVE('',#630,#629,#323,.T.);
#793=EDGE_CURVE('',#631,#630,#456,.T.);
#794=EDGE_CURVE('',#615,#631,#324,.T.);
#795=EDGE_CURVE('',#632,#632,#325,.T.);
#796=EDGE_CURVE('',#633,#633,#326,.T.);
#797=EDGE_CURVE('',#634,#616,#327,.T.);
#798=EDGE_CURVE('',#634,#635,#457,.T.);
#799=EDGE_CURVE('',#617,#635,#65,.T.);
#800=EDGE_CURVE('',#636,#637,#458,.T.);
#801=EDGE_CURVE('',#636,#635,#459,.T.);
#802=EDGE_CURVE('',#637,#634,#460,.T.);
#803=EDGE_CURVE('',#638,#637,#328,.T.);
#804=EDGE_CURVE('',#638,#639,#461,.T.);
#805=EDGE_CURVE('',#639,#636,#66,.T.);
#806=EDGE_CURVE('',#640,#614,#329,.T.);
#807=EDGE_CURVE('',#640,#634,#330,.T.);
#808=EDGE_CURVE('',#637,#641,#331,.T.);
#809=EDGE_CURVE('',#641,#640,#462,.T.);
#810=EDGE_CURVE('',#642,#641,#332,.T.);
#811=EDGE_CURVE('',#642,#638,#333,.T.);
#812=EDGE_CURVE('',#643,#615,#67,.T.);
#813=EDGE_CURVE('',#643,#640,#463,.T.);
#814=EDGE_CURVE('',#644,#645,#68,.T.);
#815=EDGE_CURVE('',#644,#642,#464,.T.);
#816=EDGE_CURVE('',#641,#645,#465,.T.);
#817=EDGE_CURVE('',#645,#643,#466,.T.);
#818=EDGE_CURVE('',#646,#631,#334,.T.);
#819=EDGE_CURVE('',#646,#643,#335,.T.);
#820=EDGE_CURVE('',#645,#647,#336,.T.);
#821=EDGE_CURVE('',#647,#646,#467,.T.);
#822=EDGE_CURVE('',#647,#648,#337,.T.);
#823=EDGE_CURVE('',#648,#644,#338,.T.);
#824=EDGE_CURVE('',#635,#649,#339,.T.);
#825=EDGE_CURVE('',#649,#618,#340,.T.);
#826=EDGE_CURVE('',#639,#650,#341,.T.);
#827=EDGE_CURVE('',#651,#650,#342,.T.);
#828=EDGE_CURVE('',#651,#636,#343,.T.);
#829=EDGE_CURVE('',#651,#649,#468,.T.);
#830=EDGE_CURVE('',#652,#619,#344,.T.);
#831=EDGE_CURVE('',#649,#652,#469,.T.);
#832=EDGE_CURVE('',#650,#653,#470,.T.);
#833=EDGE_CURVE('',#654,#653,#345,.T.);
#834=EDGE_CURVE('',#654,#651,#471,.T.);
#835=EDGE_CURVE('',#652,#654,#472,.T.);
#836=EDGE_CURVE('',#655,#620,#346,.T.);
#837=EDGE_CURVE('',#652,#655,#347,.T.);
#838=EDGE_CURVE('',#653,#656,#348,.T.);
#839=EDGE_CURVE('',#657,#656,#349,.T.);
#840=EDGE_CURVE('',#657,#654,#350,.T.);
#841=EDGE_CURVE('',#657,#655,#473,.T.);
#842=EDGE_CURVE('',#658,#621,#351,.T.);
#843=EDGE_CURVE('',#655,#658,#474,.T.);
#844=EDGE_CURVE('',#656,#659,#475,.T.);
#845=EDGE_CURVE('',#660,#659,#352,.T.);
#846=EDGE_CURVE('',#660,#657,#476,.T.);
#847=EDGE_CURVE('',#658,#660,#477,.T.);
#848=EDGE_CURVE('',#661,#622,#353,.T.);
#849=EDGE_CURVE('',#658,#661,#354,.T.);
#850=EDGE_CURVE('',#659,#662,#355,.T.);
#851=EDGE_CURVE('',#663,#662,#356,.T.);
#852=EDGE_CURVE('',#663,#660,#357,.T.);
#853=EDGE_CURVE('',#663,#661,#478,.T.);
#854=EDGE_CURVE('',#664,#623,#358,.T.);
#855=EDGE_CURVE('',#661,#664,#479,.T.);
#856=EDGE_CURVE('',#662,#665,#480,.T.);
#857=EDGE_CURVE('',#666,#665,#359,.T.);
#858=EDGE_CURVE('',#666,#663,#481,.T.);
#859=EDGE_CURVE('',#664,#666,#482,.T.);
#860=EDGE_CURVE('',#667,#624,#360,.T.);
#861=EDGE_CURVE('',#664,#667,#361,.T.);
#862=EDGE_CURVE('',#668,#666,#362,.T.);
#863=EDGE_CURVE('',#668,#667,#483,.T.);
#864=EDGE_CURVE('',#665,#669,#363,.T.);
#865=EDGE_CURVE('',#668,#669,#364,.T.);
#866=EDGE_CURVE('',#670,#625,#365,.T.);
#867=EDGE_CURVE('',#667,#670,#484,.T.);
#868=EDGE_CURVE('',#669,#671,#485,.T.);
#869=EDGE_CURVE('',#672,#671,#366,.T.);
#870=EDGE_CURVE('',#672,#668,#486,.T.);
#871=EDGE_CURVE('',#672,#670,#487,.T.);
#872=EDGE_CURVE('',#673,#626,#367,.T.);
#873=EDGE_CURVE('',#670,#673,#368,.T.);
#874=EDGE_CURVE('',#671,#674,#369,.T.);
#875=EDGE_CURVE('',#675,#674,#370,.T.);
#876=EDGE_CURVE('',#675,#672,#371,.T.);
#877=EDGE_CURVE('',#675,#673,#488,.T.);
#878=EDGE_CURVE('',#676,#627,#372,.T.);
#879=EDGE_CURVE('',#673,#676,#489,.T.);
#880=EDGE_CURVE('',#674,#677,#490,.T.);
#881=EDGE_CURVE('',#678,#677,#373,.T.);
#882=EDGE_CURVE('',#678,#675,#491,.T.);
#883=EDGE_CURVE('',#678,#676,#492,.T.);
#884=EDGE_CURVE('',#679,#628,#374,.T.);
#885=EDGE_CURVE('',#676,#679,#375,.T.);
#886=EDGE_CURVE('',#677,#680,#376,.T.);
#887=EDGE_CURVE('',#681,#680,#377,.T.);
#888=EDGE_CURVE('',#681,#678,#378,.T.);
#889=EDGE_CURVE('',#681,#679,#493,.T.);
#890=EDGE_CURVE('',#682,#629,#379,.T.);
#891=EDGE_CURVE('',#679,#682,#494,.T.);
#892=EDGE_CURVE('',#683,#630,#380,.T.);
#893=EDGE_CURVE('',#683,#646,#495,.T.);
#894=EDGE_CURVE('',#682,#683,#381,.T.);
#895=EDGE_CURVE('',#647,#684,#496,.T.);
#896=EDGE_CURVE('',#684,#683,#497,.T.);
#897=EDGE_CURVE('',#684,#685,#382,.T.);
#898=EDGE_CURVE('',#685,#648,#498,.T.);
#899=EDGE_CURVE('',#686,#687,#383,.T.);
#900=EDGE_CURVE('',#687,#685,#384,.T.);
#901=EDGE_CURVE('',#684,#686,#385,.T.);
#902=EDGE_CURVE('',#686,#681,#499,.T.);
#903=EDGE_CURVE('',#682,#686,#500,.T.);
#904=EDGE_CURVE('',#680,#687,#501,.T.);
#905=EDGE_CURVE('',#688,#689,#502,.T.);
#906=EDGE_CURVE('',#688,#690,#503,.T.);
#907=EDGE_CURVE('',#691,#690,#386,.T.);
#908=EDGE_CURVE('',#692,#691,#504,.T.);
#909=EDGE_CURVE('',#693,#692,#387,.T.);
#910=EDGE_CURVE('',#693,#694,#505,.T.);
#911=EDGE_CURVE('',#694,#695,#506,.T.);
#912=EDGE_CURVE('',#695,#696,#507,.T.);
#913=EDGE_CURVE('',#697,#696,#388,.T.);
#914=EDGE_CURVE('',#698,#697,#508,.T.);
#915=EDGE_CURVE('',#699,#698,#389,.T.);
#916=EDGE_CURVE('',#689,#699,#509,.T.);
#917=EDGE_CURVE('',#700,#700,#390,.T.);
#918=EDGE_CURVE('',#701,#701,#391,.T.);
#919=EDGE_CURVE('',#702,#703,#510,.T.);
#920=EDGE_CURVE('',#704,#702,#392,.T.);
#921=EDGE_CURVE('',#705,#704,#511,.T.);
#922=EDGE_CURVE('',#706,#705,#393,.T.);
#923=EDGE_CURVE('',#707,#706,#512,.T.);
#924=EDGE_CURVE('',#708,#707,#394,.T.);
#925=EDGE_CURVE('',#709,#708,#513,.T.);
#926=EDGE_CURVE('',#710,#709,#395,.T.);
#927=EDGE_CURVE('',#711,#710,#514,.T.);
#928=EDGE_CURVE('',#712,#711,#396,.T.);
#929=EDGE_CURVE('',#713,#712,#515,.T.);
#930=EDGE_CURVE('',#714,#713,#397,.T.);
#931=EDGE_CURVE('',#715,#714,#516,.T.);
#932=EDGE_CURVE('',#703,#715,#398,.T.);
#933=EDGE_CURVE('',#716,#716,#399,.T.);
#934=EDGE_CURVE('',#717,#717,#400,.T.);
#935=EDGE_CURVE('',#718,#706,#401,.T.);
#936=EDGE_CURVE('',#719,#705,#402,.T.);
#937=EDGE_CURVE('',#719,#718,#403,.T.);
#938=EDGE_CURVE('',#720,#704,#404,.T.);
#939=EDGE_CURVE('',#720,#719,#517,.T.);
#940=EDGE_CURVE('',#721,#702,#405,.T.);
#941=EDGE_CURVE('',#721,#720,#406,.T.);
#942=EDGE_CURVE('',#722,#707,#407,.T.);
#943=EDGE_CURVE('',#718,#722,#518,.T.);
#944=EDGE_CURVE('',#723,#708,#408,.T.);
#945=EDGE_CURVE('',#722,#723,#409,.T.);
#946=EDGE_CURVE('',#724,#709,#410,.T.);
#947=EDGE_CURVE('',#723,#724,#519,.T.);
#948=EDGE_CURVE('',#725,#710,#411,.T.);
#949=EDGE_CURVE('',#724,#725,#412,.T.);
#950=EDGE_CURVE('',#726,#711,#413,.T.);
#951=EDGE_CURVE('',#725,#726,#520,.T.);
#952=EDGE_CURVE('',#727,#712,#414,.T.);
#953=EDGE_CURVE('',#726,#727,#415,.T.);
#954=EDGE_CURVE('',#728,#713,#416,.T.);
#955=EDGE_CURVE('',#727,#728,#521,.T.);
#956=EDGE_CURVE('',#729,#714,#417,.T.);
#957=EDGE_CURVE('',#728,#729,#418,.T.);
#958=EDGE_CURVE('',#730,#715,#419,.T.);
#959=EDGE_CURVE('',#729,#730,#522,.T.);
#960=EDGE_CURVE('',#703,#731,#420,.T.);
#961=EDGE_CURVE('',#730,#731,#421,.T.);
#962=EDGE_CURVE('',#731,#721,#523,.T.);
#963=EDGE_CURVE('',#732,#733,#422,.T.);
#964=EDGE_CURVE('',#732,#734,#524,.T.);
#965=EDGE_CURVE('',#734,#735,#423,.T.);
#966=EDGE_CURVE('',#736,#735,#424,.T.);
#967=EDGE_CURVE('',#736,#737,#425,.T.);
#968=EDGE_CURVE('',#738,#737,#426,.T.);
#969=EDGE_CURVE('',#738,#739,#525,.T.);
#970=EDGE_CURVE('',#740,#739,#427,.T.);
#971=EDGE_CURVE('',#740,#741,#526,.T.);
#972=EDGE_CURVE('',#742,#741,#428,.T.);
#973=EDGE_CURVE('',#742,#743,#527,.T.);
#974=EDGE_CURVE('',#744,#743,#429,.T.);
#975=EDGE_CURVE('',#744,#745,#430,.T.);
#976=EDGE_CURVE('',#745,#733,#528,.T.);
#977=EDGE_CURVE('',#746,#746,#431,.T.);
#978=EDGE_CURVE('',#747,#747,#432,.T.);
#979=EDGE_CURVE('',#748,#748,#433,.T.);
#980=EDGE_CURVE('',#749,#749,#434,.T.);
#981=EDGE_CURVE('',#750,#750,#435,.T.);
#982=EDGE_CURVE('',#751,#751,#436,.T.);
#983=EDGE_CURVE('',#752,#752,#437,.T.);
#984=EDGE_CURVE('',#752,#753,#529,.T.);
#985=EDGE_CURVE('',#753,#753,#438,.T.);
#986=EDGE_CURVE('',#754,#754,#439,.T.);
#987=EDGE_CURVE('',#755,#755,#440,.F.);
#988=EDGE_CURVE('',#756,#756,#441,.T.);
#989=EDGE_CURVE('',#756,#757,#530,.T.);
#990=EDGE_CURVE('',#757,#757,#442,.T.);
#991=EDGE_CURVE('',#758,#759,#69,.T.);
#992=EDGE_CURVE('',#759,#760,#70,.T.);
#993=EDGE_CURVE('',#760,#761,#71,.T.);
#994=EDGE_CURVE('',#761,#762,#72,.T.);
#995=EDGE_CURVE('',#762,#758,#73,.T.);
#996=EDGE_CURVE('',#763,#764,#74,.T.);
#997=EDGE_CURVE('',#764,#765,#75,.T.);
#998=EDGE_CURVE('',#765,#766,#76,.T.);
#999=EDGE_CURVE('',#766,#767,#77,.T.);
#1000=EDGE_CURVE('',#767,#763,#78,.T.);
#1001=EDGE_CURVE('',#768,#769,#79,.T.);
#1002=EDGE_CURVE('',#769,#770,#80,.T.);
#1003=EDGE_CURVE('',#770,#771,#81,.T.);
#1004=EDGE_CURVE('',#771,#772,#82,.T.);
#1005=EDGE_CURVE('',#772,#768,#83,.T.);
#1006=EDGE_CURVE('',#757,#773,#443,.T.);
#1007=EDGE_CURVE('',#773,#773,#444,.T.);
#1008=EDGE_CURVE('',#774,#774,#445,.T.);
#1009=EDGE_CURVE('',#775,#775,#446,.T.);
#1010=EDGE_CURVE('',#776,#776,#447,.T.);
#1011=ORIENTED_EDGE('',*,*,#777,.F.);
#1012=ORIENTED_EDGE('',*,*,#778,.F.);
#1013=ORIENTED_EDGE('',*,*,#779,.F.);
#1014=ORIENTED_EDGE('',*,*,#780,.F.);
#1015=ORIENTED_EDGE('',*,*,#781,.F.);
#1016=ORIENTED_EDGE('',*,*,#782,.F.);
#1017=ORIENTED_EDGE('',*,*,#783,.F.);
#1018=ORIENTED_EDGE('',*,*,#784,.F.);
#1019=ORIENTED_EDGE('',*,*,#785,.F.);
#1020=ORIENTED_EDGE('',*,*,#786,.F.);
#1021=ORIENTED_EDGE('',*,*,#787,.F.);
#1022=ORIENTED_EDGE('',*,*,#788,.F.);
#1023=ORIENTED_EDGE('',*,*,#789,.F.);
#1024=ORIENTED_EDGE('',*,*,#790,.F.);
#1025=ORIENTED_EDGE('',*,*,#791,.F.);
#1026=ORIENTED_EDGE('',*,*,#792,.F.);
#1027=ORIENTED_EDGE('',*,*,#793,.F.);
#1028=ORIENTED_EDGE('',*,*,#794,.F.);
#1029=ORIENTED_EDGE('',*,*,#795,.T.);
#1030=ORIENTED_EDGE('',*,*,#796,.T.);
#1031=ORIENTED_EDGE('',*,*,#779,.T.);
#1032=ORIENTED_EDGE('',*,*,#797,.F.);
#1033=ORIENTED_EDGE('',*,*,#798,.T.);
#1034=ORIENTED_EDGE('',*,*,#799,.F.);
#1035=ORIENTED_EDGE('',*,*,#800,.F.);
#1036=ORIENTED_EDGE('',*,*,#801,.T.);
#1037=ORIENTED_EDGE('',*,*,#798,.F.);
#1038=ORIENTED_EDGE('',*,*,#802,.F.);
#1039=ORIENTED_EDGE('',*,*,#800,.T.);
#1040=ORIENTED_EDGE('',*,*,#803,.F.);
#1041=ORIENTED_EDGE('',*,*,#804,.T.);
#1042=ORIENTED_EDGE('',*,*,#805,.T.);
#1043=ORIENTED_EDGE('',*,*,#797,.T.);
#1044=ORIENTED_EDGE('',*,*,#778,.T.);
#1045=ORIENTED_EDGE('',*,*,#806,.F.);
#1046=ORIENTED_EDGE('',*,*,#807,.T.);
#1047=ORIENTED_EDGE('',*,*,#808,.F.);
#1048=ORIENTED_EDGE('',*,*,#802,.T.);
#1049=ORIENTED_EDGE('',*,*,#807,.F.);
#1050=ORIENTED_EDGE('',*,*,#809,.F.);
#1051=ORIENTED_EDGE('',*,*,#803,.T.);
#1052=ORIENTED_EDGE('',*,*,#808,.T.);
#1053=ORIENTED_EDGE('',*,*,#810,.F.);
#1054=ORIENTED_EDGE('',*,*,#811,.T.);
#1055=ORIENTED_EDGE('',*,*,#812,.F.);
#1056=ORIENTED_EDGE('',*,*,#813,.T.);
#1057=ORIENTED_EDGE('',*,*,#806,.T.);
#1058=ORIENTED_EDGE('',*,*,#777,.T.);
#1059=ORIENTED_EDGE('',*,*,#814,.F.);
#1060=ORIENTED_EDGE('',*,*,#815,.T.);
#1061=ORIENTED_EDGE('',*,*,#810,.T.);
#1062=ORIENTED_EDGE('',*,*,#816,.T.);
#1063=ORIENTED_EDGE('',*,*,#816,.F.);
#1064=ORIENTED_EDGE('',*,*,#809,.T.);
#1065=ORIENTED_EDGE('',*,*,#813,.F.);
#1066=ORIENTED_EDGE('',*,*,#817,.F.);
#1067=ORIENTED_EDGE('',*,*,#812,.T.);
#1068=ORIENTED_EDGE('',*,*,#794,.T.);
#1069=ORIENTED_EDGE('',*,*,#818,.F.);
#1070=ORIENTED_EDGE('',*,*,#819,.T.);
#1071=ORIENTED_EDGE('',*,*,#820,.F.);
#1072=ORIENTED_EDGE('',*,*,#817,.T.);
#1073=ORIENTED_EDGE('',*,*,#819,.F.);
#1074=ORIENTED_EDGE('',*,*,#821,.F.);
#1075=ORIENTED_EDGE('',*,*,#814,.T.);
#1076=ORIENTED_EDGE('',*,*,#820,.T.);
#1077=ORIENTED_EDGE('',*,*,#822,.T.);
#1078=ORIENTED_EDGE('',*,*,#823,.T.);
#1079=ORIENTED_EDGE('',*,*,#824,.T.);
#1080=ORIENTED_EDGE('',*,*,#825,.T.);
#1081=ORIENTED_EDGE('',*,*,#780,.T.);
#1082=ORIENTED_EDGE('',*,*,#799,.T.);
#1083=ORIENTED_EDGE('',*,*,#826,.T.);
#1084=ORIENTED_EDGE('',*,*,#827,.F.);
#1085=ORIENTED_EDGE('',*,*,#828,.T.);
#1086=ORIENTED_EDGE('',*,*,#805,.F.);
#1087=ORIENTED_EDGE('',*,*,#828,.F.);
#1088=ORIENTED_EDGE('',*,*,#829,.T.);
#1089=ORIENTED_EDGE('',*,*,#824,.F.);
#1090=ORIENTED_EDGE('',*,*,#801,.F.);
#1091=ORIENTED_EDGE('',*,*,#830,.T.);
#1092=ORIENTED_EDGE('',*,*,#781,.T.);
#1093=ORIENTED_EDGE('',*,*,#825,.F.);
#1094=ORIENTED_EDGE('',*,*,#831,.T.);
#1095=ORIENTED_EDGE('',*,*,#827,.T.);
#1096=ORIENTED_EDGE('',*,*,#832,.T.);
#1097=ORIENTED_EDGE('',*,*,#833,.F.);
#1098=ORIENTED_EDGE('',*,*,#834,.T.);
#1099=ORIENTED_EDGE('',*,*,#834,.F.);
#1100=ORIENTED_EDGE('',*,*,#835,.F.);
#1101=ORIENTED_EDGE('',*,*,#831,.F.);
#1102=ORIENTED_EDGE('',*,*,#829,.F.);
#1103=ORIENTED_EDGE('',*,*,#836,.T.);
#1104=ORIENTED_EDGE('',*,*,#782,.T.);
#1105=ORIENTED_EDGE('',*,*,#830,.F.);
#1106=ORIENTED_EDGE('',*,*,#837,.T.);
#1107=ORIENTED_EDGE('',*,*,#833,.T.);
#1108=ORIENTED_EDGE('',*,*,#838,.T.);
#1109=ORIENTED_EDGE('',*,*,#839,.F.);
#1110=ORIENTED_EDGE('',*,*,#840,.T.);
#1111=ORIENTED_EDGE('',*,*,#840,.F.);
#1112=ORIENTED_EDGE('',*,*,#841,.T.);
#1113=ORIENTED_EDGE('',*,*,#837,.F.);
#1114=ORIENTED_EDGE('',*,*,#835,.T.);
#1115=ORIENTED_EDGE('',*,*,#842,.T.);
#1116=ORIENTED_EDGE('',*,*,#783,.T.);
#1117=ORIENTED_EDGE('',*,*,#836,.F.);
#1118=ORIENTED_EDGE('',*,*,#843,.T.);
#1119=ORIENTED_EDGE('',*,*,#839,.T.);
#1120=ORIENTED_EDGE('',*,*,#844,.T.);
#1121=ORIENTED_EDGE('',*,*,#845,.F.);
#1122=ORIENTED_EDGE('',*,*,#846,.T.);
#1123=ORIENTED_EDGE('',*,*,#846,.F.);
#1124=ORIENTED_EDGE('',*,*,#847,.F.);
#1125=ORIENTED_EDGE('',*,*,#843,.F.);
#1126=ORIENTED_EDGE('',*,*,#841,.F.);
#1127=ORIENTED_EDGE('',*,*,#848,.T.);
#1128=ORIENTED_EDGE('',*,*,#784,.T.);
#1129=ORIENTED_EDGE('',*,*,#842,.F.);
#1130=ORIENTED_EDGE('',*,*,#849,.T.);
#1131=ORIENTED_EDGE('',*,*,#845,.T.);
#1132=ORIENTED_EDGE('',*,*,#850,.T.);
#1133=ORIENTED_EDGE('',*,*,#851,.F.);
#1134=ORIENTED_EDGE('',*,*,#852,.T.);
#1135=ORIENTED_EDGE('',*,*,#852,.F.);
#1136=ORIENTED_EDGE('',*,*,#853,.T.);
#1137=ORIENTED_EDGE('',*,*,#849,.F.);
#1138=ORIENTED_EDGE('',*,*,#847,.T.);
#1139=ORIENTED_EDGE('',*,*,#854,.T.);
#1140=ORIENTED_EDGE('',*,*,#785,.T.);
#1141=ORIENTED_EDGE('',*,*,#848,.F.);
#1142=ORIENTED_EDGE('',*,*,#855,.T.);
#1143=ORIENTED_EDGE('',*,*,#851,.T.);
#1144=ORIENTED_EDGE('',*,*,#856,.T.);
#1145=ORIENTED_EDGE('',*,*,#857,.F.);
#1146=ORIENTED_EDGE('',*,*,#858,.T.);
#1147=ORIENTED_EDGE('',*,*,#858,.F.);
#1148=ORIENTED_EDGE('',*,*,#859,.F.);
#1149=ORIENTED_EDGE('',*,*,#855,.F.);
#1150=ORIENTED_EDGE('',*,*,#853,.F.);
#1151=ORIENTED_EDGE('',*,*,#860,.T.);
#1152=ORIENTED_EDGE('',*,*,#786,.T.);
#1153=ORIENTED_EDGE('',*,*,#854,.F.);
#1154=ORIENTED_EDGE('',*,*,#861,.T.);
#1155=ORIENTED_EDGE('',*,*,#862,.F.);
#1156=ORIENTED_EDGE('',*,*,#863,.T.);
#1157=ORIENTED_EDGE('',*,*,#861,.F.);
#1158=ORIENTED_EDGE('',*,*,#859,.T.);
#1159=ORIENTED_EDGE('',*,*,#857,.T.);
#1160=ORIENTED_EDGE('',*,*,#864,.T.);
#1161=ORIENTED_EDGE('',*,*,#865,.F.);
#1162=ORIENTED_EDGE('',*,*,#862,.T.);
#1163=ORIENTED_EDGE('',*,*,#866,.T.);
#1164=ORIENTED_EDGE('',*,*,#787,.T.);
#1165=ORIENTED_EDGE('',*,*,#860,.F.);
#1166=ORIENTED_EDGE('',*,*,#867,.T.);
#1167=ORIENTED_EDGE('',*,*,#865,.T.);
#1168=ORIENTED_EDGE('',*,*,#868,.T.);
#1169=ORIENTED_EDGE('',*,*,#869,.F.);
#1170=ORIENTED_EDGE('',*,*,#870,.T.);
#1171=ORIENTED_EDGE('',*,*,#870,.F.);
#1172=ORIENTED_EDGE('',*,*,#871,.T.);
#1173=ORIENTED_EDGE('',*,*,#867,.F.);
#1174=ORIENTED_EDGE('',*,*,#863,.F.);
#1175=ORIENTED_EDGE('',*,*,#872,.T.);
#1176=ORIENTED_EDGE('',*,*,#788,.T.);
#1177=ORIENTED_EDGE('',*,*,#866,.F.);
#1178=ORIENTED_EDGE('',*,*,#873,.T.);
#1179=ORIENTED_EDGE('',*,*,#869,.T.);
#1180=ORIENTED_EDGE('',*,*,#874,.T.);
#1181=ORIENTED_EDGE('',*,*,#875,.F.);
#1182=ORIENTED_EDGE('',*,*,#876,.T.);
#1183=ORIENTED_EDGE('',*,*,#876,.F.);
#1184=ORIENTED_EDGE('',*,*,#877,.T.);
#1185=ORIENTED_EDGE('',*,*,#873,.F.);
#1186=ORIENTED_EDGE('',*,*,#871,.F.);
#1187=ORIENTED_EDGE('',*,*,#878,.T.);
#1188=ORIENTED_EDGE('',*,*,#789,.T.);
#1189=ORIENTED_EDGE('',*,*,#872,.F.);
#1190=ORIENTED_EDGE('',*,*,#879,.T.);
#1191=ORIENTED_EDGE('',*,*,#875,.T.);
#1192=ORIENTED_EDGE('',*,*,#880,.T.);
#1193=ORIENTED_EDGE('',*,*,#881,.F.);
#1194=ORIENTED_EDGE('',*,*,#882,.T.);
#1195=ORIENTED_EDGE('',*,*,#882,.F.);
#1196=ORIENTED_EDGE('',*,*,#883,.T.);
#1197=ORIENTED_EDGE('',*,*,#879,.F.);
#1198=ORIENTED_EDGE('',*,*,#877,.F.);
#1199=ORIENTED_EDGE('',*,*,#884,.T.);
#1200=ORIENTED_EDGE('',*,*,#790,.T.);
#1201=ORIENTED_EDGE('',*,*,#878,.F.);
#1202=ORIENTED_EDGE('',*,*,#885,.T.);
#1203=ORIENTED_EDGE('',*,*,#881,.T.);
#1204=ORIENTED_EDGE('',*,*,#886,.T.);
#1205=ORIENTED_EDGE('',*,*,#887,.F.);
#1206=ORIENTED_EDGE('',*,*,#888,.T.);
#1207=ORIENTED_EDGE('',*,*,#888,.F.);
#1208=ORIENTED_EDGE('',*,*,#889,.T.);
#1209=ORIENTED_EDGE('',*,*,#885,.F.);
#1210=ORIENTED_EDGE('',*,*,#883,.F.);
#1211=ORIENTED_EDGE('',*,*,#890,.T.);
#1212=ORIENTED_EDGE('',*,*,#791,.T.);
#1213=ORIENTED_EDGE('',*,*,#884,.F.);
#1214=ORIENTED_EDGE('',*,*,#891,.T.);
#1215=ORIENTED_EDGE('',*,*,#818,.T.);
#1216=ORIENTED_EDGE('',*,*,#793,.T.);
#1217=ORIENTED_EDGE('',*,*,#892,.F.);
#1218=ORIENTED_EDGE('',*,*,#893,.T.);
#1219=ORIENTED_EDGE('',*,*,#892,.T.);
#1220=ORIENTED_EDGE('',*,*,#792,.T.);
#1221=ORIENTED_EDGE('',*,*,#890,.F.);
#1222=ORIENTED_EDGE('',*,*,#894,.T.);
#1223=ORIENTED_EDGE('',*,*,#895,.F.);
#1224=ORIENTED_EDGE('',*,*,#821,.T.);
#1225=ORIENTED_EDGE('',*,*,#893,.F.);
#1226=ORIENTED_EDGE('',*,*,#896,.F.);
#1227=ORIENTED_EDGE('',*,*,#897,.T.);
#1228=ORIENTED_EDGE('',*,*,#898,.T.);
#1229=ORIENTED_EDGE('',*,*,#822,.F.);
#1230=ORIENTED_EDGE('',*,*,#895,.T.);
#1231=ORIENTED_EDGE('',*,*,#899,.T.);
#1232=ORIENTED_EDGE('',*,*,#900,.T.);
#1233=ORIENTED_EDGE('',*,*,#897,.F.);
#1234=ORIENTED_EDGE('',*,*,#901,.T.);
#1235=ORIENTED_EDGE('',*,*,#902,.F.);
#1236=ORIENTED_EDGE('',*,*,#903,.F.);
#1237=ORIENTED_EDGE('',*,*,#891,.F.);
#1238=ORIENTED_EDGE('',*,*,#889,.F.);
#1239=ORIENTED_EDGE('',*,*,#887,.T.);
#1240=ORIENTED_EDGE('',*,*,#904,.T.);
#1241=ORIENTED_EDGE('',*,*,#899,.F.);
#1242=ORIENTED_EDGE('',*,*,#902,.T.);
#1243=ORIENTED_EDGE('',*,*,#901,.F.);
#1244=ORIENTED_EDGE('',*,*,#896,.T.);
#1245=ORIENTED_EDGE('',*,*,#894,.F.);
#1246=ORIENTED_EDGE('',*,*,#903,.T.);
#1247=ORIENTED_EDGE('',*,*,#905,.F.);
#1248=ORIENTED_EDGE('',*,*,#906,.T.);
#1249=ORIENTED_EDGE('',*,*,#907,.F.);
#1250=ORIENTED_EDGE('',*,*,#908,.F.);
#1251=ORIENTED_EDGE('',*,*,#909,.F.);
#1252=ORIENTED_EDGE('',*,*,#910,.T.);
#1253=ORIENTED_EDGE('',*,*,#911,.T.);
#1254=ORIENTED_EDGE('',*,*,#912,.T.);
#1255=ORIENTED_EDGE('',*,*,#913,.F.);
#1256=ORIENTED_EDGE('',*,*,#914,.F.);
#1257=ORIENTED_EDGE('',*,*,#915,.F.);
#1258=ORIENTED_EDGE('',*,*,#916,.F.);
#1259=ORIENTED_EDGE('',*,*,#917,.T.);
#1260=ORIENTED_EDGE('',*,*,#918,.T.);
#1261=ORIENTED_EDGE('',*,*,#919,.F.);
#1262=ORIENTED_EDGE('',*,*,#920,.F.);
#1263=ORIENTED_EDGE('',*,*,#921,.F.);
#1264=ORIENTED_EDGE('',*,*,#922,.F.);
#1265=ORIENTED_EDGE('',*,*,#923,.F.);
#1266=ORIENTED_EDGE('',*,*,#924,.F.);
#1267=ORIENTED_EDGE('',*,*,#925,.F.);
#1268=ORIENTED_EDGE('',*,*,#926,.F.);
#1269=ORIENTED_EDGE('',*,*,#927,.F.);
#1270=ORIENTED_EDGE('',*,*,#928,.F.);
#1271=ORIENTED_EDGE('',*,*,#929,.F.);
#1272=ORIENTED_EDGE('',*,*,#930,.F.);
#1273=ORIENTED_EDGE('',*,*,#931,.F.);
#1274=ORIENTED_EDGE('',*,*,#932,.F.);
#1275=ORIENTED_EDGE('',*,*,#933,.T.);
#1276=ORIENTED_EDGE('',*,*,#934,.T.);
#1277=ORIENTED_EDGE('',*,*,#935,.T.);
#1278=ORIENTED_EDGE('',*,*,#922,.T.);
#1279=ORIENTED_EDGE('',*,*,#936,.F.);
#1280=ORIENTED_EDGE('',*,*,#937,.T.);
#1281=ORIENTED_EDGE('',*,*,#936,.T.);
#1282=ORIENTED_EDGE('',*,*,#921,.T.);
#1283=ORIENTED_EDGE('',*,*,#938,.F.);
#1284=ORIENTED_EDGE('',*,*,#939,.T.);
#1285=ORIENTED_EDGE('',*,*,#938,.T.);
#1286=ORIENTED_EDGE('',*,*,#920,.T.);
#1287=ORIENTED_EDGE('',*,*,#940,.F.);
#1288=ORIENTED_EDGE('',*,*,#941,.T.);
#1289=ORIENTED_EDGE('',*,*,#942,.T.);
#1290=ORIENTED_EDGE('',*,*,#923,.T.);
#1291=ORIENTED_EDGE('',*,*,#935,.F.);
#1292=ORIENTED_EDGE('',*,*,#943,.T.);
#1293=ORIENTED_EDGE('',*,*,#944,.T.);
#1294=ORIENTED_EDGE('',*,*,#924,.T.);
#1295=ORIENTED_EDGE('',*,*,#942,.F.);
#1296=ORIENTED_EDGE('',*,*,#945,.T.);
#1297=ORIENTED_EDGE('',*,*,#946,.T.);
#1298=ORIENTED_EDGE('',*,*,#925,.T.);
#1299=ORIENTED_EDGE('',*,*,#944,.F.);
#1300=ORIENTED_EDGE('',*,*,#947,.T.);
#1301=ORIENTED_EDGE('',*,*,#948,.T.);
#1302=ORIENTED_EDGE('',*,*,#926,.T.);
#1303=ORIENTED_EDGE('',*,*,#946,.F.);
#1304=ORIENTED_EDGE('',*,*,#949,.T.);
#1305=ORIENTED_EDGE('',*,*,#950,.T.);
#1306=ORIENTED_EDGE('',*,*,#927,.T.);
#1307=ORIENTED_EDGE('',*,*,#948,.F.);
#1308=ORIENTED_EDGE('',*,*,#951,.T.);
#1309=ORIENTED_EDGE('',*,*,#952,.T.);
#1310=ORIENTED_EDGE('',*,*,#928,.T.);
#1311=ORIENTED_EDGE('',*,*,#950,.F.);
#1312=ORIENTED_EDGE('',*,*,#953,.T.);
#1313=ORIENTED_EDGE('',*,*,#954,.T.);
#1314=ORIENTED_EDGE('',*,*,#929,.T.);
#1315=ORIENTED_EDGE('',*,*,#952,.F.);
#1316=ORIENTED_EDGE('',*,*,#955,.T.);
#1317=ORIENTED_EDGE('',*,*,#956,.T.);
#1318=ORIENTED_EDGE('',*,*,#930,.T.);
#1319=ORIENTED_EDGE('',*,*,#954,.F.);
#1320=ORIENTED_EDGE('',*,*,#957,.T.);
#1321=ORIENTED_EDGE('',*,*,#958,.T.);
#1322=ORIENTED_EDGE('',*,*,#931,.T.);
#1323=ORIENTED_EDGE('',*,*,#956,.F.);
#1324=ORIENTED_EDGE('',*,*,#959,.T.);
#1325=ORIENTED_EDGE('',*,*,#960,.F.);
#1326=ORIENTED_EDGE('',*,*,#932,.T.);
#1327=ORIENTED_EDGE('',*,*,#958,.F.);
#1328=ORIENTED_EDGE('',*,*,#961,.T.);
#1329=ORIENTED_EDGE('',*,*,#960,.T.);
#1330=ORIENTED_EDGE('',*,*,#962,.T.);
#1331=ORIENTED_EDGE('',*,*,#940,.T.);
#1332=ORIENTED_EDGE('',*,*,#919,.T.);
#1333=ORIENTED_EDGE('',*,*,#963,.F.);
#1334=ORIENTED_EDGE('',*,*,#964,.T.);
#1335=ORIENTED_EDGE('',*,*,#965,.T.);
#1336=ORIENTED_EDGE('',*,*,#966,.F.);
#1337=ORIENTED_EDGE('',*,*,#967,.T.);
#1338=ORIENTED_EDGE('',*,*,#968,.F.);
#1339=ORIENTED_EDGE('',*,*,#969,.T.);
#1340=ORIENTED_EDGE('',*,*,#970,.F.);
#1341=ORIENTED_EDGE('',*,*,#971,.T.);
#1342=ORIENTED_EDGE('',*,*,#972,.F.);
#1343=ORIENTED_EDGE('',*,*,#973,.T.);
#1344=ORIENTED_EDGE('',*,*,#974,.F.);
#1345=ORIENTED_EDGE('',*,*,#975,.T.);
#1346=ORIENTED_EDGE('',*,*,#976,.T.);
#1347=ORIENTED_EDGE('',*,*,#977,.T.);
#1348=ORIENTED_EDGE('',*,*,#978,.T.);
#1349=ORIENTED_EDGE('',*,*,#979,.T.);
#1350=ORIENTED_EDGE('',*,*,#980,.T.);
#1351=ORIENTED_EDGE('',*,*,#981,.T.);
#1352=ORIENTED_EDGE('',*,*,#982,.T.);
#1353=ORIENTED_EDGE('',*,*,#983,.F.);
#1354=ORIENTED_EDGE('',*,*,#984,.T.);
#1355=ORIENTED_EDGE('',*,*,#985,.T.);
#1356=ORIENTED_EDGE('',*,*,#984,.F.);
#1357=ORIENTED_EDGE('',*,*,#983,.F.);
#1358=ORIENTED_EDGE('',*,*,#986,.T.);
#1359=ORIENTED_EDGE('',*,*,#987,.T.);
#1360=ORIENTED_EDGE('',*,*,#988,.T.);
#1361=ORIENTED_EDGE('',*,*,#989,.T.);
#1362=ORIENTED_EDGE('',*,*,#990,.F.);
#1363=ORIENTED_EDGE('',*,*,#989,.F.);
#1364=ORIENTED_EDGE('',*,*,#991,.T.);
#1365=ORIENTED_EDGE('',*,*,#992,.T.);
#1366=ORIENTED_EDGE('',*,*,#993,.T.);
#1367=ORIENTED_EDGE('',*,*,#994,.T.);
#1368=ORIENTED_EDGE('',*,*,#995,.T.);
#1369=ORIENTED_EDGE('',*,*,#996,.T.);
#1370=ORIENTED_EDGE('',*,*,#997,.T.);
#1371=ORIENTED_EDGE('',*,*,#998,.T.);
#1372=ORIENTED_EDGE('',*,*,#999,.T.);
#1373=ORIENTED_EDGE('',*,*,#1000,.T.);
#1374=ORIENTED_EDGE('',*,*,#1001,.T.);
#1375=ORIENTED_EDGE('',*,*,#1002,.T.);
#1376=ORIENTED_EDGE('',*,*,#1003,.T.);
#1377=ORIENTED_EDGE('',*,*,#1004,.T.);
#1378=ORIENTED_EDGE('',*,*,#1005,.T.);
#1379=ORIENTED_EDGE('',*,*,#990,.T.);
#1380=ORIENTED_EDGE('',*,*,#1006,.T.);
#1381=ORIENTED_EDGE('',*,*,#1007,.T.);
#1382=ORIENTED_EDGE('',*,*,#1006,.F.);
#1383=ORIENTED_EDGE('',*,*,#1007,.F.);
#1384=ORIENTED_EDGE('',*,*,#983,.T.);
#1385=ORIENTED_EDGE('',*,*,#1008,.T.);
#1386=ORIENTED_EDGE('',*,*,#1009,.T.);
#1387=ORIENTED_EDGE('',*,*,#1010,.T.);
#1388=PLANE('',#1560);
#1389=PLANE('',#1574);
#1390=PLANE('',#1587);
#1391=PLANE('',#1608);
#1392=PLANE('',#1621);
#1393=PLANE('',#1634);
#1394=PLANE('',#1647);
#1395=PLANE('',#1660);
#1396=PLANE('',#1675);
#1397=PLANE('',#1682);
#1398=PLANE('',#1686);
#1399=PLANE('',#1694);
#1400=PLANE('',#1740);
#1401=PLANE('',#1760);
#1402=PLANE('',#1769);
#1403=PLANE('',#1770);
#1404=PLANE('',#1772);
#1405=PLANE('',#1774);
#1406=ADVANCED_FACE('',(#138,#120,#121),#1388,.T.);
#1407=ADVANCED_FACE('',(#139),#84,.T.);
#1408=ADVANCED_FACE('',(#140),#1389,.T.);
#1409=ADVANCED_FACE('',(#141),#85,.T.);
#1410=ADVANCED_FACE('',(#142),#39,.T.);
#1411=ADVANCED_FACE('',(#143),#86,.T.);
#1412=ADVANCED_FACE('',(#144),#40,.T.);
#1413=ADVANCED_FACE('',(#145),#87,.T.);
#1414=ADVANCED_FACE('',(#146),#88,.T.);
#1415=ADVANCED_FACE('',(#147),#1390,.T.);
#1416=ADVANCED_FACE('',(#148),#41,.T.);
#1417=ADVANCED_FACE('',(#149),#89,.T.);
#1418=ADVANCED_FACE('',(#150),#42,.T.);
#1419=ADVANCED_FACE('',(#151),#43,.T.);
#1420=ADVANCED_FACE('',(#152),#44,.T.);
#1421=ADVANCED_FACE('',(#153),#90,.T.);
#1422=ADVANCED_FACE('',(#154),#91,.T.);
#1423=ADVANCED_FACE('',(#155),#92,.T.);
#1424=ADVANCED_FACE('',(#156),#1391,.T.);
#1425=ADVANCED_FACE('',(#157),#45,.T.);
#1426=ADVANCED_FACE('',(#158),#46,.T.);
#1427=ADVANCED_FACE('',(#159),#93,.F.);
#1428=ADVANCED_FACE('',(#160),#94,.T.);
#1429=ADVANCED_FACE('',(#161),#95,.T.);
#1430=ADVANCED_FACE('',(#162),#1392,.T.);
#1431=ADVANCED_FACE('',(#163),#47,.T.);
#1432=ADVANCED_FACE('',(#164),#48,.T.);
#1433=ADVANCED_FACE('',(#165),#96,.F.);
#1434=ADVANCED_FACE('',(#166),#97,.T.);
#1435=ADVANCED_FACE('',(#167),#98,.T.);
#1436=ADVANCED_FACE('',(#168),#1393,.T.);
#1437=ADVANCED_FACE('',(#169),#49,.T.);
#1438=ADVANCED_FACE('',(#170),#99,.F.);
#1439=ADVANCED_FACE('',(#171),#50,.T.);
#1440=ADVANCED_FACE('',(#172),#100,.T.);
#1441=ADVANCED_FACE('',(#173),#101,.T.);
#1442=ADVANCED_FACE('',(#174),#1394,.T.);
#1443=ADVANCED_FACE('',(#175),#51,.T.);
#1444=ADVANCED_FACE('',(#176),#52,.T.);
#1445=ADVANCED_FACE('',(#177),#102,.T.);
#1446=ADVANCED_FACE('',(#178),#103,.T.);
#1447=ADVANCED_FACE('',(#179),#104,.T.);
#1448=ADVANCED_FACE('',(#180),#1395,.T.);
#1449=ADVANCED_FACE('',(#181),#53,.T.);
#1450=ADVANCED_FACE('',(#182),#54,.T.);
#1451=ADVANCED_FACE('',(#183),#105,.T.);
#1452=ADVANCED_FACE('',(#184),#106,.T.);
#1453=ADVANCED_FACE('',(#185),#107,.T.);
#1454=ADVANCED_FACE('',(#186),#55,.T.);
#1455=ADVANCED_FACE('',(#187),#1396,.T.);
#1456=ADVANCED_FACE('',(#188),#108,.T.);
#1457=ADVANCED_FACE('',(#189),#56,.T.);
#1458=ADVANCED_FACE('',(#190),#1397,.T.);
#1459=ADVANCED_FACE('',(#191),#109,.T.);
#1460=ADVANCED_FACE('',(#192),#110,.T.);
#1461=ADVANCED_FACE('',(#193,#122,#123),#1398,.T.);
#1462=ADVANCED_FACE('',(#194,#124,#125),#1399,.F.);
#1463=ADVANCED_FACE('',(#195),#57,.T.);
#1464=ADVANCED_FACE('',(#196),#111,.T.);
#1465=ADVANCED_FACE('',(#197),#58,.T.);
#1466=ADVANCED_FACE('',(#198),#112,.T.);
#1467=ADVANCED_FACE('',(#199),#59,.T.);
#1468=ADVANCED_FACE('',(#200),#113,.T.);
#1469=ADVANCED_FACE('',(#201),#60,.T.);
#1470=ADVANCED_FACE('',(#202),#114,.T.);
#1471=ADVANCED_FACE('',(#203),#61,.T.);
#1472=ADVANCED_FACE('',(#204),#115,.T.);
#1473=ADVANCED_FACE('',(#205),#62,.T.);
#1474=ADVANCED_FACE('',(#206),#116,.T.);
#1475=ADVANCED_FACE('',(#207),#63,.T.);
#1476=ADVANCED_FACE('',(#208),#117,.T.);
#1477=ADVANCED_FACE('',(#209,#126,#127,#128,#129,#130,#131),#1400,.T.);
#1478=ADVANCED_FACE('',(#210),#118,.T.);
#1479=ADVANCED_FACE('',(#211,#132,#133),#1401,.F.);
#1480=ADVANCED_FACE('',(#212,#134,#135,#136),#119,.T.);
#1481=ADVANCED_FACE('',(#213),#64,.T.);
#1482=ADVANCED_FACE('',(#214,#137),#1402,.F.);
#1483=ADVANCED_FACE('',(#215),#1403,.T.);
#1484=ADVANCED_FACE('',(#216),#1404,.F.);
#1485=ADVANCED_FACE('',(#217),#1405,.F.);
#1486=OPEN_SHELL('',(#1406,#1407,#1408,#1409,#1410,#1411,#1412,#1413,#1414,
#1415,#1416,#1417,#1418,#1419,#1420,#1421,#1422,#1423,#1424,#1425,#1426,
#1427,#1428,#1429,#1430,#1431,#1432,#1433,#1434,#1435,#1436,#1437,#1438,
#1439,#1440,#1441,#1442,#1443,#1444,#1445,#1446,#1447,#1448,#1449,#1450,
#1451,#1452,#1453,#1454,#1455,#1456,#1457,#1458,#1459,#1460));
#1487=OPEN_SHELL('',(#1461));
#1488=OPEN_SHELL('',(#1462,#1463,#1464,#1465,#1466,#1467,#1468,#1469,#1470,
#1471,#1472,#1473,#1474,#1475,#1476));
#1489=OPEN_SHELL('',(#1477));
#1490=OPEN_SHELL('',(#1478,#1479,#1480,#1481,#1482));
#1491=OPEN_SHELL('',(#1483));
#1492=OPEN_SHELL('',(#1484));
#1493=OPEN_SHELL('',(#1485));
#1494=SHELL_BASED_SURFACE_MODEL('Body1',(#1486));
#1495=SHELL_BASED_SURFACE_MODEL('Body1',(#1487));
#1496=SHELL_BASED_SURFACE_MODEL('Body1',(#1488));
#1497=SHELL_BASED_SURFACE_MODEL('Body1',(#1489));
#1498=SHELL_BASED_SURFACE_MODEL('Body1',(#1490));
#1499=SHELL_BASED_SURFACE_MODEL('Body15',(#1491));
#1500=SHELL_BASED_SURFACE_MODEL('Body16',(#1492));
#1501=SHELL_BASED_SURFACE_MODEL('Body17',(#1493));
#1502=DERIVED_UNIT_ELEMENT(#1512,1.);
#1503=DERIVED_UNIT_ELEMENT(#3042,-3.);
#1504=DERIVED_UNIT_ELEMENT(#1512,1.);
#1505=DERIVED_UNIT_ELEMENT(#3042,-3.);
#1506=DERIVED_UNIT_ELEMENT(#1512,1.);
#1507=DERIVED_UNIT_ELEMENT(#3042,-3.);
#1508=DERIVED_UNIT_ELEMENT(#1512,1.);
#1509=DERIVED_UNIT_ELEMENT(#3042,-3.);
#1510=DERIVED_UNIT_ELEMENT(#1512,1.);
#1511=DERIVED_UNIT_ELEMENT(#3042,-3.);
#1512=(
MASS_UNIT()
NAMED_UNIT(*)
SI_UNIT(.KILO.,.GRAM.)
);
#1513=DERIVED_UNIT((#1502,#1503));
#1514=DERIVED_UNIT((#1504,#1505));
#1515=DERIVED_UNIT((#1506,#1507));
#1516=DERIVED_UNIT((#1508,#1509));
#1517=DERIVED_UNIT((#1510,#1511));
#1518=MEASURE_REPRESENTATION_ITEM('density measure',
POSITIVE_RATIO_MEASURE(7850.),#1513);
#1519=MEASURE_REPRESENTATION_ITEM('density measure',
POSITIVE_RATIO_MEASURE(7850.),#1514);
#1520=MEASURE_REPRESENTATION_ITEM('density measure',
POSITIVE_RATIO_MEASURE(7850.),#1515);
#1521=MEASURE_REPRESENTATION_ITEM('density measure',
POSITIVE_RATIO_MEASURE(7850.),#1516);
#1522=MEASURE_REPRESENTATION_ITEM('density measure',
POSITIVE_RATIO_MEASURE(7850.),#1517);
#1523=PROPERTY_DEFINITION_REPRESENTATION(#1548,#1533);
#1524=PROPERTY_DEFINITION_REPRESENTATION(#1549,#1534);
#1525=PROPERTY_DEFINITION_REPRESENTATION(#1550,#1535);
#1526=PROPERTY_DEFINITION_REPRESENTATION(#1551,#1536);
#1527=PROPERTY_DEFINITION_REPRESENTATION(#1552,#1537);
#1528=PROPERTY_DEFINITION_REPRESENTATION(#1553,#1538);
#1529=PROPERTY_DEFINITION_REPRESENTATION(#1554,#1539);
#1530=PROPERTY_DEFINITION_REPRESENTATION(#1555,#1540);
#1531=PROPERTY_DEFINITION_REPRESENTATION(#1556,#1541);
#1532=PROPERTY_DEFINITION_REPRESENTATION(#1557,#1542);
#1533=REPRESENTATION('material name',(#1543),#3035);
#1534=REPRESENTATION('density',(#1518),#3035);
#1535=REPRESENTATION('material name',(#1544),#3036);
#1536=REPRESENTATION('density',(#1519),#3036);
#1537=REPRESENTATION('material name',(#1545),#3037);
#1538=REPRESENTATION('density',(#1520),#3037);
#1539=REPRESENTATION('material name',(#1546),#3038);
#1540=REPRESENTATION('density',(#1521),#3038);
#1541=REPRESENTATION('material name',(#1547),#3039);
#1542=REPRESENTATION('density',(#1522),#3039);
#1543=DESCRIPTIVE_REPRESENTATION_ITEM('Steel','Steel');
#1544=DESCRIPTIVE_REPRESENTATION_ITEM('Steel','Steel');
#1545=DESCRIPTIVE_REPRESENTATION_ITEM('Steel','Steel');
#1546=DESCRIPTIVE_REPRESENTATION_ITEM('Steel','Steel');
#1547=DESCRIPTIVE_REPRESENTATION_ITEM('Steel','Steel');
#1548=PROPERTY_DEFINITION('material property','material name',#3070);
#1549=PROPERTY_DEFINITION('material property','density of part',#3070);
#1550=PROPERTY_DEFINITION('material property','material name',#3071);
#1551=PROPERTY_DEFINITION('material property','density of part',#3071);
#1552=PROPERTY_DEFINITION('material property','material name',#3072);
#1553=PROPERTY_DEFINITION('material property','density of part',#3072);
#1554=PROPERTY_DEFINITION('material property','material name',#3073);
#1555=PROPERTY_DEFINITION('material property','density of part',#3073);
#1556=PROPERTY_DEFINITION('material property','material name',#3074);
#1557=PROPERTY_DEFINITION('material property','density of part',#3074);
#1558=AXIS2_PLACEMENT_3D('',#2310,#1781,#1782);
#1559=AXIS2_PLACEMENT_3D('',#2311,#1783,#1784);
#1560=AXIS2_PLACEMENT_3D('',#2312,#1785,#1786);
#1561=AXIS2_PLACEMENT_3D('',#2317,#1788,#1789);
#1562=AXIS2_PLACEMENT_3D('',#2321,#1791,#1792);
#1563=AXIS2_PLACEMENT_3D('',#2325,#1794,#1795);
#1564=AXIS2_PLACEMENT_3D('',#2329,#1797,#1798);
#1565=AXIS2_PLACEMENT_3D('',#2333,#1800,#1801);
#1566=AXIS2_PLACEMENT_3D('',#2337,#1803,#1804);
#1567=AXIS2_PLACEMENT_3D('',#2341,#1806,#1807);
#1568=AXIS2_PLACEMENT_3D('',#2345,#1809,#1810);
#1569=AXIS2_PLACEMENT_3D('',#2348,#1812,#1813);
#1570=AXIS2_PLACEMENT_3D('',#2350,#1814,#1815);
#1571=AXIS2_PLACEMENT_3D('',#2352,#1816,#1817);
#1572=AXIS2_PLACEMENT_3D('',#2353,#1818,#1819);
#1573=AXIS2_PLACEMENT_3D('',#2355,#1820,#1821);
#1574=AXIS2_PLACEMENT_3D('',#2370,#1823,#1824);
#1575=AXIS2_PLACEMENT_3D('',#2376,#1828,#1829);
#1576=AXIS2_PLACEMENT_3D('',#2378,#1830,#1831);
#1577=AXIS2_PLACEMENT_3D('',#2393,#1833,#1834);
#1578=AXIS2_PLACEMENT_3D('',#2395,#1835,#1836);
#1579=AXIS2_PLACEMENT_3D('',#2396,#1837,#1838);
#1580=AXIS2_PLACEMENT_3D('',#2397,#1839,#1840);
#1581=AXIS2_PLACEMENT_3D('',#2399,#1841,#1842);
#1582=AXIS2_PLACEMENT_3D('',#2401,#1844,#1845);
#1583=AXIS2_PLACEMENT_3D('',#2403,#1846,#1847);
#1584=AXIS2_PLACEMENT_3D('',#2404,#1848,#1849);
#1585=AXIS2_PLACEMENT_3D('',#2405,#1850,#1851);
#1586=AXIS2_PLACEMENT_3D('',#2439,#1853,#1854);
#1587=AXIS2_PLACEMENT_3D('',#2475,#1857,#1858);
#1588=AXIS2_PLACEMENT_3D('',#2477,#1860,#1861);
#1589=AXIS2_PLACEMENT_3D('',#2479,#1862,#1863);
#1590=AXIS2_PLACEMENT_3D('',#2480,#1864,#1865);
#1591=AXIS2_PLACEMENT_3D('',#2481,#1866,#1867);
#1592=AXIS2_PLACEMENT_3D('',#2483,#1868,#1869);
#1593=AXIS2_PLACEMENT_3D('',#2485,#1871,#1872);
#1594=AXIS2_PLACEMENT_3D('',#2487,#1873,#1874);
#1595=AXIS2_PLACEMENT_3D('',#2488,#1875,#1876);
#1596=AXIS2_PLACEMENT_3D('',#2489,#1877,#1878);
#1597=AXIS2_PLACEMENT_3D('',#2491,#1879,#1880);
#1598=AXIS2_PLACEMENT_3D('',#2492,#1881,#1882);
#1599=AXIS2_PLACEMENT_3D('',#2493,#1883,#1884);
#1600=AXIS2_PLACEMENT_3D('',#2495,#1885,#1886);
#1601=AXIS2_PLACEMENT_3D('',#2497,#1887,#1888);
#1602=AXIS2_PLACEMENT_3D('',#2498,#1889,#1890);
#1603=AXIS2_PLACEMENT_3D('',#2499,#1891,#1892);
#1604=AXIS2_PLACEMENT_3D('',#2501,#1894,#1895);
#1605=AXIS2_PLACEMENT_3D('',#2503,#1896,#1897);
#1606=AXIS2_PLACEMENT_3D('',#2505,#1899,#1900);
#1607=AXIS2_PLACEMENT_3D('',#2509,#1902,#1903);
#1608=AXIS2_PLACEMENT_3D('',#2511,#1905,#1906);
#1609=AXIS2_PLACEMENT_3D('',#2513,#1908,#1909);
#1610=AXIS2_PLACEMENT_3D('',#2515,#1910,#1911);
#1611=AXIS2_PLACEMENT_3D('',#2516,#1912,#1913);
#1612=AXIS2_PLACEMENT_3D('',#2517,#1914,#1915);
#1613=AXIS2_PLACEMENT_3D('',#2519,#1916,#1917);
#1614=AXIS2_PLACEMENT_3D('',#2521,#1918,#1919);
#1615=AXIS2_PLACEMENT_3D('',#2522,#1920,#1921);
#1616=AXIS2_PLACEMENT_3D('',#2523,#1922,#1923);
#1617=AXIS2_PLACEMENT_3D('',#2525,#1925,#1926);
#1618=AXIS2_PLACEMENT_3D('',#2527,#1927,#1928);
#1619=AXIS2_PLACEMENT_3D('',#2529,#1930,#1931);
#1620=AXIS2_PLACEMENT_3D('',#2533,#1933,#1934);
#1621=AXIS2_PLACEMENT_3D('',#2535,#1936,#1937);
#1622=AXIS2_PLACEMENT_3D('',#2537,#1939,#1940);
#1623=AXIS2_PLACEMENT_3D('',#2539,#1941,#1942);
#1624=AXIS2_PLACEMENT_3D('',#2540,#1943,#1944);
#1625=AXIS2_PLACEMENT_3D('',#2541,#1945,#1946);
#1626=AXIS2_PLACEMENT_3D('',#2543,#1947,#1948);
#1627=AXIS2_PLACEMENT_3D('',#2545,#1949,#1950);
#1628=AXIS2_PLACEMENT_3D('',#2546,#1951,#1952);
#1629=AXIS2_PLACEMENT_3D('',#2547,#1953,#1954);
#1630=AXIS2_PLACEMENT_3D('',#2549,#1956,#1957);
#1631=AXIS2_PLACEMENT_3D('',#2551,#1958,#1959);
#1632=AXIS2_PLACEMENT_3D('',#2553,#1961,#1962);
#1633=AXIS2_PLACEMENT_3D('',#2557,#1964,#1965);
#1634=AXIS2_PLACEMENT_3D('',#2559,#1967,#1968);
#1635=AXIS2_PLACEMENT_3D('',#2561,#1970,#1971);
#1636=AXIS2_PLACEMENT_3D('',#2563,#1972,#1973);
#1637=AXIS2_PLACEMENT_3D('',#2564,#1974,#1975);
#1638=AXIS2_PLACEMENT_3D('',#2565,#1976,#1977);
#1639=AXIS2_PLACEMENT_3D('',#2567,#1978,#1979);
#1640=AXIS2_PLACEMENT_3D('',#2569,#1981,#1982);
#1641=AXIS2_PLACEMENT_3D('',#2571,#1983,#1984);
#1642=AXIS2_PLACEMENT_3D('',#2572,#1985,#1986);
#1643=AXIS2_PLACEMENT_3D('',#2573,#1987,#1988);
#1644=AXIS2_PLACEMENT_3D('',#2575,#1989,#1990);
#1645=AXIS2_PLACEMENT_3D('',#2577,#1992,#1993);
#1646=AXIS2_PLACEMENT_3D('',#2581,#1995,#1996);
#1647=AXIS2_PLACEMENT_3D('',#2583,#1998,#1999);
#1648=AXIS2_PLACEMENT_3D('',#2585,#2001,#2002);
#1649=AXIS2_PLACEMENT_3D('',#2587,#2003,#2004);
#1650=AXIS2_PLACEMENT_3D('',#2588,#2005,#2006);
#1651=AXIS2_PLACEMENT_3D('',#2589,#2007,#2008);
#1652=AXIS2_PLACEMENT_3D('',#2591,#2009,#2010);
#1653=AXIS2_PLACEMENT_3D('',#2593,#2011,#2012);
#1654=AXIS2_PLACEMENT_3D('',#2594,#2013,#2014);
#1655=AXIS2_PLACEMENT_3D('',#2595,#2015,#2016);
#1656=AXIS2_PLACEMENT_3D('',#2597,#2018,#2019);
#1657=AXIS2_PLACEMENT_3D('',#2599,#2020,#2021);
#1658=AXIS2_PLACEMENT_3D('',#2601,#2023,#2024);
#1659=AXIS2_PLACEMENT_3D('',#2605,#2026,#2027);
#1660=AXIS2_PLACEMENT_3D('',#2607,#2029,#2030);
#1661=AXIS2_PLACEMENT_3D('',#2609,#2032,#2033);
#1662=AXIS2_PLACEMENT_3D('',#2611,#2034,#2035);
#1663=AXIS2_PLACEMENT_3D('',#2612,#2036,#2037);
#1664=AXIS2_PLACEMENT_3D('',#2613,#2038,#2039);
#1665=AXIS2_PLACEMENT_3D('',#2615,#2040,#2041);
#1666=AXIS2_PLACEMENT_3D('',#2617,#2042,#2043);
#1667=AXIS2_PLACEMENT_3D('',#2618,#2044,#2045);
#1668=AXIS2_PLACEMENT_3D('',#2619,#2046,#2047);
#1669=AXIS2_PLACEMENT_3D('',#2621,#2049,#2050);
#1670=AXIS2_PLACEMENT_3D('',#2623,#2051,#2052);
#1671=AXIS2_PLACEMENT_3D('',#2625,#2054,#2055);
#1672=AXIS2_PLACEMENT_3D('',#2627,#2056,#2057);
#1673=AXIS2_PLACEMENT_3D('',#2629,#2059,#2060);
#1674=AXIS2_PLACEMENT_3D('',#2630,#2061,#2062);
#1675=AXIS2_PLACEMENT_3D('',#2631,#2063,#2064);
#1676=AXIS2_PLACEMENT_3D('',#2635,#2067,#2068);
#1677=AXIS2_PLACEMENT_3D('',#2637,#2069,#2070);
#1678=AXIS2_PLACEMENT_3D('',#2639,#2072,#2073);
#1679=AXIS2_PLACEMENT_3D('',#2642,#2074,#2075);
#1680=AXIS2_PLACEMENT_3D('',#2643,#2076,#2077);
#1681=AXIS2_PLACEMENT_3D('',#2644,#2078,#2079);
#1682=AXIS2_PLACEMENT_3D('',#2645,#2080,#2081);
#1683=AXIS2_PLACEMENT_3D('',#2648,#2084,#2085);
#1684=AXIS2_PLACEMENT_3D('',#2650,#2087,#2088);
#1685=AXIS2_PLACEMENT_3D('',#2651,#2089,#2090);
#1686=AXIS2_PLACEMENT_3D('',#2652,#2091,#2092);
#1687=AXIS2_PLACEMENT_3D('',#2659,#2095,#2096);
#1688=AXIS2_PLACEMENT_3D('',#2663,#2098,#2099);
#1689=AXIS2_PLACEMENT_3D('',#2671,#2103,#2104);
#1690=AXIS2_PLACEMENT_3D('',#2675,#2106,#2107);
#1691=AXIS2_PLACEMENT_3D('',#2678,#2109,#2110);
#1692=AXIS2_PLACEMENT_3D('',#2680,#2111,#2112);
#1693=AXIS2_PLACEMENT_3D('',#2681,#2113,#2114);
#1694=AXIS2_PLACEMENT_3D('',#2682,#2115,#2116);
#1695=AXIS2_PLACEMENT_3D('',#2687,#2118,#2119);
#1696=AXIS2_PLACEMENT_3D('',#2691,#2121,#2122);
#1697=AXIS2_PLACEMENT_3D('',#2695,#2124,#2125);
#1698=AXIS2_PLACEMENT_3D('',#2699,#2127,#2128);
#1699=AXIS2_PLACEMENT_3D('',#2703,#2130,#2131);
#1700=AXIS2_PLACEMENT_3D('',#2707,#2133,#2134);
#1701=AXIS2_PLACEMENT_3D('',#2710,#2136,#2137);
#1702=AXIS2_PLACEMENT_3D('',#2712,#2138,#2139);
#1703=AXIS2_PLACEMENT_3D('',#2714,#2140,#2141);
#1704=AXIS2_PLACEMENT_3D('',#2715,#2142,#2143);
#1705=AXIS2_PLACEMENT_3D('',#2717,#2144,#2145);
#1706=AXIS2_PLACEMENT_3D('',#2719,#2146,#2147);
#1707=AXIS2_PLACEMENT_3D('',#2720,#2148,#2149);
#1708=AXIS2_PLACEMENT_3D('',#2721,#2150,#2151);
#1709=AXIS2_PLACEMENT_3D('',#2723,#2152,#2153);
#1710=AXIS2_PLACEMENT_3D('',#2725,#2155,#2156);
#1711=AXIS2_PLACEMENT_3D('',#2727,#2157,#2158);
#1712=AXIS2_PLACEMENT_3D('',#2728,#2159,#2160);
#1713=AXIS2_PLACEMENT_3D('',#2729,#2161,#2162);
#1714=AXIS2_PLACEMENT_3D('',#2731,#2163,#2164);
#1715=AXIS2_PLACEMENT_3D('',#2733,#2166,#2167);
#1716=AXIS2_PLACEMENT_3D('',#2735,#2168,#2169);
#1717=AXIS2_PLACEMENT_3D('',#2736,#2170,#2171);
#1718=AXIS2_PLACEMENT_3D('',#2737,#2172,#2173);
#1719=AXIS2_PLACEMENT_3D('',#2739,#2174,#2175);
#1720=AXIS2_PLACEMENT_3D('',#2741,#2177,#2178);
#1721=AXIS2_PLACEMENT_3D('',#2743,#2179,#2180);
#1722=AXIS2_PLACEMENT_3D('',#2744,#2181,#2182);
#1723=AXIS2_PLACEMENT_3D('',#2745,#2183,#2184);
#1724=AXIS2_PLACEMENT_3D('',#2747,#2185,#2186);
#1725=AXIS2_PLACEMENT_3D('',#2749,#2188,#2189);
#1726=AXIS2_PLACEMENT_3D('',#2751,#2190,#2191);
#1727=AXIS2_PLACEMENT_3D('',#2752,#2192,#2193);
#1728=AXIS2_PLACEMENT_3D('',#2753,#2194,#2195);
#1729=AXIS2_PLACEMENT_3D('',#2755,#2196,#2197);
#1730=AXIS2_PLACEMENT_3D('',#2757,#2199,#2200);
#1731=AXIS2_PLACEMENT_3D('',#2759,#2201,#2202);
#1732=AXIS2_PLACEMENT_3D('',#2760,#2203,#2204);
#1733=AXIS2_PLACEMENT_3D('',#2761,#2205,#2206);
#1734=AXIS2_PLACEMENT_3D('',#2763,#2207,#2208);
#1735=AXIS2_PLACEMENT_3D('',#2765,#2210,#2211);
#1736=AXIS2_PLACEMENT_3D('',#2767,#2212,#2213);
#1737=AXIS2_PLACEMENT_3D('',#2768,#2214,#2215);
#1738=AXIS2_PLACEMENT_3D('',#2769,#2216,#2217);
#1739=AXIS2_PLACEMENT_3D('',#2771,#2219,#2220);
#1740=AXIS2_PLACEMENT_3D('',#2772,#2221,#2222);
#1741=AXIS2_PLACEMENT_3D('',#2775,#2223,#2224);
#1742=AXIS2_PLACEMENT_3D('',#2779,#2226,#2227);
#1743=AXIS2_PLACEMENT_3D('',#2781,#2228,#2229);
#1744=AXIS2_PLACEMENT_3D('',#2783,#2230,#2231);
#1745=AXIS2_PLACEMENT_3D('',#2785,#2232,#2233);
#1746=AXIS2_PLACEMENT_3D('',#2789,#2235,#2236);
#1747=AXIS2_PLACEMENT_3D('',#2793,#2238,#2239);
#1748=AXIS2_PLACEMENT_3D('',#2797,#2241,#2242);
#1749=AXIS2_PLACEMENT_3D('',#2799,#2243,#2244);
#1750=AXIS2_PLACEMENT_3D('',#2802,#2246,#2247);
#1751=AXIS2_PLACEMENT_3D('',#2804,#2248,#2249);
#1752=AXIS2_PLACEMENT_3D('',#2806,#2250,#2251);
#1753=AXIS2_PLACEMENT_3D('',#2808,#2252,#2253);
#1754=AXIS2_PLACEMENT_3D('',#2810,#2254,#2255);
#1755=AXIS2_PLACEMENT_3D('',#2812,#2256,#2257);
#1756=AXIS2_PLACEMENT_3D('',#2813,#2258,#2259);
#1757=AXIS2_PLACEMENT_3D('',#2814,#2260,#2261);
#1758=AXIS2_PLACEMENT_3D('',#2816,#2262,#2263);
#1759=AXIS2_PLACEMENT_3D('',#2819,#2265,#2266);
#1760=AXIS2_PLACEMENT_3D('',#2820,#2267,#2268);
#1761=AXIS2_PLACEMENT_3D('',#2822,#2269,#2270);
#1762=AXIS2_PLACEMENT_3D('',#2824,#2271,#2272);
#1763=AXIS2_PLACEMENT_3D('',#2825,#2273,#2274);
#1764=AXIS2_PLACEMENT_3D('',#2827,#2275,#2276);
#1765=AXIS2_PLACEMENT_3D('',#2830,#2278,#2279);
#1766=AXIS2_PLACEMENT_3D('',#3008,#2280,#2281);
#1767=AXIS2_PLACEMENT_3D('',#3010,#2282,#2283);
#1768=AXIS2_PLACEMENT_3D('',#3011,#2284,#2285);
#1769=AXIS2_PLACEMENT_3D('',#3012,#2286,#2287);
#1770=AXIS2_PLACEMENT_3D('',#3013,#2288,#2289);
#1771=AXIS2_PLACEMENT_3D('',#3015,#2290,#2291);
#1772=AXIS2_PLACEMENT_3D('',#3016,#2292,#2293);
#1773=AXIS2_PLACEMENT_3D('',#3018,#2294,#2295);
#1774=AXIS2_PLACEMENT_3D('',#3019,#2296,#2297);
#1775=AXIS2_PLACEMENT_3D('',#3021,#2298,#2299);
#1776=AXIS2_PLACEMENT_3D('',#3022,#2300,#2301);
#1777=AXIS2_PLACEMENT_3D('',#3023,#2302,#2303);
#1778=AXIS2_PLACEMENT_3D('',#3024,#2304,#2305);
#1779=AXIS2_PLACEMENT_3D('',#3025,#2306,#2307);
#1780=AXIS2_PLACEMENT_3D('',#3026,#2308,#2309);
#1781=DIRECTION('axis',(0.,0.,1.));
#1782=DIRECTION('refdir',(1.,0.,0.));
#1783=DIRECTION('axis',(0.,0.,1.));
#1784=DIRECTION('refdir',(1.,0.,0.));
#1785=DIRECTION('center_axis',(0.,1.,0.));
#1786=DIRECTION('ref_axis',(0.00406220327056875,0.,0.999991749218257));
#1787=DIRECTION('',(0.452303678913539,0.,-0.891863993017589));
#1788=DIRECTION('center_axis',(0.,-1.,0.));
#1789=DIRECTION('ref_axis',(-0.447233685106313,0.,0.894417145914717));
#1790=DIRECTION('',(-0.442141846391713,0.,0.896945141950904));
#1791=DIRECTION('center_axis',(0.,-1.,0.));
#1792=DIRECTION('ref_axis',(0.961362839353995,0.,0.275284382247204));
#1793=DIRECTION('',(-0.0611081198984639,0.,0.998131152545834));
#1794=DIRECTION('center_axis',(0.,1.,0.));
#1795=DIRECTION('ref_axis',(-0.97268076568392,0.,-0.232146781301276));
#1796=DIRECTION('',(-0.396243802212035,0.,0.918145331202283));
#1797=DIRECTION('center_axis',(0.,1.,0.));
#1798=DIRECTION('ref_axis',(-0.789047237514238,0.,-0.614332529637777));
#1799=DIRECTION('',(-0.792963286367838,0.,0.60926942026719));
#1800=DIRECTION('center_axis',(0.,1.,0.));
#1801=DIRECTION('ref_axis',(-0.32366512974897,0.,-0.946171698892216));
#1802=DIRECTION('',(-0.999991749218257,0.,0.00406220327056875));
#1803=DIRECTION('center_axis',(0.,-1.,0.));
#1804=DIRECTION('ref_axis',(0.427830584944813,0.,0.903858943965141));
#1805=DIRECTION('',(-0.637058446648221,0.,0.770815500333352));
#1806=DIRECTION('center_axis',(0.,-1.,0.));
#1807=DIRECTION('ref_axis',(0.903858943965139,0.,-0.427830584944817));
#1808=DIRECTION('',(0.999991749218257,0.,-0.00406220327056875));
#1809=DIRECTION('center_axis',(0.,-1.,0.));
#1810=DIRECTION('ref_axis',(-0.237345262060361,0.,-0.971425358212096));
#1811=DIRECTION('',(0.889200321172825,0.,-0.45751807486278));
#1812=DIRECTION('center_axis',(0.,-1.,0.));
#1813=DIRECTION('ref_axis',(-0.70511151643108,0.,-0.709096431662339));
#1814=DIRECTION('center_axis',(0.,-1.,0.));
#1815=DIRECTION('ref_axis',(-1.,0.,0.));
#1816=DIRECTION('center_axis',(0.,-1.,0.));
#1817=DIRECTION('ref_axis',(-1.,0.,0.));
#1818=DIRECTION('center_axis',(0.442141846391713,0.,-0.896945141950904));
#1819=DIRECTION('ref_axis',(0.634235992225814,0.707106781186547,0.312641497829924));
#1820=DIRECTION('center_axis',(-0.442149279897111,0.,0.896941477626309));
#1821=DIRECTION('ref_axis',(0.896941477626309,0.,0.442149279897111));
#1822=DIRECTION('',(0.442141846391713,0.,-0.896945141950904));
#1823=DIRECTION('center_axis',(0.896945141950904,0.,0.442141846391713));
#1824=DIRECTION('ref_axis',(0.442141846391713,0.,-0.896945141950904));
#1825=DIRECTION('',(-0.442141846391713,0.,0.896945141950904));
#1826=DIRECTION('',(0.,1.,0.));
#1827=DIRECTION('',(0.,1.,0.));
#1828=DIRECTION('center_axis',(-0.442141846391713,0.,0.896945141950904));
#1829=DIRECTION('ref_axis',(0.634235992225814,-0.707106781186547,0.312641497829924));
#1830=DIRECTION('center_axis',(-0.442149279897111,0.,0.896941477626309));
#1831=DIRECTION('ref_axis',(0.,-1.,0.));
#1832=DIRECTION('',(0.442141846391713,0.,-0.896945141950904));
#1833=DIRECTION('center_axis',(0.,1.,0.));
#1834=DIRECTION('ref_axis',(0.,0.,1.));
#1835=DIRECTION('center_axis',(0.452303678913562,0.,-0.891863993017577));
#1836=DIRECTION('ref_axis',(-0.891863993017577,0.,-0.452303678913562));
#1837=DIRECTION('center_axis',(0.,1.,0.));
#1838=DIRECTION('ref_axis',(-0.447233685106313,0.,0.894417145914717));
#1839=DIRECTION('center_axis',(0.,1.,0.));
#1840=DIRECTION('ref_axis',(-1.,0.,0.));
#1841=DIRECTION('center_axis',(0.,-1.,0.));
#1842=DIRECTION('ref_axis',(-0.447233685106313,0.,0.894417145914717));
#1843=DIRECTION('',(0.,1.,0.));
#1844=DIRECTION('center_axis',(0.,1.,0.));
#1845=DIRECTION('ref_axis',(0.,0.,1.));
#1846=DIRECTION('center_axis',(0.452303678913548,0.,-0.891863993017585));
#1847=DIRECTION('ref_axis',(0.,-1.,0.));
#1848=DIRECTION('center_axis',(0.,1.,0.));
#1849=DIRECTION('ref_axis',(-0.447233685106313,0.,0.894417145914717));
#1850=DIRECTION('center_axis',(-0.452303678913539,0.,0.891863993017589));
#1851=DIRECTION('ref_axis',(-0.630643077358847,0.707106781186542,-0.319826998515403));
#1852=DIRECTION('',(-0.452303678913539,0.,0.891863993017589));
#1853=DIRECTION('center_axis',(-0.452303678913539,0.,0.891863993017589));
#1854=DIRECTION('ref_axis',(-0.630643077358845,-0.707106781186553,-0.319826998515383));
#1855=DIRECTION('',(-0.452303678913539,0.,0.891863993017589));
#1856=DIRECTION('',(0.452303678913539,0.,-0.891863993017589));
#1857=DIRECTION('center_axis',(-0.891863993017589,0.,-0.452303678913539));
#1858=DIRECTION('ref_axis',(-0.452303678913539,0.,0.891863993017589));
#1859=DIRECTION('',(0.,1.,0.));
#1860=DIRECTION('center_axis',(0.,1.,0.));
#1861=DIRECTION('ref_axis',(0.,0.,1.));
#1862=DIRECTION('center_axis',(0.889200321172828,0.,-0.457518074862776));
#1863=DIRECTION('ref_axis',(-0.457518074862776,0.,-0.889200321172828));
#1864=DIRECTION('center_axis',(0.,1.,0.));
#1865=DIRECTION('ref_axis',(-0.70511151643108,0.,-0.709096431662339));
#1866=DIRECTION('center_axis',(0.,1.,0.));
#1867=DIRECTION('ref_axis',(-0.705111516431082,0.,-0.709096431662338));
#1868=DIRECTION('center_axis',(0.,-1.,0.));
#1869=DIRECTION('ref_axis',(-0.70511151643108,0.,-0.709096431662339));
#1870=DIRECTION('',(0.,1.,0.));
#1871=DIRECTION('center_axis',(0.,-1.,0.));
#1872=DIRECTION('ref_axis',(0.,0.,-1.));
#1873=DIRECTION('center_axis',(-0.889200321172824,0.,0.457518074862782));
#1874=DIRECTION('ref_axis',(-0.457518074862782,0.,-0.889200321172825));
#1875=DIRECTION('center_axis',(0.,1.,0.));
#1876=DIRECTION('ref_axis',(-0.70511151643108,0.,-0.709096431662339));
#1877=DIRECTION('center_axis',(0.,1.,0.));
#1878=DIRECTION('ref_axis',(0.,0.,1.));
#1879=DIRECTION('center_axis',(0.,1.,0.));
#1880=DIRECTION('ref_axis',(0.961362839353995,0.,0.275284382247204));
#1881=DIRECTION('center_axis',(-0.0611081198984543,0.,0.998131152545835));
#1882=DIRECTION('ref_axis',(0.998131152545835,0.,0.0611081198984543));
#1883=DIRECTION('center_axis',(0.,-1.,0.));
#1884=DIRECTION('ref_axis',(0.,0.,-1.));
#1885=DIRECTION('center_axis',(0.,1.,0.));
#1886=DIRECTION('ref_axis',(0.961362839353995,0.,0.275284382247204));
#1887=DIRECTION('center_axis',(0.0611081198984636,0.,-0.998131152545834));
#1888=DIRECTION('ref_axis',(0.998131152545834,0.,0.0611081198984636));
#1889=DIRECTION('center_axis',(0.,-1.,0.));
#1890=DIRECTION('ref_axis',(0.961362839353995,0.,0.275284382247204));
#1891=DIRECTION('center_axis',(0.,1.,0.));
#1892=DIRECTION('ref_axis',(0.961362839353994,0.,0.275284382247209));
#1893=DIRECTION('',(0.,1.,0.));
#1894=DIRECTION('center_axis',(0.0611081198984639,0.,-0.998131152545834));
#1895=DIRECTION('ref_axis',(0.705785306478704,0.707106781186547,0.0432099659657591));
#1896=DIRECTION('center_axis',(-0.0611081198984654,0.,0.998131152545834));
#1897=DIRECTION('ref_axis',(0.998131152545834,0.,0.0611081198984654));
#1898=DIRECTION('',(0.0611081198984639,0.,-0.998131152545834));
#1899=DIRECTION('center_axis',(-0.0611081198984639,0.,0.998131152545834));
#1900=DIRECTION('ref_axis',(0.705785306478704,-0.707106781186547,0.0432099659657591));
#1901=DIRECTION('',(0.0611081198984639,0.,-0.998131152545834));
#1902=DIRECTION('center_axis',(0.0611081198984564,0.,-0.998131152545835));
#1903=DIRECTION('ref_axis',(0.998131152545835,0.,0.0611081198984564));
#1904=DIRECTION('',(-0.0611081198984639,0.,0.998131152545834));
#1905=DIRECTION('center_axis',(0.998131152545834,0.,0.0611081198984639));
#1906=DIRECTION('ref_axis',(0.0611081198984639,0.,-0.998131152545834));
#1907=DIRECTION('',(0.,-1.,0.));
#1908=DIRECTION('center_axis',(0.,1.,0.));
#1909=DIRECTION('ref_axis',(0.,0.,1.));
#1910=DIRECTION('center_axis',(-0.396243802212032,0.,0.918145331202284));
#1911=DIRECTION('ref_axis',(0.918145331202284,0.,0.396243802212032));
#1912=DIRECTION('center_axis',(0.,-1.,0.));
#1913=DIRECTION('ref_axis',(-0.97268076568392,0.,-0.232146781301276));
#1914=DIRECTION('center_axis',(0.,-1.,0.));
#1915=DIRECTION('ref_axis',(0.,0.,-1.));
#1916=DIRECTION('center_axis',(0.,-1.,0.));
#1917=DIRECTION('ref_axis',(-0.97268076568392,0.,-0.232146781301276));
#1918=DIRECTION('center_axis',(0.396243802212032,0.,-0.918145331202284));
#1919=DIRECTION('ref_axis',(0.918145331202284,0.,0.396243802212032));
#1920=DIRECTION('center_axis',(0.,1.,0.));
#1921=DIRECTION('ref_axis',(-0.97268076568392,0.,-0.232146781301276));
#1922=DIRECTION('center_axis',(0.,1.,0.));
#1923=DIRECTION('ref_axis',(-0.97268076568392,0.,-0.232146781301276));
#1924=DIRECTION('',(0.,1.,0.));
#1925=DIRECTION('center_axis',(0.396243802212035,0.,-0.918145331202283));
#1926=DIRECTION('ref_axis',(0.649226789807907,0.707106781186548,0.280186679547261));
#1927=DIRECTION('center_axis',(-0.396243802212038,0.,0.918145331202281));
#1928=DIRECTION('ref_axis',(0.918145331202281,0.,0.396243802212038));
#1929=DIRECTION('',(0.396243802212035,0.,-0.918145331202283));
#1930=DIRECTION('center_axis',(-0.396243802212035,0.,0.918145331202283));
#1931=DIRECTION('ref_axis',(0.649226789807907,-0.707106781186548,0.280186679547261));
#1932=DIRECTION('',(0.396243802212035,0.,-0.918145331202283));
#1933=DIRECTION('center_axis',(0.396243802212044,0.,-0.918145331202279));
#1934=DIRECTION('ref_axis',(0.918145331202279,0.,0.396243802212044));
#1935=DIRECTION('',(-0.396243802212035,0.,0.918145331202283));
#1936=DIRECTION('center_axis',(0.918145331202283,0.,0.396243802212035));
#1937=DIRECTION('ref_axis',(0.396243802212035,0.,-0.918145331202283));
#1938=DIRECTION('',(0.,-1.,0.));
#1939=DIRECTION('center_axis',(0.,1.,0.));
#1940=DIRECTION('ref_axis',(0.,0.,1.));
#1941=DIRECTION('center_axis',(-0.792963286367842,0.,0.609269420267185));
#1942=DIRECTION('ref_axis',(0.609269420267185,0.,0.792963286367842));
#1943=DIRECTION('center_axis',(0.,-1.,0.));
#1944=DIRECTION('ref_axis',(-0.789047237514238,0.,-0.614332529637777));
#1945=DIRECTION('center_axis',(0.,-1.,0.));
#1946=DIRECTION('ref_axis',(0.,0.,-1.));
#1947=DIRECTION('center_axis',(0.,-1.,0.));
#1948=DIRECTION('ref_axis',(-0.789047237514238,0.,-0.614332529637777));
#1949=DIRECTION('center_axis',(0.792963286367839,0.,-0.609269420267189));
#1950=DIRECTION('ref_axis',(0.609269420267189,0.,0.792963286367839));
#1951=DIRECTION('center_axis',(0.,1.,0.));
#1952=DIRECTION('ref_axis',(-0.789047237514238,0.,-0.614332529637777));
#1953=DIRECTION('center_axis',(0.,1.,0.));
#1954=DIRECTION('ref_axis',(-0.789047237514238,0.,-0.614332529637777));
#1955=DIRECTION('',(0.,1.,0.));
#1956=DIRECTION('center_axis',(0.792963286367838,0.,-0.60926942026719));
#1957=DIRECTION('ref_axis',(0.430818538640525,0.707106781186539,0.560709717022681));
#1958=DIRECTION('center_axis',(-0.792963286367839,0.,0.609269420267189));
#1959=DIRECTION('ref_axis',(0.609269420267189,0.,0.792963286367839));
#1960=DIRECTION('',(0.792963286367838,0.,-0.60926942026719));
#1961=DIRECTION('center_axis',(-0.792963286367838,0.,0.60926942026719));
#1962=DIRECTION('ref_axis',(0.430818538640525,-0.707106781186539,0.560709717022681));
#1963=DIRECTION('',(0.792963286367838,0.,-0.60926942026719));
#1964=DIRECTION('center_axis',(0.792963286367832,0.,-0.609269420267198));
#1965=DIRECTION('ref_axis',(0.609269420267198,0.,0.792963286367832));
#1966=DIRECTION('',(-0.792963286367838,0.,0.60926942026719));
#1967=DIRECTION('center_axis',(0.60926942026719,0.,0.792963286367838));
#1968=DIRECTION('ref_axis',(0.792963286367838,0.,-0.60926942026719));
#1969=DIRECTION('',(0.,-1.,0.));
#1970=DIRECTION('center_axis',(0.,1.,0.));
#1971=DIRECTION('ref_axis',(0.,0.,1.));
#1972=DIRECTION('center_axis',(-0.999991749218257,0.,0.00406220327056953));
#1973=DIRECTION('ref_axis',(0.00406220327056953,0.,0.999991749218257));
#1974=DIRECTION('center_axis',(0.,-1.,0.));
#1975=DIRECTION('ref_axis',(-0.32366512974897,0.,-0.946171698892216));
#1976=DIRECTION('center_axis',(0.,1.,0.));
#1977=DIRECTION('ref_axis',(-0.32366512974897,0.,-0.946171698892216));
#1978=DIRECTION('center_axis',(0.,1.,0.));
#1979=DIRECTION('ref_axis',(-0.32366512974897,0.,-0.946171698892216));
#1980=DIRECTION('',(0.,1.,0.));
#1981=DIRECTION('center_axis',(0.,-1.,0.));
#1982=DIRECTION('ref_axis',(0.,0.,-1.));
#1983=DIRECTION('center_axis',(0.,-1.,0.));
#1984=DIRECTION('ref_axis',(-0.32366512974897,0.,-0.946171698892216));
#1985=DIRECTION('center_axis',(0.999991749218257,0.,-0.00406220327056064));
#1986=DIRECTION('ref_axis',(0.00406220327056064,0.,0.999991749218257));
#1987=DIRECTION('center_axis',(0.999991749218257,0.,-0.00406220327056875));
#1988=DIRECTION('ref_axis',(0.00287241147917785,0.707106781186544,0.707100947002831));
#1989=DIRECTION('center_axis',(-0.999991749218257,0.,0.00406220327056057));
#1990=DIRECTION('ref_axis',(0.00406220327056057,0.,0.999991749218257));
#1991=DIRECTION('',(0.999991749218257,0.,-0.00406220327056875));
#1992=DIRECTION('center_axis',(-0.999991749218257,0.,0.00406220327056875));
#1993=DIRECTION('ref_axis',(0.00287241147917785,-0.707106781186544,0.707100947002831));
#1994=DIRECTION('',(0.999991749218257,0.,-0.00406220327056875));
#1995=DIRECTION('center_axis',(0.999991749218257,0.,-0.00406220327056945));
#1996=DIRECTION('ref_axis',(0.00406220327056945,0.,0.999991749218257));
#1997=DIRECTION('',(-0.999991749218257,0.,0.00406220327056875));
#1998=DIRECTION('center_axis',(0.00406220327056875,0.,0.999991749218257));
#1999=DIRECTION('ref_axis',(0.999991749218257,0.,-0.00406220327056875));
#2000=DIRECTION('',(0.,1.,0.));
#2001=DIRECTION('center_axis',(0.,1.,0.));
#2002=DIRECTION('ref_axis',(0.,0.,1.));
#2003=DIRECTION('center_axis',(-0.637058446648227,0.,0.770815500333347));
#2004=DIRECTION('ref_axis',(0.770815500333347,0.,0.637058446648227));
#2005=DIRECTION('center_axis',(0.,1.,0.));
#2006=DIRECTION('ref_axis',(0.427830584944813,0.,0.903858943965141));
#2007=DIRECTION('center_axis',(0.,-1.,0.));
#2008=DIRECTION('ref_axis',(0.,0.,-1.));
#2009=DIRECTION('center_axis',(0.,1.,0.));
#2010=DIRECTION('ref_axis',(0.427830584944813,0.,0.903858943965141));
#2011=DIRECTION('center_axis',(0.637058446648234,0.,-0.770815500333341));
#2012=DIRECTION('ref_axis',(0.770815500333341,0.,0.637058446648234));
#2013=DIRECTION('center_axis',(0.,-1.,0.));
#2014=DIRECTION('ref_axis',(0.427830584944813,0.,0.903858943965141));
#2015=DIRECTION('center_axis',(0.,1.,0.));
#2016=DIRECTION('ref_axis',(0.42783058494481,0.,0.903858943965142));
#2017=DIRECTION('',(0.,1.,0.));
#2018=DIRECTION('center_axis',(0.637058446648221,0.,-0.770815500333352));
#2019=DIRECTION('ref_axis',(0.545048867329412,0.707106781186554,0.450468347637118));
#2020=DIRECTION('center_axis',(-0.637058446648223,0.,0.77081550033335));
#2021=DIRECTION('ref_axis',(0.77081550033335,0.,0.637058446648223));
#2022=DIRECTION('',(0.637058446648221,0.,-0.770815500333352));
#2023=DIRECTION('center_axis',(-0.637058446648221,0.,0.770815500333352));
#2024=DIRECTION('ref_axis',(0.545048867329412,-0.707106781186554,0.450468347637118));
#2025=DIRECTION('',(0.637058446648221,0.,-0.770815500333352));
#2026=DIRECTION('center_axis',(0.637058446648216,0.,-0.770815500333356));
#2027=DIRECTION('ref_axis',(0.770815500333356,0.,0.637058446648216));
#2028=DIRECTION('',(-0.637058446648221,0.,0.770815500333352));
#2029=DIRECTION('center_axis',(0.770815500333352,0.,0.637058446648221));
#2030=DIRECTION('ref_axis',(0.637058446648221,0.,-0.770815500333352));
#2031=DIRECTION('',(0.,1.,0.));
#2032=DIRECTION('center_axis',(0.,1.,0.));
#2033=DIRECTION('ref_axis',(0.903858943965139,0.,-0.427830584944816));
#2034=DIRECTION('center_axis',(0.999991749218257,0.,-0.00406220327056953));
#2035=DIRECTION('ref_axis',(-0.00406220327056953,0.,-0.999991749218257));
#2036=DIRECTION('center_axis',(0.,1.,0.));
#2037=DIRECTION('ref_axis',(0.903858943965139,0.,-0.427830584944817));
#2038=DIRECTION('center_axis',(0.,-1.,0.));
#2039=DIRECTION('ref_axis',(0.,0.,-1.));
#2040=DIRECTION('center_axis',(0.,1.,0.));
#2041=DIRECTION('ref_axis',(0.903858943965139,0.,-0.427830584944817));
#2042=DIRECTION('center_axis',(-0.999991749218257,0.,0.00406220327056953));
#2043=DIRECTION('ref_axis',(-0.00406220327056953,0.,-0.999991749218257));
#2044=DIRECTION('center_axis',(0.,-1.,0.));
#2045=DIRECTION('ref_axis',(0.903858943965139,0.,-0.427830584944817));
#2046=DIRECTION('center_axis',(0.,1.,0.));
#2047=DIRECTION('ref_axis',(0.903858943965139,0.,-0.427830584944816));
#2048=DIRECTION('',(0.,1.,0.));
#2049=DIRECTION('center_axis',(-0.999991749218257,0.,0.00406220327056875));
#2050=DIRECTION('ref_axis',(-0.00287241147917162,0.707106781186556,-0.707100947002818));
#2051=DIRECTION('center_axis',(0.999991749218257,0.,-0.00406220327056945));
#2052=DIRECTION('ref_axis',(-0.00406220327056945,0.,-0.999991749218257));
#2053=DIRECTION('',(-0.999991749218257,0.,0.00406220327056875));
#2054=DIRECTION('center_axis',(-0.889200321172825,0.,0.45751807486278));
#2055=DIRECTION('ref_axis',(-0.323514133250888,0.707106781186546,-0.628759576934562));
#2056=DIRECTION('center_axis',(0.889200321172825,0.,-0.457518074862781));
#2057=DIRECTION('ref_axis',(-0.457518074862781,0.,-0.889200321172825));
#2058=DIRECTION('',(-0.889200321172825,0.,0.45751807486278));
#2059=DIRECTION('center_axis',(0.,-1.,0.));
#2060=DIRECTION('ref_axis',(0.,0.,-1.));
#2061=DIRECTION('center_axis',(0.,1.,0.));
#2062=DIRECTION('ref_axis',(-0.237345262060361,0.,-0.971425358212096));
#2063=DIRECTION('center_axis',(-0.45751807486278,0.,-0.889200321172825));
#2064=DIRECTION('ref_axis',(-0.889200321172825,0.,0.45751807486278));
#2065=DIRECTION('',(0.889200321172825,0.,-0.45751807486278));
#2066=DIRECTION('',(0.,1.,0.));
#2067=DIRECTION('center_axis',(0.889200321172825,0.,-0.45751807486278));
#2068=DIRECTION('ref_axis',(-0.323514133250888,-0.707106781186546,-0.628759576934562));
#2069=DIRECTION('center_axis',(-0.889200321172823,0.,0.457518074862785));
#2070=DIRECTION('ref_axis',(-0.457518074862785,0.,-0.889200321172823));
#2071=DIRECTION('',(-0.889200321172825,0.,0.45751807486278));
#2072=DIRECTION('center_axis',(0.,1.,0.));
#2073=DIRECTION('ref_axis',(0.,0.,1.));
#2074=DIRECTION('center_axis',(-0.999991749218257,0.,0.00406220327056938));
#2075=DIRECTION('ref_axis',(-0.00406220327056938,0.,-0.999991749218257));
#2076=DIRECTION('center_axis',(0.,1.,0.));
#2077=DIRECTION('ref_axis',(-0.237345262060361,0.,-0.971425358212096));
#2078=DIRECTION('center_axis',(0.,-1.,0.));
#2079=DIRECTION('ref_axis',(-0.237345262060361,0.,-0.971425358212096));
#2080=DIRECTION('center_axis',(-0.00406220327056875,0.,-0.999991749218257));
#2081=DIRECTION('ref_axis',(-0.999991749218257,0.,0.00406220327056875));
#2082=DIRECTION('',(0.999991749218257,0.,-0.00406220327056875));
#2083=DIRECTION('',(0.,-1.,0.));
#2084=DIRECTION('center_axis',(0.999991749218257,0.,-0.00406220327056875));
#2085=DIRECTION('ref_axis',(-0.00287241147917162,-0.707106781186556,-0.707100947002818));
#2086=DIRECTION('',(-0.999991749218257,0.,0.00406220327056875));
#2087=DIRECTION('center_axis',(0.,-1.,0.));
#2088=DIRECTION('ref_axis',(-0.237345262060361,0.,-0.971425358212096));
#2089=DIRECTION('axis',(0.,0.,1.));
#2090=DIRECTION('refdir',(1.,0.,0.));
#2091=DIRECTION('center_axis',(-9.87301800166183E-18,1.,0.));
#2092=DIRECTION('ref_axis',(1.,9.87301800166183E-18,0.));
#2093=DIRECTION('',(-1.,-9.87301800166183E-18,0.));
#2094=DIRECTION('',(0.,0.,-1.));
#2095=DIRECTION('center_axis',(9.87301800166183E-18,-1.,0.));
#2096=DIRECTION('ref_axis',(0.707106781186548,0.,-0.707106781186547));
#2097=DIRECTION('',(1.,9.87301800166183E-18,0.));
#2098=DIRECTION('center_axis',(9.87301800166183E-18,-1.,0.));
#2099=DIRECTION('ref_axis',(-0.707106781186547,0.,-0.707106781186548));
#2100=DIRECTION('',(9.93410751190835E-9,9.80796222955152E-26,1.));
#2101=DIRECTION('',(-1.,-9.87301800166183E-18,0.));
#2102=DIRECTION('',(0.,0.,-1.));
#2103=DIRECTION('center_axis',(9.87301800166183E-18,-1.,0.));
#2104=DIRECTION('ref_axis',(0.707106781186547,0.,-0.707106781186548));
#2105=DIRECTION('',(1.,9.87301800166183E-18,0.));
#2106=DIRECTION('center_axis',(9.87301800166183E-18,-1.,0.));
#2107=DIRECTION('ref_axis',(-0.707106781186548,0.,-0.707106781186547));
#2108=DIRECTION('',(0.,0.,-1.));
#2109=DIRECTION('center_axis',(9.87301800166183E-18,-1.,0.));
#2110=DIRECTION('ref_axis',(1.,9.87301800166183E-18,0.));
#2111=DIRECTION('center_axis',(9.87301800166183E-18,-1.,0.));
#2112=DIRECTION('ref_axis',(1.,9.87301800166183E-18,0.));
#2113=DIRECTION('axis',(0.,0.,1.));
#2114=DIRECTION('refdir',(1.,0.,0.));
#2115=DIRECTION('center_axis',(-1.29974778878378E-32,-1.,-4.12432814053517E-33));
#2116=DIRECTION('ref_axis',(0.00171273539719796,4.10206085079688E-33,-0.999998533267654));
#2117=DIRECTION('',(0.115275592236101,2.59854154438178E-33,-0.993333548127021));
#2118=DIRECTION('center_axis',(-1.29974778878378E-32,-1.,-4.12432814053517E-33));
#2119=DIRECTION('ref_axis',(-0.335668806091201,4.77812973538456E-34,0.941980070180526));
#2120=DIRECTION('',(-0.538872303435803,3.52969852260865E-33,0.842387464644265));
#2121=DIRECTION('center_axis',(-1.29974778878378E-32,-1.,-4.12432814053517E-33));
#2122=DIRECTION('ref_axis',(0.897399800232612,-1.34836631589645E-32,0.44121831165815));
#2123=DIRECTION('',(-0.338021444608481,5.11862631722158E-34,0.941138407985136));
#2124=DIRECTION('center_axis',(-1.29974778878378E-32,-1.,-4.12432814053517E-33));
#2125=DIRECTION('ref_axis',(0.996583277422902,-1.32937139281825E-32,0.0825940140750359));
#2126=DIRECTION('',(0.178476016976535,-6.37784709399097E-33,0.983944262325967));
#2127=DIRECTION('center_axis',(-1.29974778878378E-32,-1.,-4.12432814053517E-33));
#2128=DIRECTION('ref_axis',(0.255637267010458,6.64648413196237E-34,-0.966772769432106));
#2129=DIRECTION('',(0.641499220463761,-5.17400212619838E-33,-0.767123686340337));
#2130=DIRECTION('center_axis',(-1.29974778878378E-32,-1.,-4.12432814053517E-33));
#2131=DIRECTION('ref_axis',(-0.958258713758297,1.36341021546754E-32,-0.285902496502381));
#2132=DIRECTION('',(-0.116291082016369,5.60783606373589E-33,-0.993215175197934));
#2133=DIRECTION('center_axis',(1.29974778878378E-32,1.,4.12432814053517E-33));
#2134=DIRECTION('ref_axis',(0.975613384446101,-1.35857872034932E-32,0.219496068506075));
#2135=DIRECTION('',(0.530466371582505,-3.39850730644661E-33,-0.847705980054459));
#2136=DIRECTION('center_axis',(-1.29974778878378E-32,-1.,-4.12432814053517E-33));
#2137=DIRECTION('ref_axis',(-0.943637897657382,1.36299813272655E-32,-0.330979633972781));
#2138=DIRECTION('center_axis',(-1.29974778878378E-32,-1.,-4.12432814053517E-33));
#2139=DIRECTION('ref_axis',(-1.,1.29974778878378E-32,0.));
#2140=DIRECTION('center_axis',(-1.29974778878378E-32,-1.,-4.12432814053517E-33));
#2141=DIRECTION('ref_axis',(-1.,1.29974778878378E-32,0.));
#2142=DIRECTION('center_axis',(1.29974778878378E-32,1.,4.12432814053517E-33));
#2143=DIRECTION('ref_axis',(-0.00171273539719812,0.,0.999998533267654));
#2144=DIRECTION('center_axis',(-0.338021444608486,5.11862631722232E-34,
0.941138407985134));
#2145=DIRECTION('ref_axis',(0.941138407985134,-1.36265370032848E-32,0.338021444608486));
#2146=DIRECTION('center_axis',(-0.538872303435806,3.5296985226087E-33,0.842387464644262));
#2147=DIRECTION('ref_axis',(0.842387464644262,-1.31713986499208E-32,0.538872303435806));
#2148=DIRECTION('center_axis',(1.29974778878378E-32,1.,4.12432814053517E-33));
#2149=DIRECTION('ref_axis',(0.897399800232612,-1.34836631589645E-32,0.44121831165815));
#2150=DIRECTION('center_axis',(0.538872303435803,-3.52969852260865E-33,
-0.842387464644264));
#2151=DIRECTION('ref_axis',(0.595657888636505,0.707106781186547,0.381040259953068));
#2152=DIRECTION('center_axis',(-0.538872303435808,3.52969852260872E-33,
0.842387464644262));
#2153=DIRECTION('ref_axis',(0.842387464644262,-1.31713986499208E-32,0.538872303435807));
#2154=DIRECTION('',(0.538872303435803,-3.52969852260865E-33,-0.842387464644265));
#2155=DIRECTION('center_axis',(1.29974778878378E-32,1.,4.12432814053517E-33));
#2156=DIRECTION('ref_axis',(-0.00171273539719792,0.,0.999998533267654));
#2157=DIRECTION('center_axis',(0.11527559223611,2.59854154438166E-33,-0.99333354812702));
#2158=DIRECTION('ref_axis',(-0.99333354812702,1.33862651960046E-32,-0.11527559223611));
#2159=DIRECTION('center_axis',(1.29974778878378E-32,1.,4.12432814053517E-33));
#2160=DIRECTION('ref_axis',(-0.335668806091201,4.77812973538456E-34,0.941980070180526));
#2161=DIRECTION('center_axis',(0.338021444608481,-5.11862631722158E-34,
-0.941138407985136));
#2162=DIRECTION('ref_axis',(0.665485350321411,0.707106781186538,0.23901725566913));
#2163=DIRECTION('center_axis',(-0.338021444608489,5.11862631722265E-34,
0.941138407985133));
#2164=DIRECTION('ref_axis',(0.941138407985133,-1.36265370032848E-32,0.338021444608489));
#2165=DIRECTION('',(0.338021444608481,-5.11862631722158E-34,-0.941138407985136));
#2166=DIRECTION('center_axis',(-1.29974778878378E-32,-1.,-4.12432814053517E-33));
#2167=DIRECTION('ref_axis',(0.00171273539719792,0.,-0.999998533267654));
#2168=DIRECTION('center_axis',(0.178476016976537,-6.377847093991E-33,0.983944262325967));
#2169=DIRECTION('ref_axis',(0.983944262325967,-1.20527001332196E-32,-0.178476016976537));
#2170=DIRECTION('center_axis',(1.29974778878378E-32,1.,4.12432814053517E-33));
#2171=DIRECTION('ref_axis',(0.996583277422902,-1.32937139281825E-32,0.082594014075036));
#2172=DIRECTION('center_axis',(-0.178476016976535,6.37784709399097E-33,
-0.983944262325967));
#2173=DIRECTION('ref_axis',(0.695753660200295,0.70710678118654,-0.126201601883274));
#2174=DIRECTION('center_axis',(0.178476016976529,-6.37784709399091E-33,
0.983944262325968));
#2175=DIRECTION('ref_axis',(0.983944262325968,-1.20527001332197E-32,-0.178476016976529));
#2176=DIRECTION('',(-0.178476016976535,6.37784709399097E-33,-0.983944262325967));
#2177=DIRECTION('center_axis',(-1.29974778878378E-32,-1.,-4.12432814053517E-33));
#2178=DIRECTION('ref_axis',(0.00171273539719508,0.,-0.999998533267654));
#2179=DIRECTION('center_axis',(0.641499220463762,-5.17400212619841E-33,
-0.767123686340335));
#2180=DIRECTION('ref_axis',(-0.767123686340335,1.26164264375352E-32,-0.641499220463762));
#2181=DIRECTION('center_axis',(1.29974778878378E-32,1.,4.12432814053517E-33));
#2182=DIRECTION('ref_axis',(0.255637267010458,6.64648413196237E-34,-0.966772769432106));
#2183=DIRECTION('center_axis',(-0.641499220463761,5.17400212619838E-33,
0.767123686340337));
#2184=DIRECTION('ref_axis',(-0.542438360620068,0.707106781186545,-0.45360844891582));
#2185=DIRECTION('center_axis',(0.641499220463763,-5.17400212619842E-33,
-0.767123686340335));
#2186=DIRECTION('ref_axis',(-0.767123686340335,1.26164264375352E-32,-0.641499220463763));
#2187=DIRECTION('',(-0.641499220463761,5.17400212619838E-33,0.767123686340337));
#2188=DIRECTION('center_axis',(1.29974778878378E-32,1.,4.12432814053517E-33));
#2189=DIRECTION('ref_axis',(-0.00171273539719508,0.,0.999998533267654));
#2190=DIRECTION('center_axis',(-0.116291082016403,5.60783606373632E-33,
-0.99321517519793));
#2191=DIRECTION('ref_axis',(-0.99321517519793,1.24296696954465E-32,0.116291082016403));
#2192=DIRECTION('center_axis',(1.29974778878378E-32,1.,4.12432814053517E-33));
#2193=DIRECTION('ref_axis',(-0.958258713758297,1.36341021546754E-32,-0.285902496502381));
#2194=DIRECTION('center_axis',(0.116291082016369,-5.60783606373589E-33,
0.993215175197934));
#2195=DIRECTION('ref_axis',(-0.70230918555984,0.707106781186552,0.0822302126852914));
#2196=DIRECTION('center_axis',(-0.116291082016363,5.60783606373581E-33,
-0.993215175197934));
#2197=DIRECTION('ref_axis',(-0.993215175197934,1.24296696954467E-32,0.116291082016363));
#2198=DIRECTION('',(0.116291082016369,-5.60783606373589E-33,0.993215175197934));
#2199=DIRECTION('center_axis',(1.29974778878378E-32,1.,4.12432814053517E-33));
#2200=DIRECTION('ref_axis',(-0.00171273539719795,0.,0.999998533267654));
#2201=DIRECTION('center_axis',(0.530466371582495,-3.39850730644644E-33,
-0.847705980054466));
#2202=DIRECTION('ref_axis',(-0.847705980054466,1.3205857115071E-32,-0.530466371582495));
#2203=DIRECTION('center_axis',(-1.29974778878378E-32,-1.,-4.12432814053517E-33));
#2204=DIRECTION('ref_axis',(0.975613384446101,-1.35857872034932E-32,0.219496068506076));
#2205=DIRECTION('center_axis',(-0.530466371582505,3.39850730644661E-33,
0.847705980054459));
#2206=DIRECTION('ref_axis',(-0.599418646948893,0.70710678118655,-0.375096368537413));
#2207=DIRECTION('center_axis',(0.530466371582508,-3.39850730644665E-33,
-0.847705980054458));
#2208=DIRECTION('ref_axis',(-0.847705980054458,1.3205857115071E-32,-0.530466371582508));
#2209=DIRECTION('',(-0.530466371582505,3.39850730644661E-33,0.847705980054459));
#2210=DIRECTION('center_axis',(1.29974778878378E-32,1.,4.12432814053517E-33));
#2211=DIRECTION('ref_axis',(-0.00171273539719812,0.,0.999998533267654));
#2212=DIRECTION('center_axis',(-0.115275592236104,-2.59854154438175E-33,
0.99333354812702));
#2213=DIRECTION('ref_axis',(1.29974778878378E-32,1.,4.12432814053517E-33));
#2214=DIRECTION('center_axis',(1.29974778878378E-32,1.,4.12432814053517E-33));
#2215=DIRECTION('ref_axis',(-0.943637897657382,1.36299813272655E-32,-0.330979633972781));
#2216=DIRECTION('center_axis',(-0.115275592236101,-2.59854154438178E-33,
0.993333548127021));
#2217=DIRECTION('ref_axis',(-0.702392887860707,0.707106781186551,-0.0815121529754428));
#2218=DIRECTION('',(-0.115275592236101,-2.59854154438178E-33,0.993333548127021));
#2219=DIRECTION('axis',(0.,0.,1.));
#2220=DIRECTION('refdir',(1.,0.,0.));
#2221=DIRECTION('center_axis',(0.,1.,0.));
#2222=DIRECTION('ref_axis',(1.,0.,0.));
#2223=DIRECTION('center_axis',(0.,1.,0.));
#2224=DIRECTION('ref_axis',(-0.535881315473022,0.,0.844293323275094));
#2225=DIRECTION('',(-0.860693731825196,0.,-0.509123069597929));
#2226=DIRECTION('center_axis',(0.,1.,0.));
#2227=DIRECTION('ref_axis',(1.,0.,0.));
#2228=DIRECTION('center_axis',(0.,1.,0.));
#2229=DIRECTION('ref_axis',(0.953387600257595,0.,-0.301748378081911));
#2230=DIRECTION('center_axis',(0.,1.,0.));
#2231=DIRECTION('ref_axis',(1.,0.,0.));
#2232=DIRECTION('center_axis',(0.,1.,0.));
#2233=DIRECTION('ref_axis',(0.984574910863587,0.,-0.174963553055941));
#2234=DIRECTION('',(0.,0.,1.));
#2235=DIRECTION('center_axis',(0.,-1.,0.));
#2236=DIRECTION('ref_axis',(-0.707106781186547,0.,0.707106781186547));
#2237=DIRECTION('',(1.,0.,0.));
#2238=DIRECTION('center_axis',(0.,-1.,0.));
#2239=DIRECTION('ref_axis',(0.707106788211022,0.,0.707106774162072));
#2240=DIRECTION('',(-9.93410751807625E-9,0.,-1.));
#2241=DIRECTION('center_axis',(0.,1.,0.));
#2242=DIRECTION('ref_axis',(1.,0.,-9.93410748533891E-9));
#2243=DIRECTION('center_axis',(0.,1.,0.));
#2244=DIRECTION('ref_axis',(1.,0.,0.));
#2245=DIRECTION('',(-0.979712776179671,0.,0.200406776807378));
#2246=DIRECTION('center_axis',(0.,-1.,0.));
#2247=DIRECTION('ref_axis',(-1.,0.,0.));
#2248=DIRECTION('center_axis',(0.,-1.,0.));
#2249=DIRECTION('ref_axis',(-1.,0.,0.));
#2250=DIRECTION('center_axis',(0.,-1.,0.));
#2251=DIRECTION('ref_axis',(-1.,0.,0.));
#2252=DIRECTION('center_axis',(0.,-1.,0.));
#2253=DIRECTION('ref_axis',(-1.,0.,0.));
#2254=DIRECTION('center_axis',(0.,-1.,0.));
#2255=DIRECTION('ref_axis',(-1.,0.,0.));
#2256=DIRECTION('center_axis',(0.,-1.,0.));
#2257=DIRECTION('ref_axis',(-1.,0.,0.));
#2258=DIRECTION('axis',(0.,0.,1.));
#2259=DIRECTION('refdir',(1.,0.,0.));
#2260=DIRECTION('center_axis',(0.,0.,1.));
#2261=DIRECTION('ref_axis',(1.,0.,0.));
#2262=DIRECTION('center_axis',(0.,0.,1.));
#2263=DIRECTION('ref_axis',(1.,0.,0.));
#2264=DIRECTION('',(0.,0.,-1.));
#2265=DIRECTION('center_axis',(0.,0.,1.));
#2266=DIRECTION('ref_axis',(1.,0.,0.));
#2267=DIRECTION('center_axis',(0.,0.,1.));
#2268=DIRECTION('ref_axis',(1.,0.,0.));
#2269=DIRECTION('center_axis',(0.,0.,1.));
#2270=DIRECTION('ref_axis',(1.,0.,0.));
#2271=DIRECTION('center_axis',(0.,0.,-1.));
#2272=DIRECTION('ref_axis',(1.,0.,0.));
#2273=DIRECTION('center_axis',(0.,0.,1.));
#2274=DIRECTION('ref_axis',(1.,0.,0.));
#2275=DIRECTION('center_axis',(0.,0.,-1.));
#2276=DIRECTION('ref_axis',(1.,0.,0.));
#2277=DIRECTION('',(0.,0.,-1.));
#2278=DIRECTION('center_axis',(0.,0.,-1.));
#2279=DIRECTION('ref_axis',(1.,0.,0.));
#2280=DIRECTION('center_axis',(0.,0.,1.));
#2281=DIRECTION('ref_axis',(1.,0.,0.));
#2282=DIRECTION('center_axis',(1.77635683940025E-16,-1.,0.));
#2283=DIRECTION('ref_axis',(-1.,-1.77635683940025E-16,0.));
#2284=DIRECTION('center_axis',(0.,0.,1.));
#2285=DIRECTION('ref_axis',(1.,0.,0.));
#2286=DIRECTION('center_axis',(0.,0.,1.));
#2287=DIRECTION('ref_axis',(1.,0.,0.));
#2288=DIRECTION('center_axis',(-1.29974778878378E-32,-1.,-4.12432814053517E-33));
#2289=DIRECTION('ref_axis',(0.00171273539719796,4.10206085079688E-33,-0.999998533267654));
#2290=DIRECTION('center_axis',(-1.29974778878378E-32,-1.,-4.12432814053517E-33));
#2291=DIRECTION('ref_axis',(-1.,1.29974778878378E-32,0.));
#2292=DIRECTION('center_axis',(0.,1.,0.));
#2293=DIRECTION('ref_axis',(0.00406220327056875,0.,0.999991749218257));
#2294=DIRECTION('center_axis',(0.,-1.,0.));
#2295=DIRECTION('ref_axis',(-1.,0.,0.));
#2296=DIRECTION('center_axis',(0.,1.,0.));
#2297=DIRECTION('ref_axis',(0.00406220327056875,0.,0.999991749218257));
#2298=DIRECTION('center_axis',(0.,-1.,0.));
#2299=DIRECTION('ref_axis',(-1.,0.,0.));
#2300=DIRECTION('',(0.,0.,1.));
#2301=DIRECTION('',(1.,0.,0.));
#2302=DIRECTION('',(0.,0.,1.));
#2303=DIRECTION('',(1.,0.,0.));
#2304=DIRECTION('',(0.,0.,1.));
#2305=DIRECTION('',(1.,0.,0.));
#2306=DIRECTION('',(0.,0.,1.));
#2307=DIRECTION('',(1.,0.,0.));
#2308=DIRECTION('',(0.,0.,1.));
#2309=DIRECTION('',(1.,0.,0.));
#2310=CARTESIAN_POINT('',(0.,0.,0.));
#2311=CARTESIAN_POINT('',(0.,0.,0.));
#2312=CARTESIAN_POINT('Origin',(6.59019359846024,-1.5,-41.9750928548518));
#2313=CARTESIAN_POINT('',(-24.1040889522126,-1.5,-20.4273301471017));
#2314=CARTESIAN_POINT('',(-5.04805268937899,-1.5,-58.0025099120376));
#2315=CARTESIAN_POINT('',(-7.08961215642206,-1.5,-53.9769118145539));
#2316=CARTESIAN_POINT('',(-11.1352492900443,-1.5,-13.9425461957244));
#2317=CARTESIAN_POINT('Origin',(-17.638075002835,-1.5,-17.1481284749785));
#2318=CARTESIAN_POINT('',(-5.63618552473188,-1.5,-25.0981483391969));
#2319=CARTESIAN_POINT('',(-3.8441506347556,-1.5,-28.7335359458852));
#2320=CARTESIAN_POINT('',(-4.85858126158996,-1.5,-27.8062740722668));
#2321=CARTESIAN_POINT('Origin',(-11.3464337531379,-1.5,-28.2034768516068));
#2322=CARTESIAN_POINT('',(-4.48868324364572,-1.5,-33.8481345580512));
#2323=CARTESIAN_POINT('',(-4.40509935427012,-1.5,-35.2133816639245));
#2324=CARTESIAN_POINT('',(-3.16891719147713,-1.5,-39.3778733162252));
#2325=CARTESIAN_POINT('Origin',(11.9804807733605,-1.5,-32.8398505797266));
#2326=CARTESIAN_POINT('',(0.75392883909078,-1.5,-48.4675871436329));
#2327=CARTESIAN_POINT('',(-2.3114786632686,-1.5,-41.3646632093989));
#2328=CARTESIAN_POINT('',(5.85038136951982,-1.5,-55.0134586322036));
#2329=CARTESIAN_POINT('Origin',(15.9033268039285,-1.5,-41.9295644071343));
#2330=CARTESIAN_POINT('',(19.2072753778487,-1.5,-65.2761621002301));
#2331=CARTESIAN_POINT('',(1.80060177842549,-1.5,-51.901830507555));
#2332=CARTESIAN_POINT('',(29.193194458293,-1.5,-68.692131737262));
#2333=CARTESIAN_POINT('Origin',(29.2602208122574,-1.5,-52.1922678751607));
#2334=CARTESIAN_POINT('',(35.2545468080609,-1.5,-68.7167543857574));
#2335=CARTESIAN_POINT('',(15.9811208511308,-1.5,-68.6384611658198));
#2336=CARTESIAN_POINT('',(36.4046767536551,-1.5,-69.2611543396124));
#2337=CARTESIAN_POINT('Origin',(35.248453503155,-1.5,-70.2167420095847));
#2338=CARTESIAN_POINT('',(38.0632053366197,-1.5,-71.2679082665421));
#2339=CARTESIAN_POINT('',(23.6551982016907,-1.5,-53.8347900229198));
#2340=CARTESIAN_POINT('',(36.9008887812138,-1.5,-73.7234835603417));
#2341=CARTESIAN_POINT('Origin',(36.9069820861197,-1.5,-72.2234959365144));
#2342=CARTESIAN_POINT('',(26.1143075909639,-1.5,-73.6796659134226));
#2343=CARTESIAN_POINT('',(21.6813075995013,-1.5,-73.6616580177796));
#2344=CARTESIAN_POINT('',(19.0857415812846,-1.5,-71.9623987787184));
#2345=CARTESIAN_POINT('Origin',(26.1772717416577,-1.5,-58.1797938005396));
#2346=CARTESIAN_POINT('',(-1.83120846370386,-1.5,-61.2000514327776));
#2347=CARTESIAN_POINT('',(8.89969893386812,-1.5,-66.7213990719601));
#2348=CARTESIAN_POINT('Origin',(1.60017709776703,-1.5,-54.5310490239813));
#2349=CARTESIAN_POINT('',(-13.6380750028352,-1.5,-17.1481284749785));
#2350=CARTESIAN_POINT('Origin',(-17.6380750028351,-1.5,-17.1481284749786));
#2351=CARTESIAN_POINT('',(-8.37362926810322,-1.5,-27.6991181173014));
#2352=CARTESIAN_POINT('Origin',(-9.87362926810322,-1.5,-27.6991181173015));
#2353=CARTESIAN_POINT('Origin',(-3.8441506347556,-2.,-28.7335359458852));
#2354=CARTESIAN_POINT('',(-10.6867785509925,-2.,-13.7214715556582));
#2355=CARTESIAN_POINT('Origin',(-11.1352492900443,-2.,-13.9425461957244));
#2356=CARTESIAN_POINT('',(-5.19206369017179,-2.,-24.8682513527737));
#2357=CARTESIAN_POINT('',(-3.39567806378015,-2.,-28.5124650226894));
#2358=CARTESIAN_POINT('Ctrl Pts',(-5.63618552473506,-1.5,-25.0981483391984));
#2359=CARTESIAN_POINT('Ctrl Pts',(-5.63471154869448,-1.49999999999999,-25.0973846500391));
#2360=CARTESIAN_POINT('Ctrl Pts',(-5.63323757884102,-1.50000826415665,-25.0966209712656));
#2361=CARTESIAN_POINT('Ctrl Pts',(-5.57345473145861,-1.50067865264159,-25.0656471607814));
#2362=CARTESIAN_POINT('Ctrl Pts',(-5.51582161699923,-1.51425937141943,-25.0357987348253));
#2363=CARTESIAN_POINT('Ctrl Pts',(-5.40896256553337,-1.56550394290582,-24.9804735080443));
#2364=CARTESIAN_POINT('Ctrl Pts',(-5.36069018672289,-1.60247272641356,-24.9554900254602));
#2365=CARTESIAN_POINT('Ctrl Pts',(-5.27945259764344,-1.69515561311807,-24.9134539405875));
#2366=CARTESIAN_POINT('Ctrl Pts',(-5.24726114452639,-1.7499800757116,-24.8968014686543));
#2367=CARTESIAN_POINT('Ctrl Pts',(-5.20335760893338,-1.87043096945327,-24.874092105065));
#2368=CARTESIAN_POINT('Ctrl Pts',(-5.19206369017227,-1.93490396933872,-24.8682513527728));
#2369=CARTESIAN_POINT('Ctrl Pts',(-5.19206369017226,-2.,-24.8682513527728));
#2370=CARTESIAN_POINT('Origin',(-10.6867785509924,-4.5,-13.7214715556582));
#2371=CARTESIAN_POINT('',(-5.19206369017179,-4.,-24.8682513527737));
#2372=CARTESIAN_POINT('',(-10.6867785509925,-4.,-13.7214715556582));
#2373=CARTESIAN_POINT('',(-3.39567806378015,-4.,-28.5124650226894));
#2374=CARTESIAN_POINT('',(-5.19206369017179,-4.5,-24.8682513527737));
#2375=CARTESIAN_POINT('',(-10.6867785509925,-4.5,-13.7214715556582));
#2376=CARTESIAN_POINT('Origin',(-3.8441506347556,-4.,-28.7335359458852));
#2377=CARTESIAN_POINT('',(-11.1352492900443,-4.5,-13.9425461957244));
#2378=CARTESIAN_POINT('Origin',(-11.1352492900443,-4.,-13.9425461957244));
#2379=CARTESIAN_POINT('',(-5.63618552473194,-4.5,-25.0981483391968));
#2380=CARTESIAN_POINT('',(-3.8441506347556,-4.5,-28.7335359458852));
#2381=CARTESIAN_POINT('Ctrl Pts',(-5.63618552473194,-4.5,-25.0981483391968));
#2382=CARTESIAN_POINT('Ctrl Pts',(-5.63471154869252,-4.5,-25.097384650038));
#2383=CARTESIAN_POINT('Ctrl Pts',(-5.63323757884003,-4.49999173584334,-25.0966209712651));
#2384=CARTESIAN_POINT('Ctrl Pts',(-5.57345473146229,-4.49932134735848,-25.0656471607825));
#2385=CARTESIAN_POINT('Ctrl Pts',(-5.5158216169999,-4.48574062858089,-25.0357987348256));
#2386=CARTESIAN_POINT('Ctrl Pts',(-5.40896256553341,-4.43449605709422,-24.9804735080444));
#2387=CARTESIAN_POINT('Ctrl Pts',(-5.36069018672294,-4.39752727358647,-24.9554900254602));
#2388=CARTESIAN_POINT('Ctrl Pts',(-5.27945259764346,-4.30484438688192,-24.9134539405874));
#2389=CARTESIAN_POINT('Ctrl Pts',(-5.24726114452639,-4.2500199242884,-24.8968014686543));
#2390=CARTESIAN_POINT('Ctrl Pts',(-5.20335760893338,-4.12956903054673,-24.874092105065));
#2391=CARTESIAN_POINT('Ctrl Pts',(-5.19206369017227,-4.06509603066128,-24.8682513527728));
#2392=CARTESIAN_POINT('Ctrl Pts',(-5.19206369017226,-4.,-24.8682513527728));
#2393=CARTESIAN_POINT('Origin',(-17.638075002835,-2.,-17.1481284749785));
#2394=CARTESIAN_POINT('',(-24.5500209487214,-2.,-20.6534819865585));
#2395=CARTESIAN_POINT('Origin',(-24.1040889522126,-2.,-20.4273301471017));
#2396=CARTESIAN_POINT('Origin',(-17.638075002835,-2.,-17.1481284749785));
#2397=CARTESIAN_POINT('Origin',(-17.638075002835,-4.5,-17.1481284749785));
#2398=CARTESIAN_POINT('',(-24.5500209487214,-4.,-20.6534819865585));
#2399=CARTESIAN_POINT('Origin',(-17.638075002835,-4.,-17.1481284749785));
#2400=CARTESIAN_POINT('',(-24.5500209487214,-4.5,-20.6534819865585));
#2401=CARTESIAN_POINT('Origin',(-17.638075002835,-4.,-17.1481284749785));
#2402=CARTESIAN_POINT('',(-24.1040889522126,-4.5,-20.4273301471017));
#2403=CARTESIAN_POINT('Origin',(-24.1040889522126,-4.,-20.4273301471017));
#2404=CARTESIAN_POINT('Origin',(-17.638075002835,-4.5,-17.1481284749785));
#2405=CARTESIAN_POINT('Origin',(-7.08961215642206,-2.,-53.9769118145539));
#2406=CARTESIAN_POINT('',(-5.4926857703446,-2.,-58.2312242001269));
#2407=CARTESIAN_POINT('Ctrl Pts',(-5.49268577034457,-2.,-58.2312242001269));
#2408=CARTESIAN_POINT('Ctrl Pts',(-5.49263819616736,-1.9736356370455,-58.2313153950296));
#2409=CARTESIAN_POINT('Ctrl Pts',(-5.4907379856599,-1.94727154889473,-58.2304401139456));
#2410=CARTESIAN_POINT('Ctrl Pts',(-5.48700834217908,-1.92123635465674,-58.228610191051));
#2411=CARTESIAN_POINT('Ctrl Pts',(-5.48327887063185,-1.8952023606204,-58.2267803525144));
#2412=CARTESIAN_POINT('Ctrl Pts',(-5.47772021218023,-1.8694977727691,-58.2239959998184));
#2413=CARTESIAN_POINT('Ctrl Pts',(-5.47040116328216,-1.8444429603429,-58.2202927632514));
#2414=CARTESIAN_POINT('Ctrl Pts',(-5.46307903968706,-1.8193776225112,-58.2165879709725));
#2415=CARTESIAN_POINT('Ctrl Pts',(-5.45399519528528,-1.79496313026582,-58.2119635996544));
#2416=CARTESIAN_POINT('Ctrl Pts',(-5.44326245320818,-1.77150402849317,-58.2064782690611));
#2417=CARTESIAN_POINT('Ctrl Pts',(-5.43253127151787,-1.74804833733751,-58.2009937359563));
#2418=CARTESIAN_POINT('Ctrl Pts',(-5.42015189581403,-1.72554824782417,-58.1946486102442));
#2419=CARTESIAN_POINT('Ctrl Pts',(-5.4062782075823,-1.70428434339867,-58.1875229631896));
#2420=CARTESIAN_POINT('Ctrl Pts',(-5.39240626433383,-1.68302311347156,-58.1803982123736));
#2421=CARTESIAN_POINT('Ctrl Pts',(-5.3770406738364,-1.66299820053197,-58.1724932869681));
#2422=CARTESIAN_POINT('Ctrl Pts',(-5.3603725018562,-1.64445925918905,-58.1639076976499));
#2423=CARTESIAN_POINT('Ctrl Pts',(-5.34370609979308,-1.62592228641166,-58.1553230199963));
#2424=CARTESIAN_POINT('Ctrl Pts',(-5.32573774016804,-1.60887135550628,-58.1460580037109));
#2425=CARTESIAN_POINT('Ctrl Pts',(-5.30669088239872,-1.59351899887704,-58.1362291071929));
#2426=CARTESIAN_POINT('Ctrl Pts',(-5.28763704570116,-1.57816101701572,-58.1263966092848));
#2427=CARTESIAN_POINT('Ctrl Pts',(-5.26750431551555,-1.56450317743272,-58.1160000236568));
#2428=CARTESIAN_POINT('Ctrl Pts',(-5.24654330231198,-1.55271584344123,-58.1051700271667));
#2429=CARTESIAN_POINT('Ctrl Pts',(-5.22558791421041,-1.54093167270122,-58.0943429370168));
#2430=CARTESIAN_POINT('Ctrl Pts',(-5.20380512487713,-1.53101724752161,-58.0830828965318));
#2431=CARTESIAN_POINT('Ctrl Pts',(-5.18146597169768,-1.52309617100035,-58.0715312971885));
#2432=CARTESIAN_POINT('Ctrl Pts',(-5.15912130900888,-1.51517314090257,-58.0599768488721));
#2433=CARTESIAN_POINT('Ctrl Pts',(-5.13622047285676,-1.50924461019432,-58.0481309403185));
#2434=CARTESIAN_POINT('Ctrl Pts',(-5.11304856801751,-1.50538452616896,-58.0361423617554));
#2435=CARTESIAN_POINT('Ctrl Pts',(-5.09153862136,-1.501801298892,-58.025013639832));
#2436=CARTESIAN_POINT('Ctrl Pts',(-5.06979553652444,-1.5,-58.0137622102628));
#2437=CARTESIAN_POINT('Ctrl Pts',(-5.04805268937899,-1.5,-58.0025099120376));
#2438=CARTESIAN_POINT('',(-7.53554415293086,-2.,-54.2030636540107));
#2439=CARTESIAN_POINT('Origin',(-7.08961215642206,-4.,-53.9769118145539));
#2440=CARTESIAN_POINT('',(-5.04805268937898,-4.5,-58.0025099120376));
#2441=CARTESIAN_POINT('',(-5.4926857703446,-4.,-58.2312242001269));
#2442=CARTESIAN_POINT('Ctrl Pts',(-5.04805268937898,-4.5,-58.0025099120376));
#2443=CARTESIAN_POINT('Ctrl Pts',(-5.07146750131196,-4.5,-58.0146274808635));
#2444=CARTESIAN_POINT('Ctrl Pts',(-5.09488254065137,-4.49791042387129,-58.0267440164566));
#2445=CARTESIAN_POINT('Ctrl Pts',(-5.11800649757585,-4.49375731744569,-58.0387074361855));
#2446=CARTESIAN_POINT('Ctrl Pts',(-5.14112938857315,-4.48960440246262,-58.0506703044459));
#2447=CARTESIAN_POINT('Ctrl Pts',(-5.16396074295871,-4.48338823437824,-58.0624798199239));
#2448=CARTESIAN_POINT('Ctrl Pts',(-5.18621654079641,-4.47518628842587,-58.073987762682));
#2449=CARTESIAN_POINT('Ctrl Pts',(-5.20848168838314,-4.46698089680344,-58.0855005399725));
#2450=CARTESIAN_POINT('Ctrl Pts',(-5.23017033103079,-4.45678822624113,-58.0967112487329));
#2451=CARTESIAN_POINT('Ctrl Pts',(-5.25101245417037,-4.44473541948517,-58.1074790353043));
#2452=CARTESIAN_POINT('Ctrl Pts',(-5.2718515473156,-4.43268436494686,-58.1182452564723));
#2453=CARTESIAN_POINT('Ctrl Pts',(-5.29184393347752,-4.41877396765093,-58.1285684582314));
#2454=CARTESIAN_POINT('Ctrl Pts',(-5.31074081862746,-4.40317769477941,-58.1383189153268));
#2455=CARTESIAN_POINT('Ctrl Pts',(-5.32963532714608,-4.38758338342642,-58.1480681461227));
#2456=CARTESIAN_POINT('Ctrl Pts',(-5.34743421742622,-4.37030394669233,-58.1572445717485));
#2457=CARTESIAN_POINT('Ctrl Pts',(-5.36391609498954,-4.35155481078244,-58.1657328147518));
#2458=CARTESIAN_POINT('Ctrl Pts',(-5.38039622255248,-4.33280766560418,-58.1742201564968));
#2459=CARTESIAN_POINT('Ctrl Pts',(-5.3955592747854,-4.31259152484799,-58.1820192836506));
#2460=CARTESIAN_POINT('Ctrl Pts',(-5.40921675029664,-4.29115837387897,-58.1890320264558));
#2461=CARTESIAN_POINT('Ctrl Pts',(-5.42287923018068,-4.2697173693738,-58.1960473388705));
#2462=CARTESIAN_POINT('Ctrl Pts',(-5.43503474316356,-4.24705890814595,-58.2022755415666));
#2463=CARTESIAN_POINT('Ctrl Pts',(-5.44553215856796,-4.22346562425624,-58.2076380010014));
#2464=CARTESIAN_POINT('Ctrl Pts',(-5.45602675693723,-4.19987867174496,-58.2129990213927));
#2465=CARTESIAN_POINT('Ctrl Pts',(-5.46486393113035,-4.17535789136364,-58.2174946508714));
#2466=CARTESIAN_POINT('Ctrl Pts',(-5.47193399559027,-4.15020898359436,-58.2210679081905));
#2467=CARTESIAN_POINT('Ctrl Pts',(-5.47900580378069,-4.12505387320588,-58.2246420468026));
#2468=CARTESIAN_POINT('Ctrl Pts',(-5.484309481784,-4.09927084983237,-58.2272932813624));
#2469=CARTESIAN_POINT('Ctrl Pts',(-5.48777936044042,-4.07318150831666,-58.2289876144874));
#2470=CARTESIAN_POINT('Ctrl Pts',(-5.49100036898483,-4.0489633726811,-58.2305604249552));
#2471=CARTESIAN_POINT('Ctrl Pts',(-5.49264159326354,-4.02448178122446,-58.2313088831386));
#2472=CARTESIAN_POINT('Ctrl Pts',(-5.49268577034457,-4.,-58.2312242001269));
#2473=CARTESIAN_POINT('',(-7.08961215642206,-4.5,-53.9769118145539));
#2474=CARTESIAN_POINT('',(-7.53554415293085,-4.,-54.2030636540107));
#2475=CARTESIAN_POINT('Origin',(-5.49268577034469,-4.5,-58.2312242001269));
#2476=CARTESIAN_POINT('',(-5.4926857703446,-4.5,-58.2312242001269));
#2477=CARTESIAN_POINT('Origin',(1.60017709776703,-2.,-54.5310490239813));
#2478=CARTESIAN_POINT('',(-2.05996750113521,-2.,-61.6446515933639));
#2479=CARTESIAN_POINT('Origin',(-1.83120846370386,-2.,-61.2000514327776));
#2480=CARTESIAN_POINT('Origin',(1.60017709776703,-2.,-54.5310490239813));
#2481=CARTESIAN_POINT('Origin',(1.60017709776703,-4.5,-54.5310490239813));
#2482=CARTESIAN_POINT('',(-2.05996750113521,-4.,-61.6446515933639));
#2483=CARTESIAN_POINT('Origin',(1.60017709776703,-4.,-54.5310490239813));
#2484=CARTESIAN_POINT('',(-2.05996750113521,-4.5,-61.6446515933639));
#2485=CARTESIAN_POINT('Origin',(1.60017709776703,-4.,-54.5310490239813));
#2486=CARTESIAN_POINT('',(-1.83120846370382,-4.5,-61.2000514327775));
#2487=CARTESIAN_POINT('Origin',(-1.83120846370382,-4.,-61.2000514327775));
#2488=CARTESIAN_POINT('Origin',(1.60017709776703,-4.5,-54.5310490239813));
#2489=CARTESIAN_POINT('Origin',(-11.3464337531379,-2.,-28.2034768516068));
#2490=CARTESIAN_POINT('',(-4.35951568531703,-2.,-27.7757200123176));
#2491=CARTESIAN_POINT('Origin',(-11.3464337531379,-2.,-28.2034768516068));
#2492=CARTESIAN_POINT('Origin',(-4.85858126158996,-2.,-27.8062740722668));
#2493=CARTESIAN_POINT('Origin',(-11.3464337531379,-4.,-28.2034768516068));
#2494=CARTESIAN_POINT('',(-4.85858126158996,-4.5,-27.8062740722668));
#2495=CARTESIAN_POINT('Origin',(-11.3464337531379,-4.5,-28.2034768516068));
#2496=CARTESIAN_POINT('',(-4.35951568531703,-4.,-27.7757200123176));
#2497=CARTESIAN_POINT('Origin',(-4.85858126158996,-4.,-27.8062740722668));
#2498=CARTESIAN_POINT('Origin',(-11.3464337531379,-4.,-28.2034768516068));
#2499=CARTESIAN_POINT('Origin',(-11.3464337531379,-4.5,-28.2034768516068));
#2500=CARTESIAN_POINT('',(-4.35951568531703,-4.5,-27.7757200123176));
#2501=CARTESIAN_POINT('Origin',(-4.40509935427012,-2.,-35.2133816639245));
#2502=CARTESIAN_POINT('',(-3.9896176673728,-2.,-33.817580498102));
#2503=CARTESIAN_POINT('Origin',(-4.48868324364572,-2.,-33.8481345580512));
#2504=CARTESIAN_POINT('',(-3.9060337779972,-2.,-35.1828276039752));
#2505=CARTESIAN_POINT('Origin',(-4.40509935427012,-4.,-35.2133816639245));
#2506=CARTESIAN_POINT('',(-4.48868324364572,-4.5,-33.8481345580512));
#2507=CARTESIAN_POINT('',(-4.40509935427012,-4.5,-35.2133816639245));
#2508=CARTESIAN_POINT('',(-3.9896176673728,-4.,-33.817580498102));
#2509=CARTESIAN_POINT('Origin',(-4.48868324364572,-4.,-33.8481345580512));
#2510=CARTESIAN_POINT('',(-3.9060337779972,-4.,-35.1828276039752));
#2511=CARTESIAN_POINT('Origin',(-4.35951568531704,-4.5,-27.7757200123176));
#2512=CARTESIAN_POINT('',(-3.9896176673728,-4.5,-33.817580498102));
#2513=CARTESIAN_POINT('Origin',(11.9804807733605,-2.,-32.8398505797266));
#2514=CARTESIAN_POINT('',(-2.70984452587599,-2.,-39.1797514151191));
#2515=CARTESIAN_POINT('Origin',(-3.16891719147713,-2.,-39.3778733162252));
#2516=CARTESIAN_POINT('Origin',(11.9804807733605,-2.,-32.8398505797266));
#2517=CARTESIAN_POINT('Origin',(11.9804807733605,-4.,-32.8398505797266));
#2518=CARTESIAN_POINT('',(-3.16891719147713,-4.5,-39.3778733162252));
#2519=CARTESIAN_POINT('Origin',(11.9804807733605,-4.5,-32.8398505797266));
#2520=CARTESIAN_POINT('',(-2.70984452587599,-4.,-39.1797514151191));
#2521=CARTESIAN_POINT('Origin',(-3.16891719147713,-4.,-39.3778733162252));
#2522=CARTESIAN_POINT('Origin',(11.9804807733605,-4.,-32.8398505797266));
#2523=CARTESIAN_POINT('Origin',(11.9804807733605,-4.5,-32.8398505797266));
#2524=CARTESIAN_POINT('',(-2.70984452587599,-4.5,-39.1797514151191));
#2525=CARTESIAN_POINT('Origin',(-2.3114786632686,-2.,-41.3646632093989));
#2526=CARTESIAN_POINT('',(1.21300150469192,-2.,-48.2694652425268));
#2527=CARTESIAN_POINT('Origin',(0.75392883909078,-2.,-48.4675871436329));
#2528=CARTESIAN_POINT('',(-1.85240599766746,-2.,-41.1665413082929));
#2529=CARTESIAN_POINT('Origin',(-2.3114786632686,-4.,-41.3646632093989));
#2530=CARTESIAN_POINT('',(0.753928839090788,-4.5,-48.4675871436329));
#2531=CARTESIAN_POINT('',(-2.3114786632686,-4.5,-41.3646632093989));
#2532=CARTESIAN_POINT('',(1.21300150469192,-4.,-48.2694652425268));
#2533=CARTESIAN_POINT('Origin',(0.753928839090788,-4.,-48.4675871436329));
#2534=CARTESIAN_POINT('',(-1.85240599766746,-4.,-41.1665413082929));
#2535=CARTESIAN_POINT('Origin',(-3.47213004133994,-4.5,-37.4134426850918));
#2536=CARTESIAN_POINT('',(1.21300150469192,-4.5,-48.2694652425268));
#2537=CARTESIAN_POINT('Origin',(15.9033268039285,-2.,-41.9295644071343));
#2538=CARTESIAN_POINT('',(6.15501607965342,-2.,-54.6169769890197));
#2539=CARTESIAN_POINT('Origin',(5.85038136951982,-2.,-55.0134586322036));
#2540=CARTESIAN_POINT('Origin',(15.9033268039285,-2.,-41.9295644071343));
#2541=CARTESIAN_POINT('Origin',(15.9033268039285,-4.,-41.9295644071343));
#2542=CARTESIAN_POINT('',(5.85038136951982,-4.5,-55.0134586322036));
#2543=CARTESIAN_POINT('Origin',(15.9033268039285,-4.5,-41.9295644071343));
#2544=CARTESIAN_POINT('',(6.15501607965342,-4.,-54.6169769890197));
#2545=CARTESIAN_POINT('Origin',(5.85038136951982,-4.,-55.0134586322036));
#2546=CARTESIAN_POINT('Origin',(15.9033268039285,-4.,-41.9295644071343));
#2547=CARTESIAN_POINT('Origin',(15.9033268039285,-4.5,-41.9295644071343));
#2548=CARTESIAN_POINT('',(6.15501607965342,-4.5,-54.6169769890197));
#2549=CARTESIAN_POINT('Origin',(1.80060177842549,-2.,-51.901830507555));
#2550=CARTESIAN_POINT('',(19.5119100879823,-2.,-64.8796804570461));
#2551=CARTESIAN_POINT('Origin',(19.2072753778487,-2.,-65.2761621002301));
#2552=CARTESIAN_POINT('',(2.10523648855909,-2.,-51.5053488643711));
#2553=CARTESIAN_POINT('Origin',(1.80060177842549,-4.,-51.901830507555));
#2554=CARTESIAN_POINT('',(19.2072753778487,-4.5,-65.2761621002301));
#2555=CARTESIAN_POINT('',(1.80060177842549,-4.5,-51.901830507555));
#2556=CARTESIAN_POINT('',(19.5119100879823,-4.,-64.8796804570461));
#2557=CARTESIAN_POINT('Origin',(19.2072753778487,-4.,-65.2761621002301));
#2558=CARTESIAN_POINT('',(2.10523648855909,-4.,-51.5053488643711));
#2559=CARTESIAN_POINT('Origin',(3.88947304897592,-4.5,-52.8762582033949));
#2560=CARTESIAN_POINT('',(19.5119100879823,-4.5,-64.8796804570461));
#2561=CARTESIAN_POINT('Origin',(29.2602208122574,-2.,-52.1922678751607));
#2562=CARTESIAN_POINT('',(29.1952255599283,-2.,-68.1921358626528));
#2563=CARTESIAN_POINT('Origin',(29.193194458293,-2.,-68.692131737262));
#2564=CARTESIAN_POINT('Origin',(29.2602208122574,-2.,-52.1922678751607));
#2565=CARTESIAN_POINT('Origin',(29.2602208122574,-4.5,-52.1922678751607));
#2566=CARTESIAN_POINT('',(29.1952255599283,-4.,-68.1921358626528));
#2567=CARTESIAN_POINT('Origin',(29.2602208122574,-4.,-52.1922678751607));
#2568=CARTESIAN_POINT('',(29.1952255599283,-4.5,-68.1921358626528));
#2569=CARTESIAN_POINT('Origin',(29.2602208122574,-4.,-52.1922678751607));
#2570=CARTESIAN_POINT('',(29.193194458293,-4.5,-68.692131737262));
#2571=CARTESIAN_POINT('Origin',(29.2602208122574,-4.5,-52.1922678751607));
#2572=CARTESIAN_POINT('Origin',(29.193194458293,-4.,-68.692131737262));
#2573=CARTESIAN_POINT('Origin',(15.9811208511308,-2.,-68.6384611658198));
#2574=CARTESIAN_POINT('',(35.2565779096962,-2.,-68.2167585111482));
#2575=CARTESIAN_POINT('Origin',(35.2545468080609,-2.,-68.7167543857574));
#2576=CARTESIAN_POINT('',(15.983151952766,-2.,-68.1384652912107));
#2577=CARTESIAN_POINT('Origin',(15.9811208511308,-4.,-68.6384611658198));
#2578=CARTESIAN_POINT('',(35.2545468080609,-4.5,-68.7167543857574));
#2579=CARTESIAN_POINT('',(15.9811208511308,-4.5,-68.6384611658198));
#2580=CARTESIAN_POINT('',(35.2565779096962,-4.,-68.2167585111482));
#2581=CARTESIAN_POINT('Origin',(35.2545468080609,-4.,-68.7167543857574));
#2582=CARTESIAN_POINT('',(15.983151952766,-4.,-68.1384652912107));
#2583=CARTESIAN_POINT('Origin',(25.4822353693919,-4.5,-68.1770528173103));
#2584=CARTESIAN_POINT('',(35.2565779096962,-4.5,-68.2167585111482));
#2585=CARTESIAN_POINT('Origin',(35.248453503155,-2.,-70.2167420095847));
#2586=CARTESIAN_POINT('',(36.7900845038218,-2.,-68.9426251162883));
#2587=CARTESIAN_POINT('Origin',(36.4046767536551,-2.,-69.2611543396124));
#2588=CARTESIAN_POINT('Origin',(35.248453503155,-2.,-70.2167420095847));
#2589=CARTESIAN_POINT('Origin',(35.248453503155,-4.,-70.2167420095847));
#2590=CARTESIAN_POINT('',(36.4046767536551,-4.5,-69.2611543396124));
#2591=CARTESIAN_POINT('Origin',(35.248453503155,-4.5,-70.2167420095847));
#2592=CARTESIAN_POINT('',(36.7900845038218,-4.,-68.9426251162883));
#2593=CARTESIAN_POINT('Origin',(36.4046767536551,-4.,-69.2611543396124));
#2594=CARTESIAN_POINT('Origin',(35.248453503155,-4.,-70.2167420095847));
#2595=CARTESIAN_POINT('Origin',(35.248453503155,-4.5,-70.2167420095847));
#2596=CARTESIAN_POINT('',(36.7900845038218,-4.5,-68.9426251162883));
#2597=CARTESIAN_POINT('Origin',(23.6551982016907,-2.,-53.8347900229198));
#2598=CARTESIAN_POINT('',(38.4486130867863,-2.,-70.949379043218));
#2599=CARTESIAN_POINT('Origin',(38.0632053366197,-2.,-71.2679082665421));
#2600=CARTESIAN_POINT('',(24.0406059518574,-2.,-53.5162607995957));
#2601=CARTESIAN_POINT('Origin',(23.6551982016907,-4.,-53.8347900229198));
#2602=CARTESIAN_POINT('',(38.0632053366197,-4.5,-71.267908266542));
#2603=CARTESIAN_POINT('',(23.6551982016907,-4.5,-53.8347900229198));
#2604=CARTESIAN_POINT('',(38.4486130867863,-4.,-70.949379043218));
#2605=CARTESIAN_POINT('Origin',(38.0632053366197,-4.,-71.267908266542));
#2606=CARTESIAN_POINT('',(24.0406059518574,-4.,-53.5162607995957));
#2607=CARTESIAN_POINT('Origin',(36.7900845038217,-4.5,-68.9426251162883));
#2608=CARTESIAN_POINT('',(38.4486130867863,-4.5,-70.949379043218));
#2609=CARTESIAN_POINT('Origin',(36.9069820861197,-2.,-72.2234959365144));
#2610=CARTESIAN_POINT('',(36.8988576795785,-2.,-74.2234794349509));
#2611=CARTESIAN_POINT('Origin',(36.9008887812138,-2.,-73.7234835603417));
#2612=CARTESIAN_POINT('Origin',(36.9069820861197,-2.,-72.2234959365144));
#2613=CARTESIAN_POINT('Origin',(36.9069820861197,-4.,-72.2234959365144));
#2614=CARTESIAN_POINT('',(36.9008887812138,-4.5,-73.7234835603417));
#2615=CARTESIAN_POINT('Origin',(36.9069820861197,-4.5,-72.2234959365144));
#2616=CARTESIAN_POINT('',(36.8988576795785,-4.,-74.2234794349509));
#2617=CARTESIAN_POINT('Origin',(36.9008887812138,-4.,-73.7234835603417));
#2618=CARTESIAN_POINT('Origin',(36.9069820861197,-4.,-72.2234959365144));
#2619=CARTESIAN_POINT('Origin',(36.9069820861197,-4.5,-72.2234959365144));
#2620=CARTESIAN_POINT('',(36.8988576795785,-4.5,-74.2234794349509));
#2621=CARTESIAN_POINT('Origin',(21.6813075995013,-2.,-73.6616580177796));
#2622=CARTESIAN_POINT('',(26.1122764893286,-2.,-74.1796617880318));
#2623=CARTESIAN_POINT('Origin',(26.1143075909639,-2.,-73.6796659134226));
#2624=CARTESIAN_POINT('',(21.679276497866,-2.,-74.1616538923888));
#2625=CARTESIAN_POINT('Origin',(8.89969893386812,-2.,-66.7213990719601));
#2626=CARTESIAN_POINT('',(18.8569825438532,-2.,-72.4069989393048));
#2627=CARTESIAN_POINT('Origin',(19.0857415812846,-2.,-71.9623987787184));
#2628=CARTESIAN_POINT('',(8.67093989643673,-2.,-67.1659992325465));
#2629=CARTESIAN_POINT('Origin',(26.1772717416577,-2.,-58.1797938005396));
#2630=CARTESIAN_POINT('Origin',(26.1772717416577,-2.,-58.1797938005396));
#2631=CARTESIAN_POINT('Origin',(20.5644345831752,-4.5,-73.2855300771712));
#2632=CARTESIAN_POINT('',(18.8569825438532,-4.,-72.4069989393048));
#2633=CARTESIAN_POINT('',(8.67093989643673,-4.,-67.1659992325465));
#2634=CARTESIAN_POINT('',(18.8569825438532,-4.5,-72.4069989393048));
#2635=CARTESIAN_POINT('Origin',(8.89969893386812,-4.,-66.7213990719601));
#2636=CARTESIAN_POINT('',(19.0857415812846,-4.5,-71.9623987787184));
#2637=CARTESIAN_POINT('Origin',(19.0857415812846,-4.,-71.9623987787184));
#2638=CARTESIAN_POINT('',(8.89969893386812,-4.5,-66.7213990719601));
#2639=CARTESIAN_POINT('Origin',(26.1772717416577,-4.,-58.1797938005396));
#2640=CARTESIAN_POINT('',(26.1122764893286,-4.,-74.1796617880318));
#2641=CARTESIAN_POINT('',(26.1143075909639,-4.5,-73.6796659134226));
#2642=CARTESIAN_POINT('Origin',(26.1143075909639,-4.,-73.6796659134226));
#2643=CARTESIAN_POINT('Origin',(26.1772717416577,-4.5,-58.1797938005396));
#2644=CARTESIAN_POINT('Origin',(26.1772717416577,-4.,-58.1797938005396));
#2645=CARTESIAN_POINT('Origin',(36.8988576795785,-4.5,-74.2234794349509));
#2646=CARTESIAN_POINT('',(21.679276497866,-4.,-74.1616538923888));
#2647=CARTESIAN_POINT('',(26.1122764893286,-4.5,-74.1796617880318));
#2648=CARTESIAN_POINT('Origin',(21.6813075995013,-4.,-73.6616580177796));
#2649=CARTESIAN_POINT('',(21.6813075995013,-4.5,-73.6616580177796));
#2650=CARTESIAN_POINT('Origin',(26.1772717416577,-4.5,-58.1797938005396));
#2651=CARTESIAN_POINT('',(0.,0.,0.));
#2652=CARTESIAN_POINT('Origin',(-12.0186060406606,-1.38222252023266E-16,
30.));
#2653=CARTESIAN_POINT('',(15.9813939593394,1.38222252023266E-16,29.));
#2654=CARTESIAN_POINT('',(-12.0186060406606,-1.38222252023266E-16,29.));
#2655=CARTESIAN_POINT('',(-5.0186060406606,-1.38777878078145E-16,29.));
#2656=CARTESIAN_POINT('',(15.9813939593394,1.38222252023266E-16,21.));
#2657=CARTESIAN_POINT('',(15.9813939593394,1.38222252023266E-16,30.));
#2658=CARTESIAN_POINT('',(11.9813939593394,9.84523669891788E-17,17.));
#2659=CARTESIAN_POINT('Origin',(11.9813939593394,-1.38777878078145E-16,
21.));
#2660=CARTESIAN_POINT('',(5.00000002980232,2.95249390461666E-17,17.));
#2661=CARTESIAN_POINT('',(-5.0186060406606,-6.93889390390723E-17,17.));
#2662=CARTESIAN_POINT('',(4.00000002980232,0.,18.));
#2663=CARTESIAN_POINT('Origin',(5.00000002980232,0.,18.));
#2664=CARTESIAN_POINT('',(4.00000005960464,0.,21.0000003129244));
#2665=CARTESIAN_POINT('',(4.00000008692344,1.99297346359021E-17,23.7499999105006));
#2666=CARTESIAN_POINT('',(-4.12153185873239,0.,21.0000003129244));
#2667=CARTESIAN_POINT('',(-4.00930299052798,-5.91462588285413E-17,21.0000003129244));
#2668=CARTESIAN_POINT('',(-4.12153185873239,-6.02542964646295E-17,18.));
#2669=CARTESIAN_POINT('',(-4.12153185873239,-6.02542964646295E-17,25.5000001564622));
#2670=CARTESIAN_POINT('',(-5.12153185873239,-7.04051274937309E-17,17.));
#2671=CARTESIAN_POINT('Origin',(-5.12153185873239,-1.38777878078145E-16,
18.));
#2672=CARTESIAN_POINT('',(-8.0186060406606,-9.90079930440578E-17,17.));
#2673=CARTESIAN_POINT('',(-5.0186060406606,-6.93889390390723E-17,17.));
#2674=CARTESIAN_POINT('',(-12.0186060406606,-1.38222252023266E-16,21.));
#2675=CARTESIAN_POINT('Origin',(-8.0186060406606,0.,21.));
#2676=CARTESIAN_POINT('',(-12.0186060406606,-1.38222252023266E-16,30.));
#2677=CARTESIAN_POINT('',(-8.35,-1.38222252023266E-16,19.9));
#2678=CARTESIAN_POINT('Origin',(-7.,-1.38222252023266E-16,19.9));
#2679=CARTESIAN_POINT('',(9.65000023841858,-1.38222252023266E-16,19.9000000496705));
#2680=CARTESIAN_POINT('Origin',(11.0000002384186,-1.38222252023266E-16,
19.9000000496705));
#2681=CARTESIAN_POINT('',(0.,0.,0.));
#2682=CARTESIAN_POINT('Origin',(30.5335240668942,-3.65,-33.9542014405676));
#2683=CARTESIAN_POINT('',(15.4963579622699,-3.65,0.451000759736848));
#2684=CARTESIAN_POINT('',(17.2368311388149,-3.65,-14.5467135208055));
#2685=CARTESIAN_POINT('',(17.5660885575983,-3.65,-17.3839354660842));
#2686=CARTESIAN_POINT('',(23.7571025197408,-3.65,3.39466629026043));
#2687=CARTESIAN_POINT('Origin',(19.9663589288416,-3.65,0.969740924799299));
#2688=CARTESIAN_POINT('',(30.1462951573499,-3.65,-6.59318380484215));
#2689=CARTESIAN_POINT('',(36.6250347125808,-3.65,-16.7210173439278));
#2690=CARTESIAN_POINT('',(30.7881762890656,-3.65,-7.89871438721975));
#2691=CARTESIAN_POINT('Origin',(24.6707766371622,-3.65,-10.0958537771749));
#2692=CARTESIAN_POINT('',(43.7821949459391,-3.65,-44.077395435766));
#2693=CARTESIAN_POINT('',(42.3219956108509,-3.65,-40.0118259297911));
#2694=CARTESIAN_POINT('',(44.6169091055853,-3.65,-54.1490959366738));
#2695=CARTESIAN_POINT('Origin',(25.4299959902289,-3.65,-50.6688136056314));
#2696=CARTESIAN_POINT('',(41.8168895648688,-3.65,-69.5856974933456));
#2697=CARTESIAN_POINT('',(44.3846748469557,-3.65,-55.4294111866725));
#2698=CARTESIAN_POINT('',(39.1902876418694,-3.65,-70.2802322985764));
#2699=CARTESIAN_POINT('Origin',(40.3409731713799,-3.65,-69.3179834678808));
#2700=CARTESIAN_POINT('',(37.4949988854269,-3.65,-68.252956007713));
#2701=CARTESIAN_POINT('',(27.3470818891088,-3.65,-56.1177775904057));
#2702=CARTESIAN_POINT('',(37.1558616521405,-3.65,-67.1162705539928));
#2703=CARTESIAN_POINT('Origin',(38.6456844149373,-3.65,-67.2907071770174));
#2704=CARTESIAN_POINT('',(38.2467614892023,-3.65,-57.7991479165211));
#2705=CARTESIAN_POINT('',(39.9802333760275,-3.65,-42.993966350394));
#2706=CARTESIAN_POINT('',(35.2638229887611,-3.65,-44.5406201177442));
#2707=CARTESIAN_POINT('Origin',(17.8858503976447,-3.65,-55.4151807351856));
#2708=CARTESIAN_POINT('',(18.1834103312866,-3.65,-17.2454535865571));
#2709=CARTESIAN_POINT('',(23.2591213733697,-3.65,-25.3566380723264));
#2710=CARTESIAN_POINT('Origin',(23.6934992016406,-3.65,-13.7974221712709));
#2711=CARTESIAN_POINT('',(23.9663589288416,-3.65,0.969740924799298));
#2712=CARTESIAN_POINT('Origin',(19.9663589288415,-3.65,0.969740924799298));
#2713=CARTESIAN_POINT('',(27.8746727726266,-3.65,-11.5));
#2714=CARTESIAN_POINT('Origin',(23.8746727726266,-3.65,-11.5));
#2715=CARTESIAN_POINT('Origin',(24.6707766371622,-4.15,-10.0958537771749));
#2716=CARTESIAN_POINT('',(31.2587454930582,-4.15,-7.72970366491549));
#2717=CARTESIAN_POINT('Origin',(30.7881762890656,-4.15,-7.89871438721975));
#2718=CARTESIAN_POINT('',(30.5674888896721,-4.15,-6.32374765312424));
#2719=CARTESIAN_POINT('Origin',(30.1462951573499,-4.15,-6.59318380484215));
#2720=CARTESIAN_POINT('Origin',(24.6707766371622,-4.15,-10.0958537771749));
#2721=CARTESIAN_POINT('Origin',(36.6250347125808,-4.15,-16.7210173439278));
#2722=CARTESIAN_POINT('',(24.1782962520629,-4.15,3.66410244197832));
#2723=CARTESIAN_POINT('Origin',(23.7571025197408,-4.15,3.39466629026043));
#2724=CARTESIAN_POINT('',(37.046228444903,-4.15,-16.4515811922099));
#2725=CARTESIAN_POINT('Origin',(19.9663589288416,-4.15,0.969740924799299));
#2726=CARTESIAN_POINT('',(14.9996911882064,-4.15,0.393362963618793));
#2727=CARTESIAN_POINT('Origin',(15.4963579622699,-4.15,0.451000759736848));
#2728=CARTESIAN_POINT('Origin',(19.9663589288416,-4.15,0.969740924799299));
#2729=CARTESIAN_POINT('Origin',(42.3219956108509,-4.15,-40.0118259297911));
#2730=CARTESIAN_POINT('',(44.2527641499316,-4.15,-43.9083847134617));
#2731=CARTESIAN_POINT('Origin',(43.7821949459391,-4.15,-44.077395435766));
#2732=CARTESIAN_POINT('',(42.7925648148435,-4.15,-39.8428152074868));
#2733=CARTESIAN_POINT('Origin',(25.4299959902289,-4.15,-50.6688136056314));
#2734=CARTESIAN_POINT('',(45.1088812367483,-4.15,-54.2383339451621));
#2735=CARTESIAN_POINT('Origin',(44.6169091055853,-4.15,-54.1490959366738));
#2736=CARTESIAN_POINT('Origin',(25.4299959902289,-4.15,-50.6688136056314));
#2737=CARTESIAN_POINT('Origin',(44.3846748469557,-4.15,-55.4294111866725));
#2738=CARTESIAN_POINT('',(42.3088616960319,-4.15,-69.6749355018339));
#2739=CARTESIAN_POINT('Origin',(41.8168895648688,-4.15,-69.5856974933456));
#2740=CARTESIAN_POINT('',(44.8766469781187,-4.15,-55.5186491951607));
#2741=CARTESIAN_POINT('Origin',(40.3409731713799,-4.15,-69.3179834678808));
#2742=CARTESIAN_POINT('',(38.8067257986992,-4.15,-70.6009819088083));
#2743=CARTESIAN_POINT('Origin',(39.1902876418694,-4.15,-70.2802322985764));
#2744=CARTESIAN_POINT('Origin',(40.3409731713799,-4.15,-69.3179834678808));
#2745=CARTESIAN_POINT('Origin',(27.3470818891088,-4.15,-56.1177775904057));
#2746=CARTESIAN_POINT('',(37.1114370422567,-4.15,-68.5737056179449));
#2747=CARTESIAN_POINT('Origin',(37.4949988854269,-4.15,-68.252956007713));
#2748=CARTESIAN_POINT('',(26.9635200459386,-4.15,-56.4385272006376));
#2749=CARTESIAN_POINT('Origin',(38.6456844149373,-4.15,-67.2907071770174));
#2750=CARTESIAN_POINT('',(36.6592540645415,-4.15,-67.0581250129846));
#2751=CARTESIAN_POINT('Origin',(37.1558616521405,-4.15,-67.1162705539928));
#2752=CARTESIAN_POINT('Origin',(38.6456844149373,-4.15,-67.2907071770174));
#2753=CARTESIAN_POINT('Origin',(39.9802333760275,-4.15,-42.993966350394));
#2754=CARTESIAN_POINT('',(37.7501539016034,-4.15,-57.7410023755129));
#2755=CARTESIAN_POINT('Origin',(38.2467614892023,-4.15,-57.7991479165211));
#2756=CARTESIAN_POINT('',(39.4836257884285,-4.15,-42.9358208093858));
#2757=CARTESIAN_POINT('Origin',(17.8858503976447,-4.15,-55.4151807351856));
#2758=CARTESIAN_POINT('',(34.8399699987339,-4.15,-44.8058533035355));
#2759=CARTESIAN_POINT('Origin',(35.2638229887611,-4.15,-44.5406201177442));
#2760=CARTESIAN_POINT('Origin',(17.8858503976447,-4.15,-55.4151807351856));
#2761=CARTESIAN_POINT('Origin',(23.2591213733697,-4.15,-25.3566380723264));
#2762=CARTESIAN_POINT('',(17.7595573412594,-4.15,-17.5106867723484));
#2763=CARTESIAN_POINT('Origin',(18.1834103312866,-4.15,-17.2454535865571));
#2764=CARTESIAN_POINT('',(22.8352683833425,-4.15,-25.6218712581177));
#2765=CARTESIAN_POINT('Origin',(23.6934992016406,-4.15,-13.7974221712709));
#2766=CARTESIAN_POINT('',(16.7401643647514,-4.15,-14.6043513169236));
#2767=CARTESIAN_POINT('Origin',(17.2368311388149,-4.15,-14.5467135208055));
#2768=CARTESIAN_POINT('Origin',(23.6934992016406,-4.15,-13.7974221712709));
#2769=CARTESIAN_POINT('Origin',(17.5660885575983,-4.15,-17.3839354660842));
#2770=CARTESIAN_POINT('',(17.0694217835348,-4.15,-17.4415732622022));
#2771=CARTESIAN_POINT('',(0.,0.,0.));
#2772=CARTESIAN_POINT('Origin',(2.93733638631332,3.,0.750000024835269));
#2773=CARTESIAN_POINT('',(-6.6571587980719,3.,-16.5996772695855));
#2774=CARTESIAN_POINT('',(10.8653287221372,3.,-13.9423885741226));
#2775=CARTESIAN_POINT('Origin',(5.71835670623224,3.,-39.1039840199095));
#2776=CARTESIAN_POINT('',(-15.4543846520104,3.,-21.803468659126));
#2777=CARTESIAN_POINT('',(-3.32282617725308,3.,-14.6273314789732));
#2778=CARTESIAN_POINT('',(-22.4552658405501,3.,-15.2305052786958));
#2779=CARTESIAN_POINT('Origin',(-18.,3.,-17.5));
#2780=CARTESIAN_POINT('',(-14.3008140038639,3.,4.52622567122866));
#2781=CARTESIAN_POINT('Origin',(-134.427651636321,3.,42.5465213095494));
#2782=CARTESIAN_POINT('',(-14.0816326530612,3.,5.1679417396329));
#2783=CARTESIAN_POINT('Origin',(0.,3.,0.));
#2784=CARTESIAN_POINT('',(-12.,3.,16.8819430161341));
#2785=CARTESIAN_POINT('Origin',(-46.,3.,16.8819430161341));
#2786=CARTESIAN_POINT('',(-12.,3.,19.));
#2787=CARTESIAN_POINT('',(-12.,3.,24.));
#2788=CARTESIAN_POINT('',(-7.,3.,24.));
#2789=CARTESIAN_POINT('Origin',(-7.,3.,19.));
#2790=CARTESIAN_POINT('',(11.0000002384186,3.,24.0000000249375));
#2791=CARTESIAN_POINT('',(-12.,3.,24.));
#2792=CARTESIAN_POINT('',(16.000000188748,3.,19.));
#2793=CARTESIAN_POINT('Origin',(11.0000001887481,3.,19.0000000496705));
#2794=CARTESIAN_POINT('',(16.0000001667092,3.,16.7815004728548));
#2795=CARTESIAN_POINT('',(16.,3.,0.));
#2796=CARTESIAN_POINT('',(27.1580497585043,3.,-7.72913331333382));
#2797=CARTESIAN_POINT('Origin',(48.5000001667092,3.,16.7815001499963));
#2798=CARTESIAN_POINT('',(22.8726388885898,3.,-16.3985638808984));
#2799=CARTESIAN_POINT('Origin',(23.8746727726266,3.,-11.5));
#2800=CARTESIAN_POINT('',(7.15517837651318,3.,-13.1834525978698));
#2801=CARTESIAN_POINT('',(2.6,3.,15.6));
#2802=CARTESIAN_POINT('Origin',(0.,3.,15.6));
#2803=CARTESIAN_POINT('',(2.6,3.,-3.18408167778312E-16));
#2804=CARTESIAN_POINT('Origin',(0.,3.,0.));
#2805=CARTESIAN_POINT('',(25.3246727726266,3.,-11.5));
#2806=CARTESIAN_POINT('Origin',(23.8746727726266,3.,-11.5));
#2807=CARTESIAN_POINT('',(-5.55,3.,19.9));
#2808=CARTESIAN_POINT('Origin',(-7.,3.,19.9));
#2809=CARTESIAN_POINT('',(-16.188075002835,3.,-17.1481284749785));
#2810=CARTESIAN_POINT('Origin',(-17.638075002835,3.,-17.1481284749785));
#2811=CARTESIAN_POINT('',(12.4500002384186,3.,19.9000000496705));
#2812=CARTESIAN_POINT('Origin',(11.0000002384186,3.,19.9000000496705));
#2813=CARTESIAN_POINT('',(0.,0.,0.));
#2814=CARTESIAN_POINT('Origin',(2.23517413466823E-7,-23.,30.));
#2815=CARTESIAN_POINT('',(-21.9999997764826,-23.,32.6));
#2816=CARTESIAN_POINT('Origin',(2.23517413466823E-7,-23.,32.6));
#2817=CARTESIAN_POINT('',(-21.9999997764826,-23.,30.));
#2818=CARTESIAN_POINT('',(-21.9999997764826,-23.,30.));
#2819=CARTESIAN_POINT('Origin',(2.23517413466823E-7,-23.,30.));
#2820=CARTESIAN_POINT('Origin',(2.23517413466823E-7,-23.,32.6));
#2821=CARTESIAN_POINT('',(6.79704243064134,-12.2036416565796,32.6));
#2822=CARTESIAN_POINT('Origin',(7.54704243064134,-12.2036416565796,32.6));
#2823=CARTESIAN_POINT('',(-9.09999977648259,-23.,32.6));
#2824=CARTESIAN_POINT('Origin',(2.235174123566E-7,-23.,32.6));
#2825=CARTESIAN_POINT('Origin',(2.23517413466823E-7,-23.,32.6));
#2826=CARTESIAN_POINT('',(-24.9999997764826,-23.,47.3));
#2827=CARTESIAN_POINT('Origin',(2.23517413466823E-7,-23.,47.3));
#2828=CARTESIAN_POINT('',(-24.9999997764826,-23.,34.1));
#2829=CARTESIAN_POINT('',(-24.9999997764826,-23.,32.6));
#2830=CARTESIAN_POINT('Origin',(2.23517413466823E-7,-23.,34.1));
#2831=CARTESIAN_POINT('',(1.20226393236083,1.97107450580367,34.871031399025));
#2832=CARTESIAN_POINT('',(1.01473044041326,1.97939796285968,37.1655967844287));
#2833=CARTESIAN_POINT('Ctrl Pts',(1.20226393236072,1.97107450580367,34.8710313990249));
#2834=CARTESIAN_POINT('Ctrl Pts',(1.35072929746244,1.96392645454779,34.9833145742013));
#2835=CARTESIAN_POINT('Ctrl Pts',(1.47808915332798,1.95645748429633,35.1211505771443));
#2836=CARTESIAN_POINT('Ctrl Pts',(1.6458908110123,1.94586189683359,35.3941250024204));
#2837=CARTESIAN_POINT('Ctrl Pts',(1.69969038821527,1.94217810123864,35.518009388001));
#2838=CARTESIAN_POINT('Ctrl Pts',(1.76832712008197,1.93740547537938,35.7767328244234));
#2839=CARTESIAN_POINT('Ctrl Pts',(1.78302922619188,1.93633578550882,35.9095774256878));
#2840=CARTESIAN_POINT('Ctrl Pts',(1.77099266002499,1.937193583077,36.1815522719438));
#2841=CARTESIAN_POINT('Ctrl Pts',(1.74247122665557,1.93925225778127,36.318287713285));
#2842=CARTESIAN_POINT('Ctrl Pts',(1.63864727309164,1.94629731208385,36.587824619834));
#2843=CARTESIAN_POINT('Ctrl Pts',(1.560814513416,1.95142282157558,36.7170259621932));
#2844=CARTESIAN_POINT('Ctrl Pts',(1.40076309475682,1.96080374851798,36.9018516511579));
#2845=CARTESIAN_POINT('Ctrl Pts',(1.33111014921217,1.96465358209282,36.9665426426077));
#2846=CARTESIAN_POINT('Ctrl Pts',(1.18030751881188,1.97223443450776,37.0790173761939));
#2847=CARTESIAN_POINT('Ctrl Pts',(1.09967523001744,1.97594727742253,37.1267769308456));
#2848=CARTESIAN_POINT('Ctrl Pts',(1.01473044041325,1.97939796285968,37.1655967844287));
#2849=CARTESIAN_POINT('',(-0.770307279778891,1.98812970893111,36.7962569012832));
#2850=CARTESIAN_POINT('Ctrl Pts',(1.01473044041326,1.97939796285968,37.1655967844287));
#2851=CARTESIAN_POINT('Ctrl Pts',(0.943099528183948,1.98230780284906,37.2146962111996));
#2852=CARTESIAN_POINT('Ctrl Pts',(0.865211996634461,1.98515641544401,37.2570770262976));
#2853=CARTESIAN_POINT('Ctrl Pts',(0.628035411378285,1.99259614272392,37.3553429071937));
#2854=CARTESIAN_POINT('Ctrl Pts',(0.458647702765846,1.99629725453702,37.3870987252178));
#2855=CARTESIAN_POINT('Ctrl Pts',(0.141041480035272,2.00010635038041,37.3870987252178));
#2856=CARTESIAN_POINT('Ctrl Pts',(-0.0283116718840702,2.00046925731455,
37.3553696671132));
#2857=CARTESIAN_POINT('Ctrl Pts',(-0.339845514951573,1.99817532388007,37.2263335750771));
#2858=CARTESIAN_POINT('Ctrl Pts',(-0.482027138821429,1.9956048019094,37.129027272947));
#2859=CARTESIAN_POINT('Ctrl Pts',(-0.658969612168177,1.99139741465369,36.9521008801525));
#2860=CARTESIAN_POINT('Ctrl Pts',(-0.719029709269869,1.98971043937288,36.877711963406));
#2861=CARTESIAN_POINT('Ctrl Pts',(-0.770307279778918,1.9881297089311,36.7962569012832));
#2862=CARTESIAN_POINT('',(-0.0953028891449976,1.99981834567437,34.6310434798608));
#2863=CARTESIAN_POINT('Ctrl Pts',(-0.77030727977889,1.9881297089311,36.7962569012832));
#2864=CARTESIAN_POINT('Ctrl Pts',(-0.864526366926513,1.98522522305605,36.6693838096753));
#2865=CARTESIAN_POINT('Ctrl Pts',(-0.934438109391018,1.98256895693976,36.52592698342));
#2866=CARTESIAN_POINT('Ctrl Pts',(-1.02279917557661,1.97910856564709,36.2196360672198));
#2867=CARTESIAN_POINT('Ctrl Pts',(-1.03995316442878,1.97836250047992,36.0584848645709));
#2868=CARTESIAN_POINT('Ctrl Pts',(-1.01967428281512,1.97919882302461,35.7267093493654));
#2869=CARTESIAN_POINT('Ctrl Pts',(-0.978547159267641,1.98093774424644,35.5582281961179));
#2870=CARTESIAN_POINT('Ctrl Pts',(-0.833743764296397,1.98620785275887,35.2297058534739));
#2871=CARTESIAN_POINT('Ctrl Pts',(-0.725819896375164,1.98982350453706,35.0742073277879));
#2872=CARTESIAN_POINT('Ctrl Pts',(-0.524876349752493,1.9945779146418,34.8794858949742));
#2873=CARTESIAN_POINT('Ctrl Pts',(-0.452344719703748,1.99602796800368,34.8216394333228));
#2874=CARTESIAN_POINT('Ctrl Pts',(-0.287014455524562,1.99850621527432,34.7143443647353));
#2875=CARTESIAN_POINT('Ctrl Pts',(-0.193354923512525,1.99944455639522,34.6673037739913));
#2876=CARTESIAN_POINT('Ctrl Pts',(-0.0953028891450396,1.99981834567437,
34.6310434798608));
#2877=CARTESIAN_POINT('',(2.23517412175006E-7,2.,34.609005384353));
#2878=CARTESIAN_POINT('Ctrl Pts',(-0.0953028891449976,1.99981834567437,
34.6310434798608));
#2879=CARTESIAN_POINT('Ctrl Pts',(-0.0636808266547731,1.99993889378965,
34.6226668577625));
#2880=CARTESIAN_POINT('Ctrl Pts',(-0.0318581290062736,2.,34.615315768244));
#2881=CARTESIAN_POINT('Ctrl Pts',(2.23517412185792E-7,2.,34.609005384353));
#2882=CARTESIAN_POINT('Ctrl Pts',(2.23517412185792E-7,2.,34.609005384353));
#2883=CARTESIAN_POINT('Ctrl Pts',(0.100671128920369,2.,34.5890648661082));
#2884=CARTESIAN_POINT('Ctrl Pts',(0.20192685525356,1.99937614356118,34.5795987252178));
#2885=CARTESIAN_POINT('Ctrl Pts',(0.493659013259768,1.99587735899427,34.5795987252178));
#2886=CARTESIAN_POINT('Ctrl Pts',(0.70036570482352,1.99091167023193,34.6183590036221));
#2887=CARTESIAN_POINT('Ctrl Pts',(1.00127306372926,1.98018715028208,34.7430390416783));
#2888=CARTESIAN_POINT('Ctrl Pts',(1.10673805901354,1.97567371881528,34.8021513878254));
#2889=CARTESIAN_POINT('Ctrl Pts',(1.20226393236083,1.97107450580367,34.871031399025));
#2890=CARTESIAN_POINT('',(-22.226716512724,-34.4443463389958,34.8710313990246));
#2891=CARTESIAN_POINT('',(-22.1401580920083,-34.6109168356104,37.1655967844287));
#2892=CARTESIAN_POINT('Ctrl Pts',(-22.226716512724,-34.4443463389957,34.8710313990246));
#2893=CARTESIAN_POINT('Ctrl Pts',(-22.2947588012998,-34.3121975356075,34.9833145742011));
#2894=CARTESIAN_POINT('Ctrl Pts',(-22.3519704112547,-34.1981661798798,35.1211505771442));
#2895=CARTESIAN_POINT('Ctrl Pts',(-22.4266951921862,-34.0475478877966,35.3941250024204));
#2896=CARTESIAN_POINT('Ctrl Pts',(-22.4504047202201,-33.9991141894284,35.518009388001));
#2897=CARTESIAN_POINT('Ctrl Pts',(-22.4805898709166,-33.9372867230695,35.7767328244234));
#2898=CARTESIAN_POINT('Ctrl Pts',(-22.4870145453694,-33.9240194807539,35.9095774256878));
#2899=CARTESIAN_POINT('Ctrl Pts',(-22.4817391367713,-33.9348723516129,36.1815522719438));
#2900=CARTESIAN_POINT('Ctrl Pts',(-22.4692612846787,-33.9606019748153,36.318287713285));
#2901=CARTESIAN_POINT('Ctrl Pts',(-22.4234505038938,-34.0540386832743,36.5878246198341));
#2902=CARTESIAN_POINT('Ctrl Pts',(-22.3889729454831,-34.1240065851459,36.7170259621932));
#2903=CARTESIAN_POINT('Ctrl Pts',(-22.3170713571967,-34.2673056430877,36.9018516511579));
#2904=CARTESIAN_POINT('Ctrl Pts',(-22.2855789381005,-34.3295517801651,36.9665426426076));
#2905=CARTESIAN_POINT('Ctrl Pts',(-22.216742833674,-34.4639411152569,37.079017376194));
#2906=CARTESIAN_POINT('Ctrl Pts',(-22.1796421055613,-34.5356271471755,37.1267769308457));
#2907=CARTESIAN_POINT('Ctrl Pts',(-22.1401580920083,-34.6109168356103,37.1655967844287));
#2908=CARTESIAN_POINT('',(-21.2552011458294,-36.161170721046,36.7962569012831));
#2909=CARTESIAN_POINT('Ctrl Pts',(-22.1401580920083,-34.6109168356103,37.1655967844287));
#2910=CARTESIAN_POINT('Ctrl Pts',(-22.1068626312453,-34.6744059452919,37.2146962111996));
#2911=CARTESIAN_POINT('Ctrl Pts',(-22.0703858363434,-34.7432828325493,37.2570770262976));
#2912=CARTESIAN_POINT('Ctrl Pts',(-21.9582405365369,-34.9524036442039,37.3553429071937));
#2913=CARTESIAN_POINT('Ctrl Pts',(-21.8767519390831,-35.1009482588577,37.3870987252178));
#2914=CARTESIAN_POINT('Ctrl Pts',(-21.7212476014836,-35.3779078640641,37.3870987252178));
#2915=CARTESIAN_POINT('Ctrl Pts',(-21.6368853121481,-35.5247534493043,37.3553696671132));
#2916=CARTESIAN_POINT('Ctrl Pts',(-21.4791317859855,-35.7934027048221,37.2263335750771));
#2917=CARTESIAN_POINT('Ctrl Pts',(-21.405814836723,-35.9152503420594,37.129027272947));
#2918=CARTESIAN_POINT('Ctrl Pts',(-21.3136998958026,-36.0663833253582,36.9521008801525));
#2919=CARTESIAN_POINT('Ctrl Pts',(-21.282208883803,-36.1175534075617,36.8777119634059));
#2920=CARTESIAN_POINT('Ctrl Pts',(-21.2552011458294,-36.161170721046,36.7962569012831));
#2921=CARTESIAN_POINT('',(-21.6028259975017,-35.5824440894625,34.6310434798608));
#2922=CARTESIAN_POINT('Ctrl Pts',(-21.2552011458293,-36.161170721046,36.796256901283));
#2923=CARTESIAN_POINT('Ctrl Pts',(-21.2055762437028,-36.2413146010997,36.6693838096751));
#2924=CARTESIAN_POINT('Ctrl Pts',(-21.1683199785346,-36.3005318130386,36.5259269834197));
#2925=CARTESIAN_POINT('Ctrl Pts',(-21.1211426586754,-36.3753245454144,36.2196360672196));
#2926=CARTESIAN_POINT('Ctrl Pts',(-21.1119195528617,-36.3898073029531,36.0584848645708));
#2927=CARTESIAN_POINT('Ctrl Pts',(-21.122783270238,-36.3726634375876,35.7267093493652));
#2928=CARTESIAN_POINT('Ctrl Pts',(-21.144852781965,-36.3379157644218,35.5582281961177));
#2929=CARTESIAN_POINT('Ctrl Pts',(-21.2218185273031,-36.2151474000787,35.2297058534738));
#2930=CARTESIAN_POINT('Ctrl Pts',(-21.2789117075549,-36.1234904146733,35.0742073277877));
#2931=CARTESIAN_POINT('Ctrl Pts',(-21.383500920797,-35.9518454036238,34.8794858949741));
#2932=CARTESIAN_POINT('Ctrl Pts',(-21.4210225188696,-35.8897561961047,34.8216394333227));
#2933=CARTESIAN_POINT('Ctrl Pts',(-21.5058338760524,-35.7478151109464,34.7143443647352));
#2934=CARTESIAN_POINT('Ctrl Pts',(-21.5534762693065,-35.6671727474779,34.6673037739912));
#2935=CARTESIAN_POINT('Ctrl Pts',(-21.6028259975017,-35.5824440894625,34.6310434798608));
#2936=CARTESIAN_POINT('',(-21.6506348710936,-35.5,34.609005384353));
#2937=CARTESIAN_POINT('Ctrl Pts',(-21.6028259975017,-35.5824440894625,34.6310434798608));
#2938=CARTESIAN_POINT('Ctrl Pts',(-21.618741426477,-35.5551188540836,34.6226668577625));
#2939=CARTESIAN_POINT('Ctrl Pts',(-21.6347056948317,-35.5275901426082,34.615315768244));
#2940=CARTESIAN_POINT('Ctrl Pts',(-21.6506348710936,-35.5,34.609005384353));
#2941=CARTESIAN_POINT('Ctrl Pts',(-21.6506348710936,-35.5,34.609005384353));
#2942=CARTESIAN_POINT('Ctrl Pts',(-21.700970323795,-35.412816438499,34.5890648661082));
#2943=CARTESIAN_POINT('Ctrl Pts',(-21.7510579114373,-35.3248144789965,34.5795987252178));
#2944=CARTESIAN_POINT('Ctrl Pts',(-21.8938939541231,-35.0704176267788,34.5795987252178));
#2945=CARTESIAN_POINT('Ctrl Pts',(-21.9929468872895,-34.8889215363712,34.6183590036221));
#2946=CARTESIAN_POINT('Ctrl Pts',(-22.1341128600223,-34.6229658593984,34.7430390416783));
#2947=CARTESIAN_POINT('Ctrl Pts',(-22.1829366113559,-34.5293737785389,34.8021513878252));
#2948=CARTESIAN_POINT('Ctrl Pts',(-22.226716512724,-34.4443463389958,34.8710313990246));
#2949=CARTESIAN_POINT('',(21.0244532509157,-36.5267281668082,34.8710313990248));
#2950=CARTESIAN_POINT('',(21.1254283221473,-36.3684811272493,37.1655967844287));
#2951=CARTESIAN_POINT('Ctrl Pts',(21.0244532509157,-36.5267281668082,34.8710313990248));
#2952=CARTESIAN_POINT('Ctrl Pts',(20.9440301743897,-36.6517289189405,34.9833145742013));
#2953=CARTESIAN_POINT('Ctrl Pts',(20.873881928479,-36.7582913044167,35.1211505771444));
#2954=CARTESIAN_POINT('Ctrl Pts',(20.7808050517261,-36.8983140090371,35.3941250024207));
#2955=CARTESIAN_POINT('Ctrl Pts',(20.750715002557,-36.9430639118103,35.5180093880012));
#2956=CARTESIAN_POINT('Ctrl Pts',(20.7122634213868,-37.0001187523099,35.7767328244236));
#2957=CARTESIAN_POINT('Ctrl Pts',(20.7039859897298,-37.0123163047549,35.909577425688));
#2958=CARTESIAN_POINT('Ctrl Pts',(20.7107471472986,-37.0023212314641,36.181552271944));
#2959=CARTESIAN_POINT('Ctrl Pts',(20.7267907285754,-36.978650282966,36.3182877132852));
#2960=CARTESIAN_POINT('Ctrl Pts',(20.7848039013545,-36.8922586288095,36.5878246198343));
#2961=CARTESIAN_POINT('Ctrl Pts',(20.8281591026195,-36.8274162364296,36.7170259621934));
#2962=CARTESIAN_POINT('Ctrl Pts',(20.9163089329922,-36.6934981054303,36.9018516511579));
#2963=CARTESIAN_POINT('Ctrl Pts',(20.9544694594406,-36.6351018019276,36.9665426426077));
#2964=CARTESIAN_POINT('Ctrl Pts',(21.0364359854145,-36.5082933192509,37.079017376194));
#2965=CARTESIAN_POINT('Ctrl Pts',(21.0799675460961,-36.4403201302471,37.1267769308457));
#2966=CARTESIAN_POINT('Ctrl Pts',(21.1254283221473,-36.3684811272493,37.1655967844287));
#2967=CARTESIAN_POINT('',(22.0255090961606,-34.8269589878851,36.796256901283));
#2968=CARTESIAN_POINT('Ctrl Pts',(21.1254283221473,-36.3684811272493,37.1655967844287));
#2969=CARTESIAN_POINT('Ctrl Pts',(21.1637637736137,-36.3079018575572,37.2146962111996));
#2970=CARTESIAN_POINT('Ctrl Pts',(21.2051745102612,-36.2418735828947,37.2570770262976));
#2971=CARTESIAN_POINT('Ctrl Pts',(21.3302057957109,-36.04019249852,37.3553429071937));
#2972=CARTESIAN_POINT('Ctrl Pts',(21.4181049068695,-35.8953489956793,37.3870987252178));
#2973=CARTESIAN_POINT('Ctrl Pts',(21.5802067920006,-35.6221984863163,37.3870987252178));
#2974=CARTESIAN_POINT('Ctrl Pts',(21.6651976545844,-35.4757158080103,37.3553696671132));
#2975=CARTESIAN_POINT('Ctrl Pts',(21.8189779714893,-35.204772619058,37.2263335750771));
#2976=CARTESIAN_POINT('Ctrl Pts',(21.8878426460967,-35.08035445985,37.129027272947));
#2977=CARTESIAN_POINT('Ctrl Pts',(21.9726701785231,-34.9250140892954,36.9521008801524));
#2978=CARTESIAN_POINT('Ctrl Pts',(22.0012392636252,-34.8721570318111,36.8777119634058));
#2979=CARTESIAN_POINT('Ctrl Pts',(22.0255090961606,-34.826958987885,36.7962569012829));
#2980=CARTESIAN_POINT('',(21.6981295571988,-35.4173742562119,34.6310434798608));
#2981=CARTESIAN_POINT('Ctrl Pts',(22.0255090961606,-34.826958987885,36.796256901283));
#2982=CARTESIAN_POINT('Ctrl Pts',(22.0701032811817,-34.7439106219563,36.6693838096751));
#2983=CARTESIAN_POINT('Ctrl Pts',(22.102758758478,-34.6820371439011,36.5259269834197));
#2984=CARTESIAN_POINT('Ctrl Pts',(22.1439425048043,-34.6037840202326,36.2196360672196));
#2985=CARTESIAN_POINT('Ctrl Pts',(22.1518733878427,-34.5885551975268,36.0584848645707));
#2986=CARTESIAN_POINT('Ctrl Pts',(22.1424582236053,-34.606535385437,35.7267093493652));
#2987=CARTESIAN_POINT('Ctrl Pts',(22.1234006117849,-34.6430219798246,35.5582281961176));
#2988=CARTESIAN_POINT('Ctrl Pts',(22.0555629621517,-34.7710604526802,35.2297058534737));
#2989=CARTESIAN_POINT('Ctrl Pts',(22.0047322744822,-34.8663330898638,35.0742073277877));
#2990=CARTESIAN_POINT('Ctrl Pts',(21.9083779411016,-35.042732511018,34.879485894974));
#2991=CARTESIAN_POINT('Ctrl Pts',(21.8733679091254,-35.1062717718991,34.8216394333226));
#2992=CARTESIAN_POINT('Ctrl Pts',(21.792849002129,-35.250691104328,34.7143443647351));
#2993=CARTESIAN_POINT('Ctrl Pts',(21.7468318633711,-35.3322718089174,34.6673037739912));
#2994=CARTESIAN_POINT('Ctrl Pts',(21.6981295571988,-35.4173742562119,34.6310434798608));
#2995=CARTESIAN_POINT('',(21.6506353181284,-35.5,34.6090053843528));
#2996=CARTESIAN_POINT('Ctrl Pts',(21.6981295571988,-35.4173742562119,34.6310434798608));
#2997=CARTESIAN_POINT('Ctrl Pts',(21.682422923684,-35.4448200397061,34.6226668577625));
#2998=CARTESIAN_POINT('Ctrl Pts',(21.6665644943902,-35.4724098573918,34.615315768244));
#2999=CARTESIAN_POINT('Ctrl Pts',(21.6506353181284,-35.5,34.609005384353));
#3000=CARTESIAN_POINT('Ctrl Pts',(21.6506353181284,-35.5,34.609005384353));
#3001=CARTESIAN_POINT('Ctrl Pts',(21.6002998654269,-35.587183561501,34.5890648661082));
#3002=CARTESIAN_POINT('Ctrl Pts',(21.549131726736,-35.6745616645647,34.5795987252176));
#3003=CARTESIAN_POINT('Ctrl Pts',(21.4002356114156,-35.9254597322155,34.5795987252176));
#3004=CARTESIAN_POINT('Ctrl Pts',(21.2925818530182,-36.1019901338607,34.618359003622));
#3005=CARTESIAN_POINT('Ctrl Pts',(21.1328404668454,-36.3572212908838,34.7430390416783));
#3006=CARTESIAN_POINT('Ctrl Pts',(21.0761992228948,-36.4462999402766,34.8021513878253));
#3007=CARTESIAN_POINT('Ctrl Pts',(21.0244532509157,-36.5267281668082,34.8710313990248));
#3008=CARTESIAN_POINT('Origin',(2.23517413466823E-7,-23.,34.1));
#3009=CARTESIAN_POINT('',(-23.4999997764826,-23.,32.6));
#3010=CARTESIAN_POINT('Origin',(-23.4999997764826,-23.,34.1));
#3011=CARTESIAN_POINT('Origin',(2.23517413466823E-7,-23.,32.6));
#3012=CARTESIAN_POINT('Origin',(2.23517413466823E-7,-23.,32.6));
#3013=CARTESIAN_POINT('Origin',(30.5335240668942,-3.65,-33.9542014405676));
#3014=CARTESIAN_POINT('',(23.9663589288416,-3.65,0.969740924799298));
#3015=CARTESIAN_POINT('Origin',(19.9663589288415,-3.65,0.969740924799298));
#3016=CARTESIAN_POINT('Origin',(6.59019359846024,-1.5,-41.9750928548518));
#3017=CARTESIAN_POINT('',(-13.6380750028352,-1.5,-17.1481284749785));
#3018=CARTESIAN_POINT('Origin',(-17.6380750028351,-1.5,-17.1481284749786));
#3019=CARTESIAN_POINT('Origin',(6.59019359846024,-1.5,-41.9750928548518));
#3020=CARTESIAN_POINT('',(-8.37362926810322,-1.5,-27.6991181173014));
#3021=CARTESIAN_POINT('Origin',(-9.87362926810322,-1.5,-27.6991181173015));
#3022=CARTESIAN_POINT('',(0.,0.,0.));
#3023=CARTESIAN_POINT('',(0.,0.,0.));
#3024=CARTESIAN_POINT('',(0.,0.,0.));
#3025=CARTESIAN_POINT('',(0.,0.,0.));
#3026=CARTESIAN_POINT('',(0.,0.,0.));
#3027=UNCERTAINTY_MEASURE_WITH_UNIT(LENGTH_MEASURE(0.01),#3041,
'DISTANCE_ACCURACY_VALUE',
'Maximum model space distance between geometric entities at asserted c
onnectivities');
#3028=UNCERTAINTY_MEASURE_WITH_UNIT(LENGTH_MEASURE(0.01),#3041,
'DISTANCE_ACCURACY_VALUE',
'Maximum model space distance between geometric entities at asserted c
onnectivities');
#3029=UNCERTAINTY_MEASURE_WITH_UNIT(LENGTH_MEASURE(0.01),#3041,
'DISTANCE_ACCURACY_VALUE',
'Maximum model space distance between geometric entities at asserted c
onnectivities');
#3030=UNCERTAINTY_MEASURE_WITH_UNIT(LENGTH_MEASURE(0.01),#3041,
'DISTANCE_ACCURACY_VALUE',
'Maximum model space distance between geometric entities at asserted c
onnectivities');
#3031=UNCERTAINTY_MEASURE_WITH_UNIT(LENGTH_MEASURE(0.01),#3041,
'DISTANCE_ACCURACY_VALUE',
'Maximum model space distance between geometric entities at asserted c
onnectivities');
#3032=UNCERTAINTY_MEASURE_WITH_UNIT(LENGTH_MEASURE(0.01),#3041,
'DISTANCE_ACCURACY_VALUE',
'Maximum model space distance between geometric entities at asserted c
onnectivities');
#3033=UNCERTAINTY_MEASURE_WITH_UNIT(LENGTH_MEASURE(0.01),#3041,
'DISTANCE_ACCURACY_VALUE',
'Maximum model space distance between geometric entities at asserted c
onnectivities');
#3034=(
GEOMETRIC_REPRESENTATION_CONTEXT(3)
GLOBAL_UNCERTAINTY_ASSIGNED_CONTEXT((#3027))
GLOBAL_UNIT_ASSIGNED_CONTEXT((#3041,#3043,#3044))
REPRESENTATION_CONTEXT('','3D')
);
#3035=(
GEOMETRIC_REPRESENTATION_CONTEXT(3)
GLOBAL_UNCERTAINTY_ASSIGNED_CONTEXT((#3028))
GLOBAL_UNIT_ASSIGNED_CONTEXT((#3041,#3043,#3044))
REPRESENTATION_CONTEXT('','3D')
);
#3036=(
GEOMETRIC_REPRESENTATION_CONTEXT(3)
GLOBAL_UNCERTAINTY_ASSIGNED_CONTEXT((#3029))
GLOBAL_UNIT_ASSIGNED_CONTEXT((#3041,#3043,#3044))
REPRESENTATION_CONTEXT('','3D')
);
#3037=(
GEOMETRIC_REPRESENTATION_CONTEXT(3)
GLOBAL_UNCERTAINTY_ASSIGNED_CONTEXT((#3030))
GLOBAL_UNIT_ASSIGNED_CONTEXT((#3041,#3043,#3044))
REPRESENTATION_CONTEXT('','3D')
);
#3038=(
GEOMETRIC_REPRESENTATION_CONTEXT(3)
GLOBAL_UNCERTAINTY_ASSIGNED_CONTEXT((#3031))
GLOBAL_UNIT_ASSIGNED_CONTEXT((#3041,#3043,#3044))
REPRESENTATION_CONTEXT('','3D')
);
#3039=(
GEOMETRIC_REPRESENTATION_CONTEXT(3)
GLOBAL_UNCERTAINTY_ASSIGNED_CONTEXT((#3032))
GLOBAL_UNIT_ASSIGNED_CONTEXT((#3041,#3043,#3044))
REPRESENTATION_CONTEXT('','3D')
);
#3040=(
GEOMETRIC_REPRESENTATION_CONTEXT(3)
GLOBAL_UNCERTAINTY_ASSIGNED_CONTEXT((#3033))
GLOBAL_UNIT_ASSIGNED_CONTEXT((#3041,#3043,#3044))
REPRESENTATION_CONTEXT('','3D')
);
#3041=(
LENGTH_UNIT()
NAMED_UNIT(*)
SI_UNIT(.MILLI.,.METRE.)
);
#3042=(
LENGTH_UNIT()
NAMED_UNIT(*)
SI_UNIT($,.METRE.)
);
#3043=(
NAMED_UNIT(*)
PLANE_ANGLE_UNIT()
SI_UNIT($,.RADIAN.)
);
#3044=(
NAMED_UNIT(*)
SI_UNIT($,.STERADIAN.)
SOLID_ANGLE_UNIT()
);
#3045=SHAPE_DEFINITION_REPRESENTATION(#3051,#3062);
#3046=SHAPE_DEFINITION_REPRESENTATION(#3052,#3063);
#3047=SHAPE_DEFINITION_REPRESENTATION(#3053,#3064);
#3048=SHAPE_DEFINITION_REPRESENTATION(#3054,#3065);
#3049=SHAPE_DEFINITION_REPRESENTATION(#3055,#3066);
#3050=SHAPE_DEFINITION_REPRESENTATION(#3056,#3067);
#3051=PRODUCT_DEFINITION_SHAPE('',$,#3069);
#3052=PRODUCT_DEFINITION_SHAPE('',$,#3070);
#3053=PRODUCT_DEFINITION_SHAPE('',$,#3071);
#3054=PRODUCT_DEFINITION_SHAPE('',$,#3072);
#3055=PRODUCT_DEFINITION_SHAPE('',$,#3073);
#3056=PRODUCT_DEFINITION_SHAPE('',$,#3074);
#3057=PRODUCT_DEFINITION_SHAPE($,$,#26);
#3058=PRODUCT_DEFINITION_SHAPE($,$,#27);
#3059=PRODUCT_DEFINITION_SHAPE($,$,#28);
#3060=PRODUCT_DEFINITION_SHAPE($,$,#29);
#3061=PRODUCT_DEFINITION_SHAPE($,$,#30);
#3062=SHAPE_REPRESENTATION('',(#1558,#1776,#1777,#1778,#1779,#1780,#1499,
#1500,#1501),#3034);
#3063=SHAPE_REPRESENTATION('',(#1559,#1494),#3035);
#3064=SHAPE_REPRESENTATION('',(#1685,#1495),#3036);
#3065=SHAPE_REPRESENTATION('',(#1693,#1496),#3037);
#3066=SHAPE_REPRESENTATION('',(#1739,#1497),#3038);
#3067=SHAPE_REPRESENTATION('',(#1756,#1498),#3039);
#3068=PRODUCT_DEFINITION_CONTEXT('part definition',#3088,'design');
#3069=PRODUCT_DEFINITION('myoelectric hand','myoelectric hand v1',#3075,
#3068);
#3070=PRODUCT_DEFINITION('Component75 (1)','Component75 (1)',#3076,#3068);
#3071=PRODUCT_DEFINITION('Component76','Component76',#3077,#3068);
#3072=PRODUCT_DEFINITION('Component77','Component77',#3078,#3068);
#3073=PRODUCT_DEFINITION('Component78','Component78',#3079,#3068);
#3074=PRODUCT_DEFINITION('Component79','Component79',#3080,#3068);
#3075=PRODUCT_DEFINITION_FORMATION('',$,#3090);
#3076=PRODUCT_DEFINITION_FORMATION('',$,#3091);
#3077=PRODUCT_DEFINITION_FORMATION('',$,#3092);
#3078=PRODUCT_DEFINITION_FORMATION('',$,#3093);
#3079=PRODUCT_DEFINITION_FORMATION('',$,#3094);
#3080=PRODUCT_DEFINITION_FORMATION('',$,#3095);
#3081=PRODUCT_RELATED_PRODUCT_CATEGORY('myoelectric hand v1',
'myoelectric hand v1',(#3090));
#3082=PRODUCT_RELATED_PRODUCT_CATEGORY('Component75 (1)',
'Component75 (1)',(#3091));
#3083=PRODUCT_RELATED_PRODUCT_CATEGORY('Component76','Component76',(#3092));
#3084=PRODUCT_RELATED_PRODUCT_CATEGORY('Component77','Component77',(#3093));
#3085=PRODUCT_RELATED_PRODUCT_CATEGORY('Component78','Component78',(#3094));
#3086=PRODUCT_RELATED_PRODUCT_CATEGORY('Component79','Component79',(#3095));
#3087=APPLICATION_PROTOCOL_DEFINITION('international standard',
'automotive_design',2009,#3088);
#3088=APPLICATION_CONTEXT(
'Core Data for Automotive Mechanical Design Process');
#3089=PRODUCT_CONTEXT('part definition',#3088,'mechanical');
#3090=PRODUCT('myoelectric hand','myoelectric hand v1',$,(#3089));
#3091=PRODUCT('Component75 (1)','Component75 (1)',$,(#3089));
#3092=PRODUCT('Component76','Component76',$,(#3089));
#3093=PRODUCT('Component77','Component77',$,(#3089));
#3094=PRODUCT('Component78','Component78',$,(#3089));
#3095=PRODUCT('Component79','Component79',$,(#3089));
#3096=PRESENTATION_STYLE_ASSIGNMENT((#3102));
#3097=PRESENTATION_STYLE_ASSIGNMENT((#3103));
#3098=PRESENTATION_STYLE_ASSIGNMENT((#3104));
#3099=PRESENTATION_STYLE_ASSIGNMENT((#3105));
#3100=PRESENTATION_STYLE_ASSIGNMENT((#3106));
#3101=PRESENTATION_STYLE_ASSIGNMENT((#3107));
#3102=SURFACE_STYLE_USAGE(.BOTH.,#3108);
#3103=SURFACE_STYLE_USAGE(.BOTH.,#3109);
#3104=SURFACE_STYLE_USAGE(.BOTH.,#3110);
#3105=SURFACE_STYLE_USAGE(.BOTH.,#3111);
#3106=SURFACE_STYLE_USAGE(.BOTH.,#3112);
#3107=SURFACE_STYLE_USAGE(.BOTH.,#3113);
#3108=SURFACE_SIDE_STYLE('',(#3114));
#3109=SURFACE_SIDE_STYLE('',(#3115));
#3110=SURFACE_SIDE_STYLE('',(#3116));
#3111=SURFACE_SIDE_STYLE('',(#3117));
#3112=SURFACE_SIDE_STYLE('',(#3118));
#3113=SURFACE_SIDE_STYLE('',(#3119));
#3114=SURFACE_STYLE_FILL_AREA(#3120);
#3115=SURFACE_STYLE_FILL_AREA(#3121);
#3116=SURFACE_STYLE_FILL_AREA(#3122);
#3117=SURFACE_STYLE_FILL_AREA(#3123);
#3118=SURFACE_STYLE_FILL_AREA(#3124);
#3119=SURFACE_STYLE_FILL_AREA(#3125);
#3120=FILL_AREA_STYLE('Steel - Satin',(#3126));
#3121=FILL_AREA_STYLE('Opaque(248,247,237)',(#3127));
#3122=FILL_AREA_STYLE('Copper - Raw',(#3128));
#3123=FILL_AREA_STYLE('Opaque(246,246,243)',(#3129));
#3124=FILL_AREA_STYLE('Copper - Patina',(#3130));
#3125=FILL_AREA_STYLE('Opaque(160,160,160)',(#3131));
#3126=FILL_AREA_STYLE_COLOUR('Steel - Satin',#3132);
#3127=FILL_AREA_STYLE_COLOUR('Opaque(248,247,237)',#3133);
#3128=FILL_AREA_STYLE_COLOUR('Copper - Raw',#3134);
#3129=FILL_AREA_STYLE_COLOUR('Opaque(246,246,243)',#3135);
#3130=FILL_AREA_STYLE_COLOUR('Copper - Patina',#3136);
#3131=FILL_AREA_STYLE_COLOUR('Opaque(160,160,160)',#3137);
#3132=COLOUR_RGB('Steel - Satin',0.627450980392157,0.627450980392157,0.627450980392157);
#3133=COLOUR_RGB('Opaque(248,247,237)',0.972549019607843,0.968627450980392,
0.929411764705882);
#3134=COLOUR_RGB('Copper - Raw',0.,0.,0.);
#3135=COLOUR_RGB('Opaque(246,246,243)',0.964705882352941,0.964705882352941,
0.952941176470588);
#3136=COLOUR_RGB('Copper - Patina',0.929411764705882,0.807843137254902,
0.764705882352941);
#3137=COLOUR_RGB('Opaque(160,160,160)',0.627450980392157,0.627450980392157,
0.627450980392157);
ENDSEC;
END-ISO-10303-21;
