ISO-10303-21;
HEADER;
FILE_DESCRIPTION(('Open CASCADE Model'),'2;1');
FILE_NAME('Open CASCADE Shape Model','2026-10-06T16:05:49',('Author'),(
    'Open CASCADE'),'Open CASCADE STEP processor 7.9','Open CASCADE 7.9'
  ,'Unknown');
FILE_SCHEMA(('AUTOMOTIVE_DESIGN { 1 0 10303 214 1 1 1 1 }'));
ENDSEC;
DATA;
#1 = APPLICATION_PROTOCOL_DEFINITION('international standard',
  'automotive_design',2000,#2);
#2 = APPLICATION_CONTEXT(
  'core data for automotive mechanical design processes');
#3 = SHAPE_DEFINITION_REPRESENTATION(#4,#10);
#4 = PRODUCT_DEFINITION_SHAPE('','',#5);
#5 = PRODUCT_DEFINITION('design','',#6,#9);
#6 = PRODUCT_DEFINITION_FORMATION('','',#7);
#7 = PRODUCT('Open CASCADE STEP translator 7.9 49',
  'Open CASCADE STEP translator 7.9 49','',(#8));
#8 = PRODUCT_CONTEXT('',#2,'mechanical');
#9 = PRODUCT_DEFINITION_CONTEXT('part definition',#2,'design');
#10 = ADVANCED_BREP_SHAPE_REPRESENTATION('',(#11,#15),#2647);
#11 = AXIS2_PLACEMENT_3D('',#12,#13,#14);
#12 = CARTESIAN_POINT('',(0.,0.,0.));
#13 = DIRECTION('',(0.,0.,1.));
#14 = DIRECTION('',(1.,0.,-0.));
#15 = MANIFOLD_SOLID_BREP('',#16);
#16 = CLOSED_SHELL('',(#17,#167,#243,#773,#832,#883,#942,#993,#1066,
    #1119,#1162,#1243,#1328,#1722,#2067,#2110,#2183,#2236,#2272,#2299,
    #2315,#2342,#2369,#2445,#2541,#2575,#2606,#2638));
#17 = ADVANCED_FACE('',(#18),#32,.F.);
#18 = FACE_BOUND('',#19,.F.);
#19 = EDGE_LOOP('',(#20,#55,#83,#111,#137));
#20 = ORIENTED_EDGE('',*,*,#21,.F.);
#21 = EDGE_CURVE('',#22,#24,#26,.T.);
#22 = VERTEX_POINT('',#23);
#23 = CARTESIAN_POINT('',(20.,-45.,120.));
#24 = VERTEX_POINT('',#25);
#25 = CARTESIAN_POINT('',(20.,-43.56096115697,120.));
#26 = SURFACE_CURVE('',#27,(#31,#43),.PCURVE_S1.);
#27 = LINE('',#28,#29);
#28 = CARTESIAN_POINT('',(20.,-45.,120.));
#29 = VECTOR('',#30,1.);
#30 = DIRECTION('',(0.,1.,0.));
#31 = PCURVE('',#32,#37);
#32 = PLANE('',#33);
#33 = AXIS2_PLACEMENT_3D('',#34,#35,#36);
#34 = CARTESIAN_POINT('',(20.,-45.,50.));
#35 = DIRECTION('',(1.,0.,0.));
#36 = DIRECTION('',(0.,0.,1.));
#37 = DEFINITIONAL_REPRESENTATION('',(#38),#42);
#38 = LINE('',#39,#40);
#39 = CARTESIAN_POINT('',(70.,0.));
#40 = VECTOR('',#41,1.);
#41 = DIRECTION('',(0.,-1.));
#42 = ( GEOMETRIC_REPRESENTATION_CONTEXT(2) 
PARAMETRIC_REPRESENTATION_CONTEXT() REPRESENTATION_CONTEXT('2D SPACE',''
  ) );
#43 = PCURVE('',#44,#49);
#44 = PLANE('',#45);
#45 = AXIS2_PLACEMENT_3D('',#46,#47,#48);
#46 = CARTESIAN_POINT('',(20.,-45.,120.));
#47 = DIRECTION('',(0.,0.,1.));
#48 = DIRECTION('',(1.,0.,0.));
#49 = DEFINITIONAL_REPRESENTATION('',(#50),#54);
#50 = LINE('',#51,#52);
#51 = CARTESIAN_POINT('',(0.,0.));
#52 = VECTOR('',#53,1.);
#53 = DIRECTION('',(0.,1.));
#54 = ( GEOMETRIC_REPRESENTATION_CONTEXT(2) 
PARAMETRIC_REPRESENTATION_CONTEXT() REPRESENTATION_CONTEXT('2D SPACE',''
  ) );
#55 = ORIENTED_EDGE('',*,*,#56,.F.);
#56 = EDGE_CURVE('',#57,#22,#59,.T.);
#57 = VERTEX_POINT('',#58);
#58 = CARTESIAN_POINT('',(20.,-45.,50.));
#59 = SURFACE_CURVE('',#60,(#64,#71),.PCURVE_S1.);
#60 = LINE('',#61,#62);
#61 = CARTESIAN_POINT('',(20.,-45.,50.));
#62 = VECTOR('',#63,1.);
#63 = DIRECTION('',(0.,0.,1.));
#64 = PCURVE('',#32,#65);
#65 = DEFINITIONAL_REPRESENTATION('',(#66),#70);
#66 = LINE('',#67,#68);
#67 = CARTESIAN_POINT('',(0.,0.));
#68 = VECTOR('',#69,1.);
#69 = DIRECTION('',(1.,0.));
#70 = ( GEOMETRIC_REPRESENTATION_CONTEXT(2) 
PARAMETRIC_REPRESENTATION_CONTEXT() REPRESENTATION_CONTEXT('2D SPACE',''
  ) );
#71 = PCURVE('',#72,#77);
#72 = PLANE('',#73);
#73 = AXIS2_PLACEMENT_3D('',#74,#75,#76);
#74 = CARTESIAN_POINT('',(20.,-45.,50.));
#75 = DIRECTION('',(0.,1.,0.));
#76 = DIRECTION('',(0.,0.,1.));
#77 = DEFINITIONAL_REPRESENTATION('',(#78),#82);
#78 = LINE('',#79,#80);
#79 = CARTESIAN_POINT('',(0.,0.));
#80 = VECTOR('',#81,1.);
#81 = DIRECTION('',(1.,0.));
#82 = ( GEOMETRIC_REPRESENTATION_CONTEXT(2) 
PARAMETRIC_REPRESENTATION_CONTEXT() REPRESENTATION_CONTEXT('2D SPACE',''
  ) );
#83 = ORIENTED_EDGE('',*,*,#84,.T.);
#84 = EDGE_CURVE('',#57,#85,#87,.T.);
#85 = VERTEX_POINT('',#86);
#86 = CARTESIAN_POINT('',(20.,-41.87458608817,50.));
#87 = SURFACE_CURVE('',#88,(#92,#99),.PCURVE_S1.);
#88 = LINE('',#89,#90);
#89 = CARTESIAN_POINT('',(20.,-45.,50.));
#90 = VECTOR('',#91,1.);
#91 = DIRECTION('',(0.,1.,0.));
#92 = PCURVE('',#32,#93);
#93 = DEFINITIONAL_REPRESENTATION('',(#94),#98);
#94 = LINE('',#95,#96);
#95 = CARTESIAN_POINT('',(0.,0.));
#96 = VECTOR('',#97,1.);
#97 = DIRECTION('',(0.,-1.));
#98 = ( GEOMETRIC_REPRESENTATION_CONTEXT(2) 
PARAMETRIC_REPRESENTATION_CONTEXT() REPRESENTATION_CONTEXT('2D SPACE',''
  ) );
#99 = PCURVE('',#100,#105);
#100 = PLANE('',#101);
#101 = AXIS2_PLACEMENT_3D('',#102,#103,#104);
#102 = CARTESIAN_POINT('',(20.,-45.,50.));
#103 = DIRECTION('',(0.,0.,1.));
#104 = DIRECTION('',(1.,0.,0.));
#105 = DEFINITIONAL_REPRESENTATION('',(#106),#110);
#106 = LINE('',#107,#108);
#107 = CARTESIAN_POINT('',(0.,0.));
#108 = VECTOR('',#109,1.);
#109 = DIRECTION('',(0.,1.));
#110 = ( GEOMETRIC_REPRESENTATION_CONTEXT(2) 
PARAMETRIC_REPRESENTATION_CONTEXT() REPRESENTATION_CONTEXT('2D SPACE',''
  ) );
#111 = ORIENTED_EDGE('',*,*,#112,.T.);
#112 = EDGE_CURVE('',#85,#113,#115,.T.);
#113 = VERTEX_POINT('',#114);
#114 = CARTESIAN_POINT('',(20.,-41.87458608817,112.));
#115 = SURFACE_CURVE('',#116,(#120,#126),.PCURVE_S1.);
#116 = LINE('',#117,#118);
#117 = CARTESIAN_POINT('',(20.,-41.87458608817,47.3));
#118 = VECTOR('',#119,1.);
#119 = DIRECTION('',(0.,0.,1.));
#120 = PCURVE('',#32,#121);
#121 = DEFINITIONAL_REPRESENTATION('',(#122),#125);
#122 = B_SPLINE_CURVE_WITH_KNOTS('',1,(#123,#124),.UNSPECIFIED.,.F.,.F.,
  (2,2),(-5.999999999062E-07,64.7000006),.PIECEWISE_BEZIER_KNOTS.);
#123 = CARTESIAN_POINT('',(-2.7000006,-3.125413911823));
#124 = CARTESIAN_POINT('',(62.0000006,-3.125413911823));
#125 = ( GEOMETRIC_REPRESENTATION_CONTEXT(2) 
PARAMETRIC_REPRESENTATION_CONTEXT() REPRESENTATION_CONTEXT('2D SPACE',''
  ) );
#126 = PCURVE('',#127,#132);
#127 = CYLINDRICAL_SURFACE('',#128,27.5);
#128 = AXIS2_PLACEMENT_3D('',#129,#130,#131);
#129 = CARTESIAN_POINT('',(0.,-23.,47.3));
#130 = DIRECTION('',(0.,0.,1.));
#131 = DIRECTION('',(1.,0.,-0.));
#132 = DEFINITIONAL_REPRESENTATION('',(#133),#136);
#133 = B_SPLINE_CURVE_WITH_KNOTS('',1,(#134,#135),.UNSPECIFIED.,.F.,.F.,
  (2,2),(2.7,64.7),.PIECEWISE_BEZIER_KNOTS.);
#134 = CARTESIAN_POINT('',(5.526728922511,2.7));
#135 = CARTESIAN_POINT('',(5.526728922511,64.7));
#136 = ( GEOMETRIC_REPRESENTATION_CONTEXT(2) 
PARAMETRIC_REPRESENTATION_CONTEXT() REPRESENTATION_CONTEXT('2D SPACE',''
  ) );
#137 = ORIENTED_EDGE('',*,*,#138,.T.);
#138 = EDGE_CURVE('',#113,#24,#139,.T.);
#139 = SURFACE_CURVE('',#140,(#145,#152),.PCURVE_S1.);
#140 = HYPERBOLA('',#141,135.1724137931,20.);
#141 = AXIS2_PLACEMENT_3D('',#142,#143,#144);
#142 = CARTESIAN_POINT('',(20.,-23.,-73.86206896551));
#143 = DIRECTION('',(1.,0.,0.));
#144 = DIRECTION('',(-0.,0.,1.));
#145 = PCURVE('',#32,#146);
#146 = DEFINITIONAL_REPRESENTATION('',(#147),#151);
#147 = ( BOUNDED_CURVE() B_SPLINE_CURVE(2,(#148,#149,#150),
.UNSPECIFIED.,.F.,.F.) B_SPLINE_CURVE_WITH_KNOTS((3,3),(0.841019322011,
0.94976716911),.PIECEWISE_BEZIER_KNOTS.) CURVE() 
GEOMETRIC_REPRESENTATION_ITEM() RATIONAL_B_SPLINE_CURVE((1.,
1.001478626027,1.)) REPRESENTATION_ITEM('') );
#148 = CARTESIAN_POINT('',(62.,-3.125413911823));
#149 = CARTESIAN_POINT('',(68.929445391499,-1.631602886629));
#150 = CARTESIAN_POINT('',(77.,-1.723382878966E-02));
#151 = ( GEOMETRIC_REPRESENTATION_CONTEXT(2) 
PARAMETRIC_REPRESENTATION_CONTEXT() REPRESENTATION_CONTEXT('2D SPACE',''
  ) );
#152 = PCURVE('',#153,#158);
#153 = CONICAL_SURFACE('',#154,27.5,0.146893444148);
#154 = AXIS2_PLACEMENT_3D('',#155,#156,#157);
#155 = CARTESIAN_POINT('',(0.,-23.,112.));
#156 = DIRECTION('',(0.,0.,1.));
#157 = DIRECTION('',(1.,0.,-0.));
#158 = DEFINITIONAL_REPRESENTATION('',(#159),#166);
#159 = B_SPLINE_CURVE_WITH_KNOTS('',5,(#160,#161,#162,#163,#164,#165),
  .UNSPECIFIED.,.F.,.F.,(6,6),(0.841019322011,0.901068146533),
  .PIECEWISE_BEZIER_KNOTS.);
#160 = CARTESIAN_POINT('',(5.526728922511,0.));
#161 = CARTESIAN_POINT('',(5.517994548035,1.532039687949));
#162 = CARTESIAN_POINT('',(5.509350169111,3.097589015276));
#163 = CARTESIAN_POINT('',(5.500795937597,4.697108352872));
#164 = CARTESIAN_POINT('',(5.492331887722,6.331078183864));
#165 = CARTESIAN_POINT('',(5.483957949901,8.000000000771));
#166 = ( GEOMETRIC_REPRESENTATION_CONTEXT(2) 
PARAMETRIC_REPRESENTATION_CONTEXT() REPRESENTATION_CONTEXT('2D SPACE',''
  ) );
#167 = ADVANCED_FACE('',(#168),#72,.F.);
#168 = FACE_BOUND('',#169,.F.);
#169 = EDGE_LOOP('',(#170,#193,#194,#217));
#170 = ORIENTED_EDGE('',*,*,#171,.F.);
#171 = EDGE_CURVE('',#57,#172,#174,.T.);
#172 = VERTEX_POINT('',#173);
#173 = CARTESIAN_POINT('',(52.,-45.,50.));
#174 = SURFACE_CURVE('',#175,(#179,#186),.PCURVE_S1.);
#175 = LINE('',#176,#177);
#176 = CARTESIAN_POINT('',(20.,-45.,50.));
#177 = VECTOR('',#178,1.);
#178 = DIRECTION('',(1.,0.,0.));
#179 = PCURVE('',#72,#180);
#180 = DEFINITIONAL_REPRESENTATION('',(#181),#185);
#181 = LINE('',#182,#183);
#182 = CARTESIAN_POINT('',(0.,0.));
#183 = VECTOR('',#184,1.);
#184 = DIRECTION('',(0.,1.));
#185 = ( GEOMETRIC_REPRESENTATION_CONTEXT(2) 
PARAMETRIC_REPRESENTATION_CONTEXT() REPRESENTATION_CONTEXT('2D SPACE',''
  ) );
#186 = PCURVE('',#100,#187);
#187 = DEFINITIONAL_REPRESENTATION('',(#188),#192);
#188 = LINE('',#189,#190);
#189 = CARTESIAN_POINT('',(0.,0.));
#190 = VECTOR('',#191,1.);
#191 = DIRECTION('',(1.,0.));
#192 = ( GEOMETRIC_REPRESENTATION_CONTEXT(2) 
PARAMETRIC_REPRESENTATION_CONTEXT() REPRESENTATION_CONTEXT('2D SPACE',''
  ) );
#193 = ORIENTED_EDGE('',*,*,#56,.T.);
#194 = ORIENTED_EDGE('',*,*,#195,.T.);
#195 = EDGE_CURVE('',#22,#196,#198,.T.);
#196 = VERTEX_POINT('',#197);
#197 = CARTESIAN_POINT('',(52.,-45.,120.));
#198 = SURFACE_CURVE('',#199,(#203,#210),.PCURVE_S1.);
#199 = LINE('',#200,#201);
#200 = CARTESIAN_POINT('',(20.,-45.,120.));
#201 = VECTOR('',#202,1.);
#202 = DIRECTION('',(1.,0.,0.));
#203 = PCURVE('',#72,#204);
#204 = DEFINITIONAL_REPRESENTATION('',(#205),#209);
#205 = LINE('',#206,#207);
#206 = CARTESIAN_POINT('',(70.,0.));
#207 = VECTOR('',#208,1.);
#208 = DIRECTION('',(0.,1.));
#209 = ( GEOMETRIC_REPRESENTATION_CONTEXT(2) 
PARAMETRIC_REPRESENTATION_CONTEXT() REPRESENTATION_CONTEXT('2D SPACE',''
  ) );
#210 = PCURVE('',#44,#211);
#211 = DEFINITIONAL_REPRESENTATION('',(#212),#216);
#212 = LINE('',#213,#214);
#213 = CARTESIAN_POINT('',(0.,0.));
#214 = VECTOR('',#215,1.);
#215 = DIRECTION('',(1.,0.));
#216 = ( GEOMETRIC_REPRESENTATION_CONTEXT(2) 
PARAMETRIC_REPRESENTATION_CONTEXT() REPRESENTATION_CONTEXT('2D SPACE',''
  ) );
#217 = ORIENTED_EDGE('',*,*,#218,.F.);
#218 = EDGE_CURVE('',#172,#196,#219,.T.);
#219 = SURFACE_CURVE('',#220,(#224,#231),.PCURVE_S1.);
#220 = LINE('',#221,#222);
#221 = CARTESIAN_POINT('',(52.,-45.,50.));
#222 = VECTOR('',#223,1.);
#223 = DIRECTION('',(0.,0.,1.));
#224 = PCURVE('',#72,#225);
#225 = DEFINITIONAL_REPRESENTATION('',(#226),#230);
#226 = LINE('',#227,#228);
#227 = CARTESIAN_POINT('',(0.,32.));
#228 = VECTOR('',#229,1.);
#229 = DIRECTION('',(1.,0.));
#230 = ( GEOMETRIC_REPRESENTATION_CONTEXT(2) 
PARAMETRIC_REPRESENTATION_CONTEXT() REPRESENTATION_CONTEXT('2D SPACE',''
  ) );
#231 = PCURVE('',#232,#237);
#232 = PLANE('',#233);
#233 = AXIS2_PLACEMENT_3D('',#234,#235,#236);
#234 = CARTESIAN_POINT('',(52.,-45.,50.));
#235 = DIRECTION('',(1.,0.,0.));
#236 = DIRECTION('',(0.,0.,1.));
#237 = DEFINITIONAL_REPRESENTATION('',(#238),#242);
#238 = LINE('',#239,#240);
#239 = CARTESIAN_POINT('',(0.,0.));
#240 = VECTOR('',#241,1.);
#241 = DIRECTION('',(1.,0.));
#242 = ( GEOMETRIC_REPRESENTATION_CONTEXT(2) 
PARAMETRIC_REPRESENTATION_CONTEXT() REPRESENTATION_CONTEXT('2D SPACE',''
  ) );
#243 = ADVANCED_FACE('',(#244,#319,#354,#389,#703,#738),#232,.T.);
#244 = FACE_BOUND('',#245,.T.);
#245 = EDGE_LOOP('',(#246,#247,#270,#298));
#246 = ORIENTED_EDGE('',*,*,#218,.F.);
#247 = ORIENTED_EDGE('',*,*,#248,.T.);
#248 = EDGE_CURVE('',#172,#249,#251,.T.);
#249 = VERTEX_POINT('',#250);
#250 = CARTESIAN_POINT('',(52.,-1.,50.));
#251 = SURFACE_CURVE('',#252,(#256,#263),.PCURVE_S1.);
#252 = LINE('',#253,#254);
#253 = CARTESIAN_POINT('',(52.,-45.,50.));
#254 = VECTOR('',#255,1.);
#255 = DIRECTION('',(0.,1.,0.));
#256 = PCURVE('',#232,#257);
#257 = DEFINITIONAL_REPRESENTATION('',(#258),#262);
#258 = LINE('',#259,#260);
#259 = CARTESIAN_POINT('',(0.,0.));
#260 = VECTOR('',#261,1.);
#261 = DIRECTION('',(0.,-1.));
#262 = ( GEOMETRIC_REPRESENTATION_CONTEXT(2) 
PARAMETRIC_REPRESENTATION_CONTEXT() REPRESENTATION_CONTEXT('2D SPACE',''
  ) );
#263 = PCURVE('',#100,#264);
#264 = DEFINITIONAL_REPRESENTATION('',(#265),#269);
#265 = LINE('',#266,#267);
#266 = CARTESIAN_POINT('',(32.,0.));
#267 = VECTOR('',#268,1.);
#268 = DIRECTION('',(0.,1.));
#269 = ( GEOMETRIC_REPRESENTATION_CONTEXT(2) 
PARAMETRIC_REPRESENTATION_CONTEXT() REPRESENTATION_CONTEXT('2D SPACE',''
  ) );
#270 = ORIENTED_EDGE('',*,*,#271,.T.);
#271 = EDGE_CURVE('',#249,#272,#274,.T.);
#272 = VERTEX_POINT('',#273);
#273 = CARTESIAN_POINT('',(52.,-1.,120.));
#274 = SURFACE_CURVE('',#275,(#279,#286),.PCURVE_S1.);
#275 = LINE('',#276,#277);
#276 = CARTESIAN_POINT('',(52.,-1.,50.));
#277 = VECTOR('',#278,1.);
#278 = DIRECTION('',(0.,0.,1.));
#279 = PCURVE('',#232,#280);
#280 = DEFINITIONAL_REPRESENTATION('',(#281),#285);
#281 = LINE('',#282,#283);
#282 = CARTESIAN_POINT('',(0.,-44.));
#283 = VECTOR('',#284,1.);
#284 = DIRECTION('',(1.,0.));
#285 = ( GEOMETRIC_REPRESENTATION_CONTEXT(2) 
PARAMETRIC_REPRESENTATION_CONTEXT() REPRESENTATION_CONTEXT('2D SPACE',''
  ) );
#286 = PCURVE('',#287,#292);
#287 = PLANE('',#288);
#288 = AXIS2_PLACEMENT_3D('',#289,#290,#291);
#289 = CARTESIAN_POINT('',(20.,-1.,50.));
#290 = DIRECTION('',(0.,1.,0.));
#291 = DIRECTION('',(0.,0.,1.));
#292 = DEFINITIONAL_REPRESENTATION('',(#293),#297);
#293 = LINE('',#294,#295);
#294 = CARTESIAN_POINT('',(0.,32.));
#295 = VECTOR('',#296,1.);
#296 = DIRECTION('',(1.,0.));
#297 = ( GEOMETRIC_REPRESENTATION_CONTEXT(2) 
PARAMETRIC_REPRESENTATION_CONTEXT() REPRESENTATION_CONTEXT('2D SPACE',''
  ) );
#298 = ORIENTED_EDGE('',*,*,#299,.F.);
#299 = EDGE_CURVE('',#196,#272,#300,.T.);
#300 = SURFACE_CURVE('',#301,(#305,#312),.PCURVE_S1.);
#301 = LINE('',#302,#303);
#302 = CARTESIAN_POINT('',(52.,-45.,120.));
#303 = VECTOR('',#304,1.);
#304 = DIRECTION('',(0.,1.,0.));
#305 = PCURVE('',#232,#306);
#306 = DEFINITIONAL_REPRESENTATION('',(#307),#311);
#307 = LINE('',#308,#309);
#308 = CARTESIAN_POINT('',(70.,0.));
#309 = VECTOR('',#310,1.);
#310 = DIRECTION('',(0.,-1.));
#311 = ( GEOMETRIC_REPRESENTATION_CONTEXT(2) 
PARAMETRIC_REPRESENTATION_CONTEXT() REPRESENTATION_CONTEXT('2D SPACE',''
  ) );
#312 = PCURVE('',#44,#313);
#313 = DEFINITIONAL_REPRESENTATION('',(#314),#318);
#314 = LINE('',#315,#316);
#315 = CARTESIAN_POINT('',(32.,0.));
#316 = VECTOR('',#317,1.);
#317 = DIRECTION('',(0.,1.));
#318 = ( GEOMETRIC_REPRESENTATION_CONTEXT(2) 
PARAMETRIC_REPRESENTATION_CONTEXT() REPRESENTATION_CONTEXT('2D SPACE',''
  ) );
#319 = FACE_BOUND('',#320,.T.);
#320 = EDGE_LOOP('',(#321));
#321 = ORIENTED_EDGE('',*,*,#322,.T.);
#322 = EDGE_CURVE('',#323,#323,#325,.T.);
#323 = VERTEX_POINT('',#324);
#324 = CARTESIAN_POINT('',(52.,-4.9,56.));
#325 = SURFACE_CURVE('',#326,(#331,#342),.PCURVE_S1.);
#326 = CIRCLE('',#327,1.1);
#327 = AXIS2_PLACEMENT_3D('',#328,#329,#330);
#328 = CARTESIAN_POINT('',(52.,-6.,56.));
#329 = DIRECTION('',(-1.,0.,0.));
#330 = DIRECTION('',(0.,1.,0.));
#331 = PCURVE('',#232,#332);
#332 = DEFINITIONAL_REPRESENTATION('',(#333),#341);
#333 = ( BOUNDED_CURVE() B_SPLINE_CURVE(2,(#334,#335,#336,#337,#338,#339
,#340),.UNSPECIFIED.,.T.,.F.) B_SPLINE_CURVE_WITH_KNOTS((1,2,2,2,2,1),(
    -2.094395102393,0.,2.094395102393,4.188790204786,6.28318530718,
8.377580409573),.UNSPECIFIED.) CURVE() GEOMETRIC_REPRESENTATION_ITEM() 
RATIONAL_B_SPLINE_CURVE((1.,0.5,1.,0.5,1.,0.5,1.)) REPRESENTATION_ITEM(
  '') );
#334 = CARTESIAN_POINT('',(6.,-40.1));
#335 = CARTESIAN_POINT('',(4.094744111674,-40.1));
#336 = CARTESIAN_POINT('',(5.047372055837,-38.45));
#337 = CARTESIAN_POINT('',(6.,-36.8));
#338 = CARTESIAN_POINT('',(6.952627944163,-38.45));
#339 = CARTESIAN_POINT('',(7.905255888326,-40.1));
#340 = CARTESIAN_POINT('',(6.,-40.1));
#341 = ( GEOMETRIC_REPRESENTATION_CONTEXT(2) 
PARAMETRIC_REPRESENTATION_CONTEXT() REPRESENTATION_CONTEXT('2D SPACE',''
  ) );
#342 = PCURVE('',#343,#348);
#343 = CYLINDRICAL_SURFACE('',#344,1.1);
#344 = AXIS2_PLACEMENT_3D('',#345,#346,#347);
#345 = CARTESIAN_POINT('',(40.,-6.,56.));
#346 = DIRECTION('',(-1.,-0.,-0.));
#347 = DIRECTION('',(0.,1.,0.));
#348 = DEFINITIONAL_REPRESENTATION('',(#349),#353);
#349 = LINE('',#350,#351);
#350 = CARTESIAN_POINT('',(-6.28318530718,-12.));
#351 = VECTOR('',#352,1.);
#352 = DIRECTION('',(1.,-0.));
#353 = ( GEOMETRIC_REPRESENTATION_CONTEXT(2) 
PARAMETRIC_REPRESENTATION_CONTEXT() REPRESENTATION_CONTEXT('2D SPACE',''
  ) );
#354 = FACE_BOUND('',#355,.T.);
#355 = EDGE_LOOP('',(#356));
#356 = ORIENTED_EDGE('',*,*,#357,.T.);
#357 = EDGE_CURVE('',#358,#358,#360,.T.);
#358 = VERTEX_POINT('',#359);
#359 = CARTESIAN_POINT('',(52.,-38.9,56.));
#360 = SURFACE_CURVE('',#361,(#366,#377),.PCURVE_S1.);
#361 = CIRCLE('',#362,1.1);
#362 = AXIS2_PLACEMENT_3D('',#363,#364,#365);
#363 = CARTESIAN_POINT('',(52.,-40.,56.));
#364 = DIRECTION('',(-1.,0.,0.));
#365 = DIRECTION('',(0.,1.,0.));
#366 = PCURVE('',#232,#367);
#367 = DEFINITIONAL_REPRESENTATION('',(#368),#376);
#368 = ( BOUNDED_CURVE() B_SPLINE_CURVE(2,(#369,#370,#371,#372,#373,#374
,#375),.UNSPECIFIED.,.T.,.F.) B_SPLINE_CURVE_WITH_KNOTS((1,2,2,2,2,1),(
    -2.094395102393,0.,2.094395102393,4.188790204786,6.28318530718,
8.377580409573),.UNSPECIFIED.) CURVE() GEOMETRIC_REPRESENTATION_ITEM() 
RATIONAL_B_SPLINE_CURVE((1.,0.5,1.,0.5,1.,0.5,1.)) REPRESENTATION_ITEM(
  '') );
#369 = CARTESIAN_POINT('',(6.,-6.1));
#370 = CARTESIAN_POINT('',(4.094744111674,-6.1));
#371 = CARTESIAN_POINT('',(5.047372055837,-4.45));
#372 = CARTESIAN_POINT('',(6.,-2.8));
#373 = CARTESIAN_POINT('',(6.952627944163,-4.45));
#374 = CARTESIAN_POINT('',(7.905255888326,-6.1));
#375 = CARTESIAN_POINT('',(6.,-6.1));
#376 = ( GEOMETRIC_REPRESENTATION_CONTEXT(2) 
PARAMETRIC_REPRESENTATION_CONTEXT() REPRESENTATION_CONTEXT('2D SPACE',''
  ) );
#377 = PCURVE('',#378,#383);
#378 = CYLINDRICAL_SURFACE('',#379,1.1);
#379 = AXIS2_PLACEMENT_3D('',#380,#381,#382);
#380 = CARTESIAN_POINT('',(40.,-40.,56.));
#381 = DIRECTION('',(-1.,-0.,-0.));
#382 = DIRECTION('',(0.,1.,0.));
#383 = DEFINITIONAL_REPRESENTATION('',(#384),#388);
#384 = LINE('',#385,#386);
#385 = CARTESIAN_POINT('',(-6.28318530718,-12.));
#386 = VECTOR('',#387,1.);
#387 = DIRECTION('',(1.,-0.));
#388 = ( GEOMETRIC_REPRESENTATION_CONTEXT(2) 
PARAMETRIC_REPRESENTATION_CONTEXT() REPRESENTATION_CONTEXT('2D SPACE',''
  ) );
#389 = FACE_BOUND('',#390,.T.);
#390 = EDGE_LOOP('',(#391,#420,#447,#474,#503,#525,#554,#576,#603,#625,
    #654,#676));
#391 = ORIENTED_EDGE('',*,*,#392,.F.);
#392 = EDGE_CURVE('',#393,#395,#397,.T.);
#393 = VERTEX_POINT('',#394);
#394 = CARTESIAN_POINT('',(52.,-3.,52.));
#395 = VERTEX_POINT('',#396);
#396 = CARTESIAN_POINT('',(52.,-3.,54.197224362268));
#397 = SURFACE_CURVE('',#398,(#402,#409),.PCURVE_S1.);
#398 = LINE('',#399,#400);
#399 = CARTESIAN_POINT('',(52.,-3.,51.));
#400 = VECTOR('',#401,1.);
#401 = DIRECTION('',(0.,0.,1.));
#402 = PCURVE('',#232,#403);
#403 = DEFINITIONAL_REPRESENTATION('',(#404),#408);
#404 = LINE('',#405,#406);
#405 = CARTESIAN_POINT('',(1.,-42.));
#406 = VECTOR('',#407,1.);
#407 = DIRECTION('',(1.,0.));
#408 = ( GEOMETRIC_REPRESENTATION_CONTEXT(2) 
PARAMETRIC_REPRESENTATION_CONTEXT() REPRESENTATION_CONTEXT('2D SPACE',''
  ) );
#409 = PCURVE('',#410,#415);
#410 = PLANE('',#411);
#411 = AXIS2_PLACEMENT_3D('',#412,#413,#414);
#412 = CARTESIAN_POINT('',(20.,-3.,52.));
#413 = DIRECTION('',(0.,1.,0.));
#414 = DIRECTION('',(0.,0.,1.));
#415 = DEFINITIONAL_REPRESENTATION('',(#416),#419);
#416 = B_SPLINE_CURVE_WITH_KNOTS('',1,(#417,#418),.UNSPECIFIED.,.F.,.F.,
  (2,2),(1.,67.),.PIECEWISE_BEZIER_KNOTS.);
#417 = CARTESIAN_POINT('',(0.,32.));
#418 = CARTESIAN_POINT('',(66.,32.));
#419 = ( GEOMETRIC_REPRESENTATION_CONTEXT(2) 
PARAMETRIC_REPRESENTATION_CONTEXT() REPRESENTATION_CONTEXT('2D SPACE',''
  ) );
#420 = ORIENTED_EDGE('',*,*,#421,.T.);
#421 = EDGE_CURVE('',#393,#422,#424,.T.);
#422 = VERTEX_POINT('',#423);
#423 = CARTESIAN_POINT('',(52.,-43.,52.));
#424 = SURFACE_CURVE('',#425,(#429,#436),.PCURVE_S1.);
#425 = LINE('',#426,#427);
#426 = CARTESIAN_POINT('',(52.,-44.,52.));
#427 = VECTOR('',#428,1.);
#428 = DIRECTION('',(0.,-1.,0.));
#429 = PCURVE('',#232,#430);
#430 = DEFINITIONAL_REPRESENTATION('',(#431),#435);
#431 = LINE('',#432,#433);
#432 = CARTESIAN_POINT('',(2.,-1.));
#433 = VECTOR('',#434,1.);
#434 = DIRECTION('',(0.,1.));
#435 = ( GEOMETRIC_REPRESENTATION_CONTEXT(2) 
PARAMETRIC_REPRESENTATION_CONTEXT() REPRESENTATION_CONTEXT('2D SPACE',''
  ) );
#436 = PCURVE('',#437,#442);
#437 = PLANE('',#438);
#438 = AXIS2_PLACEMENT_3D('',#439,#440,#441);
#439 = CARTESIAN_POINT('',(20.,-43.,52.));
#440 = DIRECTION('',(0.,0.,1.));
#441 = DIRECTION('',(1.,0.,0.));
#442 = DEFINITIONAL_REPRESENTATION('',(#443),#446);
#443 = B_SPLINE_CURVE_WITH_KNOTS('',1,(#444,#445),.UNSPECIFIED.,.F.,.F.,
  (2,2),(-41.,-1.),.PIECEWISE_BEZIER_KNOTS.);
#444 = CARTESIAN_POINT('',(32.,40.));
#445 = CARTESIAN_POINT('',(32.,0.));
#446 = ( GEOMETRIC_REPRESENTATION_CONTEXT(2) 
PARAMETRIC_REPRESENTATION_CONTEXT() REPRESENTATION_CONTEXT('2D SPACE',''
  ) );
#447 = ORIENTED_EDGE('',*,*,#448,.T.);
#448 = EDGE_CURVE('',#422,#449,#451,.T.);
#449 = VERTEX_POINT('',#450);
#450 = CARTESIAN_POINT('',(52.,-43.,54.197224362268));
#451 = SURFACE_CURVE('',#452,(#456,#463),.PCURVE_S1.);
#452 = LINE('',#453,#454);
#453 = CARTESIAN_POINT('',(52.,-43.,51.));
#454 = VECTOR('',#455,1.);
#455 = DIRECTION('',(0.,0.,1.));
#456 = PCURVE('',#232,#457);
#457 = DEFINITIONAL_REPRESENTATION('',(#458),#462);
#458 = LINE('',#459,#460);
#459 = CARTESIAN_POINT('',(1.,-2.));
#460 = VECTOR('',#461,1.);
#461 = DIRECTION('',(1.,0.));
#462 = ( GEOMETRIC_REPRESENTATION_CONTEXT(2) 
PARAMETRIC_REPRESENTATION_CONTEXT() REPRESENTATION_CONTEXT('2D SPACE',''
  ) );
#463 = PCURVE('',#464,#469);
#464 = PLANE('',#465);
#465 = AXIS2_PLACEMENT_3D('',#466,#467,#468);
#466 = CARTESIAN_POINT('',(20.,-43.,52.));
#467 = DIRECTION('',(0.,1.,0.));
#468 = DIRECTION('',(0.,0.,1.));
#469 = DEFINITIONAL_REPRESENTATION('',(#470),#473);
#470 = B_SPLINE_CURVE_WITH_KNOTS('',1,(#471,#472),.UNSPECIFIED.,.F.,.F.,
  (2,2),(1.,67.),.PIECEWISE_BEZIER_KNOTS.);
#471 = CARTESIAN_POINT('',(0.,32.));
#472 = CARTESIAN_POINT('',(66.,32.));
#473 = ( GEOMETRIC_REPRESENTATION_CONTEXT(2) 
PARAMETRIC_REPRESENTATION_CONTEXT() REPRESENTATION_CONTEXT('2D SPACE',''
  ) );
#474 = ORIENTED_EDGE('',*,*,#475,.T.);
#475 = EDGE_CURVE('',#449,#476,#478,.T.);
#476 = VERTEX_POINT('',#477);
#477 = CARTESIAN_POINT('',(52.,-43.,57.802775637732));
#478 = SURFACE_CURVE('',#479,(#484,#491),.PCURVE_S1.);
#479 = CIRCLE('',#480,3.5);
#480 = AXIS2_PLACEMENT_3D('',#481,#482,#483);
#481 = CARTESIAN_POINT('',(52.,-40.,56.));
#482 = DIRECTION('',(1.,0.,0.));
#483 = DIRECTION('',(0.,-0.857142857143,-0.515078753638));
#484 = PCURVE('',#232,#485);
#485 = DEFINITIONAL_REPRESENTATION('',(#486),#490);
#486 = CIRCLE('',#487,3.5);
#487 = AXIS2_PLACEMENT_2D('',#488,#489);
#488 = CARTESIAN_POINT('',(6.,-5.));
#489 = DIRECTION('',(-0.515078753638,0.857142857143));
#490 = ( GEOMETRIC_REPRESENTATION_CONTEXT(2) 
PARAMETRIC_REPRESENTATION_CONTEXT() REPRESENTATION_CONTEXT('2D SPACE',''
  ) );
#491 = PCURVE('',#492,#497);
#492 = CYLINDRICAL_SURFACE('',#493,3.5);
#493 = AXIS2_PLACEMENT_3D('',#494,#495,#496);
#494 = CARTESIAN_POINT('',(42.,-40.,56.));
#495 = DIRECTION('',(-1.,-0.,-0.));
#496 = DIRECTION('',(0.,1.,0.));
#497 = DEFINITIONAL_REPRESENTATION('',(#498),#502);
#498 = LINE('',#499,#500);
#499 = CARTESIAN_POINT('',(-3.682692179547,-10.));
#500 = VECTOR('',#501,1.);
#501 = DIRECTION('',(-1.,0.));
#502 = ( GEOMETRIC_REPRESENTATION_CONTEXT(2) 
PARAMETRIC_REPRESENTATION_CONTEXT() REPRESENTATION_CONTEXT('2D SPACE',''
  ) );
#503 = ORIENTED_EDGE('',*,*,#504,.T.);
#504 = EDGE_CURVE('',#476,#505,#507,.T.);
#505 = VERTEX_POINT('',#506);
#506 = CARTESIAN_POINT('',(52.,-43.,112.19722436226));
#507 = SURFACE_CURVE('',#508,(#512,#519),.PCURVE_S1.);
#508 = LINE('',#509,#510);
#509 = CARTESIAN_POINT('',(52.,-43.,51.));
#510 = VECTOR('',#511,1.);
#511 = DIRECTION('',(0.,0.,1.));
#512 = PCURVE('',#232,#513);
#513 = DEFINITIONAL_REPRESENTATION('',(#514),#518);
#514 = LINE('',#515,#516);
#515 = CARTESIAN_POINT('',(1.,-2.));
#516 = VECTOR('',#517,1.);
#517 = DIRECTION('',(1.,0.));
#518 = ( GEOMETRIC_REPRESENTATION_CONTEXT(2) 
PARAMETRIC_REPRESENTATION_CONTEXT() REPRESENTATION_CONTEXT('2D SPACE',''
  ) );
#519 = PCURVE('',#464,#520);
#520 = DEFINITIONAL_REPRESENTATION('',(#521),#524);
#521 = B_SPLINE_CURVE_WITH_KNOTS('',1,(#522,#523),.UNSPECIFIED.,.F.,.F.,
  (2,2),(1.,67.),.PIECEWISE_BEZIER_KNOTS.);
#522 = CARTESIAN_POINT('',(0.,32.));
#523 = CARTESIAN_POINT('',(66.,32.));
#524 = ( GEOMETRIC_REPRESENTATION_CONTEXT(2) 
PARAMETRIC_REPRESENTATION_CONTEXT() REPRESENTATION_CONTEXT('2D SPACE',''
  ) );
#525 = ORIENTED_EDGE('',*,*,#526,.T.);
#526 = EDGE_CURVE('',#505,#527,#529,.T.);
#527 = VERTEX_POINT('',#528);
#528 = CARTESIAN_POINT('',(52.,-43.,115.80277563773));
#529 = SURFACE_CURVE('',#530,(#535,#542),.PCURVE_S1.);
#530 = CIRCLE('',#531,3.5);
#531 = AXIS2_PLACEMENT_3D('',#532,#533,#534);
#532 = CARTESIAN_POINT('',(52.,-40.,114.));
#533 = DIRECTION('',(1.,0.,0.));
#534 = DIRECTION('',(0.,-0.857142857143,-0.515078753638));
#535 = PCURVE('',#232,#536);
#536 = DEFINITIONAL_REPRESENTATION('',(#537),#541);
#537 = CIRCLE('',#538,3.5);
#538 = AXIS2_PLACEMENT_2D('',#539,#540);
#539 = CARTESIAN_POINT('',(64.,-5.));
#540 = DIRECTION('',(-0.515078753638,0.857142857143));
#541 = ( GEOMETRIC_REPRESENTATION_CONTEXT(2) 
PARAMETRIC_REPRESENTATION_CONTEXT() REPRESENTATION_CONTEXT('2D SPACE',''
  ) );
#542 = PCURVE('',#543,#548);
#543 = CYLINDRICAL_SURFACE('',#544,3.5);
#544 = AXIS2_PLACEMENT_3D('',#545,#546,#547);
#545 = CARTESIAN_POINT('',(42.,-40.,114.));
#546 = DIRECTION('',(-1.,-0.,-0.));
#547 = DIRECTION('',(0.,1.,0.));
#548 = DEFINITIONAL_REPRESENTATION('',(#549),#553);
#549 = LINE('',#550,#551);
#550 = CARTESIAN_POINT('',(-3.682692179547,-10.));
#551 = VECTOR('',#552,1.);
#552 = DIRECTION('',(-1.,0.));
#553 = ( GEOMETRIC_REPRESENTATION_CONTEXT(2) 
PARAMETRIC_REPRESENTATION_CONTEXT() REPRESENTATION_CONTEXT('2D SPACE',''
  ) );
#554 = ORIENTED_EDGE('',*,*,#555,.T.);
#555 = EDGE_CURVE('',#527,#556,#558,.T.);
#556 = VERTEX_POINT('',#557);
#557 = CARTESIAN_POINT('',(52.,-43.,118.));
#558 = SURFACE_CURVE('',#559,(#563,#570),.PCURVE_S1.);
#559 = LINE('',#560,#561);
#560 = CARTESIAN_POINT('',(52.,-43.,51.));
#561 = VECTOR('',#562,1.);
#562 = DIRECTION('',(0.,0.,1.));
#563 = PCURVE('',#232,#564);
#564 = DEFINITIONAL_REPRESENTATION('',(#565),#569);
#565 = LINE('',#566,#567);
#566 = CARTESIAN_POINT('',(1.,-2.));
#567 = VECTOR('',#568,1.);
#568 = DIRECTION('',(1.,0.));
#569 = ( GEOMETRIC_REPRESENTATION_CONTEXT(2) 
PARAMETRIC_REPRESENTATION_CONTEXT() REPRESENTATION_CONTEXT('2D SPACE',''
  ) );
#570 = PCURVE('',#464,#571);
#571 = DEFINITIONAL_REPRESENTATION('',(#572),#575);
#572 = B_SPLINE_CURVE_WITH_KNOTS('',1,(#573,#574),.UNSPECIFIED.,.F.,.F.,
  (2,2),(1.,67.),.PIECEWISE_BEZIER_KNOTS.);
#573 = CARTESIAN_POINT('',(0.,32.));
#574 = CARTESIAN_POINT('',(66.,32.));
#575 = ( GEOMETRIC_REPRESENTATION_CONTEXT(2) 
PARAMETRIC_REPRESENTATION_CONTEXT() REPRESENTATION_CONTEXT('2D SPACE',''
  ) );
#576 = ORIENTED_EDGE('',*,*,#577,.F.);
#577 = EDGE_CURVE('',#578,#556,#580,.T.);
#578 = VERTEX_POINT('',#579);
#579 = CARTESIAN_POINT('',(52.,-3.,118.));
#580 = SURFACE_CURVE('',#581,(#585,#592),.PCURVE_S1.);
#581 = LINE('',#582,#583);
#582 = CARTESIAN_POINT('',(52.,-44.,118.));
#583 = VECTOR('',#584,1.);
#584 = DIRECTION('',(0.,-1.,0.));
#585 = PCURVE('',#232,#586);
#586 = DEFINITIONAL_REPRESENTATION('',(#587),#591);
#587 = LINE('',#588,#589);
#588 = CARTESIAN_POINT('',(68.,-1.));
#589 = VECTOR('',#590,1.);
#590 = DIRECTION('',(0.,1.));
#591 = ( GEOMETRIC_REPRESENTATION_CONTEXT(2) 
PARAMETRIC_REPRESENTATION_CONTEXT() REPRESENTATION_CONTEXT('2D SPACE',''
  ) );
#592 = PCURVE('',#593,#598);
#593 = PLANE('',#594);
#594 = AXIS2_PLACEMENT_3D('',#595,#596,#597);
#595 = CARTESIAN_POINT('',(20.,-43.,118.));
#596 = DIRECTION('',(0.,0.,1.));
#597 = DIRECTION('',(1.,0.,0.));
#598 = DEFINITIONAL_REPRESENTATION('',(#599),#602);
#599 = B_SPLINE_CURVE_WITH_KNOTS('',1,(#600,#601),.UNSPECIFIED.,.F.,.F.,
  (2,2),(-41.,-1.),.PIECEWISE_BEZIER_KNOTS.);
#600 = CARTESIAN_POINT('',(32.,40.));
#601 = CARTESIAN_POINT('',(32.,0.));
#602 = ( GEOMETRIC_REPRESENTATION_CONTEXT(2) 
PARAMETRIC_REPRESENTATION_CONTEXT() REPRESENTATION_CONTEXT('2D SPACE',''
  ) );
#603 = ORIENTED_EDGE('',*,*,#604,.F.);
#604 = EDGE_CURVE('',#605,#578,#607,.T.);
#605 = VERTEX_POINT('',#606);
#606 = CARTESIAN_POINT('',(52.,-3.,115.80277563773));
#607 = SURFACE_CURVE('',#608,(#612,#619),.PCURVE_S1.);
#608 = LINE('',#609,#610);
#609 = CARTESIAN_POINT('',(52.,-3.,51.));
#610 = VECTOR('',#611,1.);
#611 = DIRECTION('',(0.,0.,1.));
#612 = PCURVE('',#232,#613);
#613 = DEFINITIONAL_REPRESENTATION('',(#614),#618);
#614 = LINE('',#615,#616);
#615 = CARTESIAN_POINT('',(1.,-42.));
#616 = VECTOR('',#617,1.);
#617 = DIRECTION('',(1.,0.));
#618 = ( GEOMETRIC_REPRESENTATION_CONTEXT(2) 
PARAMETRIC_REPRESENTATION_CONTEXT() REPRESENTATION_CONTEXT('2D SPACE',''
  ) );
#619 = PCURVE('',#410,#620);
#620 = DEFINITIONAL_REPRESENTATION('',(#621),#624);
#621 = B_SPLINE_CURVE_WITH_KNOTS('',1,(#622,#623),.UNSPECIFIED.,.F.,.F.,
  (2,2),(1.,67.),.PIECEWISE_BEZIER_KNOTS.);
#622 = CARTESIAN_POINT('',(0.,32.));
#623 = CARTESIAN_POINT('',(66.,32.));
#624 = ( GEOMETRIC_REPRESENTATION_CONTEXT(2) 
PARAMETRIC_REPRESENTATION_CONTEXT() REPRESENTATION_CONTEXT('2D SPACE',''
  ) );
#625 = ORIENTED_EDGE('',*,*,#626,.T.);
#626 = EDGE_CURVE('',#605,#627,#629,.T.);
#627 = VERTEX_POINT('',#628);
#628 = CARTESIAN_POINT('',(52.,-3.,112.19722436226));
#629 = SURFACE_CURVE('',#630,(#635,#642),.PCURVE_S1.);
#630 = CIRCLE('',#631,3.5);
#631 = AXIS2_PLACEMENT_3D('',#632,#633,#634);
#632 = CARTESIAN_POINT('',(52.,-6.,114.));
#633 = DIRECTION('',(1.,0.,0.));
#634 = DIRECTION('',(0.,1.,0.));
#635 = PCURVE('',#232,#636);
#636 = DEFINITIONAL_REPRESENTATION('',(#637),#641);
#637 = CIRCLE('',#638,3.5);
#638 = AXIS2_PLACEMENT_2D('',#639,#640);
#639 = CARTESIAN_POINT('',(64.,-39.));
#640 = DIRECTION('',(0.,-1.));
#641 = ( GEOMETRIC_REPRESENTATION_CONTEXT(2) 
PARAMETRIC_REPRESENTATION_CONTEXT() REPRESENTATION_CONTEXT('2D SPACE',''
  ) );
#642 = PCURVE('',#643,#648);
#643 = CYLINDRICAL_SURFACE('',#644,3.5);
#644 = AXIS2_PLACEMENT_3D('',#645,#646,#647);
#645 = CARTESIAN_POINT('',(42.,-6.,114.));
#646 = DIRECTION('',(-1.,-0.,-0.));
#647 = DIRECTION('',(0.,1.,0.));
#648 = DEFINITIONAL_REPRESENTATION('',(#649),#653);
#649 = LINE('',#650,#651);
#650 = CARTESIAN_POINT('',(-0.,-10.));
#651 = VECTOR('',#652,1.);
#652 = DIRECTION('',(-1.,0.));
#653 = ( GEOMETRIC_REPRESENTATION_CONTEXT(2) 
PARAMETRIC_REPRESENTATION_CONTEXT() REPRESENTATION_CONTEXT('2D SPACE',''
  ) );
#654 = ORIENTED_EDGE('',*,*,#655,.F.);
#655 = EDGE_CURVE('',#656,#627,#658,.T.);
#656 = VERTEX_POINT('',#657);
#657 = CARTESIAN_POINT('',(52.,-3.,57.802775637732));
#658 = SURFACE_CURVE('',#659,(#663,#670),.PCURVE_S1.);
#659 = LINE('',#660,#661);
#660 = CARTESIAN_POINT('',(52.,-3.,51.));
#661 = VECTOR('',#662,1.);
#662 = DIRECTION('',(0.,0.,1.));
#663 = PCURVE('',#232,#664);
#664 = DEFINITIONAL_REPRESENTATION('',(#665),#669);
#665 = LINE('',#666,#667);
#666 = CARTESIAN_POINT('',(1.,-42.));
#667 = VECTOR('',#668,1.);
#668 = DIRECTION('',(1.,0.));
#669 = ( GEOMETRIC_REPRESENTATION_CONTEXT(2) 
PARAMETRIC_REPRESENTATION_CONTEXT() REPRESENTATION_CONTEXT('2D SPACE',''
  ) );
#670 = PCURVE('',#410,#671);
#671 = DEFINITIONAL_REPRESENTATION('',(#672),#675);
#672 = B_SPLINE_CURVE_WITH_KNOTS('',1,(#673,#674),.UNSPECIFIED.,.F.,.F.,
  (2,2),(1.,67.),.PIECEWISE_BEZIER_KNOTS.);
#673 = CARTESIAN_POINT('',(0.,32.));
#674 = CARTESIAN_POINT('',(66.,32.));
#675 = ( GEOMETRIC_REPRESENTATION_CONTEXT(2) 
PARAMETRIC_REPRESENTATION_CONTEXT() REPRESENTATION_CONTEXT('2D SPACE',''
  ) );
#676 = ORIENTED_EDGE('',*,*,#677,.T.);
#677 = EDGE_CURVE('',#656,#395,#678,.T.);
#678 = SURFACE_CURVE('',#679,(#684,#691),.PCURVE_S1.);
#679 = CIRCLE('',#680,3.5);
#680 = AXIS2_PLACEMENT_3D('',#681,#682,#683);
#681 = CARTESIAN_POINT('',(52.,-6.,56.));
#682 = DIRECTION('',(1.,0.,0.));
#683 = DIRECTION('',(0.,1.,0.));
#684 = PCURVE('',#232,#685);
#685 = DEFINITIONAL_REPRESENTATION('',(#686),#690);
#686 = CIRCLE('',#687,3.5);
#687 = AXIS2_PLACEMENT_2D('',#688,#689);
#688 = CARTESIAN_POINT('',(6.,-39.));
#689 = DIRECTION('',(0.,-1.));
#690 = ( GEOMETRIC_REPRESENTATION_CONTEXT(2) 
PARAMETRIC_REPRESENTATION_CONTEXT() REPRESENTATION_CONTEXT('2D SPACE',''
  ) );
#691 = PCURVE('',#692,#697);
#692 = CYLINDRICAL_SURFACE('',#693,3.5);
#693 = AXIS2_PLACEMENT_3D('',#694,#695,#696);
#694 = CARTESIAN_POINT('',(42.,-6.,56.));
#695 = DIRECTION('',(-1.,-0.,-0.));
#696 = DIRECTION('',(0.,1.,0.));
#697 = DEFINITIONAL_REPRESENTATION('',(#698),#702);
#698 = LINE('',#699,#700);
#699 = CARTESIAN_POINT('',(-0.,-10.));
#700 = VECTOR('',#701,1.);
#701 = DIRECTION('',(-1.,0.));
#702 = ( GEOMETRIC_REPRESENTATION_CONTEXT(2) 
PARAMETRIC_REPRESENTATION_CONTEXT() REPRESENTATION_CONTEXT('2D SPACE',''
  ) );
#703 = FACE_BOUND('',#704,.T.);
#704 = EDGE_LOOP('',(#705));
#705 = ORIENTED_EDGE('',*,*,#706,.T.);
#706 = EDGE_CURVE('',#707,#707,#709,.T.);
#707 = VERTEX_POINT('',#708);
#708 = CARTESIAN_POINT('',(52.,-38.9,114.));
#709 = SURFACE_CURVE('',#710,(#715,#726),.PCURVE_S1.);
#710 = CIRCLE('',#711,1.1);
#711 = AXIS2_PLACEMENT_3D('',#712,#713,#714);
#712 = CARTESIAN_POINT('',(52.,-40.,114.));
#713 = DIRECTION('',(-1.,0.,0.));
#714 = DIRECTION('',(0.,1.,0.));
#715 = PCURVE('',#232,#716);
#716 = DEFINITIONAL_REPRESENTATION('',(#717),#725);
#717 = ( BOUNDED_CURVE() B_SPLINE_CURVE(2,(#718,#719,#720,#721,#722,#723
,#724),.UNSPECIFIED.,.T.,.F.) B_SPLINE_CURVE_WITH_KNOTS((1,2,2,2,2,1),(
    -2.094395102393,0.,2.094395102393,4.188790204786,6.28318530718,
8.377580409573),.UNSPECIFIED.) CURVE() GEOMETRIC_REPRESENTATION_ITEM() 
RATIONAL_B_SPLINE_CURVE((1.,0.5,1.,0.5,1.,0.5,1.)) REPRESENTATION_ITEM(
  '') );
#718 = CARTESIAN_POINT('',(64.,-6.1));
#719 = CARTESIAN_POINT('',(62.094744111674,-6.1));
#720 = CARTESIAN_POINT('',(63.047372055837,-4.45));
#721 = CARTESIAN_POINT('',(64.,-2.8));
#722 = CARTESIAN_POINT('',(64.952627944163,-4.45));
#723 = CARTESIAN_POINT('',(65.905255888326,-6.1));
#724 = CARTESIAN_POINT('',(64.,-6.1));
#725 = ( GEOMETRIC_REPRESENTATION_CONTEXT(2) 
PARAMETRIC_REPRESENTATION_CONTEXT() REPRESENTATION_CONTEXT('2D SPACE',''
  ) );
#726 = PCURVE('',#727,#732);
#727 = CYLINDRICAL_SURFACE('',#728,1.1);
#728 = AXIS2_PLACEMENT_3D('',#729,#730,#731);
#729 = CARTESIAN_POINT('',(40.,-40.,114.));
#730 = DIRECTION('',(-1.,-0.,-0.));
#731 = DIRECTION('',(0.,1.,0.));
#732 = DEFINITIONAL_REPRESENTATION('',(#733),#737);
#733 = LINE('',#734,#735);
#734 = CARTESIAN_POINT('',(-6.28318530718,-12.));
#735 = VECTOR('',#736,1.);
#736 = DIRECTION('',(1.,-0.));
#737 = ( GEOMETRIC_REPRESENTATION_CONTEXT(2) 
PARAMETRIC_REPRESENTATION_CONTEXT() REPRESENTATION_CONTEXT('2D SPACE',''
  ) );
#738 = FACE_BOUND('',#739,.T.);
#739 = EDGE_LOOP('',(#740));
#740 = ORIENTED_EDGE('',*,*,#741,.T.);
#741 = EDGE_CURVE('',#742,#742,#744,.T.);
#742 = VERTEX_POINT('',#743);
#743 = CARTESIAN_POINT('',(52.,-4.9,114.));
#744 = SURFACE_CURVE('',#745,(#750,#761),.PCURVE_S1.);
#745 = CIRCLE('',#746,1.1);
#746 = AXIS2_PLACEMENT_3D('',#747,#748,#749);
#747 = CARTESIAN_POINT('',(52.,-6.,114.));
#748 = DIRECTION('',(-1.,0.,0.));
#749 = DIRECTION('',(0.,1.,0.));
#750 = PCURVE('',#232,#751);
#751 = DEFINITIONAL_REPRESENTATION('',(#752),#760);
#752 = ( BOUNDED_CURVE() B_SPLINE_CURVE(2,(#753,#754,#755,#756,#757,#758
,#759),.UNSPECIFIED.,.T.,.F.) B_SPLINE_CURVE_WITH_KNOTS((1,2,2,2,2,1),(
    -2.094395102393,0.,2.094395102393,4.188790204786,6.28318530718,
8.377580409573),.UNSPECIFIED.) CURVE() GEOMETRIC_REPRESENTATION_ITEM() 
RATIONAL_B_SPLINE_CURVE((1.,0.5,1.,0.5,1.,0.5,1.)) REPRESENTATION_ITEM(
  '') );
#753 = CARTESIAN_POINT('',(64.,-40.1));
#754 = CARTESIAN_POINT('',(62.094744111674,-40.1));
#755 = CARTESIAN_POINT('',(63.047372055837,-38.45));
#756 = CARTESIAN_POINT('',(64.,-36.8));
#757 = CARTESIAN_POINT('',(64.952627944163,-38.45));
#758 = CARTESIAN_POINT('',(65.905255888326,-40.1));
#759 = CARTESIAN_POINT('',(64.,-40.1));
#760 = ( GEOMETRIC_REPRESENTATION_CONTEXT(2) 
PARAMETRIC_REPRESENTATION_CONTEXT() REPRESENTATION_CONTEXT('2D SPACE',''
  ) );
#761 = PCURVE('',#762,#767);
#762 = CYLINDRICAL_SURFACE('',#763,1.1);
#763 = AXIS2_PLACEMENT_3D('',#764,#765,#766);
#764 = CARTESIAN_POINT('',(40.,-6.,114.));
#765 = DIRECTION('',(-1.,-0.,-0.));
#766 = DIRECTION('',(0.,1.,0.));
#767 = DEFINITIONAL_REPRESENTATION('',(#768),#772);
#768 = LINE('',#769,#770);
#769 = CARTESIAN_POINT('',(-6.28318530718,-12.));
#770 = VECTOR('',#771,1.);
#771 = DIRECTION('',(1.,-0.));
#772 = ( GEOMETRIC_REPRESENTATION_CONTEXT(2) 
PARAMETRIC_REPRESENTATION_CONTEXT() REPRESENTATION_CONTEXT('2D SPACE',''
  ) );
#773 = ADVANCED_FACE('',(#774),#762,.F.);
#774 = FACE_BOUND('',#775,.T.);
#775 = EDGE_LOOP('',(#776,#809,#830,#831));
#776 = ORIENTED_EDGE('',*,*,#777,.T.);
#777 = EDGE_CURVE('',#778,#778,#780,.T.);
#778 = VERTEX_POINT('',#779);
#779 = CARTESIAN_POINT('',(42.,-4.9,114.));
#780 = SURFACE_CURVE('',#781,(#786,#793),.PCURVE_S1.);
#781 = CIRCLE('',#782,1.1);
#782 = AXIS2_PLACEMENT_3D('',#783,#784,#785);
#783 = CARTESIAN_POINT('',(42.,-6.,114.));
#784 = DIRECTION('',(-1.,0.,0.));
#785 = DIRECTION('',(0.,1.,0.));
#786 = PCURVE('',#762,#787);
#787 = DEFINITIONAL_REPRESENTATION('',(#788),#792);
#788 = LINE('',#789,#790);
#789 = CARTESIAN_POINT('',(-6.28318530718,-2.));
#790 = VECTOR('',#791,1.);
#791 = DIRECTION('',(1.,-0.));
#792 = ( GEOMETRIC_REPRESENTATION_CONTEXT(2) 
PARAMETRIC_REPRESENTATION_CONTEXT() REPRESENTATION_CONTEXT('2D SPACE',''
  ) );
#793 = PCURVE('',#794,#799);
#794 = PLANE('',#795);
#795 = AXIS2_PLACEMENT_3D('',#796,#797,#798);
#796 = CARTESIAN_POINT('',(42.,-6.,114.));
#797 = DIRECTION('',(1.,0.,0.));
#798 = DIRECTION('',(-0.,0.,1.));
#799 = DEFINITIONAL_REPRESENTATION('',(#800),#808);
#800 = ( BOUNDED_CURVE() B_SPLINE_CURVE(2,(#801,#802,#803,#804,#805,#806
,#807),.UNSPECIFIED.,.T.,.F.) B_SPLINE_CURVE_WITH_KNOTS((1,2,2,2,2,1),(
    -2.094395102393,0.,2.094395102393,4.188790204786,6.28318530718,
8.377580409573),.UNSPECIFIED.) CURVE() GEOMETRIC_REPRESENTATION_ITEM() 
RATIONAL_B_SPLINE_CURVE((1.,0.5,1.,0.5,1.,0.5,1.)) REPRESENTATION_ITEM(
  '') );
#801 = CARTESIAN_POINT('',(1.42108547152E-14,-1.1));
#802 = CARTESIAN_POINT('',(-1.905255888326,-1.1));
#803 = CARTESIAN_POINT('',(-0.952627944163,0.55));
#804 = CARTESIAN_POINT('',(1.394143241939E-14,2.2));
#805 = CARTESIAN_POINT('',(0.952627944163,0.55));
#806 = CARTESIAN_POINT('',(1.905255888326,-1.1));
#807 = CARTESIAN_POINT('',(1.42108547152E-14,-1.1));
#808 = ( GEOMETRIC_REPRESENTATION_CONTEXT(2) 
PARAMETRIC_REPRESENTATION_CONTEXT() REPRESENTATION_CONTEXT('2D SPACE',''
  ) );
#809 = ORIENTED_EDGE('',*,*,#810,.T.);
#810 = EDGE_CURVE('',#778,#742,#811,.T.);
#811 = SEAM_CURVE('',#812,(#816,#823),.PCURVE_S1.);
#812 = LINE('',#813,#814);
#813 = CARTESIAN_POINT('',(40.,-4.9,114.));
#814 = VECTOR('',#815,1.);
#815 = DIRECTION('',(1.,0.,0.));
#816 = PCURVE('',#762,#817);
#817 = DEFINITIONAL_REPRESENTATION('',(#818),#822);
#818 = LINE('',#819,#820);
#819 = CARTESIAN_POINT('',(-6.28318530718,0.));
#820 = VECTOR('',#821,1.);
#821 = DIRECTION('',(-0.,-1.));
#822 = ( GEOMETRIC_REPRESENTATION_CONTEXT(2) 
PARAMETRIC_REPRESENTATION_CONTEXT() REPRESENTATION_CONTEXT('2D SPACE',''
  ) );
#823 = PCURVE('',#762,#824);
#824 = DEFINITIONAL_REPRESENTATION('',(#825),#829);
#825 = LINE('',#826,#827);
#826 = CARTESIAN_POINT('',(-0.,0.));
#827 = VECTOR('',#828,1.);
#828 = DIRECTION('',(-0.,-1.));
#829 = ( GEOMETRIC_REPRESENTATION_CONTEXT(2) 
PARAMETRIC_REPRESENTATION_CONTEXT() REPRESENTATION_CONTEXT('2D SPACE',''
  ) );
#830 = ORIENTED_EDGE('',*,*,#741,.F.);
#831 = ORIENTED_EDGE('',*,*,#810,.F.);
#832 = ADVANCED_FACE('',(#833,#880),#794,.F.);
#833 = FACE_BOUND('',#834,.F.);
#834 = EDGE_LOOP('',(#835,#858));
#835 = ORIENTED_EDGE('',*,*,#836,.F.);
#836 = EDGE_CURVE('',#837,#839,#841,.T.);
#837 = VERTEX_POINT('',#838);
#838 = CARTESIAN_POINT('',(42.,-3.,115.80277563773));
#839 = VERTEX_POINT('',#840);
#840 = CARTESIAN_POINT('',(42.,-3.,112.19722436226));
#841 = SURFACE_CURVE('',#842,(#846,#852),.PCURVE_S1.);
#842 = LINE('',#843,#844);
#843 = CARTESIAN_POINT('',(42.,-3.,83.));
#844 = VECTOR('',#845,1.);
#845 = DIRECTION('',(0.,0.,-1.));
#846 = PCURVE('',#794,#847);
#847 = DEFINITIONAL_REPRESENTATION('',(#848),#851);
#848 = B_SPLINE_CURVE_WITH_KNOTS('',1,(#849,#850),.UNSPECIFIED.,.F.,.F.,
  (2,2),(-34.5,-27.5),.PIECEWISE_BEZIER_KNOTS.);
#849 = CARTESIAN_POINT('',(3.5,-3.));
#850 = CARTESIAN_POINT('',(-3.5,-3.));
#851 = ( GEOMETRIC_REPRESENTATION_CONTEXT(2) 
PARAMETRIC_REPRESENTATION_CONTEXT() REPRESENTATION_CONTEXT('2D SPACE',''
  ) );
#852 = PCURVE('',#410,#853);
#853 = DEFINITIONAL_REPRESENTATION('',(#854),#857);
#854 = B_SPLINE_CURVE_WITH_KNOTS('',1,(#855,#856),.UNSPECIFIED.,.F.,.F.,
  (2,2),(-34.5,-27.5),.PIECEWISE_BEZIER_KNOTS.);
#855 = CARTESIAN_POINT('',(65.5,22.));
#856 = CARTESIAN_POINT('',(58.5,22.));
#857 = ( GEOMETRIC_REPRESENTATION_CONTEXT(2) 
PARAMETRIC_REPRESENTATION_CONTEXT() REPRESENTATION_CONTEXT('2D SPACE',''
  ) );
#858 = ORIENTED_EDGE('',*,*,#859,.T.);
#859 = EDGE_CURVE('',#837,#839,#860,.T.);
#860 = SURFACE_CURVE('',#861,(#866,#873),.PCURVE_S1.);
#861 = CIRCLE('',#862,3.5);
#862 = AXIS2_PLACEMENT_3D('',#863,#864,#865);
#863 = CARTESIAN_POINT('',(42.,-6.,114.));
#864 = DIRECTION('',(1.,0.,0.));
#865 = DIRECTION('',(0.,1.,0.));
#866 = PCURVE('',#794,#867);
#867 = DEFINITIONAL_REPRESENTATION('',(#868),#872);
#868 = CIRCLE('',#869,3.5);
#869 = AXIS2_PLACEMENT_2D('',#870,#871);
#870 = CARTESIAN_POINT('',(1.42108547152E-14,0.));
#871 = DIRECTION('',(0.,-1.));
#872 = ( GEOMETRIC_REPRESENTATION_CONTEXT(2) 
PARAMETRIC_REPRESENTATION_CONTEXT() REPRESENTATION_CONTEXT('2D SPACE',''
  ) );
#873 = PCURVE('',#643,#874);
#874 = DEFINITIONAL_REPRESENTATION('',(#875),#879);
#875 = LINE('',#876,#877);
#876 = CARTESIAN_POINT('',(-0.,0.));
#877 = VECTOR('',#878,1.);
#878 = DIRECTION('',(-1.,0.));
#879 = ( GEOMETRIC_REPRESENTATION_CONTEXT(2) 
PARAMETRIC_REPRESENTATION_CONTEXT() REPRESENTATION_CONTEXT('2D SPACE',''
  ) );
#880 = FACE_BOUND('',#881,.F.);
#881 = EDGE_LOOP('',(#882));
#882 = ORIENTED_EDGE('',*,*,#777,.T.);
#883 = ADVANCED_FACE('',(#884),#727,.F.);
#884 = FACE_BOUND('',#885,.T.);
#885 = EDGE_LOOP('',(#886,#919,#940,#941));
#886 = ORIENTED_EDGE('',*,*,#887,.T.);
#887 = EDGE_CURVE('',#888,#888,#890,.T.);
#888 = VERTEX_POINT('',#889);
#889 = CARTESIAN_POINT('',(42.,-38.9,114.));
#890 = SURFACE_CURVE('',#891,(#896,#903),.PCURVE_S1.);
#891 = CIRCLE('',#892,1.1);
#892 = AXIS2_PLACEMENT_3D('',#893,#894,#895);
#893 = CARTESIAN_POINT('',(42.,-40.,114.));
#894 = DIRECTION('',(-1.,0.,0.));
#895 = DIRECTION('',(0.,1.,0.));
#896 = PCURVE('',#727,#897);
#897 = DEFINITIONAL_REPRESENTATION('',(#898),#902);
#898 = LINE('',#899,#900);
#899 = CARTESIAN_POINT('',(-6.28318530718,-2.));
#900 = VECTOR('',#901,1.);
#901 = DIRECTION('',(1.,-0.));
#902 = ( GEOMETRIC_REPRESENTATION_CONTEXT(2) 
PARAMETRIC_REPRESENTATION_CONTEXT() REPRESENTATION_CONTEXT('2D SPACE',''
  ) );
#903 = PCURVE('',#904,#909);
#904 = PLANE('',#905);
#905 = AXIS2_PLACEMENT_3D('',#906,#907,#908);
#906 = CARTESIAN_POINT('',(42.,-40.,114.));
#907 = DIRECTION('',(1.,0.,0.));
#908 = DIRECTION('',(-0.,0.,1.));
#909 = DEFINITIONAL_REPRESENTATION('',(#910),#918);
#910 = ( BOUNDED_CURVE() B_SPLINE_CURVE(2,(#911,#912,#913,#914,#915,#916
,#917),.UNSPECIFIED.,.T.,.F.) B_SPLINE_CURVE_WITH_KNOTS((1,2,2,2,2,1),(
    -2.094395102393,0.,2.094395102393,4.188790204786,6.28318530718,
8.377580409573),.UNSPECIFIED.) CURVE() GEOMETRIC_REPRESENTATION_ITEM() 
RATIONAL_B_SPLINE_CURVE((1.,0.5,1.,0.5,1.,0.5,1.)) REPRESENTATION_ITEM(
  '') );
#911 = CARTESIAN_POINT('',(0.,-1.1));
#912 = CARTESIAN_POINT('',(-1.905255888326,-1.1));
#913 = CARTESIAN_POINT('',(-0.952627944163,0.55));
#914 = CARTESIAN_POINT('',(-2.694222958124E-16,2.2));
#915 = CARTESIAN_POINT('',(0.952627944163,0.55));
#916 = CARTESIAN_POINT('',(1.905255888326,-1.1));
#917 = CARTESIAN_POINT('',(0.,-1.1));
#918 = ( GEOMETRIC_REPRESENTATION_CONTEXT(2) 
PARAMETRIC_REPRESENTATION_CONTEXT() REPRESENTATION_CONTEXT('2D SPACE',''
  ) );
#919 = ORIENTED_EDGE('',*,*,#920,.T.);
#920 = EDGE_CURVE('',#888,#707,#921,.T.);
#921 = SEAM_CURVE('',#922,(#926,#933),.PCURVE_S1.);
#922 = LINE('',#923,#924);
#923 = CARTESIAN_POINT('',(40.,-38.9,114.));
#924 = VECTOR('',#925,1.);
#925 = DIRECTION('',(1.,0.,0.));
#926 = PCURVE('',#727,#927);
#927 = DEFINITIONAL_REPRESENTATION('',(#928),#932);
#928 = LINE('',#929,#930);
#929 = CARTESIAN_POINT('',(-6.28318530718,0.));
#930 = VECTOR('',#931,1.);
#931 = DIRECTION('',(-0.,-1.));
#932 = ( GEOMETRIC_REPRESENTATION_CONTEXT(2) 
PARAMETRIC_REPRESENTATION_CONTEXT() REPRESENTATION_CONTEXT('2D SPACE',''
  ) );
#933 = PCURVE('',#727,#934);
#934 = DEFINITIONAL_REPRESENTATION('',(#935),#939);
#935 = LINE('',#936,#937);
#936 = CARTESIAN_POINT('',(-0.,0.));
#937 = VECTOR('',#938,1.);
#938 = DIRECTION('',(-0.,-1.));
#939 = ( GEOMETRIC_REPRESENTATION_CONTEXT(2) 
PARAMETRIC_REPRESENTATION_CONTEXT() REPRESENTATION_CONTEXT('2D SPACE',''
  ) );
#940 = ORIENTED_EDGE('',*,*,#706,.F.);
#941 = ORIENTED_EDGE('',*,*,#920,.F.);
#942 = ADVANCED_FACE('',(#943,#990),#904,.F.);
#943 = FACE_BOUND('',#944,.F.);
#944 = EDGE_LOOP('',(#945,#971));
#945 = ORIENTED_EDGE('',*,*,#946,.T.);
#946 = EDGE_CURVE('',#947,#949,#951,.T.);
#947 = VERTEX_POINT('',#948);
#948 = CARTESIAN_POINT('',(42.,-43.,112.19722436226));
#949 = VERTEX_POINT('',#950);
#950 = CARTESIAN_POINT('',(42.,-43.,115.80277563773));
#951 = SURFACE_CURVE('',#952,(#957,#964),.PCURVE_S1.);
#952 = CIRCLE('',#953,3.5);
#953 = AXIS2_PLACEMENT_3D('',#954,#955,#956);
#954 = CARTESIAN_POINT('',(42.,-40.,114.));
#955 = DIRECTION('',(1.,0.,0.));
#956 = DIRECTION('',(0.,-0.857142857143,-0.515078753638));
#957 = PCURVE('',#904,#958);
#958 = DEFINITIONAL_REPRESENTATION('',(#959),#963);
#959 = CIRCLE('',#960,3.5);
#960 = AXIS2_PLACEMENT_2D('',#961,#962);
#961 = CARTESIAN_POINT('',(0.,0.));
#962 = DIRECTION('',(-0.515078753638,0.857142857143));
#963 = ( GEOMETRIC_REPRESENTATION_CONTEXT(2) 
PARAMETRIC_REPRESENTATION_CONTEXT() REPRESENTATION_CONTEXT('2D SPACE',''
  ) );
#964 = PCURVE('',#543,#965);
#965 = DEFINITIONAL_REPRESENTATION('',(#966),#970);
#966 = LINE('',#967,#968);
#967 = CARTESIAN_POINT('',(-3.682692179547,0.));
#968 = VECTOR('',#969,1.);
#969 = DIRECTION('',(-1.,0.));
#970 = ( GEOMETRIC_REPRESENTATION_CONTEXT(2) 
PARAMETRIC_REPRESENTATION_CONTEXT() REPRESENTATION_CONTEXT('2D SPACE',''
  ) );
#971 = ORIENTED_EDGE('',*,*,#972,.T.);
#972 = EDGE_CURVE('',#949,#947,#973,.T.);
#973 = SURFACE_CURVE('',#974,(#978,#984),.PCURVE_S1.);
#974 = LINE('',#975,#976);
#975 = CARTESIAN_POINT('',(42.,-43.,83.));
#976 = VECTOR('',#977,1.);
#977 = DIRECTION('',(0.,0.,-1.));
#978 = PCURVE('',#904,#979);
#979 = DEFINITIONAL_REPRESENTATION('',(#980),#983);
#980 = B_SPLINE_CURVE_WITH_KNOTS('',1,(#981,#982),.UNSPECIFIED.,.F.,.F.,
  (2,2),(-34.5,-27.5),.PIECEWISE_BEZIER_KNOTS.);
#981 = CARTESIAN_POINT('',(3.5,3.));
#982 = CARTESIAN_POINT('',(-3.5,3.));
#983 = ( GEOMETRIC_REPRESENTATION_CONTEXT(2) 
PARAMETRIC_REPRESENTATION_CONTEXT() REPRESENTATION_CONTEXT('2D SPACE',''
  ) );
#984 = PCURVE('',#464,#985);
#985 = DEFINITIONAL_REPRESENTATION('',(#986),#989);
#986 = B_SPLINE_CURVE_WITH_KNOTS('',1,(#987,#988),.UNSPECIFIED.,.F.,.F.,
  (2,2),(-34.5,-27.5),.PIECEWISE_BEZIER_KNOTS.);
#987 = CARTESIAN_POINT('',(65.5,22.));
#988 = CARTESIAN_POINT('',(58.5,22.));
#989 = ( GEOMETRIC_REPRESENTATION_CONTEXT(2) 
PARAMETRIC_REPRESENTATION_CONTEXT() REPRESENTATION_CONTEXT('2D SPACE',''
  ) );
#990 = FACE_BOUND('',#991,.F.);
#991 = EDGE_LOOP('',(#992));
#992 = ORIENTED_EDGE('',*,*,#887,.T.);
#993 = ADVANCED_FACE('',(#994),#692,.T.);
#994 = FACE_BOUND('',#995,.F.);
#995 = EDGE_LOOP('',(#996,#1027,#1046,#1047));
#996 = ORIENTED_EDGE('',*,*,#997,.F.);
#997 = EDGE_CURVE('',#998,#1000,#1002,.T.);
#998 = VERTEX_POINT('',#999);
#999 = CARTESIAN_POINT('',(42.,-3.,57.802775637732));
#1000 = VERTEX_POINT('',#1001);
#1001 = CARTESIAN_POINT('',(42.,-3.,54.197224362268));
#1002 = SURFACE_CURVE('',#1003,(#1008,#1015),.PCURVE_S1.);
#1003 = CIRCLE('',#1004,3.5);
#1004 = AXIS2_PLACEMENT_3D('',#1005,#1006,#1007);
#1005 = CARTESIAN_POINT('',(42.,-6.,56.));
#1006 = DIRECTION('',(1.,0.,0.));
#1007 = DIRECTION('',(0.,1.,0.));
#1008 = PCURVE('',#692,#1009);
#1009 = DEFINITIONAL_REPRESENTATION('',(#1010),#1014);
#1010 = LINE('',#1011,#1012);
#1011 = CARTESIAN_POINT('',(-0.,0.));
#1012 = VECTOR('',#1013,1.);
#1013 = DIRECTION('',(-1.,0.));
#1014 = ( GEOMETRIC_REPRESENTATION_CONTEXT(2) 
PARAMETRIC_REPRESENTATION_CONTEXT() REPRESENTATION_CONTEXT('2D SPACE',''
  ) );
#1015 = PCURVE('',#1016,#1021);
#1016 = PLANE('',#1017);
#1017 = AXIS2_PLACEMENT_3D('',#1018,#1019,#1020);
#1018 = CARTESIAN_POINT('',(42.,-6.,56.));
#1019 = DIRECTION('',(1.,0.,0.));
#1020 = DIRECTION('',(-0.,0.,1.));
#1021 = DEFINITIONAL_REPRESENTATION('',(#1022),#1026);
#1022 = CIRCLE('',#1023,3.5);
#1023 = AXIS2_PLACEMENT_2D('',#1024,#1025);
#1024 = CARTESIAN_POINT('',(0.,-8.881784197001E-16));
#1025 = DIRECTION('',(0.,-1.));
#1026 = ( GEOMETRIC_REPRESENTATION_CONTEXT(2) 
PARAMETRIC_REPRESENTATION_CONTEXT() REPRESENTATION_CONTEXT('2D SPACE',''
  ) );
#1027 = ORIENTED_EDGE('',*,*,#1028,.F.);
#1028 = EDGE_CURVE('',#656,#998,#1029,.T.);
#1029 = SURFACE_CURVE('',#1030,(#1034,#1040),.PCURVE_S1.);
#1030 = LINE('',#1031,#1032);
#1031 = CARTESIAN_POINT('',(42.,-3.,57.802775637732));
#1032 = VECTOR('',#1033,1.);
#1033 = DIRECTION('',(-1.,-0.,-0.));
#1034 = PCURVE('',#692,#1035);
#1035 = DEFINITIONAL_REPRESENTATION('',(#1036),#1039);
#1036 = B_SPLINE_CURVE_WITH_KNOTS('',1,(#1037,#1038),.UNSPECIFIED.,.F.,
  .F.,(2,2),(-10.0000006,5.999999999062E-07),.PIECEWISE_BEZIER_KNOTS.);
#1037 = CARTESIAN_POINT('',(-0.541099525957,-10.0000006));
#1038 = CARTESIAN_POINT('',(-0.541099525957,5.999999999062E-07));
#1039 = ( GEOMETRIC_REPRESENTATION_CONTEXT(2) 
PARAMETRIC_REPRESENTATION_CONTEXT() REPRESENTATION_CONTEXT('2D SPACE',''
  ) );
#1040 = PCURVE('',#410,#1041);
#1041 = DEFINITIONAL_REPRESENTATION('',(#1042),#1045);
#1042 = B_SPLINE_CURVE_WITH_KNOTS('',1,(#1043,#1044),.UNSPECIFIED.,.F.,
  .F.,(2,2),(-10.0000006,5.999999999062E-07),.PIECEWISE_BEZIER_KNOTS.);
#1043 = CARTESIAN_POINT('',(5.802775637732,32.0000006));
#1044 = CARTESIAN_POINT('',(5.802775637732,21.9999994));
#1045 = ( GEOMETRIC_REPRESENTATION_CONTEXT(2) 
PARAMETRIC_REPRESENTATION_CONTEXT() REPRESENTATION_CONTEXT('2D SPACE',''
  ) );
#1046 = ORIENTED_EDGE('',*,*,#677,.T.);
#1047 = ORIENTED_EDGE('',*,*,#1048,.T.);
#1048 = EDGE_CURVE('',#395,#1000,#1049,.T.);
#1049 = SURFACE_CURVE('',#1050,(#1054,#1060),.PCURVE_S1.);
#1050 = LINE('',#1051,#1052);
#1051 = CARTESIAN_POINT('',(42.,-3.,54.197224362268));
#1052 = VECTOR('',#1053,1.);
#1053 = DIRECTION('',(-1.,-0.,-0.));
#1054 = PCURVE('',#692,#1055);
#1055 = DEFINITIONAL_REPRESENTATION('',(#1056),#1059);
#1056 = B_SPLINE_CURVE_WITH_KNOTS('',1,(#1057,#1058),.UNSPECIFIED.,.F.,
  .F.,(2,2),(-10.0000006,5.999999999062E-07),.PIECEWISE_BEZIER_KNOTS.);
#1057 = CARTESIAN_POINT('',(-5.742085781222,-10.0000006));
#1058 = CARTESIAN_POINT('',(-5.742085781222,5.999999999062E-07));
#1059 = ( GEOMETRIC_REPRESENTATION_CONTEXT(2) 
PARAMETRIC_REPRESENTATION_CONTEXT() REPRESENTATION_CONTEXT('2D SPACE',''
  ) );
#1060 = PCURVE('',#410,#1061);
#1061 = DEFINITIONAL_REPRESENTATION('',(#1062),#1065);
#1062 = B_SPLINE_CURVE_WITH_KNOTS('',1,(#1063,#1064),.UNSPECIFIED.,.F.,
  .F.,(2,2),(-10.0000006,5.999999999062E-07),.PIECEWISE_BEZIER_KNOTS.);
#1063 = CARTESIAN_POINT('',(2.197224362268,32.0000006));
#1064 = CARTESIAN_POINT('',(2.197224362268,21.9999994));
#1065 = ( GEOMETRIC_REPRESENTATION_CONTEXT(2) 
PARAMETRIC_REPRESENTATION_CONTEXT() REPRESENTATION_CONTEXT('2D SPACE',''
  ) );
#1066 = ADVANCED_FACE('',(#1067,#1089),#1016,.F.);
#1067 = FACE_BOUND('',#1068,.F.);
#1068 = EDGE_LOOP('',(#1069,#1088));
#1069 = ORIENTED_EDGE('',*,*,#1070,.F.);
#1070 = EDGE_CURVE('',#998,#1000,#1071,.T.);
#1071 = SURFACE_CURVE('',#1072,(#1076,#1082),.PCURVE_S1.);
#1072 = LINE('',#1073,#1074);
#1073 = CARTESIAN_POINT('',(42.,-3.,54.));
#1074 = VECTOR('',#1075,1.);
#1075 = DIRECTION('',(0.,0.,-1.));
#1076 = PCURVE('',#1016,#1077);
#1077 = DEFINITIONAL_REPRESENTATION('',(#1078),#1081);
#1078 = B_SPLINE_CURVE_WITH_KNOTS('',1,(#1079,#1080),.UNSPECIFIED.,.F.,
  .F.,(2,2),(-5.5,1.5),.PIECEWISE_BEZIER_KNOTS.);
#1079 = CARTESIAN_POINT('',(3.5,-3.));
#1080 = CARTESIAN_POINT('',(-3.5,-3.));
#1081 = ( GEOMETRIC_REPRESENTATION_CONTEXT(2) 
PARAMETRIC_REPRESENTATION_CONTEXT() REPRESENTATION_CONTEXT('2D SPACE',''
  ) );
#1082 = PCURVE('',#410,#1083);
#1083 = DEFINITIONAL_REPRESENTATION('',(#1084),#1087);
#1084 = B_SPLINE_CURVE_WITH_KNOTS('',1,(#1085,#1086),.UNSPECIFIED.,.F.,
  .F.,(2,2),(-5.5,1.5),.PIECEWISE_BEZIER_KNOTS.);
#1085 = CARTESIAN_POINT('',(7.5,22.));
#1086 = CARTESIAN_POINT('',(0.5,22.));
#1087 = ( GEOMETRIC_REPRESENTATION_CONTEXT(2) 
PARAMETRIC_REPRESENTATION_CONTEXT() REPRESENTATION_CONTEXT('2D SPACE',''
  ) );
#1088 = ORIENTED_EDGE('',*,*,#997,.T.);
#1089 = FACE_BOUND('',#1090,.F.);
#1090 = EDGE_LOOP('',(#1091));
#1091 = ORIENTED_EDGE('',*,*,#1092,.T.);
#1092 = EDGE_CURVE('',#1093,#1093,#1095,.T.);
#1093 = VERTEX_POINT('',#1094);
#1094 = CARTESIAN_POINT('',(42.,-4.9,56.));
#1095 = SURFACE_CURVE('',#1096,(#1101,#1112),.PCURVE_S1.);
#1096 = CIRCLE('',#1097,1.1);
#1097 = AXIS2_PLACEMENT_3D('',#1098,#1099,#1100);
#1098 = CARTESIAN_POINT('',(42.,-6.,56.));
#1099 = DIRECTION('',(-1.,0.,0.));
#1100 = DIRECTION('',(0.,1.,0.));
#1101 = PCURVE('',#1016,#1102);
#1102 = DEFINITIONAL_REPRESENTATION('',(#1103),#1111);
#1103 = ( BOUNDED_CURVE() B_SPLINE_CURVE(2,(#1104,#1105,#1106,#1107,
#1108,#1109,#1110),.UNSPECIFIED.,.T.,.F.) B_SPLINE_CURVE_WITH_KNOTS((1,2
    ,2,2,2,1),(-2.094395102393,0.,2.094395102393,4.188790204786,
6.28318530718,8.377580409573),.UNSPECIFIED.) CURVE() 
GEOMETRIC_REPRESENTATION_ITEM() RATIONAL_B_SPLINE_CURVE((1.,0.5,1.,0.5,
1.,0.5,1.)) REPRESENTATION_ITEM('') );
#1104 = CARTESIAN_POINT('',(0.,-1.1));
#1105 = CARTESIAN_POINT('',(-1.905255888326,-1.1));
#1106 = CARTESIAN_POINT('',(-0.952627944163,0.55));
#1107 = CARTESIAN_POINT('',(-2.694222958124E-16,2.2));
#1108 = CARTESIAN_POINT('',(0.952627944163,0.55));
#1109 = CARTESIAN_POINT('',(1.905255888326,-1.1));
#1110 = CARTESIAN_POINT('',(0.,-1.1));
#1111 = ( GEOMETRIC_REPRESENTATION_CONTEXT(2) 
PARAMETRIC_REPRESENTATION_CONTEXT() REPRESENTATION_CONTEXT('2D SPACE',''
  ) );
#1112 = PCURVE('',#343,#1113);
#1113 = DEFINITIONAL_REPRESENTATION('',(#1114),#1118);
#1114 = LINE('',#1115,#1116);
#1115 = CARTESIAN_POINT('',(-6.28318530718,-2.));
#1116 = VECTOR('',#1117,1.);
#1117 = DIRECTION('',(1.,-0.));
#1118 = ( GEOMETRIC_REPRESENTATION_CONTEXT(2) 
PARAMETRIC_REPRESENTATION_CONTEXT() REPRESENTATION_CONTEXT('2D SPACE',''
  ) );
#1119 = ADVANCED_FACE('',(#1120),#643,.T.);
#1120 = FACE_BOUND('',#1121,.F.);
#1121 = EDGE_LOOP('',(#1122,#1123,#1142,#1143));
#1122 = ORIENTED_EDGE('',*,*,#859,.F.);
#1123 = ORIENTED_EDGE('',*,*,#1124,.F.);
#1124 = EDGE_CURVE('',#605,#837,#1125,.T.);
#1125 = SURFACE_CURVE('',#1126,(#1130,#1136),.PCURVE_S1.);
#1126 = LINE('',#1127,#1128);
#1127 = CARTESIAN_POINT('',(42.,-3.,115.80277563773));
#1128 = VECTOR('',#1129,1.);
#1129 = DIRECTION('',(-1.,-0.,-0.));
#1130 = PCURVE('',#643,#1131);
#1131 = DEFINITIONAL_REPRESENTATION('',(#1132),#1135);
#1132 = B_SPLINE_CURVE_WITH_KNOTS('',1,(#1133,#1134),.UNSPECIFIED.,.F.,
  .F.,(2,2),(-10.0000006,5.999999999062E-07),.PIECEWISE_BEZIER_KNOTS.);
#1133 = CARTESIAN_POINT('',(-0.541099525957,-10.0000006));
#1134 = CARTESIAN_POINT('',(-0.541099525957,5.999999999062E-07));
#1135 = ( GEOMETRIC_REPRESENTATION_CONTEXT(2) 
PARAMETRIC_REPRESENTATION_CONTEXT() REPRESENTATION_CONTEXT('2D SPACE',''
  ) );
#1136 = PCURVE('',#410,#1137);
#1137 = DEFINITIONAL_REPRESENTATION('',(#1138),#1141);
#1138 = B_SPLINE_CURVE_WITH_KNOTS('',1,(#1139,#1140),.UNSPECIFIED.,.F.,
  .F.,(2,2),(-10.0000006,5.999999999062E-07),.PIECEWISE_BEZIER_KNOTS.);
#1139 = CARTESIAN_POINT('',(63.802775637732,32.0000006));
#1140 = CARTESIAN_POINT('',(63.802775637732,21.9999994));
#1141 = ( GEOMETRIC_REPRESENTATION_CONTEXT(2) 
PARAMETRIC_REPRESENTATION_CONTEXT() REPRESENTATION_CONTEXT('2D SPACE',''
  ) );
#1142 = ORIENTED_EDGE('',*,*,#626,.T.);
#1143 = ORIENTED_EDGE('',*,*,#1144,.T.);
#1144 = EDGE_CURVE('',#627,#839,#1145,.T.);
#1145 = SURFACE_CURVE('',#1146,(#1150,#1156),.PCURVE_S1.);
#1146 = LINE('',#1147,#1148);
#1147 = CARTESIAN_POINT('',(42.,-3.,112.19722436226));
#1148 = VECTOR('',#1149,1.);
#1149 = DIRECTION('',(-1.,-0.,-0.));
#1150 = PCURVE('',#643,#1151);
#1151 = DEFINITIONAL_REPRESENTATION('',(#1152),#1155);
#1152 = B_SPLINE_CURVE_WITH_KNOTS('',1,(#1153,#1154),.UNSPECIFIED.,.F.,
  .F.,(2,2),(-10.0000006,5.999999999062E-07),.PIECEWISE_BEZIER_KNOTS.);
#1153 = CARTESIAN_POINT('',(-5.742085781222,-10.0000006));
#1154 = CARTESIAN_POINT('',(-5.742085781222,5.999999999062E-07));
#1155 = ( GEOMETRIC_REPRESENTATION_CONTEXT(2) 
PARAMETRIC_REPRESENTATION_CONTEXT() REPRESENTATION_CONTEXT('2D SPACE',''
  ) );
#1156 = PCURVE('',#410,#1157);
#1157 = DEFINITIONAL_REPRESENTATION('',(#1158),#1161);
#1158 = B_SPLINE_CURVE_WITH_KNOTS('',1,(#1159,#1160),.UNSPECIFIED.,.F.,
  .F.,(2,2),(-10.0000006,5.999999999062E-07),.PIECEWISE_BEZIER_KNOTS.);
#1159 = CARTESIAN_POINT('',(60.197224362268,32.0000006));
#1160 = CARTESIAN_POINT('',(60.197224362268,21.9999994));
#1161 = ( GEOMETRIC_REPRESENTATION_CONTEXT(2) 
PARAMETRIC_REPRESENTATION_CONTEXT() REPRESENTATION_CONTEXT('2D SPACE',''
  ) );
#1162 = ADVANCED_FACE('',(#1163),#593,.F.);
#1163 = FACE_BOUND('',#1164,.F.);
#1164 = EDGE_LOOP('',(#1165,#1188,#1221,#1242));
#1165 = ORIENTED_EDGE('',*,*,#1166,.F.);
#1166 = EDGE_CURVE('',#1167,#578,#1169,.T.);
#1167 = VERTEX_POINT('',#1168);
#1168 = CARTESIAN_POINT('',(22.878279221602,-3.,118.));
#1169 = SURFACE_CURVE('',#1170,(#1174,#1181),.PCURVE_S1.);
#1170 = LINE('',#1171,#1172);
#1171 = CARTESIAN_POINT('',(20.,-3.,118.));
#1172 = VECTOR('',#1173,1.);
#1173 = DIRECTION('',(1.,0.,0.));
#1174 = PCURVE('',#593,#1175);
#1175 = DEFINITIONAL_REPRESENTATION('',(#1176),#1180);
#1176 = LINE('',#1177,#1178);
#1177 = CARTESIAN_POINT('',(0.,40.));
#1178 = VECTOR('',#1179,1.);
#1179 = DIRECTION('',(1.,0.));
#1180 = ( GEOMETRIC_REPRESENTATION_CONTEXT(2) 
PARAMETRIC_REPRESENTATION_CONTEXT() REPRESENTATION_CONTEXT('2D SPACE',''
  ) );
#1181 = PCURVE('',#410,#1182);
#1182 = DEFINITIONAL_REPRESENTATION('',(#1183),#1187);
#1183 = LINE('',#1184,#1185);
#1184 = CARTESIAN_POINT('',(66.,0.));
#1185 = VECTOR('',#1186,1.);
#1186 = DIRECTION('',(0.,1.));
#1187 = ( GEOMETRIC_REPRESENTATION_CONTEXT(2) 
PARAMETRIC_REPRESENTATION_CONTEXT() REPRESENTATION_CONTEXT('2D SPACE',''
  ) );
#1188 = ORIENTED_EDGE('',*,*,#1189,.T.);
#1189 = EDGE_CURVE('',#1167,#1190,#1192,.T.);
#1190 = VERTEX_POINT('',#1191);
#1191 = CARTESIAN_POINT('',(22.878279221602,-43.,118.));
#1192 = SURFACE_CURVE('',#1193,(#1198,#1209),.PCURVE_S1.);
#1193 = CIRCLE('',#1194,30.387755102041);
#1194 = AXIS2_PLACEMENT_3D('',#1195,#1196,#1197);
#1195 = CARTESIAN_POINT('',(0.,-23.,118.));
#1196 = DIRECTION('',(0.,0.,-1.));
#1197 = DIRECTION('',(0.752878228246,0.658159838818,0.));
#1198 = PCURVE('',#593,#1199);
#1199 = DEFINITIONAL_REPRESENTATION('',(#1200),#1208);
#1200 = ( BOUNDED_CURVE() B_SPLINE_CURVE(2,(#1201,#1202,#1203,#1204,
#1205,#1206,#1207),.UNSPECIFIED.,.T.,.F.) B_SPLINE_CURVE_WITH_KNOTS((1,2
    ,2,2,2,1),(-2.094395102393,0.,2.094395102393,4.188790204786,
6.28318530718,8.377580409573),.UNSPECIFIED.) CURVE() 
GEOMETRIC_REPRESENTATION_ITEM() RATIONAL_B_SPLINE_CURVE((1.,0.5,1.,0.5,
1.,0.5,1.)) REPRESENTATION_ITEM('') );
#1201 = CARTESIAN_POINT('',(2.878279221602,40.));
#1202 = CARTESIAN_POINT('',(37.51929537298,0.373657998437));
#1203 = CARTESIAN_POINT('',(-14.11863153511,-9.813171000781));
#1204 = CARTESIAN_POINT('',(-65.7565584432,-20.));
#1205 = CARTESIAN_POINT('',(-48.75964768649,29.813171000781));
#1206 = CARTESIAN_POINT('',(-31.76273692977,79.626342001563));
#1207 = CARTESIAN_POINT('',(2.878279221602,40.));
#1208 = ( GEOMETRIC_REPRESENTATION_CONTEXT(2) 
PARAMETRIC_REPRESENTATION_CONTEXT() REPRESENTATION_CONTEXT('2D SPACE',''
  ) );
#1209 = PCURVE('',#1210,#1215);
#1210 = CONICAL_SURFACE('',#1211,29.5,0.146893444148);
#1211 = AXIS2_PLACEMENT_3D('',#1212,#1213,#1214);
#1212 = CARTESIAN_POINT('',(0.,-23.,112.));
#1213 = DIRECTION('',(0.,0.,1.));
#1214 = DIRECTION('',(1.,0.,-0.));
#1215 = DEFINITIONAL_REPRESENTATION('',(#1216),#1220);
#1216 = LINE('',#1217,#1218);
#1217 = CARTESIAN_POINT('',(7.001557280408,6.));
#1218 = VECTOR('',#1219,1.);
#1219 = DIRECTION('',(-1.,-0.));
#1220 = ( GEOMETRIC_REPRESENTATION_CONTEXT(2) 
PARAMETRIC_REPRESENTATION_CONTEXT() REPRESENTATION_CONTEXT('2D SPACE',''
  ) );
#1221 = ORIENTED_EDGE('',*,*,#1222,.T.);
#1222 = EDGE_CURVE('',#1190,#556,#1223,.T.);
#1223 = SURFACE_CURVE('',#1224,(#1228,#1235),.PCURVE_S1.);
#1224 = LINE('',#1225,#1226);
#1225 = CARTESIAN_POINT('',(20.,-43.,118.));
#1226 = VECTOR('',#1227,1.);
#1227 = DIRECTION('',(1.,0.,0.));
#1228 = PCURVE('',#593,#1229);
#1229 = DEFINITIONAL_REPRESENTATION('',(#1230),#1234);
#1230 = LINE('',#1231,#1232);
#1231 = CARTESIAN_POINT('',(0.,0.));
#1232 = VECTOR('',#1233,1.);
#1233 = DIRECTION('',(1.,0.));
#1234 = ( GEOMETRIC_REPRESENTATION_CONTEXT(2) 
PARAMETRIC_REPRESENTATION_CONTEXT() REPRESENTATION_CONTEXT('2D SPACE',''
  ) );
#1235 = PCURVE('',#464,#1236);
#1236 = DEFINITIONAL_REPRESENTATION('',(#1237),#1241);
#1237 = LINE('',#1238,#1239);
#1238 = CARTESIAN_POINT('',(66.,0.));
#1239 = VECTOR('',#1240,1.);
#1240 = DIRECTION('',(0.,1.));
#1241 = ( GEOMETRIC_REPRESENTATION_CONTEXT(2) 
PARAMETRIC_REPRESENTATION_CONTEXT() REPRESENTATION_CONTEXT('2D SPACE',''
  ) );
#1242 = ORIENTED_EDGE('',*,*,#577,.F.);
#1243 = ADVANCED_FACE('',(#1244),#1210,.T.);
#1244 = FACE_BOUND('',#1245,.T.);
#1245 = EDGE_LOOP('',(#1246,#1277,#1302,#1303));
#1246 = ORIENTED_EDGE('',*,*,#1247,.F.);
#1247 = EDGE_CURVE('',#1248,#1250,#1252,.T.);
#1248 = VERTEX_POINT('',#1249);
#1249 = CARTESIAN_POINT('',(21.685248442201,-3.,112.));
#1250 = VERTEX_POINT('',#1251);
#1251 = CARTESIAN_POINT('',(21.685248442201,-43.,112.));
#1252 = SURFACE_CURVE('',#1253,(#1258,#1265),.PCURVE_S1.);
#1253 = CIRCLE('',#1254,29.5);
#1254 = AXIS2_PLACEMENT_3D('',#1255,#1256,#1257);
#1255 = CARTESIAN_POINT('',(0.,-23.,112.));
#1256 = DIRECTION('',(0.,0.,-1.));
#1257 = DIRECTION('',(0.735093167532,0.677966101695,0.));
#1258 = PCURVE('',#1210,#1259);
#1259 = DEFINITIONAL_REPRESENTATION('',(#1260),#1264);
#1260 = LINE('',#1261,#1262);
#1261 = CARTESIAN_POINT('',(7.028177541115,0.));
#1262 = VECTOR('',#1263,1.);
#1263 = DIRECTION('',(-1.,-0.));
#1264 = ( GEOMETRIC_REPRESENTATION_CONTEXT(2) 
PARAMETRIC_REPRESENTATION_CONTEXT() REPRESENTATION_CONTEXT('2D SPACE',''
  ) );
#1265 = PCURVE('',#1266,#1271);
#1266 = CYLINDRICAL_SURFACE('',#1267,29.5);
#1267 = AXIS2_PLACEMENT_3D('',#1268,#1269,#1270);
#1268 = CARTESIAN_POINT('',(0.,-23.,47.3));
#1269 = DIRECTION('',(0.,0.,1.));
#1270 = DIRECTION('',(1.,0.,-0.));
#1271 = DEFINITIONAL_REPRESENTATION('',(#1272),#1276);
#1272 = LINE('',#1273,#1274);
#1273 = CARTESIAN_POINT('',(7.028177541115,64.7));
#1274 = VECTOR('',#1275,1.);
#1275 = DIRECTION('',(-1.,-0.));
#1276 = ( GEOMETRIC_REPRESENTATION_CONTEXT(2) 
PARAMETRIC_REPRESENTATION_CONTEXT() REPRESENTATION_CONTEXT('2D SPACE',''
  ) );
#1277 = ORIENTED_EDGE('',*,*,#1278,.T.);
#1278 = EDGE_CURVE('',#1248,#1167,#1279,.T.);
#1279 = SURFACE_CURVE('',#1280,(#1285,#1295),.PCURVE_S1.);
#1280 = HYPERBOLA('',#1281,135.1724137931,20.);
#1281 = AXIS2_PLACEMENT_3D('',#1282,#1283,#1284);
#1282 = CARTESIAN_POINT('',(0.,-3.,-87.37931034482));
#1283 = DIRECTION('',(0.,1.,0.));
#1284 = DIRECTION('',(0.,-0.,1.));
#1285 = PCURVE('',#1210,#1286);
#1286 = DEFINITIONAL_REPRESENTATION('',(#1287),#1294);
#1287 = B_SPLINE_CURVE_WITH_KNOTS('',5,(#1288,#1289,#1290,#1291,#1292,
    #1293),.UNSPECIFIED.,.F.,.F.,(6,6),(0.939719100615,0.979566599769),
  .PIECEWISE_BEZIER_KNOTS.);
#1288 = CARTESIAN_POINT('',(7.028177541115,-5.143955103625E-16));
#1289 = CARTESIAN_POINT('',(7.022774490382,1.168028773211));
#1290 = CARTESIAN_POINT('',(7.017411005685,2.351886500606));
#1291 = CARTESIAN_POINT('',(7.012087029304,3.551727735507));
#1292 = CARTESIAN_POINT('',(7.006802485131,4.767711217124));
#1293 = CARTESIAN_POINT('',(7.001557280407,6.00000000016));
#1294 = ( GEOMETRIC_REPRESENTATION_CONTEXT(2) 
PARAMETRIC_REPRESENTATION_CONTEXT() REPRESENTATION_CONTEXT('2D SPACE',''
  ) );
#1295 = PCURVE('',#410,#1296);
#1296 = DEFINITIONAL_REPRESENTATION('',(#1297),#1301);
#1297 = ( BOUNDED_CURVE() B_SPLINE_CURVE(2,(#1298,#1299,#1300),
.UNSPECIFIED.,.F.,.F.) B_SPLINE_CURVE_WITH_KNOTS((3,3),(0.939719100615,
1.021093009631),.PIECEWISE_BEZIER_KNOTS.) CURVE() 
GEOMETRIC_REPRESENTATION_ITEM() RATIONAL_B_SPLINE_CURVE((1.,
1.000827828325,1.)) REPRESENTATION_ITEM('') );
#1298 = CARTESIAN_POINT('',(60.,1.685248442201));
#1299 = CARTESIAN_POINT('',(65.959888071741,2.884851720845));
#1300 = CARTESIAN_POINT('',(72.6,4.160265279325));
#1301 = ( GEOMETRIC_REPRESENTATION_CONTEXT(2) 
PARAMETRIC_REPRESENTATION_CONTEXT() REPRESENTATION_CONTEXT('2D SPACE',''
  ) );
#1302 = ORIENTED_EDGE('',*,*,#1189,.T.);
#1303 = ORIENTED_EDGE('',*,*,#1304,.F.);
#1304 = EDGE_CURVE('',#1250,#1190,#1305,.T.);
#1305 = SURFACE_CURVE('',#1306,(#1311,#1321),.PCURVE_S1.);
#1306 = HYPERBOLA('',#1307,135.1724137931,20.);
#1307 = AXIS2_PLACEMENT_3D('',#1308,#1309,#1310);
#1308 = CARTESIAN_POINT('',(0.,-43.,-87.37931034482));
#1309 = DIRECTION('',(0.,1.,0.));
#1310 = DIRECTION('',(0.,-0.,1.));
#1311 = PCURVE('',#1210,#1312);
#1312 = DEFINITIONAL_REPRESENTATION('',(#1313),#1320);
#1313 = B_SPLINE_CURVE_WITH_KNOTS('',5,(#1314,#1315,#1316,#1317,#1318,
    #1319),.UNSPECIFIED.,.F.,.F.,(6,6),(0.939719100615,0.979566599769),
  .PIECEWISE_BEZIER_KNOTS.);
#1314 = CARTESIAN_POINT('',(5.538193073244,-2.884162413274E-14));
#1315 = CARTESIAN_POINT('',(5.543596123977,1.168028773211));
#1316 = CARTESIAN_POINT('',(5.548959608674,2.351886500606));
#1317 = CARTESIAN_POINT('',(5.554283585055,3.551727735507));
#1318 = CARTESIAN_POINT('',(5.559568129228,4.767711217124));
#1319 = CARTESIAN_POINT('',(5.564813333952,6.00000000016));
#1320 = ( GEOMETRIC_REPRESENTATION_CONTEXT(2) 
PARAMETRIC_REPRESENTATION_CONTEXT() REPRESENTATION_CONTEXT('2D SPACE',''
  ) );
#1321 = PCURVE('',#464,#1322);
#1322 = DEFINITIONAL_REPRESENTATION('',(#1323),#1327);
#1323 = ( BOUNDED_CURVE() B_SPLINE_CURVE(2,(#1324,#1325,#1326),
.UNSPECIFIED.,.F.,.F.) B_SPLINE_CURVE_WITH_KNOTS((3,3),(0.939719100615,
1.021093009631),.PIECEWISE_BEZIER_KNOTS.) CURVE() 
GEOMETRIC_REPRESENTATION_ITEM() RATIONAL_B_SPLINE_CURVE((1.,
1.000827828325,1.)) REPRESENTATION_ITEM('') );
#1324 = CARTESIAN_POINT('',(60.,1.685248442201));
#1325 = CARTESIAN_POINT('',(65.959888071741,2.884851720845));
#1326 = CARTESIAN_POINT('',(72.6,4.160265279325));
#1327 = ( GEOMETRIC_REPRESENTATION_CONTEXT(2) 
PARAMETRIC_REPRESENTATION_CONTEXT() REPRESENTATION_CONTEXT('2D SPACE',''
  ) );
#1328 = ADVANCED_FACE('',(#1329,#1396),#1266,.T.);
#1329 = FACE_BOUND('',#1330,.T.);
#1330 = EDGE_LOOP('',(#1331,#1357,#1376,#1377));
#1331 = ORIENTED_EDGE('',*,*,#1332,.T.);
#1332 = EDGE_CURVE('',#1333,#1335,#1337,.T.);
#1333 = VERTEX_POINT('',#1334);
#1334 = CARTESIAN_POINT('',(21.685248442201,-43.,52.));
#1335 = VERTEX_POINT('',#1336);
#1336 = CARTESIAN_POINT('',(21.685248442201,-3.,52.));
#1337 = SURFACE_CURVE('',#1338,(#1343,#1350),.PCURVE_S1.);
#1338 = CIRCLE('',#1339,29.5);
#1339 = AXIS2_PLACEMENT_3D('',#1340,#1341,#1342);
#1340 = CARTESIAN_POINT('',(0.,-23.,52.));
#1341 = DIRECTION('',(0.,0.,1.));
#1342 = DIRECTION('',(0.735093167532,-0.677966101695,0.));
#1343 = PCURVE('',#1266,#1344);
#1344 = DEFINITIONAL_REPRESENTATION('',(#1345),#1349);
#1345 = LINE('',#1346,#1347);
#1346 = CARTESIAN_POINT('',(5.538193073244,4.7));
#1347 = VECTOR('',#1348,1.);
#1348 = DIRECTION('',(1.,0.));
#1349 = ( GEOMETRIC_REPRESENTATION_CONTEXT(2) 
PARAMETRIC_REPRESENTATION_CONTEXT() REPRESENTATION_CONTEXT('2D SPACE',''
  ) );
#1350 = PCURVE('',#437,#1351);
#1351 = DEFINITIONAL_REPRESENTATION('',(#1352),#1356);
#1352 = CIRCLE('',#1353,29.5);
#1353 = AXIS2_PLACEMENT_2D('',#1354,#1355);
#1354 = CARTESIAN_POINT('',(-20.,20.));
#1355 = DIRECTION('',(0.735093167532,-0.677966101695));
#1356 = ( GEOMETRIC_REPRESENTATION_CONTEXT(2) 
PARAMETRIC_REPRESENTATION_CONTEXT() REPRESENTATION_CONTEXT('2D SPACE',''
  ) );
#1357 = ORIENTED_EDGE('',*,*,#1358,.T.);
#1358 = EDGE_CURVE('',#1335,#1248,#1359,.T.);
#1359 = SURFACE_CURVE('',#1360,(#1364,#1370),.PCURVE_S1.);
#1360 = LINE('',#1361,#1362);
#1361 = CARTESIAN_POINT('',(21.685248442201,-3.,47.3));
#1362 = VECTOR('',#1363,1.);
#1363 = DIRECTION('',(0.,0.,1.));
#1364 = PCURVE('',#1266,#1365);
#1365 = DEFINITIONAL_REPRESENTATION('',(#1366),#1369);
#1366 = B_SPLINE_CURVE_WITH_KNOTS('',1,(#1367,#1368),.UNSPECIFIED.,.F.,
  .F.,(2,2),(4.7,64.7),.PIECEWISE_BEZIER_KNOTS.);
#1367 = CARTESIAN_POINT('',(7.028177541115,4.7));
#1368 = CARTESIAN_POINT('',(7.028177541115,64.7));
#1369 = ( GEOMETRIC_REPRESENTATION_CONTEXT(2) 
PARAMETRIC_REPRESENTATION_CONTEXT() REPRESENTATION_CONTEXT('2D SPACE',''
  ) );
#1370 = PCURVE('',#410,#1371);
#1371 = DEFINITIONAL_REPRESENTATION('',(#1372),#1375);
#1372 = B_SPLINE_CURVE_WITH_KNOTS('',1,(#1373,#1374),.UNSPECIFIED.,.F.,
  .F.,(2,2),(-5.999999999062E-07,64.7000006),.PIECEWISE_BEZIER_KNOTS.);
#1373 = CARTESIAN_POINT('',(-4.7000006,1.685248442201));
#1374 = CARTESIAN_POINT('',(60.0000006,1.685248442201));
#1375 = ( GEOMETRIC_REPRESENTATION_CONTEXT(2) 
PARAMETRIC_REPRESENTATION_CONTEXT() REPRESENTATION_CONTEXT('2D SPACE',''
  ) );
#1376 = ORIENTED_EDGE('',*,*,#1247,.T.);
#1377 = ORIENTED_EDGE('',*,*,#1378,.F.);
#1378 = EDGE_CURVE('',#1333,#1250,#1379,.T.);
#1379 = SURFACE_CURVE('',#1380,(#1384,#1390),.PCURVE_S1.);
#1380 = LINE('',#1381,#1382);
#1381 = CARTESIAN_POINT('',(21.685248442201,-43.,47.3));
#1382 = VECTOR('',#1383,1.);
#1383 = DIRECTION('',(0.,0.,1.));
#1384 = PCURVE('',#1266,#1385);
#1385 = DEFINITIONAL_REPRESENTATION('',(#1386),#1389);
#1386 = B_SPLINE_CURVE_WITH_KNOTS('',1,(#1387,#1388),.UNSPECIFIED.,.F.,
  .F.,(2,2),(4.7,64.7),.PIECEWISE_BEZIER_KNOTS.);
#1387 = CARTESIAN_POINT('',(5.538193073244,4.7));
#1388 = CARTESIAN_POINT('',(5.538193073244,64.7));
#1389 = ( GEOMETRIC_REPRESENTATION_CONTEXT(2) 
PARAMETRIC_REPRESENTATION_CONTEXT() REPRESENTATION_CONTEXT('2D SPACE',''
  ) );
#1390 = PCURVE('',#464,#1391);
#1391 = DEFINITIONAL_REPRESENTATION('',(#1392),#1395);
#1392 = B_SPLINE_CURVE_WITH_KNOTS('',1,(#1393,#1394),.UNSPECIFIED.,.F.,
  .F.,(2,2),(-5.999999999062E-07,64.7000006),.PIECEWISE_BEZIER_KNOTS.);
#1393 = CARTESIAN_POINT('',(-4.7000006,1.685248442201));
#1394 = CARTESIAN_POINT('',(60.0000006,1.685248442201));
#1395 = ( GEOMETRIC_REPRESENTATION_CONTEXT(2) 
PARAMETRIC_REPRESENTATION_CONTEXT() REPRESENTATION_CONTEXT('2D SPACE',''
  ) );
#1396 = FACE_BOUND('',#1397,.T.);
#1397 = EDGE_LOOP('',(#1398));
#1398 = ORIENTED_EDGE('',*,*,#1399,.F.);
#1399 = EDGE_CURVE('',#1400,#1400,#1402,.T.);
#1400 = VERTEX_POINT('',#1401);
#1401 = CARTESIAN_POINT('',(29.227555491351,-19.,100.));
#1402 = SURFACE_CURVE('',#1403,(#1483,#1600),.PCURVE_S1.);
#1403 = B_SPLINE_CURVE_WITH_KNOTS('',8,(#1404,#1405,#1406,#1407,#1408,
    #1409,#1410,#1411,#1412,#1413,#1414,#1415,#1416,#1417,#1418,#1419,
    #1420,#1421,#1422,#1423,#1424,#1425,#1426,#1427,#1428,#1429,#1430,
    #1431,#1432,#1433,#1434,#1435,#1436,#1437,#1438,#1439,#1440,#1441,
    #1442,#1443,#1444,#1445,#1446,#1447,#1448,#1449,#1450,#1451,#1452,
    #1453,#1454,#1455,#1456,#1457,#1458,#1459,#1460,#1461,#1462,#1463,
    #1464,#1465,#1466,#1467,#1468,#1469,#1470,#1471,#1472,#1473,#1474,
    #1475,#1476,#1477,#1478,#1479,#1480,#1481,#1482),.UNSPECIFIED.,.T.,
  .F.,(9,7,7,7,7,7,7,7,7,7,7,9),(0.,0.526820500141,0.810494517755,1.,
    1.314998361524,1.607659569329,2.005724803601,2.403790034193,
    2.696451236435,3.011449589344,3.326447942332,4.017247161672),
  .UNSPECIFIED.);
#1404 = CARTESIAN_POINT('',(29.227555491351,-19.,100.));
#1405 = CARTESIAN_POINT('',(29.227555491351,-19.,100.35817473411));
#1406 = CARTESIAN_POINT('',(29.232571796695,-19.03665416505,
    100.71592213407));
#1407 = CARTESIAN_POINT('',(29.242583795326,-19.10980855015,
    101.07128758331));
#1408 = CARTESIAN_POINT('',(29.257411776327,-19.22007404821,
    101.4221858368));
#1409 = CARTESIAN_POINT('',(29.276703775335,-19.36866333455,
    101.76603096309));
#1410 = CARTESIAN_POINT('',(29.299857940235,-19.55727571757,
    102.09945916045));
#1411 = CARTESIAN_POINT('',(29.325908574357,-19.78793806348,
    102.41795641668));
#1412 = CARTESIAN_POINT('',(29.368209326575,-20.21066481297,
    102.87525963789));
#1413 = CARTESIAN_POINT('',(29.383472355994,-20.3717959887,
    103.02957300388));
#1414 = CARTESIAN_POINT('',(29.398941056434,-20.54625074617,
    103.17678646329));
#1415 = CARTESIAN_POINT('',(29.414316839068,-20.73407653402,
    103.31546525652));
#1416 = CARTESIAN_POINT('',(29.429255300726,-20.93520393255,
    103.44408575715));
#1417 = CARTESIAN_POINT('',(29.443372807808,-21.14942750299,
    103.56102340183));
#1418 = CARTESIAN_POINT('',(29.456258935885,-21.37638454635,
    103.66453927436));
#1419 = CARTESIAN_POINT('',(29.475000743971,-21.77529159265,
    103.8117038533));
#1420 = CARTESIAN_POINT('',(29.481768886944,-21.94046306348,
    103.86380821929));
#1421 = CARTESIAN_POINT('',(29.487648103294,-22.11030992287,
    103.90831440783));
#1422 = CARTESIAN_POINT('',(29.492503973914,-22.28402879115,
    103.94459824734));
#1423 = CARTESIAN_POINT('',(29.496227306487,-22.46076322761,
    103.9721766536));
#1424 = CARTESIAN_POINT('',(29.498740254505,-22.63961797257,
    103.99070919534));
#1425 = CARTESIAN_POINT('',(29.5,-22.81967337415,104.));
#1426 = CARTESIAN_POINT('',(29.5,-23.29974115265,104.));
#1427 = CARTESIAN_POINT('',(29.496519302966,-23.5970237196,
    103.97433013623));
#1428 = CARTESIAN_POINT('',(29.489658013029,-23.88848690355,
    103.92372696639));
#1429 = CARTESIAN_POINT('',(29.479730637688,-24.17090296537,
    103.84960909606));
#1430 = CARTESIAN_POINT('',(29.467247169526,-24.44129568124,
    103.75404924213));
#1431 = CARTESIAN_POINT('',(29.452850445889,-24.69704972588,
    103.63975399593));
#1432 = CARTESIAN_POINT('',(29.437234498586,-24.93600792139,
    103.51004921031));
#1433 = CARTESIAN_POINT('',(29.40604906806,-25.36145935566,
    103.23770003058));
#1434 = CARTESIAN_POINT('',(29.390429940234,-25.55217429438,
    103.09553562976));
#1435 = CARTESIAN_POINT('',(29.374596287276,-25.72882616198,
    102.94403182397));
#1436 = CARTESIAN_POINT('',(29.358882584788,-25.89163623845,
    102.78461819233));
#1437 = CARTESIAN_POINT('',(29.343571854639,-26.04088991976,
    102.61852449154));
#1438 = CARTESIAN_POINT('',(29.328897934785,-26.1769091677,
    102.44680629461));
#1439 = CARTESIAN_POINT('',(29.315050883184,-26.30002651954,
    102.27036957824));
#1440 = CARTESIAN_POINT('',(29.284686594357,-26.56090445534,
    101.84465547855));
#1441 = CARTESIAN_POINT('',(29.268987488649,-26.68810755563,
    101.59180525484));
#1442 = CARTESIAN_POINT('',(29.255476252144,-26.79295589858,
    101.33329092707));
#1443 = CARTESIAN_POINT('',(29.24442602147,-26.87612195389,
    101.07059161897));
#1444 = CARTESIAN_POINT('',(29.236021672194,-26.93813775973,
    100.80492057305));
#1445 = CARTESIAN_POINT('',(29.230378866299,-26.97937041145,
    100.53731426219));
#1446 = CARTESIAN_POINT('',(29.227555491351,-27.,100.26870827858));
#1447 = CARTESIAN_POINT('',(29.227555491351,-27.,99.731291723903));
#1448 = CARTESIAN_POINT('',(29.230378866406,-26.97937041057,
    99.462685733597));
#1449 = CARTESIAN_POINT('',(29.236021672118,-26.93813776038,
    99.195079426882));
#1450 = CARTESIAN_POINT('',(29.244426021332,-26.87612195504,
    98.929408384932));
#1451 = CARTESIAN_POINT('',(29.255476252218,-26.79295589794,
    98.666709073017));
#1452 = CARTESIAN_POINT('',(29.268987488835,-26.68810755407,
    98.408194741016));
#1453 = CARTESIAN_POINT('',(29.284686594192,-26.56090445676,
    98.155344523754));
#1454 = CARTESIAN_POINT('',(29.315050883179,-26.30002651957,
    97.729630421818));
#1455 = CARTESIAN_POINT('',(29.328897934788,-26.17690916769,
    97.553193705343));
#1456 = CARTESIAN_POINT('',(29.343571854644,-26.04088991971,
    97.381475508398));
#1457 = CARTESIAN_POINT('',(29.358882584788,-25.89163623844,
    97.21538180767));
#1458 = CARTESIAN_POINT('',(29.374596287271,-25.72882616204,
    97.055968176075));
#1459 = CARTESIAN_POINT('',(29.390429940231,-25.55217429443,
    96.904464370256));
#1460 = CARTESIAN_POINT('',(29.406049068065,-25.36145935559,
    96.762299969369));
#1461 = CARTESIAN_POINT('',(29.437234498445,-24.9360079233,
    96.489950790913));
#1462 = CARTESIAN_POINT('',(29.452850446173,-24.6970497228,
    96.360246001612));
#1463 = CARTESIAN_POINT('',(29.467247169384,-24.44129568065,
    96.245950759107));
#1464 = CARTESIAN_POINT('',(29.479730637572,-24.17090296889,
    96.150390904921));
#1465 = CARTESIAN_POINT('',(29.48965801317,-23.88848690411,
    96.076273032368));
#1466 = CARTESIAN_POINT('',(29.496519302929,-23.59702371509,
    96.025669864113));
#1467 = CARTESIAN_POINT('',(29.5,-23.29974115523,96.));
#1468 = CARTESIAN_POINT('',(29.5,-22.70025884468,96.));
#1469 = CARTESIAN_POINT('',(29.496519302927,-22.40297628485,
    96.025669864126));
#1470 = CARTESIAN_POINT('',(29.489658013169,-22.11151309591,
    96.076273032376));
#1471 = CARTESIAN_POINT('',(29.479730637575,-21.82909703118,
    96.150390904901));
#1472 = CARTESIAN_POINT('',(29.467247169388,-21.5587043194,
    96.24595075907));
#1473 = CARTESIAN_POINT('',(29.452850446173,-21.30295027717,
    96.360246001607));
#1474 = CARTESIAN_POINT('',(29.437234498438,-21.06399207659,
    96.489950790975));
#1475 = CARTESIAN_POINT('',(29.385616400967,-20.35978523278,
    96.940742916278));
#1476 = CARTESIAN_POINT('',(29.346859147464,-19.95567469153,
    97.311306290289));
#1477 = CARTESIAN_POINT('',(29.309830989773,-19.62860611055,
    97.721168534267));
#1478 = CARTESIAN_POINT('',(29.27794535074,-19.37369314504,
    98.156359637642));
#1479 = CARTESIAN_POINT('',(29.253032540078,-19.18617043523,
    98.60732668847));
#1480 = CARTESIAN_POINT('',(29.236080282452,-19.06228717783,
    99.067654343499));
#1481 = CARTESIAN_POINT('',(29.227555491351,-19.,99.533092638664));
#1482 = CARTESIAN_POINT('',(29.227555491351,-19.,100.));
#1483 = PCURVE('',#1266,#1484);
#1484 = DEFINITIONAL_REPRESENTATION('',(#1485),#1599);
#1485 = B_SPLINE_CURVE_WITH_KNOTS('',3,(#1486,#1487,#1488,#1489,#1490,
    #1491,#1492,#1493,#1494,#1495,#1496,#1497,#1498,#1499,#1500,#1501,
    #1502,#1503,#1504,#1505,#1506,#1507,#1508,#1509,#1510,#1511,#1512,
    #1513,#1514,#1515,#1516,#1517,#1518,#1519,#1520,#1521,#1522,#1523,
    #1524,#1525,#1526,#1527,#1528,#1529,#1530,#1531,#1532,#1533,#1534,
    #1535,#1536,#1537,#1538,#1539,#1540,#1541,#1542,#1543,#1544,#1545,
    #1546,#1547,#1548,#1549,#1550,#1551,#1552,#1553,#1554,#1555,#1556,
    #1557,#1558,#1559,#1560,#1561,#1562,#1563,#1564,#1565,#1566,#1567,
    #1568,#1569,#1570,#1571,#1572,#1573,#1574,#1575,#1576,#1577,#1578,
    #1579,#1580,#1581,#1582,#1583,#1584,#1585,#1586,#1587,#1588,#1589,
    #1590,#1591,#1592,#1593,#1594,#1595,#1596,#1597,#1598),
  .UNSPECIFIED.,.T.,.F.,(4,1,1,1,1,1,1,1,1,1,1,1,1,1,1,1,1,1,1,1,1,1,1,1
    ,1,1,1,1,1,1,1,1,1,1,1,1,1,1,1,1,1,1,1,1,1,1,1,1,1,1,1,1,1,1,1,1,1,1
    ,1,1,1,1,1,1,1,1,1,1,1,1,1,1,1,1,1,1,1,1,1,1,1,1,1,1,1,1,1,1,1,1,1,1
    ,1,1,1,1,1,1,1,1,1,1,1,1,1,1,1,1,1,1,4),(0.,3.652042874247E-02,
    7.304085748494E-02,0.109561286227,0.14608171497,0.182602143712,
    0.219122572455,0.255643001197,0.29216342994,0.328683858682,
    0.365204287425,0.401724716167,0.43824514491,0.474765573652,
    0.511286002395,0.547806431137,0.58432685988,0.620847288622,
    0.657367717364,0.693888146107,0.730408574849,0.766929003592,
    0.803449432334,0.839969861077,0.876490289819,0.913010718562,
    0.949531147304,0.986051576047,1.022572004789,1.059092433532,
    1.095612862274,1.132133291017,1.168653719759,1.205174148501,
    1.241694577244,1.278215005986,1.314735434729,1.351255863471,
    1.387776292214,1.424296720956,1.460817149699,1.497337578441,
    1.533858007184,1.570378435926,1.606898864669,1.643419293411,
    1.679939722154,1.716460150896,1.752980579639,1.789501008381,
    1.826021437123,1.862541865866,1.899062294608,1.935582723351,
    1.972103152093,2.008623580836,2.045144009578,2.081664438321,
    2.118184867063,2.154705295806,2.191225724548,2.227746153291,
    2.264266582033,2.300787010776,2.337307439518,2.373827868261,
    2.410348297003,2.446868725745,2.483389154488,2.51990958323,
    2.556430011973,2.592950440715,2.629470869458,2.6659912982,
    2.702511726943,2.739032155685,2.775552584428,2.81207301317,
    2.848593441913,2.885113870655,2.921634299398,2.95815472814,
    2.994675156882,3.031195585625,3.067716014367,3.10423644311,
    3.140756871852,3.177277300595,3.213797729337,3.25031815808,
    3.286838586822,3.323359015565,3.359879444307,3.39639987305,
    3.432920301792,3.469440730535,3.505961159277,3.54248158802,
    3.579002016762,3.615522445504,3.652042874247,3.688563302989,
    3.725083731732,3.761604160474,3.798124589217,3.834645017959,
    3.871165446702,3.907685875444,3.944206304187,3.980726732929,
    4.017247161672),.QUASI_UNIFORM_KNOTS.);
#1486 = CARTESIAN_POINT('',(6.419197495191,52.7));
#1487 = CARTESIAN_POINT('',(6.419197420251,52.766211218455));
#1488 = CARTESIAN_POINT('',(6.419085058719,52.898598287472));
#1489 = CARTESIAN_POINT('',(6.418579005614,53.096840389975));
#1490 = CARTESIAN_POINT('',(6.417734905822,53.294516263574));
#1491 = CARTESIAN_POINT('',(6.416551033556,53.491381837261));
#1492 = CARTESIAN_POINT('',(6.415024951532,53.687177679436));
#1493 = CARTESIAN_POINT('',(6.413153449964,53.881624143981));
#1494 = CARTESIAN_POINT('',(6.410932629894,54.074418063932));
#1495 = CARTESIAN_POINT('',(6.408357948687,54.265228938128));
#1496 = CARTESIAN_POINT('',(6.405424277655,54.453695095328));
#1497 = CARTESIAN_POINT('',(6.402125959098,54.639419602485));
#1498 = CARTESIAN_POINT('',(6.398456868477,54.82196601597));
#1499 = CARTESIAN_POINT('',(6.394410476457,55.000853463943));
#1500 = CARTESIAN_POINT('',(6.389979930909,55.175552658334));
#1501 = CARTESIAN_POINT('',(6.385158088496,55.345476604406));
#1502 = CARTESIAN_POINT('',(6.379937761959,55.509988987642));
#1503 = CARTESIAN_POINT('',(6.374299925437,55.668679341219));
#1504 = CARTESIAN_POINT('',(6.368245663225,55.820445582876));
#1505 = CARTESIAN_POINT('',(6.361774734656,55.964258625123));
#1506 = CARTESIAN_POINT('',(6.354889590445,56.099016127656));
#1507 = CARTESIAN_POINT('',(6.347594569509,56.223577436431));
#1508 = CARTESIAN_POINT('',(6.339895912607,56.336752503919));
#1509 = CARTESIAN_POINT('',(6.331803363978,56.437292956736));
#1510 = CARTESIAN_POINT('',(6.32332464486,56.523919851313));
#1511 = CARTESIAN_POINT('',(6.314515707875,56.594937416402));
#1512 = CARTESIAN_POINT('',(6.305443834281,56.648923772653));
#1513 = CARTESIAN_POINT('',(6.296178137767,56.684794968599));
#1514 = CARTESIAN_POINT('',(6.286790371512,56.7018122805));
#1515 = CARTESIAN_POINT('',(6.277356134457,56.699508206832));
#1516 = CARTESIAN_POINT('',(6.268034253386,56.678109465317));
#1517 = CARTESIAN_POINT('',(6.2588647587,56.638272524806));
#1518 = CARTESIAN_POINT('',(6.249907066975,56.580802134255));
#1519 = CARTESIAN_POINT('',(6.241212227462,56.506716088033));
#1520 = CARTESIAN_POINT('',(6.232829499861,56.417219771537));
#1521 = CARTESIAN_POINT('',(6.224804881776,56.313725953858));
#1522 = CARTESIAN_POINT('',(6.217177552682,56.197785562302));
#1523 = CARTESIAN_POINT('',(6.209992752524,56.07133089137));
#1524 = CARTESIAN_POINT('',(6.203251063914,55.935759559627));
#1525 = CARTESIAN_POINT('',(6.196916503348,55.791509635812));
#1526 = CARTESIAN_POINT('',(6.190993713227,55.639690644092));
#1527 = CARTESIAN_POINT('',(6.185475317195,55.481127423131));
#1528 = CARTESIAN_POINT('',(6.180356235935,55.31662245332));
#1529 = CARTESIAN_POINT('',(6.175630108939,55.146893907299));
#1530 = CARTESIAN_POINT('',(6.171290328382,54.972592006386));
#1531 = CARTESIAN_POINT('',(6.167330508004,54.79432594991));
#1532 = CARTESIAN_POINT('',(6.163742589836,54.612569766829));
#1533 = CARTESIAN_POINT('',(6.160518726523,54.427710140423));
#1534 = CARTESIAN_POINT('',(6.157653479995,54.240185443945));
#1535 = CARTESIAN_POINT('',(6.155141395558,54.050374357379));
#1536 = CARTESIAN_POINT('',(6.152977695835,53.858630875107));
#1537 = CARTESIAN_POINT('',(6.151158139084,53.665279975632));
#1538 = CARTESIAN_POINT('',(6.149679100904,53.470623436069));
#1539 = CARTESIAN_POINT('',(6.148537595125,53.274943451745));
#1540 = CARTESIAN_POINT('',(6.147731311089,53.078503936812));
#1541 = CARTESIAN_POINT('',(6.147258642158,52.881562341888));
#1542 = CARTESIAN_POINT('',(6.147118728568,52.684340768803));
#1543 = CARTESIAN_POINT('',(6.147311446699,52.487150248828));
#1544 = CARTESIAN_POINT('',(6.14783699733,52.290271316177));
#1545 = CARTESIAN_POINT('',(6.148696371978,52.093935411419));
#1546 = CARTESIAN_POINT('',(6.149891288238,51.898399744286));
#1547 = CARTESIAN_POINT('',(6.151424166833,51.703931196234));
#1548 = CARTESIAN_POINT('',(6.153298097849,51.510814735716));
#1549 = CARTESIAN_POINT('',(6.155516803841,51.319355694987));
#1550 = CARTESIAN_POINT('',(6.158084621974,51.129883040206));
#1551 = CARTESIAN_POINT('',(6.16100640923,50.942755758945));
#1552 = CARTESIAN_POINT('',(6.164287732947,50.758356736913));
#1553 = CARTESIAN_POINT('',(6.167933994173,50.577134512574));
#1554 = CARTESIAN_POINT('',(6.171953748876,50.399456901872));
#1555 = CARTESIAN_POINT('',(6.176354394531,50.225840920948));
#1556 = CARTESIAN_POINT('',(6.181142483357,50.056895914885));
#1557 = CARTESIAN_POINT('',(6.186324523337,49.893284850611));
#1558 = CARTESIAN_POINT('',(6.191906851243,49.735735806724));
#1559 = CARTESIAN_POINT('',(6.1978943218,49.585064723043));
#1560 = CARTESIAN_POINT('',(6.204294650254,49.4421033945));
#1561 = CARTESIAN_POINT('',(6.211101314393,49.307995708085));
#1562 = CARTESIAN_POINT('',(6.218360578202,49.183042050197));
#1563 = CARTESIAN_POINT('',(6.226053037518,49.068974650738));
#1564 = CARTESIAN_POINT('',(6.234137521946,48.967598531763));
#1565 = CARTESIAN_POINT('',(6.24257289035,48.880460656848));
#1566 = CARTESIAN_POINT('',(6.251312851186,48.808936594628));
#1567 = CARTESIAN_POINT('',(6.260307654841,48.754202064285));
#1568 = CARTESIAN_POINT('',(6.269505330304,48.71724594417));
#1569 = CARTESIAN_POINT('',(6.278847922176,48.698830912442));
#1570 = CARTESIAN_POINT('',(6.28828822853,48.699620324355));
#1571 = CARTESIAN_POINT('',(6.297619601336,48.71956869418));
#1572 = CARTESIAN_POINT('',(6.306803216399,48.758003337769));
#1573 = CARTESIAN_POINT('',(6.315779106886,48.81414343287));
#1574 = CARTESIAN_POINT('',(6.324496112947,48.886984400267));
#1575 = CARTESIAN_POINT('',(6.332904634465,48.97533535989));
#1576 = CARTESIAN_POINT('',(6.340958589219,49.077802327381));
#1577 = CARTESIAN_POINT('',(6.34861769965,49.192833612965));
#1578 = CARTESIAN_POINT('',(6.355839209685,49.318569048435));
#1579 = CARTESIAN_POINT('',(6.362611494718,49.453410215744));
#1580 = CARTESIAN_POINT('',(6.36897558444,49.596974004721));
#1581 = CARTESIAN_POINT('',(6.374927040766,49.74815054036));
#1582 = CARTESIAN_POINT('',(6.380474165254,49.906129521144));
#1583 = CARTESIAN_POINT('',(6.385622454655,50.070120944033));
#1584 = CARTESIAN_POINT('',(6.390378568465,50.239421490097));
#1585 = CARTESIAN_POINT('',(6.394749086144,50.413389049341));
#1586 = CARTESIAN_POINT('',(6.398740676044,50.591442529513));
#1587 = CARTESIAN_POINT('',(6.402359899561,50.773055473751));
#1588 = CARTESIAN_POINT('',(6.405613124515,50.957751836936));
#1589 = CARTESIAN_POINT('',(6.408506418834,51.145101602253));
#1590 = CARTESIAN_POINT('',(6.411045457385,51.334716779383));
#1591 = CARTESIAN_POINT('',(6.413235431163,51.526247566171));
#1592 = CARTESIAN_POINT('',(6.415080961163,51.719378645487));
#1593 = CARTESIAN_POINT('',(6.416586010878,51.913825600828));
#1594 = CARTESIAN_POINT('',(6.417753812068,52.109331208506));
#1595 = CARTESIAN_POINT('',(6.418586744342,52.305662266966));
#1596 = CARTESIAN_POINT('',(6.41908638504,52.502604250194));
#1597 = CARTESIAN_POINT('',(6.419197406054,52.634177200397));
#1598 = CARTESIAN_POINT('',(6.419197495191,52.7));
#1599 = ( GEOMETRIC_REPRESENTATION_CONTEXT(2) 
PARAMETRIC_REPRESENTATION_CONTEXT() REPRESENTATION_CONTEXT('2D SPACE',''
  ) );
#1600 = PCURVE('',#1601,#1606);
#1601 = CYLINDRICAL_SURFACE('',#1602,4.);
#1602 = AXIS2_PLACEMENT_3D('',#1603,#1604,#1605);
#1603 = CARTESIAN_POINT('',(15.,-23.,100.));
#1604 = DIRECTION('',(-1.,-0.,-0.));
#1605 = DIRECTION('',(0.,1.,0.));
#1606 = DEFINITIONAL_REPRESENTATION('',(#1607),#1721);
#1607 = B_SPLINE_CURVE_WITH_KNOTS('',3,(#1608,#1609,#1610,#1611,#1612,
    #1613,#1614,#1615,#1616,#1617,#1618,#1619,#1620,#1621,#1622,#1623,
    #1624,#1625,#1626,#1627,#1628,#1629,#1630,#1631,#1632,#1633,#1634,
    #1635,#1636,#1637,#1638,#1639,#1640,#1641,#1642,#1643,#1644,#1645,
    #1646,#1647,#1648,#1649,#1650,#1651,#1652,#1653,#1654,#1655,#1656,
    #1657,#1658,#1659,#1660,#1661,#1662,#1663,#1664,#1665,#1666,#1667,
    #1668,#1669,#1670,#1671,#1672,#1673,#1674,#1675,#1676,#1677,#1678,
    #1679,#1680,#1681,#1682,#1683,#1684,#1685,#1686,#1687,#1688,#1689,
    #1690,#1691,#1692,#1693,#1694,#1695,#1696,#1697,#1698,#1699,#1700,
    #1701,#1702,#1703,#1704,#1705,#1706,#1707,#1708,#1709,#1710,#1711,
    #1712,#1713,#1714,#1715,#1716,#1717,#1718,#1719,#1720),
  .UNSPECIFIED.,.F.,.F.,(4,1,1,1,1,1,1,1,1,1,1,1,1,1,1,1,1,1,1,1,1,1,1,1
    ,1,1,1,1,1,1,1,1,1,1,1,1,1,1,1,1,1,1,1,1,1,1,1,1,1,1,1,1,1,1,1,1,1,1
    ,1,1,1,1,1,1,1,1,1,1,1,1,1,1,1,1,1,1,1,1,1,1,1,1,1,1,1,1,1,1,1,1,1,1
    ,1,1,1,1,1,1,1,1,1,1,1,1,1,1,1,1,1,1,4),(0.,3.652042874247E-02,
    7.304085748494E-02,0.109561286227,0.14608171497,0.182602143712,
    0.219122572455,0.255643001197,0.29216342994,0.328683858682,
    0.365204287425,0.401724716167,0.43824514491,0.474765573652,
    0.511286002395,0.547806431137,0.58432685988,0.620847288622,
    0.657367717364,0.693888146107,0.730408574849,0.766929003592,
    0.803449432334,0.839969861077,0.876490289819,0.913010718562,
    0.949531147304,0.986051576047,1.022572004789,1.059092433532,
    1.095612862274,1.132133291017,1.168653719759,1.205174148501,
    1.241694577244,1.278215005986,1.314735434729,1.351255863471,
    1.387776292214,1.424296720956,1.460817149699,1.497337578441,
    1.533858007184,1.570378435926,1.606898864669,1.643419293411,
    1.679939722154,1.716460150896,1.752980579639,1.789501008381,
    1.826021437123,1.862541865866,1.899062294608,1.935582723351,
    1.972103152093,2.008623580836,2.045144009578,2.081664438321,
    2.118184867063,2.154705295806,2.191225724548,2.227746153291,
    2.264266582033,2.300787010776,2.337307439518,2.373827868261,
    2.410348297003,2.446868725745,2.483389154488,2.51990958323,
    2.556430011973,2.592950440715,2.629470869458,2.6659912982,
    2.702511726943,2.739032155685,2.775552584428,2.81207301317,
    2.848593441913,2.885113870655,2.921634299398,2.95815472814,
    2.994675156882,3.031195585625,3.067716014367,3.10423644311,
    3.140756871852,3.177277300595,3.213797729337,3.25031815808,
    3.286838586822,3.323359015565,3.359879444307,3.39639987305,
    3.432920301792,3.469440730535,3.505961159277,3.54248158802,
    3.579002016762,3.615522445504,3.652042874247,3.688563302989,
    3.725083731732,3.761604160474,3.798124589217,3.834645017959,
    3.871165446702,3.907685875444,3.944206304187,3.980726732929,
    4.017247161672),.QUASI_UNIFORM_KNOTS.);
#1608 = CARTESIAN_POINT('',(0.,-14.22755549135));
#1609 = CARTESIAN_POINT('',(-1.655290233462E-02,-14.2275549531));
#1610 = CARTESIAN_POINT('',(-4.964952957454E-02,-14.22800589746));
#1611 = CARTESIAN_POINT('',(-9.933252100839E-02,-14.23002587535));
#1612 = CARTESIAN_POINT('',(-0.149119553206,-14.23337952583));
#1613 = CARTESIAN_POINT('',(-0.19907519071,-14.2380478168));
#1614 = CARTESIAN_POINT('',(-0.249263518895,-14.24400515508));
#1615 = CARTESIAN_POINT('',(-0.299748347891,-14.25121797481));
#1616 = CARTESIAN_POINT('',(-0.350593624166,-14.25964425494));
#1617 = CARTESIAN_POINT('',(-0.401863800319,-14.26923265801));
#1618 = CARTESIAN_POINT('',(-0.453624236527,-14.27992165159));
#1619 = CARTESIAN_POINT('',(-0.505941617742,-14.2916385261));
#1620 = CARTESIAN_POINT('',(-0.558884414279,-14.30429834622));
#1621 = CARTESIAN_POINT('',(-0.612523344398,-14.31780282487));
#1622 = CARTESIAN_POINT('',(-0.666932052498,-14.33203917954));
#1623 = CARTESIAN_POINT('',(-0.722187294833,-14.34687879511));
#1624 = CARTESIAN_POINT('',(-0.778371391943,-14.36217638926));
#1625 = CARTESIAN_POINT('',(-0.835684535155,-14.3777992802));
#1626 = CARTESIAN_POINT('',(-0.894121020936,-14.39353617041));
#1627 = CARTESIAN_POINT('',(-0.953717457408,-14.40916496923));
#1628 = CARTESIAN_POINT('',(-1.01450728398,-14.42444173816));
#1629 = CARTESIAN_POINT('',(-1.076532606058,-14.43910574553));
#1630 = CARTESIAN_POINT('',(-1.139844583357,-14.45288125647));
#1631 = CARTESIAN_POINT('',(-1.204493977644,-14.46547949691));
#1632 = CARTESIAN_POINT('',(-1.270574607107,-14.47660641141));
#1633 = CARTESIAN_POINT('',(-1.337845141758,-14.48591639946));
#1634 = CARTESIAN_POINT('',(-1.406035248904,-14.49310684586));
#1635 = CARTESIAN_POINT('',(-1.474905044021,-14.49793856867));
#1636 = CARTESIAN_POINT('',(-1.544226893582,-14.50024583117));
#1637 = CARTESIAN_POINT('',(-1.613765631882,-14.49993286409));
#1638 = CARTESIAN_POINT('',(-1.682678113132,-14.49703483783));
#1639 = CARTESIAN_POINT('',(-1.750980432187,-14.49168065464));
#1640 = CARTESIAN_POINT('',(-1.818522846664,-14.48405018168));
#1641 = CARTESIAN_POINT('',(-1.885188277344,-14.47437693471));
#1642 = CARTESIAN_POINT('',(-1.950837923006,-14.46293712978));
#1643 = CARTESIAN_POINT('',(-2.015314509328,-14.45004329884));
#1644 = CARTESIAN_POINT('',(-2.078466406132,-14.43602652785));
#1645 = CARTESIAN_POINT('',(-2.140028981548,-14.42125457057));
#1646 = CARTESIAN_POINT('',(-2.200054467247,-14.40601444987));
#1647 = CARTESIAN_POINT('',(-2.258918364251,-14.39047794447));
#1648 = CARTESIAN_POINT('',(-2.3166296849,-14.37488423666));
#1649 = CARTESIAN_POINT('',(-2.373288692134,-14.35942843731));
#1650 = CARTESIAN_POINT('',(-2.428965976343,-14.34429188325));
#1651 = CARTESIAN_POINT('',(-2.483735502003,-14.32963491974));
#1652 = CARTESIAN_POINT('',(-2.537668571721,-14.31559941854));
#1653 = CARTESIAN_POINT('',(-2.590828706194,-14.3023113));
#1654 = CARTESIAN_POINT('',(-2.643300851777,-14.28987473483));
#1655 = CARTESIAN_POINT('',(-2.695176152044,-14.27837867778));
#1656 = CARTESIAN_POINT('',(-2.746516010446,-14.26790617376));
#1657 = CARTESIAN_POINT('',(-2.797386724733,-14.25852692996));
#1658 = CARTESIAN_POINT('',(-2.847850889282,-14.25030051677));
#1659 = CARTESIAN_POINT('',(-2.89797025256,-14.24327660731));
#1660 = CARTESIAN_POINT('',(-2.947805480708,-14.23749589477));
#1661 = CARTESIAN_POINT('',(-2.997416526329,-14.23299071115));
#1662 = CARTESIAN_POINT('',(-3.046863495977,-14.22978561396));
#1663 = CARTESIAN_POINT('',(-3.096204871965,-14.22789785063));
#1664 = CARTESIAN_POINT('',(-3.145505887062,-14.22733779541));
#1665 = CARTESIAN_POINT('',(-3.194808644781,-14.22810906878));
#1666 = CARTESIAN_POINT('',(-3.244162940587,-14.23020681359));
#1667 = CARTESIAN_POINT('',(-3.293631925429,-14.2336196348));
#1668 = CARTESIAN_POINT('',(-3.343274578902,-14.23832914008));
#1669 = CARTESIAN_POINT('',(-3.393150887634,-14.24430957513));
#1670 = CARTESIAN_POINT('',(-3.443320921547,-14.25152732218));
#1671 = CARTESIAN_POINT('',(-3.493845461063,-14.25994030204));
#1672 = CARTESIAN_POINT('',(-3.544786471405,-14.26949735041));
#1673 = CARTESIAN_POINT('',(-3.596206703212,-14.28013724453));
#1674 = CARTESIAN_POINT('',(-3.648173137279,-14.29178860564));
#1675 = CARTESIAN_POINT('',(-3.700746265315,-14.30436609903));
#1676 = CARTESIAN_POINT('',(-3.754025649751,-14.31778076126));
#1677 = CARTESIAN_POINT('',(-3.808086602419,-14.33192361162));
#1678 = CARTESIAN_POINT('',(-3.862995611947,-14.34666669537));
#1679 = CARTESIAN_POINT('',(-3.918823561396,-14.36186508714));
#1680 = CARTESIAN_POINT('',(-3.975645311797,-14.37735551289));
#1681 = CARTESIAN_POINT('',(-4.033530991823,-14.39295327789));
#1682 = CARTESIAN_POINT('',(-4.09258524387,-14.40846078297));
#1683 = CARTESIAN_POINT('',(-4.152804439498,-14.42363281367));
#1684 = CARTESIAN_POINT('',(-4.214650833185,-14.43831312702));
#1685 = CARTESIAN_POINT('',(-4.278020531765,-14.45217353259));
#1686 = CARTESIAN_POINT('',(-4.342695521455,-14.46485878119));
#1687 = CARTESIAN_POINT('',(-4.408515822246,-14.47603807215));
#1688 = CARTESIAN_POINT('',(-4.475329562644,-14.48540447595));
#1689 = CARTESIAN_POINT('',(-4.543000183493,-14.49268801579));
#1690 = CARTESIAN_POINT('',(-4.611408886916,-14.4976625443));
#1691 = CARTESIAN_POINT('',(-4.68042061581,-14.50015844332));
#1692 = CARTESIAN_POINT('',(-4.750002106232,-14.50005121544));
#1693 = CARTESIAN_POINT('',(-4.818957524374,-14.49734853851));
#1694 = CARTESIAN_POINT('',(-4.887313615113,-14.49217893565));
#1695 = CARTESIAN_POINT('',(-4.95491849772,-14.48471683024));
#1696 = CARTESIAN_POINT('',(-5.021656777635,-14.47519229122));
#1697 = CARTESIAN_POINT('',(-5.08739000221,-14.4638785099));
#1698 = CARTESIAN_POINT('',(-5.15196403934,-14.45108524607));
#1699 = CARTESIAN_POINT('',(-5.21522195814,-14.43714378133));
#1700 = CARTESIAN_POINT('',(-5.276926329195,-14.42241467373));
#1701 = CARTESIAN_POINT('',(-5.337036665994,-14.40720928338));
#1702 = CARTESIAN_POINT('',(-5.395969158042,-14.39169263933));
#1703 = CARTESIAN_POINT('',(-5.453735444625,-14.37610459183));
#1704 = CARTESIAN_POINT('',(-5.510444777318,-14.36063931913));
#1705 = CARTESIAN_POINT('',(-5.566173331349,-14.34547787226));
#1706 = CARTESIAN_POINT('',(-5.621000463454,-14.33078052098));
#1707 = CARTESIAN_POINT('',(-5.675000029602,-14.31669004813));
#1708 = CARTESIAN_POINT('',(-5.728243591445,-14.3033322393));
#1709 = CARTESIAN_POINT('',(-5.780800325648,-14.29081720898));
#1710 = CARTESIAN_POINT('',(-5.832737735777,-14.2792405479));
#1711 = CARTESIAN_POINT('',(-5.884122090198,-14.26868452808));
#1712 = CARTESIAN_POINT('',(-5.935018889378,-14.25921927153));
#1713 = CARTESIAN_POINT('',(-5.985493292154,-14.25090387947));
#1714 = CARTESIAN_POINT('',(-6.035610524707,-14.24378750564));
#1715 = CARTESIAN_POINT('',(-6.085436279835,-14.23791034007));
#1716 = CARTESIAN_POINT('',(-6.135037078588,-14.23330457191));
#1717 = CARTESIAN_POINT('',(-6.184480725125,-14.22999502818));
#1718 = CARTESIAN_POINT('',(-6.233836391893,-14.22800059102));
#1719 = CARTESIAN_POINT('',(-6.266729530159,-14.22755503962));
#1720 = CARTESIAN_POINT('',(-6.28318530718,-14.22755549135));
#1721 = ( GEOMETRIC_REPRESENTATION_CONTEXT(2) 
PARAMETRIC_REPRESENTATION_CONTEXT() REPRESENTATION_CONTEXT('2D SPACE',''
  ) );
#1722 = ADVANCED_FACE('',(#1723),#1601,.F.);
#1723 = FACE_BOUND('',#1724,.T.);
#1724 = EDGE_LOOP('',(#1725,#2044,#2065,#2066));
#1725 = ORIENTED_EDGE('',*,*,#1726,.F.);
#1726 = EDGE_CURVE('',#1727,#1727,#1729,.T.);
#1727 = VERTEX_POINT('',#1728);
#1728 = CARTESIAN_POINT('',(27.207535720826,-19.,100.));
#1729 = SURFACE_CURVE('',#1730,(#1810,#1927),.PCURVE_S1.);
#1730 = B_SPLINE_CURVE_WITH_KNOTS('',8,(#1731,#1732,#1733,#1734,#1735,
    #1736,#1737,#1738,#1739,#1740,#1741,#1742,#1743,#1744,#1745,#1746,
    #1747,#1748,#1749,#1750,#1751,#1752,#1753,#1754,#1755,#1756,#1757,
    #1758,#1759,#1760,#1761,#1762,#1763,#1764,#1765,#1766,#1767,#1768,
    #1769,#1770,#1771,#1772,#1773,#1774,#1775,#1776,#1777,#1778,#1779,
    #1780,#1781,#1782,#1783,#1784,#1785,#1786,#1787,#1788,#1789,#1790,
    #1791,#1792,#1793,#1794,#1795,#1796,#1797,#1798,#1799,#1800,#1801,
    #1802,#1803,#1804,#1805,#1806,#1807,#1808,#1809),.UNSPECIFIED.,.T.,
  .F.,(9,7,7,7,7,7,7,7,7,7,7,9),(0.,0.526779153702,0.810511098016,1.,
    1.315012456686,1.607751857864,2.005787972709,2.403824087554,
    2.696563488731,3.011575944814,3.326588403328,4.017401814663),
  .UNSPECIFIED.);
#1731 = CARTESIAN_POINT('',(27.207535720826,-19.,100.));
#1732 = CARTESIAN_POINT('',(27.207535720826,-19.,100.35824565535));
#1733 = CARTESIAN_POINT('',(27.212926597874,-19.03666868315,
    100.71606087503));
#1734 = CARTESIAN_POINT('',(27.223686026916,-19.10985095735,
    101.07147786965));
#1735 = CARTESIAN_POINT('',(27.239618878513,-19.2201503052,
    101.42239990819));
#1736 = CARTESIAN_POINT('',(27.260343205642,-19.36876696938,
    101.76623434974));
#1737 = CARTESIAN_POINT('',(27.28520829731,-19.55738521682,
    102.09961727248));
#1738 = CARTESIAN_POINT('',(27.313174342579,-19.78801707853,
    102.41804189468));
#1739 = CARTESIAN_POINT('',(27.358577232321,-20.210664082,
    102.87525884714));
#1740 = CARTESIAN_POINT('',(27.374960484312,-20.3717878182,
    103.02956436146));
#1741 = CARTESIAN_POINT('',(27.391562657851,-20.54623060765,
    103.17676840598));
#1742 = CARTESIAN_POINT('',(27.40806365701,-20.7340432837,
    103.31544037336));
#1743 = CARTESIAN_POINT('',(27.424094359634,-20.93516081037,
    103.44405930669));
#1744 = CARTESIAN_POINT('',(27.439243575765,-21.14938288299,
    103.56100162177));
#1745 = CARTESIAN_POINT('',(27.453071241503,-21.37635239509,
    103.66452741313));
#1746 = CARTESIAN_POINT('',(27.473179790427,-21.77526647325,
    103.81169458626));
#1747 = CARTESIAN_POINT('',(27.480440563953,-21.94042232706,
    103.86379596759));
#1748 = CARTESIAN_POINT('',(27.486747913673,-22.11026174074,
    103.90830302738));
#1749 = CARTESIAN_POINT('',(27.491957532939,-22.28398016475,
    103.94458976566));
#1750 = CARTESIAN_POINT('',(27.495952209823,-22.46072011766,
    103.97217170668));
#1751 = CARTESIAN_POINT('',(27.498648367658,-22.63958539399,
    103.99070734876));
#1752 = CARTESIAN_POINT('',(27.5,-22.81965545468,104.));
#1753 = CARTESIAN_POINT('',(27.5,-23.29981058348,104.));
#1754 = CARTESIAN_POINT('',(27.496264431186,-23.59713756168,
    103.97431824356));
#1755 = CARTESIAN_POINT('',(27.488901794791,-23.88862293768,
    103.92369895543));
#1756 = CARTESIAN_POINT('',(27.478250046344,-24.17104221415,
    103.84956642496));
#1757 = CARTESIAN_POINT('',(27.464856223578,-24.44142187317,
    103.75399758635));
#1758 = CARTESIAN_POINT('',(27.449409719947,-24.69714821806,
    103.6397028839));
#1759 = CARTESIAN_POINT('',(27.432655182436,-24.93606450484,
    103.51001298888));
#1760 = CARTESIAN_POINT('',(27.399193167177,-25.36145234894,
    103.23770451588));
#1761 = CARTESIAN_POINT('',(27.382430686369,-25.55215866647,
    103.09554700567));
#1762 = CARTESIAN_POINT('',(27.365436446474,-25.72880270653,
    102.94405166864));
#1763 = CARTESIAN_POINT('',(27.348569135427,-25.89160782055,
    102.78464631127));
#1764 = CARTESIAN_POINT('',(27.332132379634,-26.04086094059,
    102.61855814783));
#1765 = CARTESIAN_POINT('',(27.316377209329,-26.17688486969,
    102.44683959456));
#1766 = CARTESIAN_POINT('',(27.301507862113,-26.30001217127,
    102.27039299248));
#1767 = CARTESIAN_POINT('',(27.268904112733,-26.56087281133,
    101.8447071169));
#1768 = CARTESIAN_POINT('',(27.252045804911,-26.688065269,
    101.59189331618));
#1769 = CARTESIAN_POINT('',(27.237533669498,-26.79291715256,
    101.33339748062));
#1770 = CARTESIAN_POINT('',(27.225662582784,-26.87609421906,
    101.07069871433));
#1771 = CARTESIAN_POINT('',(27.216632689784,-26.93812269033,
    100.8050125859));
#1772 = CARTESIAN_POINT('',(27.210569457514,-26.97936536316,
    100.53737974294));
#1773 = CARTESIAN_POINT('',(27.207535720826,-27.,100.26874115721));
#1774 = CARTESIAN_POINT('',(27.207535720826,-27.,99.731258842785));
#1775 = CARTESIAN_POINT('',(27.210569457514,-26.97936536316,
    99.462620257052));
#1776 = CARTESIAN_POINT('',(27.216632689784,-26.93812269033,
    99.194987414097));
#1777 = CARTESIAN_POINT('',(27.225662582784,-26.87609421906,
    98.929301285662));
#1778 = CARTESIAN_POINT('',(27.237533669498,-26.79291715256,
    98.66660251938));
#1779 = CARTESIAN_POINT('',(27.252045804911,-26.688065269,
    98.408106683816));
#1780 = CARTESIAN_POINT('',(27.268904112733,-26.56087281133,
    98.155292883098));
#1781 = CARTESIAN_POINT('',(27.301507862113,-26.30001217127,
    97.729607007513));
#1782 = CARTESIAN_POINT('',(27.316377209329,-26.17688486969,
    97.553160405438));
#1783 = CARTESIAN_POINT('',(27.332132379634,-26.04086094059,
    97.381441852161));
#1784 = CARTESIAN_POINT('',(27.348569135427,-25.89160782055,
    97.215353688721));
#1785 = CARTESIAN_POINT('',(27.365436446474,-25.72880270653,
    97.055948331355));
#1786 = CARTESIAN_POINT('',(27.382430686369,-25.55215866647,
    96.904452994321));
#1787 = CARTESIAN_POINT('',(27.399193167177,-25.36145234894,
    96.762295484119));
#1788 = CARTESIAN_POINT('',(27.432655182402,-24.93606450527,
    96.489987011383));
#1789 = CARTESIAN_POINT('',(27.449409719942,-24.69714821823,
    96.360297116118));
#1790 = CARTESIAN_POINT('',(27.4648562236,-24.44142187293,
    96.246002413482));
#1791 = CARTESIAN_POINT('',(27.478250046364,-24.17104221371,
    96.15043357491));
#1792 = CARTESIAN_POINT('',(27.488901794789,-23.88862293743,
    96.076301044584));
#1793 = CARTESIAN_POINT('',(27.496264431173,-23.59713756188,
    96.025681756521));
#1794 = CARTESIAN_POINT('',(27.5,-23.29981058398,96.));
#1795 = CARTESIAN_POINT('',(27.5,-22.7001894137,96.));
#1796 = CARTESIAN_POINT('',(27.496264431139,-22.40286244251,
    96.025681756824));
#1797 = CARTESIAN_POINT('',(27.488901794935,-22.11137706192,
    96.07630104339));
#1798 = CARTESIAN_POINT('',(27.478250046236,-21.82895778274,
    96.150433575909));
#1799 = CARTESIAN_POINT('',(27.464856223446,-21.55857812757,
    96.246002414724));
#1800 = CARTESIAN_POINT('',(27.449409720239,-21.3028517848,
    96.360297113731));
#1801 = CARTESIAN_POINT('',(27.432655182267,-21.063935493,
    96.489987012488));
#1802 = CARTESIAN_POINT('',(27.377275738098,-20.35992104019,
    96.940655980302));
#1803 = CARTESIAN_POINT('',(27.335685867096,-19.95587879635,
    97.311112837049));
#1804 = CARTESIAN_POINT('',(27.295935211273,-19.62881555575,
    97.720883976032));
#1805 = CARTESIAN_POINT('',(27.261687845029,-19.37385917455,
    98.15602672998));
#1806 = CARTESIAN_POINT('',(27.234918970262,-19.1862699989,
    98.607004089848));
#1807 = CARTESIAN_POINT('',(27.21669885245,-19.06232406561,
    99.067401324113));
#1808 = CARTESIAN_POINT('',(27.207535720826,-19.,99.532954346666));
#1809 = CARTESIAN_POINT('',(27.207535720826,-19.,100.));
#1810 = PCURVE('',#1601,#1811);
#1811 = DEFINITIONAL_REPRESENTATION('',(#1812),#1926);
#1812 = B_SPLINE_CURVE_WITH_KNOTS('',3,(#1813,#1814,#1815,#1816,#1817,
    #1818,#1819,#1820,#1821,#1822,#1823,#1824,#1825,#1826,#1827,#1828,
    #1829,#1830,#1831,#1832,#1833,#1834,#1835,#1836,#1837,#1838,#1839,
    #1840,#1841,#1842,#1843,#1844,#1845,#1846,#1847,#1848,#1849,#1850,
    #1851,#1852,#1853,#1854,#1855,#1856,#1857,#1858,#1859,#1860,#1861,
    #1862,#1863,#1864,#1865,#1866,#1867,#1868,#1869,#1870,#1871,#1872,
    #1873,#1874,#1875,#1876,#1877,#1878,#1879,#1880,#1881,#1882,#1883,
    #1884,#1885,#1886,#1887,#1888,#1889,#1890,#1891,#1892,#1893,#1894,
    #1895,#1896,#1897,#1898,#1899,#1900,#1901,#1902,#1903,#1904,#1905,
    #1906,#1907,#1908,#1909,#1910,#1911,#1912,#1913,#1914,#1915,#1916,
    #1917,#1918,#1919,#1920,#1921,#1922,#1923,#1924,#1925),
  .UNSPECIFIED.,.F.,.F.,(4,1,1,1,1,1,1,1,1,1,1,1,1,1,1,1,1,1,1,1,1,1,1,1
    ,1,1,1,1,1,1,1,1,1,1,1,1,1,1,1,1,1,1,1,1,1,1,1,1,1,1,1,1,1,1,1,1,1,1
    ,1,1,1,1,1,1,1,1,1,1,1,1,1,1,1,1,1,1,1,1,1,1,1,1,1,1,1,1,1,1,1,1,1,1
    ,1,1,1,1,1,1,1,1,1,1,1,1,1,1,1,1,1,1,4),(0.,3.652183467875E-02,
    7.30436693575E-02,0.109565504036,0.146087338715,0.182609173394,
    0.219131008073,0.255652842751,0.29217467743,0.328696512109,
    0.365218346788,0.401740181466,0.438262016145,0.474783850824,
    0.511305685503,0.547827520181,0.58434935486,0.620871189539,
    0.657393024218,0.693914858896,0.730436693575,0.766958528254,
    0.803480362933,0.840002197611,0.87652403229,0.913045866969,
    0.949567701648,0.986089536326,1.022611371005,1.059133205684,
    1.095655040363,1.132176875041,1.16869870972,1.205220544399,
    1.241742379078,1.278264213756,1.314786048435,1.351307883114,
    1.387829717793,1.424351552471,1.46087338715,1.497395221829,
    1.533917056508,1.570438891186,1.606960725865,1.643482560544,
    1.680004395223,1.716526229901,1.75304806458,1.789569899259,
    1.826091733938,1.862613568616,1.899135403295,1.935657237974,
    1.972179072653,2.008700907331,2.04522274201,2.081744576689,
    2.118266411368,2.154788246046,2.191310080725,2.227831915404,
    2.264353750083,2.300875584761,2.33739741944,2.373919254119,
    2.410441088798,2.446962923476,2.483484758155,2.520006592834,
    2.556528427513,2.593050262191,2.62957209687,2.666093931549,
    2.702615766228,2.739137600906,2.775659435585,2.812181270264,
    2.848703104943,2.885224939621,2.9217467743,2.958268608979,
    2.994790443658,3.031312278336,3.067834113015,3.104355947694,
    3.140877782373,3.177399617051,3.21392145173,3.250443286409,
    3.286965121088,3.323486955766,3.360008790445,3.396530625124,
    3.433052459803,3.469574294481,3.50609612916,3.542617963839,
    3.579139798518,3.615661633196,3.652183467875,3.688705302554,
    3.725227137233,3.761748971911,3.79827080659,3.834792641269,
    3.871314475948,3.907836310626,3.944358145305,3.980879979984,
    4.017401814663),.QUASI_UNIFORM_KNOTS.);
#1813 = CARTESIAN_POINT('',(0.,-12.20753572082));
#1814 = CARTESIAN_POINT('',(-1.655811803105E-02,-12.20753513654));
#1815 = CARTESIAN_POINT('',(-4.966510044836E-02,-12.20801987705));
#1816 = CARTESIAN_POINT('',(-9.936314555899E-02,-12.21019114617));
#1817 = CARTESIAN_POINT('',(-0.149164496107,-12.2137958386));
#1818 = CARTESIAN_POINT('',(-0.199133480677,-12.21881330118));
#1819 = CARTESIAN_POINT('',(-0.249333963308,-12.2252157788));
#1820 = CARTESIAN_POINT('',(-0.299829549967,-12.23296689864));
#1821 = CARTESIAN_POINT('',(-0.350684000214,-12.24202116643));
#1822 = CARTESIAN_POINT('',(-0.401961597456,-12.25232305427));
#1823 = CARTESIAN_POINT('',(-0.453727550569,-12.26380607261));
#1824 = CARTESIAN_POINT('',(-0.506048410753,-12.27639173173));
#1825 = CARTESIAN_POINT('',(-0.558992532813,-12.28998843369));
#1826 = CARTESIAN_POINT('',(-0.61263053334,-12.30449028053));
#1827 = CARTESIAN_POINT('',(-0.667035982173,-12.31977586973));
#1828 = CARTESIAN_POINT('',(-0.7222855339,-12.3357068621));
#1829 = CARTESIAN_POINT('',(-0.778461576084,-12.35212716549));
#1830 = CARTESIAN_POINT('',(-0.835764648986,-12.36889439812));
#1831 = CARTESIAN_POINT('',(-0.894189952036,-12.38578205825));
#1832 = CARTESIAN_POINT('',(-0.953774973114,-12.40255215455));
#1833 = CARTESIAN_POINT('',(-1.014553992619,-12.41894330354));
#1834 = CARTESIAN_POINT('',(-1.076569916409,-12.4346761257));
#1835 = CARTESIAN_POINT('',(-1.13987475454,-12.44945514738));
#1836 = CARTESIAN_POINT('',(-1.204519880448,-12.4629708115));
#1837 = CARTESIAN_POINT('',(-1.270600628987,-12.47490797798));
#1838 = CARTESIAN_POINT('',(-1.337876606124,-12.48489587056));
#1839 = CARTESIAN_POINT('',(-1.406075855493,-12.4926093979));
#1840 = CARTESIAN_POINT('',(-1.474957724265,-12.49779175039));
#1841 = CARTESIAN_POINT('',(-1.544294073882,-12.50026496459));
#1842 = CARTESIAN_POINT('',(-1.613848344911,-12.4999260853));
#1843 = CARTESIAN_POINT('',(-1.682770640231,-12.49681328421));
#1844 = CARTESIAN_POINT('',(-1.7510791288,-12.49106535265));
#1845 = CARTESIAN_POINT('',(-1.818623990081,-12.48287553091));
#1846 = CARTESIAN_POINT('',(-1.885288476691,-12.47249449936));
#1847 = CARTESIAN_POINT('',(-1.95093386081,-12.46021864564));
#1848 = CARTESIAN_POINT('',(-2.01540273358,-12.44638330239));
#1849 = CARTESIAN_POINT('',(-2.078543510371,-12.43134361365));
#1850 = CARTESIAN_POINT('',(-2.140090086174,-12.41549447303));
#1851 = CARTESIAN_POINT('',(-2.200097995865,-12.39914287215));
#1852 = CARTESIAN_POINT('',(-2.258945205122,-12.38247216447));
#1853 = CARTESIAN_POINT('',(-2.316640484799,-12.36573884934));
#1854 = CARTESIAN_POINT('',(-2.373284613453,-12.34915201107));
#1855 = CARTESIAN_POINT('',(-2.428948518166,-12.33290609232));
#1856 = CARTESIAN_POINT('',(-2.48370658518,-12.31717308103));
#1857 = CARTESIAN_POINT('',(-2.537630508121,-12.30210524538));
#1858 = CARTESIAN_POINT('',(-2.590784375871,-12.2878377855));
#1859 = CARTESIAN_POINT('',(-2.643253177751,-12.27448279266));
#1860 = CARTESIAN_POINT('',(-2.695127514632,-12.2621362211));
#1861 = CARTESIAN_POINT('',(-2.746468722332,-12.25088758967));
#1862 = CARTESIAN_POINT('',(-2.797342881597,-12.24081215178));
#1863 = CARTESIAN_POINT('',(-2.847812388725,-12.23197426845));
#1864 = CARTESIAN_POINT('',(-2.897938768329,-12.22442766035));
#1865 = CARTESIAN_POINT('',(-2.947782449596,-12.21821637435));
#1866 = CARTESIAN_POINT('',(-2.997403131818,-12.21337543518));
#1867 = CARTESIAN_POINT('',(-3.046860655552,-12.2099314638));
#1868 = CARTESIAN_POINT('',(-3.096213216952,-12.20790316626));
#1869 = CARTESIAN_POINT('',(-3.145525773285,-12.20730179554));
#1870 = CARTESIAN_POINT('',(-3.194840046811,-12.20813127216));
#1871 = CARTESIAN_POINT('',(-3.244205512503,-12.21038632782));
#1872 = CARTESIAN_POINT('',(-3.293685033395,-12.21405459617));
#1873 = CARTESIAN_POINT('',(-3.343337308689,-12.21911612473));
#1874 = CARTESIAN_POINT('',(-3.393222060272,-12.22554299161));
#1875 = CARTESIAN_POINT('',(-3.443399107686,-12.23329877682));
#1876 = CARTESIAN_POINT('',(-3.493928997591,-12.24233793221));
#1877 = CARTESIAN_POINT('',(-3.544873474586,-12.25260512442));
#1878 = CARTESIAN_POINT('',(-3.596295096742,-12.26403420919));
#1879 = CARTESIAN_POINT('',(-3.648260626441,-12.27654812927));
#1880 = CARTESIAN_POINT('',(-3.700830513299,-12.29005490836));
#1881 = CARTESIAN_POINT('',(-3.754103691633,-12.30445855443));
#1882 = CARTESIAN_POINT('',(-3.808155729611,-12.31964186893));
#1883 = CARTESIAN_POINT('',(-3.863053623733,-12.33546745444));
#1884 = CARTESIAN_POINT('',(-3.918868659478,-12.35177976871));
#1885 = CARTESIAN_POINT('',(-3.975676122108,-12.36840368027));
#1886 = CARTESIAN_POINT('',(-4.03354644771,-12.38514113363));
#1887 = CARTESIAN_POINT('',(-4.092584905492,-12.4017803973));
#1888 = CARTESIAN_POINT('',(-4.15278721178,-12.41805839352));
#1889 = CARTESIAN_POINT('',(-4.214619924666,-12.43380888311));
#1890 = CARTESIAN_POINT('',(-4.277980072599,-12.44868003427));
#1891 = CARTESIAN_POINT('',(-4.342648870197,-12.46229057103));
#1892 = CARTESIAN_POINT('',(-4.408466251221,-12.47428562724));
#1893 = CARTESIAN_POINT('',(-4.475280290716,-12.48433591578));
#1894 = CARTESIAN_POINT('',(-4.542954534737,-12.49215176267));
#1895 = CARTESIAN_POINT('',(-4.611370507173,-12.4974904103));
#1896 = CARTESIAN_POINT('',(-4.68039325696,-12.50016965384));
#1897 = CARTESIAN_POINT('',(-4.74999102213,-12.50005538069));
#1898 = CARTESIAN_POINT('',(-4.818957419196,-12.49715581839));
#1899 = CARTESIAN_POINT('',(-4.887320874972,-12.4916093434));
#1900 = CARTESIAN_POINT('',(-4.954929560187,-12.48360327028));
#1901 = CARTESIAN_POINT('',(-5.021668409283,-12.47338452519));
#1902 = CARTESIAN_POINT('',(-5.08739907245,-12.46124619961));
#1903 = CARTESIAN_POINT('',(-5.151967343129,-12.44752060217));
#1904 = CARTESIAN_POINT('',(-5.215216271999,-12.43256308572));
#1905 = CARTESIAN_POINT('',(-5.276907392602,-12.41676069306));
#1906 = CARTESIAN_POINT('',(-5.337002119338,-12.40044694035));
#1907 = CARTESIAN_POINT('',(-5.395921780475,-12.38379723674));
#1908 = CARTESIAN_POINT('',(-5.453676717886,-12.36706909229));
#1909 = CARTESIAN_POINT('',(-5.510376561288,-12.35047068548));
#1910 = CARTESIAN_POINT('',(-5.566097415257,-12.33419633431));
#1911 = CARTESIAN_POINT('',(-5.620918682015,-12.31841812344));
#1912 = CARTESIAN_POINT('',(-5.674914224474,-12.30328946676));
#1913 = CARTESIAN_POINT('',(-5.728155611544,-12.28894560847));
#1914 = CARTESIAN_POINT('',(-5.78071201499,-12.27550503452));
#1915 = CARTESIAN_POINT('',(-5.832650922995,-12.26307068837));
#1916 = CARTESIAN_POINT('',(-5.884038576206,-12.25173124967));
#1917 = CARTESIAN_POINT('',(-5.934940434372,-12.24156237416));
#1918 = CARTESIAN_POINT('',(-5.985421601833,-12.23262789198));
#1919 = CARTESIAN_POINT('',(-6.035547235983,-12.22498094691));
#1920 = CARTESIAN_POINT('',(-6.08538294619,-12.21866504034));
#1921 = CARTESIAN_POINT('',(-6.134995155464,-12.21371505469));
#1922 = CARTESIAN_POINT('',(-6.184451555119,-12.21015792723));
#1923 = CARTESIAN_POINT('',(-6.233821192029,-12.20801417078));
#1924 = CARTESIAN_POINT('',(-6.266724359581,-12.2075352307));
#1925 = CARTESIAN_POINT('',(-6.28318530718,-12.20753572082));
#1926 = ( GEOMETRIC_REPRESENTATION_CONTEXT(2) 
PARAMETRIC_REPRESENTATION_CONTEXT() REPRESENTATION_CONTEXT('2D SPACE',''
  ) );
#1927 = PCURVE('',#127,#1928);
#1928 = DEFINITIONAL_REPRESENTATION('',(#1929),#2043);
#1929 = B_SPLINE_CURVE_WITH_KNOTS('',3,(#1930,#1931,#1932,#1933,#1934,
    #1935,#1936,#1937,#1938,#1939,#1940,#1941,#1942,#1943,#1944,#1945,
    #1946,#1947,#1948,#1949,#1950,#1951,#1952,#1953,#1954,#1955,#1956,
    #1957,#1958,#1959,#1960,#1961,#1962,#1963,#1964,#1965,#1966,#1967,
    #1968,#1969,#1970,#1971,#1972,#1973,#1974,#1975,#1976,#1977,#1978,
    #1979,#1980,#1981,#1982,#1983,#1984,#1985,#1986,#1987,#1988,#1989,
    #1990,#1991,#1992,#1993,#1994,#1995,#1996,#1997,#1998,#1999,#2000,
    #2001,#2002,#2003,#2004,#2005,#2006,#2007,#2008,#2009,#2010,#2011,
    #2012,#2013,#2014,#2015,#2016,#2017,#2018,#2019,#2020,#2021,#2022,
    #2023,#2024,#2025,#2026,#2027,#2028,#2029,#2030,#2031,#2032,#2033,
    #2034,#2035,#2036,#2037,#2038,#2039,#2040,#2041,#2042),
  .UNSPECIFIED.,.T.,.F.,(4,1,1,1,1,1,1,1,1,1,1,1,1,1,1,1,1,1,1,1,1,1,1,1
    ,1,1,1,1,1,1,1,1,1,1,1,1,1,1,1,1,1,1,1,1,1,1,1,1,1,1,1,1,1,1,1,1,1,1
    ,1,1,1,1,1,1,1,1,1,1,1,1,1,1,1,1,1,1,1,1,1,1,1,1,1,1,1,1,1,1,1,1,1,1
    ,1,1,1,1,1,1,1,1,1,1,1,1,1,1,1,1,1,1,4),(0.,3.652183467875E-02,
    7.30436693575E-02,0.109565504036,0.146087338715,0.182609173394,
    0.219131008073,0.255652842751,0.29217467743,0.328696512109,
    0.365218346788,0.401740181466,0.438262016145,0.474783850824,
    0.511305685503,0.547827520181,0.58434935486,0.620871189539,
    0.657393024218,0.693914858896,0.730436693575,0.766958528254,
    0.803480362933,0.840002197611,0.87652403229,0.913045866969,
    0.949567701648,0.986089536326,1.022611371005,1.059133205684,
    1.095655040363,1.132176875041,1.16869870972,1.205220544399,
    1.241742379078,1.278264213756,1.314786048435,1.351307883114,
    1.387829717793,1.424351552471,1.46087338715,1.497395221829,
    1.533917056508,1.570438891186,1.606960725865,1.643482560544,
    1.680004395223,1.716526229901,1.75304806458,1.789569899259,
    1.826091733938,1.862613568616,1.899135403295,1.935657237974,
    1.972179072653,2.008700907331,2.04522274201,2.081744576689,
    2.118266411368,2.154788246046,2.191310080725,2.227831915404,
    2.264353750083,2.300875584761,2.33739741944,2.373919254119,
    2.410441088798,2.446962923476,2.483484758155,2.520006592834,
    2.556528427513,2.593050262191,2.62957209687,2.666093931549,
    2.702615766228,2.739137600906,2.775659435585,2.812181270264,
    2.848703104943,2.885224939621,2.9217467743,2.958268608979,
    2.994790443658,3.031312278336,3.067834113015,3.104355947694,
    3.140877782373,3.177399617051,3.21392145173,3.250443286409,
    3.286965121088,3.323486955766,3.360008790445,3.396530625124,
    3.433052459803,3.469574294481,3.50609612916,3.542617963839,
    3.579139798518,3.615661633196,3.652183467875,3.688705302554,
    3.725227137233,3.761748971911,3.79827080659,3.834792641269,
    3.871314475948,3.907836310626,3.944358145305,3.980879979984,
    4.017401814663),.QUASI_UNIFORM_KNOTS.);
#1930 = CARTESIAN_POINT('',(6.429157695724,52.7));
#1931 = CARTESIAN_POINT('',(6.429157616517,52.766232084728));
#1932 = CARTESIAN_POINT('',(6.429036834219,52.898660568803));
#1933 = CARTESIAN_POINT('',(6.428492878323,53.096962432096));
#1934 = CARTESIAN_POINT('',(6.42758558844,53.29469425068));
#1935 = CARTESIAN_POINT('',(6.426313155626,53.491610655909));
#1936 = CARTESIAN_POINT('',(6.424673019349,53.68745105247));
#1937 = CARTESIAN_POINT('',(6.42266180308,53.881934798521));
#1938 = CARTESIAN_POINT('',(6.420275402324,54.074757914982));
#1939 = CARTESIAN_POINT('',(6.417509032575,54.265589289363));
#1940 = CARTESIAN_POINT('',(6.414357289967,54.454066853625));
#1941 = CARTESIAN_POINT('',(6.410814211262,54.639793502903));
#1942 = CARTESIAN_POINT('',(6.406873339038,54.822332858451));
#1943 = CARTESIAN_POINT('',(6.402527787061,55.001204344722));
#1944 = CARTESIAN_POINT('',(6.397770325105,55.175879247749));
#1945 = CARTESIAN_POINT('',(6.392593416122,55.345771266406));
#1946 = CARTESIAN_POINT('',(6.386989459892,55.510245493292));
#1947 = CARTESIAN_POINT('',(6.380938113517,55.668893754844));
#1948 = CARTESIAN_POINT('',(6.374440548026,55.820617633811));
#1949 = CARTESIAN_POINT('',(6.36749648327,55.964391090783));
#1950 = CARTESIAN_POINT('',(6.360108503006,56.099114127807));
#1951 = CARTESIAN_POINT('',(6.352281192695,56.223647660591));
#1952 = CARTESIAN_POINT('',(6.344021142439,56.336802494051));
#1953 = CARTESIAN_POINT('',(6.335338705176,56.437329896607));
#1954 = CARTESIAN_POINT('',(6.326241913383,56.523950896954));
#1955 = CARTESIAN_POINT('',(6.316790590632,56.594967152604));
#1956 = CARTESIAN_POINT('',(6.30705705601,56.648951396856));
#1957 = CARTESIAN_POINT('',(6.297115469624,56.684816372395));
#1958 = CARTESIAN_POINT('',(6.287042775905,56.701820893219));
#1959 = CARTESIAN_POINT('',(6.276920171757,56.699495182694));
#1960 = CARTESIAN_POINT('',(6.266918910577,56.678068783905));
#1961 = CARTESIAN_POINT('',(6.257081516452,56.638202092148));
#1962 = CARTESIAN_POINT('',(6.247471625092,56.580702894578));
#1963 = CARTESIAN_POINT('',(6.23814384683,56.50659181962));
#1964 = CARTESIAN_POINT('',(6.229150926177,56.417076809051));
#1965 = CARTESIAN_POINT('',(6.220542154794,56.313573372368));
#1966 = CARTESIAN_POINT('',(6.212359508679,56.197634523256));
#1967 = CARTESIAN_POINT('',(6.204651673184,56.071197873543));
#1968 = CARTESIAN_POINT('',(6.197418839577,55.935655917583));
#1969 = CARTESIAN_POINT('',(6.190622131579,55.791440430278));
#1970 = CARTESIAN_POINT('',(6.184266619115,55.639660442958));
#1971 = CARTESIAN_POINT('',(6.178344399654,55.481138424129));
#1972 = CARTESIAN_POINT('',(6.172850073252,55.316674718516));
#1973 = CARTESIAN_POINT('',(6.167776869774,55.146985020717));
#1974 = CARTESIAN_POINT('',(6.163117769227,54.972717073874));
#1975 = CARTESIAN_POINT('',(6.158865987538,54.794476945012));
#1976 = CARTESIAN_POINT('',(6.155012998321,54.612737279996));
#1977 = CARTESIAN_POINT('',(6.151550535454,54.427885707348));
#1978 = CARTESIAN_POINT('',(6.148472874949,54.240360164899));
#1979 = CARTESIAN_POINT('',(6.145774277191,54.050539614514));
#1980 = CARTESIAN_POINT('',(6.143449717415,53.858778463951));
#1981 = CARTESIAN_POINT('',(6.141494735727,53.665402369872));
#1982 = CARTESIAN_POINT('',(6.139905522709,53.470713989847));
#1983 = CARTESIAN_POINT('',(6.138678941047,53.274996592246));
#1984 = CARTESIAN_POINT('',(6.1378125646,53.078515320525));
#1985 = CARTESIAN_POINT('',(6.13730470821,52.881529017027));
#1986 = CARTESIAN_POINT('',(6.137154473174,52.684261189311));
#1987 = CARTESIAN_POINT('',(6.137361734703,52.487024727689));
#1988 = CARTESIAN_POINT('',(6.137926698018,52.290101781035));
#1989 = CARTESIAN_POINT('',(6.138850401507,52.093725243203));
#1990 = CARTESIAN_POINT('',(6.140134647592,51.898153689898));
#1991 = CARTESIAN_POINT('',(6.141781978854,51.703655223895));
#1992 = CARTESIAN_POINT('',(6.143795642541,51.510515872008));
#1993 = CARTESIAN_POINT('',(6.14617955197,51.319041831746));
#1994 = CARTESIAN_POINT('',(6.148938268111,51.129562732497));
#1995 = CARTESIAN_POINT('',(6.152076900164,50.94243795394));
#1996 = CARTESIAN_POINT('',(6.155601307201,50.758050666049));
#1997 = CARTESIAN_POINT('',(6.159517174585,50.576848890544));
#1998 = CARTESIAN_POINT('',(6.163833520925,50.399201667397));
#1999 = CARTESIAN_POINT('',(6.168558180632,50.225623936639));
#2000 = CARTESIAN_POINT('',(6.173698113285,50.056722179263));
#2001 = CARTESIAN_POINT('',(6.179260233974,49.893156908421));
#2002 = CARTESIAN_POINT('',(6.185251289547,49.735653806284));
#2003 = CARTESIAN_POINT('',(6.191676436679,49.585026818354));
#2004 = CARTESIAN_POINT('',(6.198543957483,49.442105260962));
#2005 = CARTESIAN_POINT('',(6.205846713072,49.308033407262));
#2006 = CARTESIAN_POINT('',(6.213634848851,49.183101966382));
#2007 = CARTESIAN_POINT('',(6.221887684198,49.069043413304));
#2008 = CARTESIAN_POINT('',(6.230560982221,48.967666382012));
#2009 = CARTESIAN_POINT('',(6.239610644274,48.880520146222));
#2010 = CARTESIAN_POINT('',(6.24898707216,48.80898275683));
#2011 = CARTESIAN_POINT('',(6.258636999323,48.75423237965));
#2012 = CARTESIAN_POINT('',(6.268504823667,48.717260646381));
#2013 = CARTESIAN_POINT('',(6.278528502069,48.698833057742));
#2014 = CARTESIAN_POINT('',(6.288657730846,48.699617304359));
#2015 = CARTESIAN_POINT('',(6.298669403803,48.719567860271));
#2016 = CARTESIAN_POINT('',(6.308522229135,48.758007888827));
#2017 = CARTESIAN_POINT('',(6.318151995422,48.814153886801));
#2018 = CARTESIAN_POINT('',(6.327503968087,48.886998655192));
#2019 = CARTESIAN_POINT('',(6.336525035919,48.975348998846));
#2020 = CARTESIAN_POINT('',(6.34516581734,49.077808517588));
#2021 = CARTESIAN_POINT('',(6.353383143001,49.192823455937));
#2022 = CARTESIAN_POINT('',(6.361131035487,49.318529543451));
#2023 = CARTESIAN_POINT('',(6.368397277906,49.453330293571));
#2024 = CARTESIAN_POINT('',(6.375226474794,49.596854964747));
#2025 = CARTESIAN_POINT('',(6.381613622436,49.747992422074));
#2026 = CARTESIAN_POINT('',(6.387567585575,49.905934500091));
#2027 = CARTESIAN_POINT('',(6.393094155109,50.069892269081));
#2028 = CARTESIAN_POINT('',(6.398200378961,50.239163602323));
#2029 = CARTESIAN_POINT('',(6.402893211734,50.413107372225));
#2030 = CARTESIAN_POINT('',(6.407179703113,50.591143336336));
#2031 = CARTESIAN_POINT('',(6.411066788148,50.772745724907));
#2032 = CARTESIAN_POINT('',(6.414561196284,50.957439017529));
#2033 = CARTESIAN_POINT('',(6.417669338588,51.144793553726));
#2034 = CARTESIAN_POINT('',(6.420397209041,51.33442152889));
#2035 = CARTESIAN_POINT('',(6.422750288183,51.525973154947));
#2036 = CARTESIAN_POINT('',(6.424733451637,51.71913295838));
#2037 = CARTESIAN_POINT('',(6.426350877094,51.913616198703));
#2038 = CARTESIAN_POINT('',(6.427605965311,52.109165167105));
#2039 = CARTESIAN_POINT('',(6.42850121195,52.305546019464));
#2040 = CARTESIAN_POINT('',(6.429038260368,52.502543455067));
#2041 = CARTESIAN_POINT('',(6.429157600962,52.634156512253));
#2042 = CARTESIAN_POINT('',(6.429157695724,52.7));
#2043 = ( GEOMETRIC_REPRESENTATION_CONTEXT(2) 
PARAMETRIC_REPRESENTATION_CONTEXT() REPRESENTATION_CONTEXT('2D SPACE',''
  ) );
#2044 = ORIENTED_EDGE('',*,*,#2045,.T.);
#2045 = EDGE_CURVE('',#1727,#1400,#2046,.T.);
#2046 = SEAM_CURVE('',#2047,(#2051,#2058),.PCURVE_S1.);
#2047 = LINE('',#2048,#2049);
#2048 = CARTESIAN_POINT('',(15.,-19.,100.));
#2049 = VECTOR('',#2050,1.);
#2050 = DIRECTION('',(1.,0.,0.));
#2051 = PCURVE('',#1601,#2052);
#2052 = DEFINITIONAL_REPRESENTATION('',(#2053),#2057);
#2053 = LINE('',#2054,#2055);
#2054 = CARTESIAN_POINT('',(-0.,0.));
#2055 = VECTOR('',#2056,1.);
#2056 = DIRECTION('',(-0.,-1.));
#2057 = ( GEOMETRIC_REPRESENTATION_CONTEXT(2) 
PARAMETRIC_REPRESENTATION_CONTEXT() REPRESENTATION_CONTEXT('2D SPACE',''
  ) );
#2058 = PCURVE('',#1601,#2059);
#2059 = DEFINITIONAL_REPRESENTATION('',(#2060),#2064);
#2060 = LINE('',#2061,#2062);
#2061 = CARTESIAN_POINT('',(-6.28318530718,0.));
#2062 = VECTOR('',#2063,1.);
#2063 = DIRECTION('',(-0.,-1.));
#2064 = ( GEOMETRIC_REPRESENTATION_CONTEXT(2) 
PARAMETRIC_REPRESENTATION_CONTEXT() REPRESENTATION_CONTEXT('2D SPACE',''
  ) );
#2065 = ORIENTED_EDGE('',*,*,#1399,.T.);
#2066 = ORIENTED_EDGE('',*,*,#2045,.F.);
#2067 = ADVANCED_FACE('',(#2068),#543,.T.);
#2068 = FACE_BOUND('',#2069,.F.);
#2069 = EDGE_LOOP('',(#2070,#2071,#2090,#2091));
#2070 = ORIENTED_EDGE('',*,*,#526,.T.);
#2071 = ORIENTED_EDGE('',*,*,#2072,.T.);
#2072 = EDGE_CURVE('',#527,#949,#2073,.T.);
#2073 = SURFACE_CURVE('',#2074,(#2078,#2084),.PCURVE_S1.);
#2074 = LINE('',#2075,#2076);
#2075 = CARTESIAN_POINT('',(42.,-43.,115.80277563773));
#2076 = VECTOR('',#2077,1.);
#2077 = DIRECTION('',(-1.,-0.,-0.));
#2078 = PCURVE('',#543,#2079);
#2079 = DEFINITIONAL_REPRESENTATION('',(#2080),#2083);
#2080 = B_SPLINE_CURVE_WITH_KNOTS('',1,(#2081,#2082),.UNSPECIFIED.,.F.,
  .F.,(2,2),(-10.,-0.),.PIECEWISE_BEZIER_KNOTS.);
#2081 = CARTESIAN_POINT('',(-8.883678434812,-10.));
#2082 = CARTESIAN_POINT('',(-8.883678434812,0.));
#2083 = ( GEOMETRIC_REPRESENTATION_CONTEXT(2) 
PARAMETRIC_REPRESENTATION_CONTEXT() REPRESENTATION_CONTEXT('2D SPACE',''
  ) );
#2084 = PCURVE('',#464,#2085);
#2085 = DEFINITIONAL_REPRESENTATION('',(#2086),#2089);
#2086 = B_SPLINE_CURVE_WITH_KNOTS('',1,(#2087,#2088),.UNSPECIFIED.,.F.,
  .F.,(2,2),(-10.0000006,5.999999999062E-07),.PIECEWISE_BEZIER_KNOTS.);
#2087 = CARTESIAN_POINT('',(63.802775637732,32.0000006));
#2088 = CARTESIAN_POINT('',(63.802775637732,21.9999994));
#2089 = ( GEOMETRIC_REPRESENTATION_CONTEXT(2) 
PARAMETRIC_REPRESENTATION_CONTEXT() REPRESENTATION_CONTEXT('2D SPACE',''
  ) );
#2090 = ORIENTED_EDGE('',*,*,#946,.F.);
#2091 = ORIENTED_EDGE('',*,*,#2092,.F.);
#2092 = EDGE_CURVE('',#505,#947,#2093,.T.);
#2093 = SURFACE_CURVE('',#2094,(#2098,#2104),.PCURVE_S1.);
#2094 = LINE('',#2095,#2096);
#2095 = CARTESIAN_POINT('',(42.,-43.,112.19722436226));
#2096 = VECTOR('',#2097,1.);
#2097 = DIRECTION('',(-1.,-0.,-0.));
#2098 = PCURVE('',#543,#2099);
#2099 = DEFINITIONAL_REPRESENTATION('',(#2100),#2103);
#2100 = B_SPLINE_CURVE_WITH_KNOTS('',1,(#2101,#2102),.UNSPECIFIED.,.F.,
  .F.,(2,2),(-10.,-0.),.PIECEWISE_BEZIER_KNOTS.);
#2101 = CARTESIAN_POINT('',(-3.682692179547,-10.));
#2102 = CARTESIAN_POINT('',(-3.682692179547,0.));
#2103 = ( GEOMETRIC_REPRESENTATION_CONTEXT(2) 
PARAMETRIC_REPRESENTATION_CONTEXT() REPRESENTATION_CONTEXT('2D SPACE',''
  ) );
#2104 = PCURVE('',#464,#2105);
#2105 = DEFINITIONAL_REPRESENTATION('',(#2106),#2109);
#2106 = B_SPLINE_CURVE_WITH_KNOTS('',1,(#2107,#2108),.UNSPECIFIED.,.F.,
  .F.,(2,2),(-10.0000006,5.999999999062E-07),.PIECEWISE_BEZIER_KNOTS.);
#2107 = CARTESIAN_POINT('',(60.197224362268,32.0000006));
#2108 = CARTESIAN_POINT('',(60.197224362268,21.9999994));
#2109 = ( GEOMETRIC_REPRESENTATION_CONTEXT(2) 
PARAMETRIC_REPRESENTATION_CONTEXT() REPRESENTATION_CONTEXT('2D SPACE',''
  ) );
#2110 = ADVANCED_FACE('',(#2111),#492,.T.);
#2111 = FACE_BOUND('',#2112,.F.);
#2112 = EDGE_LOOP('',(#2113,#2114,#2135,#2164));
#2113 = ORIENTED_EDGE('',*,*,#475,.T.);
#2114 = ORIENTED_EDGE('',*,*,#2115,.T.);
#2115 = EDGE_CURVE('',#476,#2116,#2118,.T.);
#2116 = VERTEX_POINT('',#2117);
#2117 = CARTESIAN_POINT('',(42.,-43.,57.802775637732));
#2118 = SURFACE_CURVE('',#2119,(#2123,#2129),.PCURVE_S1.);
#2119 = LINE('',#2120,#2121);
#2120 = CARTESIAN_POINT('',(42.,-43.,57.802775637732));
#2121 = VECTOR('',#2122,1.);
#2122 = DIRECTION('',(-1.,-0.,-0.));
#2123 = PCURVE('',#492,#2124);
#2124 = DEFINITIONAL_REPRESENTATION('',(#2125),#2128);
#2125 = B_SPLINE_CURVE_WITH_KNOTS('',1,(#2126,#2127),.UNSPECIFIED.,.F.,
  .F.,(2,2),(-10.,-0.),.PIECEWISE_BEZIER_KNOTS.);
#2126 = CARTESIAN_POINT('',(-8.883678434812,-10.));
#2127 = CARTESIAN_POINT('',(-8.883678434812,0.));
#2128 = ( GEOMETRIC_REPRESENTATION_CONTEXT(2) 
PARAMETRIC_REPRESENTATION_CONTEXT() REPRESENTATION_CONTEXT('2D SPACE',''
  ) );
#2129 = PCURVE('',#464,#2130);
#2130 = DEFINITIONAL_REPRESENTATION('',(#2131),#2134);
#2131 = B_SPLINE_CURVE_WITH_KNOTS('',1,(#2132,#2133),.UNSPECIFIED.,.F.,
  .F.,(2,2),(-10.0000006,5.999999999062E-07),.PIECEWISE_BEZIER_KNOTS.);
#2132 = CARTESIAN_POINT('',(5.802775637732,32.0000006));
#2133 = CARTESIAN_POINT('',(5.802775637732,21.9999994));
#2134 = ( GEOMETRIC_REPRESENTATION_CONTEXT(2) 
PARAMETRIC_REPRESENTATION_CONTEXT() REPRESENTATION_CONTEXT('2D SPACE',''
  ) );
#2135 = ORIENTED_EDGE('',*,*,#2136,.F.);
#2136 = EDGE_CURVE('',#2137,#2116,#2139,.T.);
#2137 = VERTEX_POINT('',#2138);
#2138 = CARTESIAN_POINT('',(42.,-43.,54.197224362268));
#2139 = SURFACE_CURVE('',#2140,(#2145,#2152),.PCURVE_S1.);
#2140 = CIRCLE('',#2141,3.5);
#2141 = AXIS2_PLACEMENT_3D('',#2142,#2143,#2144);
#2142 = CARTESIAN_POINT('',(42.,-40.,56.));
#2143 = DIRECTION('',(1.,0.,0.));
#2144 = DIRECTION('',(0.,-0.857142857143,-0.515078753638));
#2145 = PCURVE('',#492,#2146);
#2146 = DEFINITIONAL_REPRESENTATION('',(#2147),#2151);
#2147 = LINE('',#2148,#2149);
#2148 = CARTESIAN_POINT('',(-3.682692179547,0.));
#2149 = VECTOR('',#2150,1.);
#2150 = DIRECTION('',(-1.,0.));
#2151 = ( GEOMETRIC_REPRESENTATION_CONTEXT(2) 
PARAMETRIC_REPRESENTATION_CONTEXT() REPRESENTATION_CONTEXT('2D SPACE',''
  ) );
#2152 = PCURVE('',#2153,#2158);
#2153 = PLANE('',#2154);
#2154 = AXIS2_PLACEMENT_3D('',#2155,#2156,#2157);
#2155 = CARTESIAN_POINT('',(42.,-40.,56.));
#2156 = DIRECTION('',(1.,0.,0.));
#2157 = DIRECTION('',(-0.,0.,1.));
#2158 = DEFINITIONAL_REPRESENTATION('',(#2159),#2163);
#2159 = CIRCLE('',#2160,3.5);
#2160 = AXIS2_PLACEMENT_2D('',#2161,#2162);
#2161 = CARTESIAN_POINT('',(0.,0.));
#2162 = DIRECTION('',(-0.515078753638,0.857142857143));
#2163 = ( GEOMETRIC_REPRESENTATION_CONTEXT(2) 
PARAMETRIC_REPRESENTATION_CONTEXT() REPRESENTATION_CONTEXT('2D SPACE',''
  ) );
#2164 = ORIENTED_EDGE('',*,*,#2165,.F.);
#2165 = EDGE_CURVE('',#449,#2137,#2166,.T.);
#2166 = SURFACE_CURVE('',#2167,(#2171,#2177),.PCURVE_S1.);
#2167 = LINE('',#2168,#2169);
#2168 = CARTESIAN_POINT('',(42.,-43.,54.197224362268));
#2169 = VECTOR('',#2170,1.);
#2170 = DIRECTION('',(-1.,-0.,-0.));
#2171 = PCURVE('',#492,#2172);
#2172 = DEFINITIONAL_REPRESENTATION('',(#2173),#2176);
#2173 = B_SPLINE_CURVE_WITH_KNOTS('',1,(#2174,#2175),.UNSPECIFIED.,.F.,
  .F.,(2,2),(-10.,-0.),.PIECEWISE_BEZIER_KNOTS.);
#2174 = CARTESIAN_POINT('',(-3.682692179547,-10.));
#2175 = CARTESIAN_POINT('',(-3.682692179547,0.));
#2176 = ( GEOMETRIC_REPRESENTATION_CONTEXT(2) 
PARAMETRIC_REPRESENTATION_CONTEXT() REPRESENTATION_CONTEXT('2D SPACE',''
  ) );
#2177 = PCURVE('',#464,#2178);
#2178 = DEFINITIONAL_REPRESENTATION('',(#2179),#2182);
#2179 = B_SPLINE_CURVE_WITH_KNOTS('',1,(#2180,#2181),.UNSPECIFIED.,.F.,
  .F.,(2,2),(-10.0000006,5.999999999062E-07),.PIECEWISE_BEZIER_KNOTS.);
#2180 = CARTESIAN_POINT('',(2.197224362268,32.0000006));
#2181 = CARTESIAN_POINT('',(2.197224362268,21.9999994));
#2182 = ( GEOMETRIC_REPRESENTATION_CONTEXT(2) 
PARAMETRIC_REPRESENTATION_CONTEXT() REPRESENTATION_CONTEXT('2D SPACE',''
  ) );
#2183 = ADVANCED_FACE('',(#2184,#2206),#2153,.F.);
#2184 = FACE_BOUND('',#2185,.F.);
#2185 = EDGE_LOOP('',(#2186,#2187));
#2186 = ORIENTED_EDGE('',*,*,#2136,.T.);
#2187 = ORIENTED_EDGE('',*,*,#2188,.T.);
#2188 = EDGE_CURVE('',#2116,#2137,#2189,.T.);
#2189 = SURFACE_CURVE('',#2190,(#2194,#2200),.PCURVE_S1.);
#2190 = LINE('',#2191,#2192);
#2191 = CARTESIAN_POINT('',(42.,-43.,54.));
#2192 = VECTOR('',#2193,1.);
#2193 = DIRECTION('',(0.,0.,-1.));
#2194 = PCURVE('',#2153,#2195);
#2195 = DEFINITIONAL_REPRESENTATION('',(#2196),#2199);
#2196 = B_SPLINE_CURVE_WITH_KNOTS('',1,(#2197,#2198),.UNSPECIFIED.,.F.,
  .F.,(2,2),(-5.5,1.5),.PIECEWISE_BEZIER_KNOTS.);
#2197 = CARTESIAN_POINT('',(3.5,3.));
#2198 = CARTESIAN_POINT('',(-3.5,3.));
#2199 = ( GEOMETRIC_REPRESENTATION_CONTEXT(2) 
PARAMETRIC_REPRESENTATION_CONTEXT() REPRESENTATION_CONTEXT('2D SPACE',''
  ) );
#2200 = PCURVE('',#464,#2201);
#2201 = DEFINITIONAL_REPRESENTATION('',(#2202),#2205);
#2202 = B_SPLINE_CURVE_WITH_KNOTS('',1,(#2203,#2204),.UNSPECIFIED.,.F.,
  .F.,(2,2),(-5.5,1.5),.PIECEWISE_BEZIER_KNOTS.);
#2203 = CARTESIAN_POINT('',(7.5,22.));
#2204 = CARTESIAN_POINT('',(0.5,22.));
#2205 = ( GEOMETRIC_REPRESENTATION_CONTEXT(2) 
PARAMETRIC_REPRESENTATION_CONTEXT() REPRESENTATION_CONTEXT('2D SPACE',''
  ) );
#2206 = FACE_BOUND('',#2207,.F.);
#2207 = EDGE_LOOP('',(#2208));
#2208 = ORIENTED_EDGE('',*,*,#2209,.T.);
#2209 = EDGE_CURVE('',#2210,#2210,#2212,.T.);
#2210 = VERTEX_POINT('',#2211);
#2211 = CARTESIAN_POINT('',(42.,-38.9,56.));
#2212 = SURFACE_CURVE('',#2213,(#2218,#2229),.PCURVE_S1.);
#2213 = CIRCLE('',#2214,1.1);
#2214 = AXIS2_PLACEMENT_3D('',#2215,#2216,#2217);
#2215 = CARTESIAN_POINT('',(42.,-40.,56.));
#2216 = DIRECTION('',(-1.,0.,0.));
#2217 = DIRECTION('',(0.,1.,0.));
#2218 = PCURVE('',#2153,#2219);
#2219 = DEFINITIONAL_REPRESENTATION('',(#2220),#2228);
#2220 = ( BOUNDED_CURVE() B_SPLINE_CURVE(2,(#2221,#2222,#2223,#2224,
#2225,#2226,#2227),.UNSPECIFIED.,.T.,.F.) B_SPLINE_CURVE_WITH_KNOTS((1,2
    ,2,2,2,1),(-2.094395102393,0.,2.094395102393,4.188790204786,
6.28318530718,8.377580409573),.UNSPECIFIED.) CURVE() 
GEOMETRIC_REPRESENTATION_ITEM() RATIONAL_B_SPLINE_CURVE((1.,0.5,1.,0.5,
1.,0.5,1.)) REPRESENTATION_ITEM('') );
#2221 = CARTESIAN_POINT('',(0.,-1.1));
#2222 = CARTESIAN_POINT('',(-1.905255888326,-1.1));
#2223 = CARTESIAN_POINT('',(-0.952627944163,0.55));
#2224 = CARTESIAN_POINT('',(-2.694222958124E-16,2.2));
#2225 = CARTESIAN_POINT('',(0.952627944163,0.55));
#2226 = CARTESIAN_POINT('',(1.905255888326,-1.1));
#2227 = CARTESIAN_POINT('',(0.,-1.1));
#2228 = ( GEOMETRIC_REPRESENTATION_CONTEXT(2) 
PARAMETRIC_REPRESENTATION_CONTEXT() REPRESENTATION_CONTEXT('2D SPACE',''
  ) );
#2229 = PCURVE('',#378,#2230);
#2230 = DEFINITIONAL_REPRESENTATION('',(#2231),#2235);
#2231 = LINE('',#2232,#2233);
#2232 = CARTESIAN_POINT('',(-6.28318530718,-2.));
#2233 = VECTOR('',#2234,1.);
#2234 = DIRECTION('',(1.,-0.));
#2235 = ( GEOMETRIC_REPRESENTATION_CONTEXT(2) 
PARAMETRIC_REPRESENTATION_CONTEXT() REPRESENTATION_CONTEXT('2D SPACE',''
  ) );
#2236 = ADVANCED_FACE('',(#2237),#464,.T.);
#2237 = FACE_BOUND('',#2238,.T.);
#2238 = EDGE_LOOP('',(#2239,#2260,#2261,#2262,#2263,#2264,#2265,#2266,
    #2267,#2268,#2269,#2270,#2271));
#2239 = ORIENTED_EDGE('',*,*,#2240,.F.);
#2240 = EDGE_CURVE('',#1333,#422,#2241,.T.);
#2241 = SURFACE_CURVE('',#2242,(#2246,#2253),.PCURVE_S1.);
#2242 = LINE('',#2243,#2244);
#2243 = CARTESIAN_POINT('',(20.,-43.,52.));
#2244 = VECTOR('',#2245,1.);
#2245 = DIRECTION('',(1.,0.,0.));
#2246 = PCURVE('',#464,#2247);
#2247 = DEFINITIONAL_REPRESENTATION('',(#2248),#2252);
#2248 = LINE('',#2249,#2250);
#2249 = CARTESIAN_POINT('',(0.,0.));
#2250 = VECTOR('',#2251,1.);
#2251 = DIRECTION('',(0.,1.));
#2252 = ( GEOMETRIC_REPRESENTATION_CONTEXT(2) 
PARAMETRIC_REPRESENTATION_CONTEXT() REPRESENTATION_CONTEXT('2D SPACE',''
  ) );
#2253 = PCURVE('',#437,#2254);
#2254 = DEFINITIONAL_REPRESENTATION('',(#2255),#2259);
#2255 = LINE('',#2256,#2257);
#2256 = CARTESIAN_POINT('',(0.,0.));
#2257 = VECTOR('',#2258,1.);
#2258 = DIRECTION('',(1.,0.));
#2259 = ( GEOMETRIC_REPRESENTATION_CONTEXT(2) 
PARAMETRIC_REPRESENTATION_CONTEXT() REPRESENTATION_CONTEXT('2D SPACE',''
  ) );
#2260 = ORIENTED_EDGE('',*,*,#1378,.T.);
#2261 = ORIENTED_EDGE('',*,*,#1304,.T.);
#2262 = ORIENTED_EDGE('',*,*,#1222,.T.);
#2263 = ORIENTED_EDGE('',*,*,#555,.F.);
#2264 = ORIENTED_EDGE('',*,*,#2072,.T.);
#2265 = ORIENTED_EDGE('',*,*,#972,.T.);
#2266 = ORIENTED_EDGE('',*,*,#2092,.F.);
#2267 = ORIENTED_EDGE('',*,*,#504,.F.);
#2268 = ORIENTED_EDGE('',*,*,#2115,.T.);
#2269 = ORIENTED_EDGE('',*,*,#2188,.T.);
#2270 = ORIENTED_EDGE('',*,*,#2165,.F.);
#2271 = ORIENTED_EDGE('',*,*,#448,.F.);
#2272 = ADVANCED_FACE('',(#2273),#437,.T.);
#2273 = FACE_BOUND('',#2274,.T.);
#2274 = EDGE_LOOP('',(#2275,#2296,#2297,#2298));
#2275 = ORIENTED_EDGE('',*,*,#2276,.F.);
#2276 = EDGE_CURVE('',#1335,#393,#2277,.T.);
#2277 = SURFACE_CURVE('',#2278,(#2282,#2289),.PCURVE_S1.);
#2278 = LINE('',#2279,#2280);
#2279 = CARTESIAN_POINT('',(20.,-3.,52.));
#2280 = VECTOR('',#2281,1.);
#2281 = DIRECTION('',(1.,0.,0.));
#2282 = PCURVE('',#437,#2283);
#2283 = DEFINITIONAL_REPRESENTATION('',(#2284),#2288);
#2284 = LINE('',#2285,#2286);
#2285 = CARTESIAN_POINT('',(0.,40.));
#2286 = VECTOR('',#2287,1.);
#2287 = DIRECTION('',(1.,0.));
#2288 = ( GEOMETRIC_REPRESENTATION_CONTEXT(2) 
PARAMETRIC_REPRESENTATION_CONTEXT() REPRESENTATION_CONTEXT('2D SPACE',''
  ) );
#2289 = PCURVE('',#410,#2290);
#2290 = DEFINITIONAL_REPRESENTATION('',(#2291),#2295);
#2291 = LINE('',#2292,#2293);
#2292 = CARTESIAN_POINT('',(0.,0.));
#2293 = VECTOR('',#2294,1.);
#2294 = DIRECTION('',(0.,1.));
#2295 = ( GEOMETRIC_REPRESENTATION_CONTEXT(2) 
PARAMETRIC_REPRESENTATION_CONTEXT() REPRESENTATION_CONTEXT('2D SPACE',''
  ) );
#2296 = ORIENTED_EDGE('',*,*,#1332,.F.);
#2297 = ORIENTED_EDGE('',*,*,#2240,.T.);
#2298 = ORIENTED_EDGE('',*,*,#421,.F.);
#2299 = ADVANCED_FACE('',(#2300),#410,.F.);
#2300 = FACE_BOUND('',#2301,.F.);
#2301 = EDGE_LOOP('',(#2302,#2303,#2304,#2305,#2306,#2307,#2308,#2309,
    #2310,#2311,#2312,#2313,#2314));
#2302 = ORIENTED_EDGE('',*,*,#2276,.F.);
#2303 = ORIENTED_EDGE('',*,*,#1358,.T.);
#2304 = ORIENTED_EDGE('',*,*,#1278,.T.);
#2305 = ORIENTED_EDGE('',*,*,#1166,.T.);
#2306 = ORIENTED_EDGE('',*,*,#604,.F.);
#2307 = ORIENTED_EDGE('',*,*,#1124,.T.);
#2308 = ORIENTED_EDGE('',*,*,#836,.T.);
#2309 = ORIENTED_EDGE('',*,*,#1144,.F.);
#2310 = ORIENTED_EDGE('',*,*,#655,.F.);
#2311 = ORIENTED_EDGE('',*,*,#1028,.T.);
#2312 = ORIENTED_EDGE('',*,*,#1070,.T.);
#2313 = ORIENTED_EDGE('',*,*,#1048,.F.);
#2314 = ORIENTED_EDGE('',*,*,#392,.F.);
#2315 = ADVANCED_FACE('',(#2316),#378,.F.);
#2316 = FACE_BOUND('',#2317,.T.);
#2317 = EDGE_LOOP('',(#2318,#2319,#2340,#2341));
#2318 = ORIENTED_EDGE('',*,*,#2209,.T.);
#2319 = ORIENTED_EDGE('',*,*,#2320,.T.);
#2320 = EDGE_CURVE('',#2210,#358,#2321,.T.);
#2321 = SEAM_CURVE('',#2322,(#2326,#2333),.PCURVE_S1.);
#2322 = LINE('',#2323,#2324);
#2323 = CARTESIAN_POINT('',(40.,-38.9,56.));
#2324 = VECTOR('',#2325,1.);
#2325 = DIRECTION('',(1.,0.,0.));
#2326 = PCURVE('',#378,#2327);
#2327 = DEFINITIONAL_REPRESENTATION('',(#2328),#2332);
#2328 = LINE('',#2329,#2330);
#2329 = CARTESIAN_POINT('',(-6.28318530718,0.));
#2330 = VECTOR('',#2331,1.);
#2331 = DIRECTION('',(-0.,-1.));
#2332 = ( GEOMETRIC_REPRESENTATION_CONTEXT(2) 
PARAMETRIC_REPRESENTATION_CONTEXT() REPRESENTATION_CONTEXT('2D SPACE',''
  ) );
#2333 = PCURVE('',#378,#2334);
#2334 = DEFINITIONAL_REPRESENTATION('',(#2335),#2339);
#2335 = LINE('',#2336,#2337);
#2336 = CARTESIAN_POINT('',(-0.,0.));
#2337 = VECTOR('',#2338,1.);
#2338 = DIRECTION('',(-0.,-1.));
#2339 = ( GEOMETRIC_REPRESENTATION_CONTEXT(2) 
PARAMETRIC_REPRESENTATION_CONTEXT() REPRESENTATION_CONTEXT('2D SPACE',''
  ) );
#2340 = ORIENTED_EDGE('',*,*,#357,.F.);
#2341 = ORIENTED_EDGE('',*,*,#2320,.F.);
#2342 = ADVANCED_FACE('',(#2343),#343,.F.);
#2343 = FACE_BOUND('',#2344,.T.);
#2344 = EDGE_LOOP('',(#2345,#2346,#2367,#2368));
#2345 = ORIENTED_EDGE('',*,*,#1092,.T.);
#2346 = ORIENTED_EDGE('',*,*,#2347,.T.);
#2347 = EDGE_CURVE('',#1093,#323,#2348,.T.);
#2348 = SEAM_CURVE('',#2349,(#2353,#2360),.PCURVE_S1.);
#2349 = LINE('',#2350,#2351);
#2350 = CARTESIAN_POINT('',(40.,-4.9,56.));
#2351 = VECTOR('',#2352,1.);
#2352 = DIRECTION('',(1.,0.,0.));
#2353 = PCURVE('',#343,#2354);
#2354 = DEFINITIONAL_REPRESENTATION('',(#2355),#2359);
#2355 = LINE('',#2356,#2357);
#2356 = CARTESIAN_POINT('',(-6.28318530718,0.));
#2357 = VECTOR('',#2358,1.);
#2358 = DIRECTION('',(-0.,-1.));
#2359 = ( GEOMETRIC_REPRESENTATION_CONTEXT(2) 
PARAMETRIC_REPRESENTATION_CONTEXT() REPRESENTATION_CONTEXT('2D SPACE',''
  ) );
#2360 = PCURVE('',#343,#2361);
#2361 = DEFINITIONAL_REPRESENTATION('',(#2362),#2366);
#2362 = LINE('',#2363,#2364);
#2363 = CARTESIAN_POINT('',(-0.,0.));
#2364 = VECTOR('',#2365,1.);
#2365 = DIRECTION('',(-0.,-1.));
#2366 = ( GEOMETRIC_REPRESENTATION_CONTEXT(2) 
PARAMETRIC_REPRESENTATION_CONTEXT() REPRESENTATION_CONTEXT('2D SPACE',''
  ) );
#2367 = ORIENTED_EDGE('',*,*,#322,.F.);
#2368 = ORIENTED_EDGE('',*,*,#2347,.F.);
#2369 = ADVANCED_FACE('',(#2370),#287,.T.);
#2370 = FACE_BOUND('',#2371,.T.);
#2371 = EDGE_LOOP('',(#2372,#2395,#2423,#2444));
#2372 = ORIENTED_EDGE('',*,*,#2373,.F.);
#2373 = EDGE_CURVE('',#2374,#249,#2376,.T.);
#2374 = VERTEX_POINT('',#2375);
#2375 = CARTESIAN_POINT('',(20.,-1.,50.));
#2376 = SURFACE_CURVE('',#2377,(#2381,#2388),.PCURVE_S1.);
#2377 = LINE('',#2378,#2379);
#2378 = CARTESIAN_POINT('',(20.,-1.,50.));
#2379 = VECTOR('',#2380,1.);
#2380 = DIRECTION('',(1.,0.,0.));
#2381 = PCURVE('',#287,#2382);
#2382 = DEFINITIONAL_REPRESENTATION('',(#2383),#2387);
#2383 = LINE('',#2384,#2385);
#2384 = CARTESIAN_POINT('',(0.,0.));
#2385 = VECTOR('',#2386,1.);
#2386 = DIRECTION('',(0.,1.));
#2387 = ( GEOMETRIC_REPRESENTATION_CONTEXT(2) 
PARAMETRIC_REPRESENTATION_CONTEXT() REPRESENTATION_CONTEXT('2D SPACE',''
  ) );
#2388 = PCURVE('',#100,#2389);
#2389 = DEFINITIONAL_REPRESENTATION('',(#2390),#2394);
#2390 = LINE('',#2391,#2392);
#2391 = CARTESIAN_POINT('',(0.,44.));
#2392 = VECTOR('',#2393,1.);
#2393 = DIRECTION('',(1.,0.));
#2394 = ( GEOMETRIC_REPRESENTATION_CONTEXT(2) 
PARAMETRIC_REPRESENTATION_CONTEXT() REPRESENTATION_CONTEXT('2D SPACE',''
  ) );
#2395 = ORIENTED_EDGE('',*,*,#2396,.T.);
#2396 = EDGE_CURVE('',#2374,#2397,#2399,.T.);
#2397 = VERTEX_POINT('',#2398);
#2398 = CARTESIAN_POINT('',(20.,-1.,120.));
#2399 = SURFACE_CURVE('',#2400,(#2404,#2411),.PCURVE_S1.);
#2400 = LINE('',#2401,#2402);
#2401 = CARTESIAN_POINT('',(20.,-1.,50.));
#2402 = VECTOR('',#2403,1.);
#2403 = DIRECTION('',(0.,0.,1.));
#2404 = PCURVE('',#287,#2405);
#2405 = DEFINITIONAL_REPRESENTATION('',(#2406),#2410);
#2406 = LINE('',#2407,#2408);
#2407 = CARTESIAN_POINT('',(0.,0.));
#2408 = VECTOR('',#2409,1.);
#2409 = DIRECTION('',(1.,0.));
#2410 = ( GEOMETRIC_REPRESENTATION_CONTEXT(2) 
PARAMETRIC_REPRESENTATION_CONTEXT() REPRESENTATION_CONTEXT('2D SPACE',''
  ) );
#2411 = PCURVE('',#2412,#2417);
#2412 = PLANE('',#2413);
#2413 = AXIS2_PLACEMENT_3D('',#2414,#2415,#2416);
#2414 = CARTESIAN_POINT('',(20.,-45.,50.));
#2415 = DIRECTION('',(1.,0.,0.));
#2416 = DIRECTION('',(0.,0.,1.));
#2417 = DEFINITIONAL_REPRESENTATION('',(#2418),#2422);
#2418 = LINE('',#2419,#2420);
#2419 = CARTESIAN_POINT('',(0.,-44.));
#2420 = VECTOR('',#2421,1.);
#2421 = DIRECTION('',(1.,0.));
#2422 = ( GEOMETRIC_REPRESENTATION_CONTEXT(2) 
PARAMETRIC_REPRESENTATION_CONTEXT() REPRESENTATION_CONTEXT('2D SPACE',''
  ) );
#2423 = ORIENTED_EDGE('',*,*,#2424,.T.);
#2424 = EDGE_CURVE('',#2397,#272,#2425,.T.);
#2425 = SURFACE_CURVE('',#2426,(#2430,#2437),.PCURVE_S1.);
#2426 = LINE('',#2427,#2428);
#2427 = CARTESIAN_POINT('',(20.,-1.,120.));
#2428 = VECTOR('',#2429,1.);
#2429 = DIRECTION('',(1.,0.,0.));
#2430 = PCURVE('',#287,#2431);
#2431 = DEFINITIONAL_REPRESENTATION('',(#2432),#2436);
#2432 = LINE('',#2433,#2434);
#2433 = CARTESIAN_POINT('',(70.,0.));
#2434 = VECTOR('',#2435,1.);
#2435 = DIRECTION('',(0.,1.));
#2436 = ( GEOMETRIC_REPRESENTATION_CONTEXT(2) 
PARAMETRIC_REPRESENTATION_CONTEXT() REPRESENTATION_CONTEXT('2D SPACE',''
  ) );
#2437 = PCURVE('',#44,#2438);
#2438 = DEFINITIONAL_REPRESENTATION('',(#2439),#2443);
#2439 = LINE('',#2440,#2441);
#2440 = CARTESIAN_POINT('',(0.,44.));
#2441 = VECTOR('',#2442,1.);
#2442 = DIRECTION('',(1.,0.));
#2443 = ( GEOMETRIC_REPRESENTATION_CONTEXT(2) 
PARAMETRIC_REPRESENTATION_CONTEXT() REPRESENTATION_CONTEXT('2D SPACE',''
  ) );
#2444 = ORIENTED_EDGE('',*,*,#271,.F.);
#2445 = ADVANCED_FACE('',(#2446),#2412,.F.);
#2446 = FACE_BOUND('',#2447,.F.);
#2447 = EDGE_LOOP('',(#2448,#2471,#2498,#2519,#2540));
#2448 = ORIENTED_EDGE('',*,*,#2449,.F.);
#2449 = EDGE_CURVE('',#2450,#2397,#2452,.T.);
#2450 = VERTEX_POINT('',#2451);
#2451 = CARTESIAN_POINT('',(20.,-2.439038843029,120.));
#2452 = SURFACE_CURVE('',#2453,(#2457,#2464),.PCURVE_S1.);
#2453 = LINE('',#2454,#2455);
#2454 = CARTESIAN_POINT('',(20.,-45.,120.));
#2455 = VECTOR('',#2456,1.);
#2456 = DIRECTION('',(0.,1.,0.));
#2457 = PCURVE('',#2412,#2458);
#2458 = DEFINITIONAL_REPRESENTATION('',(#2459),#2463);
#2459 = LINE('',#2460,#2461);
#2460 = CARTESIAN_POINT('',(70.,0.));
#2461 = VECTOR('',#2462,1.);
#2462 = DIRECTION('',(0.,-1.));
#2463 = ( GEOMETRIC_REPRESENTATION_CONTEXT(2) 
PARAMETRIC_REPRESENTATION_CONTEXT() REPRESENTATION_CONTEXT('2D SPACE',''
  ) );
#2464 = PCURVE('',#44,#2465);
#2465 = DEFINITIONAL_REPRESENTATION('',(#2466),#2470);
#2466 = LINE('',#2467,#2468);
#2467 = CARTESIAN_POINT('',(0.,0.));
#2468 = VECTOR('',#2469,1.);
#2469 = DIRECTION('',(0.,1.));
#2470 = ( GEOMETRIC_REPRESENTATION_CONTEXT(2) 
PARAMETRIC_REPRESENTATION_CONTEXT() REPRESENTATION_CONTEXT('2D SPACE',''
  ) );
#2471 = ORIENTED_EDGE('',*,*,#2472,.T.);
#2472 = EDGE_CURVE('',#2450,#2473,#2475,.T.);
#2473 = VERTEX_POINT('',#2474);
#2474 = CARTESIAN_POINT('',(20.,-4.125413911823,112.));
#2475 = SURFACE_CURVE('',#2476,(#2481,#2488),.PCURVE_S1.);
#2476 = HYPERBOLA('',#2477,135.1724137931,20.);
#2477 = AXIS2_PLACEMENT_3D('',#2478,#2479,#2480);
#2478 = CARTESIAN_POINT('',(20.,-23.,-73.86206896551));
#2479 = DIRECTION('',(1.,0.,0.));
#2480 = DIRECTION('',(-0.,0.,1.));
#2481 = PCURVE('',#2412,#2482);
#2482 = DEFINITIONAL_REPRESENTATION('',(#2483),#2487);
#2483 = ( BOUNDED_CURVE() B_SPLINE_CURVE(2,(#2484,#2485,#2486),
.UNSPECIFIED.,.F.,.F.) B_SPLINE_CURVE_WITH_KNOTS((3,3),(-0.94976716911,
-0.841019322011),.PIECEWISE_BEZIER_KNOTS.) CURVE() 
GEOMETRIC_REPRESENTATION_ITEM() RATIONAL_B_SPLINE_CURVE((1.,
1.001478626027,1.)) REPRESENTATION_ITEM('') );
#2484 = CARTESIAN_POINT('',(77.,-43.98276617121));
#2485 = CARTESIAN_POINT('',(68.929445391499,-42.36839711337));
#2486 = CARTESIAN_POINT('',(62.,-40.87458608817));
#2487 = ( GEOMETRIC_REPRESENTATION_CONTEXT(2) 
PARAMETRIC_REPRESENTATION_CONTEXT() REPRESENTATION_CONTEXT('2D SPACE',''
  ) );
#2488 = PCURVE('',#153,#2489);
#2489 = DEFINITIONAL_REPRESENTATION('',(#2490),#2497);
#2490 = B_SPLINE_CURVE_WITH_KNOTS('',5,(#2491,#2492,#2493,#2494,#2495,
    #2496),.UNSPECIFIED.,.F.,.F.,(6,6),(-0.901068146533,-0.841019322011)
  ,.PIECEWISE_BEZIER_KNOTS.);
#2491 = CARTESIAN_POINT('',(7.082412664458,8.000000000771));
#2492 = CARTESIAN_POINT('',(7.074038726637,6.331078183864));
#2493 = CARTESIAN_POINT('',(7.065574676762,4.697108352872));
#2494 = CARTESIAN_POINT('',(7.057020445248,3.097589015276));
#2495 = CARTESIAN_POINT('',(7.048376066324,1.532039687949));
#2496 = CARTESIAN_POINT('',(7.039641691848,2.781283311202E-14));
#2497 = ( GEOMETRIC_REPRESENTATION_CONTEXT(2) 
PARAMETRIC_REPRESENTATION_CONTEXT() REPRESENTATION_CONTEXT('2D SPACE',''
  ) );
#2498 = ORIENTED_EDGE('',*,*,#2499,.F.);
#2499 = EDGE_CURVE('',#2500,#2473,#2502,.T.);
#2500 = VERTEX_POINT('',#2501);
#2501 = CARTESIAN_POINT('',(20.,-4.125413911823,50.));
#2502 = SURFACE_CURVE('',#2503,(#2507,#2513),.PCURVE_S1.);
#2503 = LINE('',#2504,#2505);
#2504 = CARTESIAN_POINT('',(20.,-4.125413911823,47.3));
#2505 = VECTOR('',#2506,1.);
#2506 = DIRECTION('',(0.,0.,1.));
#2507 = PCURVE('',#2412,#2508);
#2508 = DEFINITIONAL_REPRESENTATION('',(#2509),#2512);
#2509 = B_SPLINE_CURVE_WITH_KNOTS('',1,(#2510,#2511),.UNSPECIFIED.,.F.,
  .F.,(2,2),(-5.999999999062E-07,64.7000006),.PIECEWISE_BEZIER_KNOTS.);
#2510 = CARTESIAN_POINT('',(-2.7000006,-40.87458608817));
#2511 = CARTESIAN_POINT('',(62.0000006,-40.87458608817));
#2512 = ( GEOMETRIC_REPRESENTATION_CONTEXT(2) 
PARAMETRIC_REPRESENTATION_CONTEXT() REPRESENTATION_CONTEXT('2D SPACE',''
  ) );
#2513 = PCURVE('',#127,#2514);
#2514 = DEFINITIONAL_REPRESENTATION('',(#2515),#2518);
#2515 = B_SPLINE_CURVE_WITH_KNOTS('',1,(#2516,#2517),.UNSPECIFIED.,.F.,
  .F.,(2,2),(2.7,64.7),.PIECEWISE_BEZIER_KNOTS.);
#2516 = CARTESIAN_POINT('',(7.039641691848,2.7));
#2517 = CARTESIAN_POINT('',(7.039641691848,64.7));
#2518 = ( GEOMETRIC_REPRESENTATION_CONTEXT(2) 
PARAMETRIC_REPRESENTATION_CONTEXT() REPRESENTATION_CONTEXT('2D SPACE',''
  ) );
#2519 = ORIENTED_EDGE('',*,*,#2520,.T.);
#2520 = EDGE_CURVE('',#2500,#2374,#2521,.T.);
#2521 = SURFACE_CURVE('',#2522,(#2526,#2533),.PCURVE_S1.);
#2522 = LINE('',#2523,#2524);
#2523 = CARTESIAN_POINT('',(20.,-45.,50.));
#2524 = VECTOR('',#2525,1.);
#2525 = DIRECTION('',(0.,1.,0.));
#2526 = PCURVE('',#2412,#2527);
#2527 = DEFINITIONAL_REPRESENTATION('',(#2528),#2532);
#2528 = LINE('',#2529,#2530);
#2529 = CARTESIAN_POINT('',(0.,0.));
#2530 = VECTOR('',#2531,1.);
#2531 = DIRECTION('',(0.,-1.));
#2532 = ( GEOMETRIC_REPRESENTATION_CONTEXT(2) 
PARAMETRIC_REPRESENTATION_CONTEXT() REPRESENTATION_CONTEXT('2D SPACE',''
  ) );
#2533 = PCURVE('',#100,#2534);
#2534 = DEFINITIONAL_REPRESENTATION('',(#2535),#2539);
#2535 = LINE('',#2536,#2537);
#2536 = CARTESIAN_POINT('',(0.,0.));
#2537 = VECTOR('',#2538,1.);
#2538 = DIRECTION('',(0.,1.));
#2539 = ( GEOMETRIC_REPRESENTATION_CONTEXT(2) 
PARAMETRIC_REPRESENTATION_CONTEXT() REPRESENTATION_CONTEXT('2D SPACE',''
  ) );
#2540 = ORIENTED_EDGE('',*,*,#2396,.T.);
#2541 = ADVANCED_FACE('',(#2542),#100,.F.);
#2542 = FACE_BOUND('',#2543,.F.);
#2543 = EDGE_LOOP('',(#2544,#2545,#2546,#2547,#2548,#2549));
#2544 = ORIENTED_EDGE('',*,*,#84,.F.);
#2545 = ORIENTED_EDGE('',*,*,#171,.T.);
#2546 = ORIENTED_EDGE('',*,*,#248,.T.);
#2547 = ORIENTED_EDGE('',*,*,#2373,.F.);
#2548 = ORIENTED_EDGE('',*,*,#2520,.F.);
#2549 = ORIENTED_EDGE('',*,*,#2550,.T.);
#2550 = EDGE_CURVE('',#2500,#85,#2551,.T.);
#2551 = SURFACE_CURVE('',#2552,(#2557,#2568),.PCURVE_S1.);
#2552 = CIRCLE('',#2553,27.5);
#2553 = AXIS2_PLACEMENT_3D('',#2554,#2555,#2556);
#2554 = CARTESIAN_POINT('',(0.,-23.,50.));
#2555 = DIRECTION('',(0.,0.,-1.));
#2556 = DIRECTION('',(0.727272727273,0.686348585025,0.));
#2557 = PCURVE('',#100,#2558);
#2558 = DEFINITIONAL_REPRESENTATION('',(#2559),#2567);
#2559 = ( BOUNDED_CURVE() B_SPLINE_CURVE(2,(#2560,#2561,#2562,#2563,
#2564,#2565,#2566),.UNSPECIFIED.,.T.,.F.) B_SPLINE_CURVE_WITH_KNOTS((1,2
    ,2,2,2,1),(-2.094395102393,0.,2.094395102393,4.188790204786,
6.28318530718,8.377580409573),.UNSPECIFIED.) CURVE() 
GEOMETRIC_REPRESENTATION_ITEM() RATIONAL_B_SPLINE_CURVE((1.,0.5,1.,0.5,
1.,0.5,1.)) REPRESENTATION_ITEM('') );
#2560 = CARTESIAN_POINT('',(3.552713678801E-15,40.874586088177));
#2561 = CARTESIAN_POINT('',(32.691742076555,6.233569936799));
#2562 = CARTESIAN_POINT('',(-13.65412896172,-4.757801119777));
#2563 = CARTESIAN_POINT('',(-60.,-15.74917217635));
#2564 = CARTESIAN_POINT('',(-46.34587103827,29.8832150316));
#2565 = CARTESIAN_POINT('',(-32.69174207655,75.515602239554));
#2566 = CARTESIAN_POINT('',(3.552713678801E-15,40.874586088177));
#2567 = ( GEOMETRIC_REPRESENTATION_CONTEXT(2) 
PARAMETRIC_REPRESENTATION_CONTEXT() REPRESENTATION_CONTEXT('2D SPACE',''
  ) );
#2568 = PCURVE('',#127,#2569);
#2569 = DEFINITIONAL_REPRESENTATION('',(#2570),#2574);
#2570 = LINE('',#2571,#2572);
#2571 = CARTESIAN_POINT('',(7.039641691848,2.7));
#2572 = VECTOR('',#2573,1.);
#2573 = DIRECTION('',(-1.,-0.));
#2574 = ( GEOMETRIC_REPRESENTATION_CONTEXT(2) 
PARAMETRIC_REPRESENTATION_CONTEXT() REPRESENTATION_CONTEXT('2D SPACE',''
  ) );
#2575 = ADVANCED_FACE('',(#2576,#2603),#127,.F.);
#2576 = FACE_BOUND('',#2577,.F.);
#2577 = EDGE_LOOP('',(#2578,#2579,#2580,#2602));
#2578 = ORIENTED_EDGE('',*,*,#2550,.F.);
#2579 = ORIENTED_EDGE('',*,*,#2499,.T.);
#2580 = ORIENTED_EDGE('',*,*,#2581,.T.);
#2581 = EDGE_CURVE('',#2473,#113,#2582,.T.);
#2582 = SURFACE_CURVE('',#2583,(#2588,#2595),.PCURVE_S1.);
#2583 = CIRCLE('',#2584,27.5);
#2584 = AXIS2_PLACEMENT_3D('',#2585,#2586,#2587);
#2585 = CARTESIAN_POINT('',(0.,-23.,112.));
#2586 = DIRECTION('',(0.,0.,-1.));
#2587 = DIRECTION('',(0.727272727273,0.686348585025,0.));
#2588 = PCURVE('',#127,#2589);
#2589 = DEFINITIONAL_REPRESENTATION('',(#2590),#2594);
#2590 = LINE('',#2591,#2592);
#2591 = CARTESIAN_POINT('',(7.039641691848,64.7));
#2592 = VECTOR('',#2593,1.);
#2593 = DIRECTION('',(-1.,-0.));
#2594 = ( GEOMETRIC_REPRESENTATION_CONTEXT(2) 
PARAMETRIC_REPRESENTATION_CONTEXT() REPRESENTATION_CONTEXT('2D SPACE',''
  ) );
#2595 = PCURVE('',#153,#2596);
#2596 = DEFINITIONAL_REPRESENTATION('',(#2597),#2601);
#2597 = LINE('',#2598,#2599);
#2598 = CARTESIAN_POINT('',(7.039641691848,0.));
#2599 = VECTOR('',#2600,1.);
#2600 = DIRECTION('',(-1.,-0.));
#2601 = ( GEOMETRIC_REPRESENTATION_CONTEXT(2) 
PARAMETRIC_REPRESENTATION_CONTEXT() REPRESENTATION_CONTEXT('2D SPACE',''
  ) );
#2602 = ORIENTED_EDGE('',*,*,#112,.F.);
#2603 = FACE_BOUND('',#2604,.F.);
#2604 = EDGE_LOOP('',(#2605));
#2605 = ORIENTED_EDGE('',*,*,#1726,.F.);
#2606 = ADVANCED_FACE('',(#2607),#153,.F.);
#2607 = FACE_BOUND('',#2608,.F.);
#2608 = EDGE_LOOP('',(#2609,#2610,#2611,#2637));
#2609 = ORIENTED_EDGE('',*,*,#2581,.F.);
#2610 = ORIENTED_EDGE('',*,*,#2472,.F.);
#2611 = ORIENTED_EDGE('',*,*,#2612,.T.);
#2612 = EDGE_CURVE('',#2450,#24,#2613,.T.);
#2613 = SURFACE_CURVE('',#2614,(#2619,#2626),.PCURVE_S1.);
#2614 = CIRCLE('',#2615,28.683673469388);
#2615 = AXIS2_PLACEMENT_3D('',#2616,#2617,#2618);
#2616 = CARTESIAN_POINT('',(0.,-23.,120.));
#2617 = DIRECTION('',(0.,0.,-1.));
#2618 = DIRECTION('',(0.697260761295,0.716817571463,0.));
#2619 = PCURVE('',#153,#2620);
#2620 = DEFINITIONAL_REPRESENTATION('',(#2621),#2625);
#2621 = LINE('',#2622,#2623);
#2622 = CARTESIAN_POINT('',(7.082412664459,8.));
#2623 = VECTOR('',#2624,1.);
#2624 = DIRECTION('',(-1.,-0.));
#2625 = ( GEOMETRIC_REPRESENTATION_CONTEXT(2) 
PARAMETRIC_REPRESENTATION_CONTEXT() REPRESENTATION_CONTEXT('2D SPACE',''
  ) );
#2626 = PCURVE('',#44,#2627);
#2627 = DEFINITIONAL_REPRESENTATION('',(#2628),#2636);
#2628 = ( BOUNDED_CURVE() B_SPLINE_CURVE(2,(#2629,#2630,#2631,#2632,
#2633,#2634,#2635),.UNSPECIFIED.,.T.,.F.) B_SPLINE_CURVE_WITH_KNOTS((1,2
    ,2,2,2,1),(-2.094395102393,0.,2.094395102393,4.188790204786,
6.28318530718,8.377580409573),.UNSPECIFIED.) CURVE() 
GEOMETRIC_REPRESENTATION_ITEM() RATIONAL_B_SPLINE_CURVE((1.,0.5,1.,0.5,
1.,0.5,1.)) REPRESENTATION_ITEM('') );
#2629 = CARTESIAN_POINT('',(1.06581410364E-14,42.560961156971));
#2630 = CARTESIAN_POINT('',(35.612629376323,7.919945005593));
#2631 = CARTESIAN_POINT('',(-12.19368531183,-5.600988654174));
#2632 = CARTESIAN_POINT('',(-60.,-19.12192231394));
#2633 = CARTESIAN_POINT('',(-47.80631468816,29.040027497203));
#2634 = CARTESIAN_POINT('',(-35.61262937632,77.201977308348));
#2635 = CARTESIAN_POINT('',(1.06581410364E-14,42.560961156971));
#2636 = ( GEOMETRIC_REPRESENTATION_CONTEXT(2) 
PARAMETRIC_REPRESENTATION_CONTEXT() REPRESENTATION_CONTEXT('2D SPACE',''
  ) );
#2637 = ORIENTED_EDGE('',*,*,#138,.F.);
#2638 = ADVANCED_FACE('',(#2639),#44,.T.);
#2639 = FACE_BOUND('',#2640,.T.);
#2640 = EDGE_LOOP('',(#2641,#2642,#2643,#2644,#2645,#2646));
#2641 = ORIENTED_EDGE('',*,*,#21,.F.);
#2642 = ORIENTED_EDGE('',*,*,#195,.T.);
#2643 = ORIENTED_EDGE('',*,*,#299,.T.);
#2644 = ORIENTED_EDGE('',*,*,#2424,.F.);
#2645 = ORIENTED_EDGE('',*,*,#2449,.F.);
#2646 = ORIENTED_EDGE('',*,*,#2612,.T.);
#2647 = ( GEOMETRIC_REPRESENTATION_CONTEXT(3) 
GLOBAL_UNCERTAINTY_ASSIGNED_CONTEXT((#2651)) 
GLOBAL_UNIT_ASSIGNED_CONTEXT((#2648,#2649,#2650)) REPRESENTATION_CONTEXT
('Context #1','3D Context with UNIT and UNCERTAINTY') );
#2648 = ( LENGTH_UNIT() NAMED_UNIT(*) SI_UNIT(.MILLI.,.METRE.) );
#2649 = ( NAMED_UNIT(*) PLANE_ANGLE_UNIT() SI_UNIT($,.RADIAN.) );
#2650 = ( NAMED_UNIT(*) SI_UNIT($,.STERADIAN.) SOLID_ANGLE_UNIT() );
#2651 = UNCERTAINTY_MEASURE_WITH_UNIT(LENGTH_MEASURE(1.E-07),#2648,
  'distance_accuracy_value','confusion accuracy');
#2652 = PRODUCT_RELATED_PRODUCT_CATEGORY('part',$,(#7));
ENDSEC;
END-ISO-10303-21;
