ISO-10303-21;
HEADER;
FILE_DESCRIPTION(('Open CASCADE Model'),'2;1');
FILE_NAME('Open CASCADE Shape Model','2026-10-06T16:05:49',('Author'),(
    'Open CASCADE'),'Open CASCADE STEP processor 7.9','Open CASCADE 7.9'
  ,'Unknown');
FILE_SCHEMA(('AUTOMOTIVE_DESIGN { 1 0 10303 214 1 1 1 1 }'));
ENDSEC;
DATA;
#1 = APPLICATION_PROTOCOL_DEFINITION('international standard',
  'automotive_design',2000,#2);
#2 = APPLICATION_CONTEXT(
  'core data for automotive mechanical design processes');
#3 = SHAPE_DEFINITION_REPRESENTATION(#4,#10);
#4 = PRODUCT_DEFINITION_SHAPE('','',#5);
#5 = PRODUCT_DEFINITION('design','',#6,#9);
#6 = PRODUCT_DEFINITION_FORMATION('','',#7);
#7 = PRODUCT('Open CASCADE STEP translator 7.9 47',
  'Open CASCADE STEP translator 7.9 47','',(#8));
#8 = PRODUCT_CONTEXT('',#2,'mechanical');
#9 = PRODUCT_DEFINITION_CONTEXT('part definition',#2,'design');
#10 = ADVANCED_BREP_SHAPE_REPRESENTATION('',(#11,#15),#3190);
#11 = AXIS2_PLACEMENT_3D('',#12,#13,#14);
#12 = CARTESIAN_POINT('',(0.,0.,0.));
#13 = DIRECTION('',(0.,0.,1.));
#14 = DIRECTION('',(1.,0.,-0.));
#15 = MANIFOLD_SOLID_BREP('',#16);
#16 = CLOSED_SHELL('',(#17,#194,#540,#599,#658,#717,#776,#1073,#1746,
    #1781,#1816,#1941,#1971,#2051,#2081,#2137,#2238,#2372,#2450,#2523,
    #2550,#2577,#2604,#2983,#3010,#3016,#3043,#3049,#3124,#3130,#3156,
    #3184));
#17 = ADVANCED_FACE('',(#18,#54,#89,#124,#159),#31,.F.);
#18 = FACE_BOUND('',#19,.T.);
#19 = EDGE_LOOP('',(#20));
#20 = ORIENTED_EDGE('',*,*,#21,.F.);
#21 = EDGE_CURVE('',#22,#22,#24,.T.);
#22 = VERTEX_POINT('',#23);
#23 = CARTESIAN_POINT('',(27.5,-23.,47.3));
#24 = SURFACE_CURVE('',#25,(#30,#42),.PCURVE_S1.);
#25 = CIRCLE('',#26,27.5);
#26 = AXIS2_PLACEMENT_3D('',#27,#28,#29);
#27 = CARTESIAN_POINT('',(0.,-23.,47.3));
#28 = DIRECTION('',(0.,0.,1.));
#29 = DIRECTION('',(1.,0.,-0.));
#30 = PCURVE('',#31,#36);
#31 = PLANE('',#32);
#32 = AXIS2_PLACEMENT_3D('',#33,#34,#35);
#33 = CARTESIAN_POINT('',(0.,-23.,47.3));
#34 = DIRECTION('',(0.,0.,1.));
#35 = DIRECTION('',(1.,0.,-0.));
#36 = DEFINITIONAL_REPRESENTATION('',(#37),#41);
#37 = CIRCLE('',#38,27.5);
#38 = AXIS2_PLACEMENT_2D('',#39,#40);
#39 = CARTESIAN_POINT('',(0.,0.));
#40 = DIRECTION('',(1.,-0.));
#41 = ( GEOMETRIC_REPRESENTATION_CONTEXT(2) 
PARAMETRIC_REPRESENTATION_CONTEXT() REPRESENTATION_CONTEXT('2D SPACE',''
  ) );
#42 = PCURVE('',#43,#48);
#43 = CYLINDRICAL_SURFACE('',#44,27.5);
#44 = AXIS2_PLACEMENT_3D('',#45,#46,#47);
#45 = CARTESIAN_POINT('',(0.,-23.,47.3));
#46 = DIRECTION('',(0.,0.,1.));
#47 = DIRECTION('',(1.,0.,-0.));
#48 = DEFINITIONAL_REPRESENTATION('',(#49),#53);
#49 = LINE('',#50,#51);
#50 = CARTESIAN_POINT('',(0.,0.));
#51 = VECTOR('',#52,1.);
#52 = DIRECTION('',(1.,0.));
#53 = ( GEOMETRIC_REPRESENTATION_CONTEXT(2) 
PARAMETRIC_REPRESENTATION_CONTEXT() REPRESENTATION_CONTEXT('2D SPACE',''
  ) );
#54 = FACE_BOUND('',#55,.T.);
#55 = EDGE_LOOP('',(#56));
#56 = ORIENTED_EDGE('',*,*,#57,.F.);
#57 = EDGE_CURVE('',#58,#58,#60,.T.);
#58 = VERTEX_POINT('',#59);
#59 = CARTESIAN_POINT('',(1.8,-37.5,47.3));
#60 = SURFACE_CURVE('',#61,(#66,#77),.PCURVE_S1.);
#61 = CIRCLE('',#62,1.8);
#62 = AXIS2_PLACEMENT_3D('',#63,#64,#65);
#63 = CARTESIAN_POINT('',(-2.663606788145E-15,-37.5,47.3));
#64 = DIRECTION('',(0.,0.,-1.));
#65 = DIRECTION('',(1.,0.,0.));
#66 = PCURVE('',#31,#67);
#67 = DEFINITIONAL_REPRESENTATION('',(#68),#76);
#68 = ( BOUNDED_CURVE() B_SPLINE_CURVE(2,(#69,#70,#71,#72,#73,#74,#75),
.UNSPECIFIED.,.T.,.F.) B_SPLINE_CURVE_WITH_KNOTS((1,2,2,2,2,1),(
    -2.094395102393,0.,2.094395102393,4.188790204786,6.28318530718,
8.377580409573),.UNSPECIFIED.) CURVE() GEOMETRIC_REPRESENTATION_ITEM() 
RATIONAL_B_SPLINE_CURVE((1.,0.5,1.,0.5,1.,0.5,1.)) REPRESENTATION_ITEM(
  '') );
#69 = CARTESIAN_POINT('',(1.8,-14.5));
#70 = CARTESIAN_POINT('',(1.8,-17.61769145362));
#71 = CARTESIAN_POINT('',(-0.9,-16.05884572681));
#72 = CARTESIAN_POINT('',(-3.6,-14.5));
#73 = CARTESIAN_POINT('',(-0.9,-12.94115427318));
#74 = CARTESIAN_POINT('',(1.8,-11.38230854637));
#75 = CARTESIAN_POINT('',(1.8,-14.5));
#76 = ( GEOMETRIC_REPRESENTATION_CONTEXT(2) 
PARAMETRIC_REPRESENTATION_CONTEXT() REPRESENTATION_CONTEXT('2D SPACE',''
  ) );
#77 = PCURVE('',#78,#83);
#78 = CYLINDRICAL_SURFACE('',#79,1.8);
#79 = AXIS2_PLACEMENT_3D('',#80,#81,#82);
#80 = CARTESIAN_POINT('',(-2.663606788145E-15,-37.5,40.));
#81 = DIRECTION('',(-0.,-0.,-1.));
#82 = DIRECTION('',(1.,0.,0.));
#83 = DEFINITIONAL_REPRESENTATION('',(#84),#88);
#84 = LINE('',#85,#86);
#85 = CARTESIAN_POINT('',(-6.28318530718,-7.3));
#86 = VECTOR('',#87,1.);
#87 = DIRECTION('',(1.,-0.));
#88 = ( GEOMETRIC_REPRESENTATION_CONTEXT(2) 
PARAMETRIC_REPRESENTATION_CONTEXT() REPRESENTATION_CONTEXT('2D SPACE',''
  ) );
#89 = FACE_BOUND('',#90,.T.);
#90 = EDGE_LOOP('',(#91));
#91 = ORIENTED_EDGE('',*,*,#92,.F.);
#92 = EDGE_CURVE('',#93,#93,#95,.T.);
#93 = VERTEX_POINT('',#94);
#94 = CARTESIAN_POINT('',(14.357368354874,-15.75,47.3));
#95 = SURFACE_CURVE('',#96,(#101,#112),.PCURVE_S1.);
#96 = CIRCLE('',#97,1.8);
#97 = AXIS2_PLACEMENT_3D('',#98,#99,#100);
#98 = CARTESIAN_POINT('',(12.557368354874,-15.75,47.3));
#99 = DIRECTION('',(0.,0.,-1.));
#100 = DIRECTION('',(1.,0.,0.));
#101 = PCURVE('',#31,#102);
#102 = DEFINITIONAL_REPRESENTATION('',(#103),#111);
#103 = ( BOUNDED_CURVE() B_SPLINE_CURVE(2,(#104,#105,#106,#107,#108,#109
,#110),.UNSPECIFIED.,.T.,.F.) B_SPLINE_CURVE_WITH_KNOTS((1,2,2,2,2,1),(
    -2.094395102393,0.,2.094395102393,4.188790204786,6.28318530718,
8.377580409573),.UNSPECIFIED.) CURVE() GEOMETRIC_REPRESENTATION_ITEM() 
RATIONAL_B_SPLINE_CURVE((1.,0.5,1.,0.5,1.,0.5,1.)) REPRESENTATION_ITEM(
  '') );
#104 = CARTESIAN_POINT('',(14.357368354874,7.25));
#105 = CARTESIAN_POINT('',(14.357368354874,4.132308546376));
#106 = CARTESIAN_POINT('',(11.657368354874,5.691154273188));
#107 = CARTESIAN_POINT('',(8.957368354874,7.25));
#108 = CARTESIAN_POINT('',(11.657368354874,8.808845726812));
#109 = CARTESIAN_POINT('',(14.357368354874,10.367691453624));
#110 = CARTESIAN_POINT('',(14.357368354874,7.25));
#111 = ( GEOMETRIC_REPRESENTATION_CONTEXT(2) 
PARAMETRIC_REPRESENTATION_CONTEXT() REPRESENTATION_CONTEXT('2D SPACE',''
  ) );
#112 = PCURVE('',#113,#118);
#113 = CYLINDRICAL_SURFACE('',#114,1.8);
#114 = AXIS2_PLACEMENT_3D('',#115,#116,#117);
#115 = CARTESIAN_POINT('',(12.557368354874,-15.75,40.));
#116 = DIRECTION('',(-0.,-0.,-1.));
#117 = DIRECTION('',(1.,0.,0.));
#118 = DEFINITIONAL_REPRESENTATION('',(#119),#123);
#119 = LINE('',#120,#121);
#120 = CARTESIAN_POINT('',(-6.28318530718,-7.3));
#121 = VECTOR('',#122,1.);
#122 = DIRECTION('',(1.,-0.));
#123 = ( GEOMETRIC_REPRESENTATION_CONTEXT(2) 
PARAMETRIC_REPRESENTATION_CONTEXT() REPRESENTATION_CONTEXT('2D SPACE',''
  ) );
#124 = FACE_BOUND('',#125,.T.);
#125 = EDGE_LOOP('',(#126));
#126 = ORIENTED_EDGE('',*,*,#127,.F.);
#127 = EDGE_CURVE('',#128,#128,#130,.T.);
#128 = VERTEX_POINT('',#129);
#129 = CARTESIAN_POINT('',(9.1,-23.,47.3));
#130 = SURFACE_CURVE('',#131,(#136,#147),.PCURVE_S1.);
#131 = CIRCLE('',#132,9.1);
#132 = AXIS2_PLACEMENT_3D('',#133,#134,#135);
#133 = CARTESIAN_POINT('',(0.,-23.,47.3));
#134 = DIRECTION('',(0.,0.,-1.));
#135 = DIRECTION('',(1.,0.,0.));
#136 = PCURVE('',#31,#137);
#137 = DEFINITIONAL_REPRESENTATION('',(#138),#146);
#138 = ( BOUNDED_CURVE() B_SPLINE_CURVE(2,(#139,#140,#141,#142,#143,#144
,#145),.UNSPECIFIED.,.T.,.F.) B_SPLINE_CURVE_WITH_KNOTS((1,2,2,2,2,1),(
    -2.094395102393,0.,2.094395102393,4.188790204786,6.28318530718,
8.377580409573),.UNSPECIFIED.) CURVE() GEOMETRIC_REPRESENTATION_ITEM() 
RATIONAL_B_SPLINE_CURVE((1.,0.5,1.,0.5,1.,0.5,1.)) REPRESENTATION_ITEM(
  '') );
#139 = CARTESIAN_POINT('',(9.1,0.));
#140 = CARTESIAN_POINT('',(9.1,-15.76166234887));
#141 = CARTESIAN_POINT('',(-4.55,-7.880831174438));
#142 = CARTESIAN_POINT('',(-18.2,-2.228857174448E-15));
#143 = CARTESIAN_POINT('',(-4.55,7.880831174438));
#144 = CARTESIAN_POINT('',(9.1,15.761662348877));
#145 = CARTESIAN_POINT('',(9.1,0.));
#146 = ( GEOMETRIC_REPRESENTATION_CONTEXT(2) 
PARAMETRIC_REPRESENTATION_CONTEXT() REPRESENTATION_CONTEXT('2D SPACE',''
  ) );
#147 = PCURVE('',#148,#153);
#148 = CYLINDRICAL_SURFACE('',#149,9.1);
#149 = AXIS2_PLACEMENT_3D('',#150,#151,#152);
#150 = CARTESIAN_POINT('',(0.,-23.,40.));
#151 = DIRECTION('',(-0.,-0.,-1.));
#152 = DIRECTION('',(1.,0.,0.));
#153 = DEFINITIONAL_REPRESENTATION('',(#154),#158);
#154 = LINE('',#155,#156);
#155 = CARTESIAN_POINT('',(-6.28318530718,-7.3));
#156 = VECTOR('',#157,1.);
#157 = DIRECTION('',(1.,-0.));
#158 = ( GEOMETRIC_REPRESENTATION_CONTEXT(2) 
PARAMETRIC_REPRESENTATION_CONTEXT() REPRESENTATION_CONTEXT('2D SPACE',''
  ) );
#159 = FACE_BOUND('',#160,.T.);
#160 = EDGE_LOOP('',(#161));
#161 = ORIENTED_EDGE('',*,*,#162,.F.);
#162 = EDGE_CURVE('',#163,#163,#165,.T.);
#163 = VERTEX_POINT('',#164);
#164 = CARTESIAN_POINT('',(-10.75736835487,-15.75,47.3));
#165 = SURFACE_CURVE('',#166,(#171,#182),.PCURVE_S1.);
#166 = CIRCLE('',#167,1.8);
#167 = AXIS2_PLACEMENT_3D('',#168,#169,#170);
#168 = CARTESIAN_POINT('',(-12.55736835487,-15.75,47.3));
#169 = DIRECTION('',(0.,0.,-1.));
#170 = DIRECTION('',(1.,0.,0.));
#171 = PCURVE('',#31,#172);
#172 = DEFINITIONAL_REPRESENTATION('',(#173),#181);
#173 = ( BOUNDED_CURVE() B_SPLINE_CURVE(2,(#174,#175,#176,#177,#178,#179
,#180),.UNSPECIFIED.,.T.,.F.) B_SPLINE_CURVE_WITH_KNOTS((1,2,2,2,2,1),(
    -2.094395102393,0.,2.094395102393,4.188790204786,6.28318530718,
8.377580409573),.UNSPECIFIED.) CURVE() GEOMETRIC_REPRESENTATION_ITEM() 
RATIONAL_B_SPLINE_CURVE((1.,0.5,1.,0.5,1.,0.5,1.)) REPRESENTATION_ITEM(
  '') );
#174 = CARTESIAN_POINT('',(-10.75736835487,7.25));
#175 = CARTESIAN_POINT('',(-10.75736835487,4.132308546376));
#176 = CARTESIAN_POINT('',(-13.45736835487,5.691154273188));
#177 = CARTESIAN_POINT('',(-16.15736835487,7.25));
#178 = CARTESIAN_POINT('',(-13.45736835487,8.808845726812));
#179 = CARTESIAN_POINT('',(-10.75736835487,10.367691453624));
#180 = CARTESIAN_POINT('',(-10.75736835487,7.25));
#181 = ( GEOMETRIC_REPRESENTATION_CONTEXT(2) 
PARAMETRIC_REPRESENTATION_CONTEXT() REPRESENTATION_CONTEXT('2D SPACE',''
  ) );
#182 = PCURVE('',#183,#188);
#183 = CYLINDRICAL_SURFACE('',#184,1.8);
#184 = AXIS2_PLACEMENT_3D('',#185,#186,#187);
#185 = CARTESIAN_POINT('',(-12.55736835487,-15.75,40.));
#186 = DIRECTION('',(-0.,-0.,-1.));
#187 = DIRECTION('',(1.,0.,0.));
#188 = DEFINITIONAL_REPRESENTATION('',(#189),#193);
#189 = LINE('',#190,#191);
#190 = CARTESIAN_POINT('',(-6.28318530718,-7.3));
#191 = VECTOR('',#192,1.);
#192 = DIRECTION('',(1.,-0.));
#193 = ( GEOMETRIC_REPRESENTATION_CONTEXT(2) 
PARAMETRIC_REPRESENTATION_CONTEXT() REPRESENTATION_CONTEXT('2D SPACE',''
  ) );
#194 = ADVANCED_FACE('',(#195),#43,.T.);
#195 = FACE_BOUND('',#196,.T.);
#196 = EDGE_LOOP('',(#197,#220,#221,#222,#355,#378,#405,#406,#480));
#197 = ORIENTED_EDGE('',*,*,#198,.F.);
#198 = EDGE_CURVE('',#22,#199,#201,.T.);
#199 = VERTEX_POINT('',#200);
#200 = CARTESIAN_POINT('',(27.5,-23.,96.));
#201 = SEAM_CURVE('',#202,(#206,#213),.PCURVE_S1.);
#202 = LINE('',#203,#204);
#203 = CARTESIAN_POINT('',(27.5,-23.,47.3));
#204 = VECTOR('',#205,1.);
#205 = DIRECTION('',(0.,0.,1.));
#206 = PCURVE('',#43,#207);
#207 = DEFINITIONAL_REPRESENTATION('',(#208),#212);
#208 = LINE('',#209,#210);
#209 = CARTESIAN_POINT('',(0.,0.));
#210 = VECTOR('',#211,1.);
#211 = DIRECTION('',(0.,1.));
#212 = ( GEOMETRIC_REPRESENTATION_CONTEXT(2) 
PARAMETRIC_REPRESENTATION_CONTEXT() REPRESENTATION_CONTEXT('2D SPACE',''
  ) );
#213 = PCURVE('',#43,#214);
#214 = DEFINITIONAL_REPRESENTATION('',(#215),#219);
#215 = LINE('',#216,#217);
#216 = CARTESIAN_POINT('',(6.28318530718,0.));
#217 = VECTOR('',#218,1.);
#218 = DIRECTION('',(0.,1.));
#219 = ( GEOMETRIC_REPRESENTATION_CONTEXT(2) 
PARAMETRIC_REPRESENTATION_CONTEXT() REPRESENTATION_CONTEXT('2D SPACE',''
  ) );
#220 = ORIENTED_EDGE('',*,*,#21,.T.);
#221 = ORIENTED_EDGE('',*,*,#198,.T.);
#222 = ORIENTED_EDGE('',*,*,#223,.F.);
#223 = EDGE_CURVE('',#224,#199,#226,.T.);
#224 = VERTEX_POINT('',#225);
#225 = CARTESIAN_POINT('',(27.5,-23.,104.));
#226 = SURFACE_CURVE('',#227,(#266,#308),.PCURVE_S1.);
#227 = B_SPLINE_CURVE_WITH_KNOTS('',7,(#228,#229,#230,#231,#232,#233,
    #234,#235,#236,#237,#238,#239,#240,#241,#242,#243,#244,#245,#246,
    #247,#248,#249,#250,#251,#252,#253,#254,#255,#256,#257,#258,#259,
    #260,#261,#262,#263,#264,#265),.UNSPECIFIED.,.F.,.F.,(8,6,6,6,6,6,8)
  ,(0.,0.15659983266,0.302127224708,0.500000000019,0.69787277533,
    0.843400167427,1.),.UNSPECIFIED.);
#228 = CARTESIAN_POINT('',(27.5,-23.,104.));
#229 = CARTESIAN_POINT('',(27.5,-23.34264066724,104.));
#230 = CARTESIAN_POINT('',(27.495019241569,-23.68196986001,103.965757658
    ));
#231 = CARTESIAN_POINT('',(27.485231326721,-24.012614784,103.89846373387
    ));
#232 = CARTESIAN_POINT('',(27.471268765995,-24.32946964367,
    103.80066911623));
#233 = CARTESIAN_POINT('',(27.454168652924,-24.62800892189,
    103.67621170353));
#234 = CARTESIAN_POINT('',(27.435132921001,-24.90456610707,
    103.53017642495));
#235 = CARTESIAN_POINT('',(27.396890617882,-25.39072364276,
    103.21896674179));
#236 = CARTESIAN_POINT('',(27.377610709193,-25.6059703411,
    103.05440709361));
#237 = CARTESIAN_POINT('',(27.358131888834,-25.80250212587,
    102.87783841357));
#238 = CARTESIAN_POINT('',(27.33900638202,-25.98071351521,
    102.69145420896));
#239 = CARTESIAN_POINT('',(27.320675709005,-26.14110664942,
    102.49706471277));
#240 = CARTESIAN_POINT('',(27.303481710309,-26.28421953043,
    102.29616424007));
#241 = CARTESIAN_POINT('',(27.266220282452,-26.58234597617,
    101.80966609662));
#242 = CARTESIAN_POINT('',(27.247320979065,-26.72330503328,
    101.51930238937));
#243 = CARTESIAN_POINT('',(27.231661283759,-26.83468442412,
    101.22185453536));
#244 = CARTESIAN_POINT('',(27.219663881809,-26.917504014,100.9195428933)
  );
#245 = CARTESIAN_POINT('',(27.211580703076,-26.97248715089,
    100.61412874023));
#246 = CARTESIAN_POINT('',(27.207535720826,-27.,100.3071327511));
#247 = CARTESIAN_POINT('',(27.207535720826,-27.,99.692867248896));
#248 = CARTESIAN_POINT('',(27.211580703076,-26.97248715089,
    99.38587125977));
#249 = CARTESIAN_POINT('',(27.219663881809,-26.917504014,99.080457106694
    ));
#250 = CARTESIAN_POINT('',(27.231661283759,-26.83468442412,
    98.77814546463));
#251 = CARTESIAN_POINT('',(27.247320979065,-26.72330503328,
    98.480697610628));
#252 = CARTESIAN_POINT('',(27.266220282452,-26.58234597617,
    98.190333903378));
#253 = CARTESIAN_POINT('',(27.303481710314,-26.28421953039,
    97.703835759853));
#254 = CARTESIAN_POINT('',(27.320675709,-26.14110664945,97.5029352873));
#255 = CARTESIAN_POINT('',(27.339006382015,-25.98071351527,
    97.308545791078));
#256 = CARTESIAN_POINT('',(27.358131888839,-25.80250212584,
    97.122161586364));
#257 = CARTESIAN_POINT('',(27.3776107092,-25.60597034101,96.945592906341
    ));
#258 = CARTESIAN_POINT('',(27.396890617876,-25.39072364284,
    96.78103325826));
#259 = CARTESIAN_POINT('',(27.435132920991,-24.90456610721,
    96.469823575133));
#260 = CARTESIAN_POINT('',(27.454168652925,-24.6280089219,
    96.323788296446));
#261 = CARTESIAN_POINT('',(27.471268766004,-24.32946964354,
    96.199330883703));
#262 = CARTESIAN_POINT('',(27.485231326723,-24.01261478387,
    96.101536266117));
#263 = CARTESIAN_POINT('',(27.495019241564,-23.68196986003,
    96.034242342028));
#264 = CARTESIAN_POINT('',(27.5,-23.34264066741,96.));
#265 = CARTESIAN_POINT('',(27.5,-23.,96.));
#266 = PCURVE('',#43,#267);
#267 = DEFINITIONAL_REPRESENTATION('',(#268),#307);
#268 = B_SPLINE_CURVE_WITH_KNOTS('',7,(#269,#270,#271,#272,#273,#274,
    #275,#276,#277,#278,#279,#280,#281,#282,#283,#284,#285,#286,#287,
    #288,#289,#290,#291,#292,#293,#294,#295,#296,#297,#298,#299,#300,
    #301,#302,#303,#304,#305,#306),.UNSPECIFIED.,.F.,.F.,(8,6,6,6,6,6,8)
  ,(0.,0.15659983266,0.302127224708,0.500000000019,0.69787277533,
    0.843400167427,1.),.UNSPECIFIED.);
#269 = CARTESIAN_POINT('',(6.28318530718,56.7));
#270 = CARTESIAN_POINT('',(6.270725646552,56.7));
#271 = CARTESIAN_POINT('',(6.258386401906,56.665757658005));
#272 = CARTESIAN_POINT('',(6.246359797704,56.598463733871));
#273 = CARTESIAN_POINT('',(6.234828580155,56.500669116234));
#274 = CARTESIAN_POINT('',(6.223956000128,56.376211703532));
#275 = CARTESIAN_POINT('',(6.213876063748,56.230176424955));
#276 = CARTESIAN_POINT('',(6.19614299716,55.918966741791));
#277 = CARTESIAN_POINT('',(6.188284969864,55.754407093615));
#278 = CARTESIAN_POINT('',(6.181103802701,55.577838413579));
#279 = CARTESIAN_POINT('',(6.174586488269,55.391454208962));
#280 = CARTESIAN_POINT('',(6.168716208136,55.197064712777));
#281 = CARTESIAN_POINT('',(6.163474738996,54.996164240078));
#282 = CARTESIAN_POINT('',(6.152549430345,54.509666096622));
#283 = CARTESIAN_POINT('',(6.147377984607,54.219302389371));
#284 = CARTESIAN_POINT('',(6.143288070395,53.921854535369));
#285 = CARTESIAN_POINT('',(6.140245014435,53.619542893306));
#286 = CARTESIAN_POINT('',(6.138224142326,53.314128740231));
#287 = CARTESIAN_POINT('',(6.137212918635,53.007132751103));
#288 = CARTESIAN_POINT('',(6.137212918635,52.392867248896));
#289 = CARTESIAN_POINT('',(6.138224142326,52.08587125977));
#290 = CARTESIAN_POINT('',(6.140245014435,51.780457106694));
#291 = CARTESIAN_POINT('',(6.143288070395,51.47814546463));
#292 = CARTESIAN_POINT('',(6.147377984607,51.180697610628));
#293 = CARTESIAN_POINT('',(6.152549430345,50.890333903378));
#294 = CARTESIAN_POINT('',(6.163474738998,50.403835759853));
#295 = CARTESIAN_POINT('',(6.168716208135,50.2029352873));
#296 = CARTESIAN_POINT('',(6.174586488266,50.008545791078));
#297 = CARTESIAN_POINT('',(6.181103802703,49.822161586364));
#298 = CARTESIAN_POINT('',(6.188284969867,49.645592906341));
#299 = CARTESIAN_POINT('',(6.196142997158,49.48103325826));
#300 = CARTESIAN_POINT('',(6.213876063742,49.169823575133));
#301 = CARTESIAN_POINT('',(6.223956000127,49.023788296446));
#302 = CARTESIAN_POINT('',(6.234828580159,48.899330883703));
#303 = CARTESIAN_POINT('',(6.246359797709,48.801536266117));
#304 = CARTESIAN_POINT('',(6.258386401906,48.734242342028));
#305 = CARTESIAN_POINT('',(6.270725646546,48.7));
#306 = CARTESIAN_POINT('',(6.28318530718,48.7));
#307 = ( GEOMETRIC_REPRESENTATION_CONTEXT(2) 
PARAMETRIC_REPRESENTATION_CONTEXT() REPRESENTATION_CONTEXT('2D SPACE',''
  ) );
#308 = PCURVE('',#309,#314);
#309 = CYLINDRICAL_SURFACE('',#310,4.);
#310 = AXIS2_PLACEMENT_3D('',#311,#312,#313);
#311 = CARTESIAN_POINT('',(15.,-23.,100.));
#312 = DIRECTION('',(-1.,-0.,-0.));
#313 = DIRECTION('',(0.,1.,0.));
#314 = DEFINITIONAL_REPRESENTATION('',(#315),#354);
#315 = B_SPLINE_CURVE_WITH_KNOTS('',7,(#316,#317,#318,#319,#320,#321,
    #322,#323,#324,#325,#326,#327,#328,#329,#330,#331,#332,#333,#334,
    #335,#336,#337,#338,#339,#340,#341,#342,#343,#344,#345,#346,#347,
    #348,#349,#350,#351,#352,#353),.UNSPECIFIED.,.F.,.F.,(8,6,6,6,6,6,8)
  ,(0.,0.15659983266,0.302127224708,0.500000000019,0.69787277533,
    0.843400167427,1.),.UNSPECIFIED.);
#316 = CARTESIAN_POINT('',(-1.570796326795,-12.5));
#317 = CARTESIAN_POINT('',(-1.656456493607,-12.5));
#318 = CARTESIAN_POINT('',(-1.741288753809,-12.49501924156));
#319 = CARTESIAN_POINT('',(-1.824976803537,-12.48523132672));
#320 = CARTESIAN_POINT('',(-1.907180599741,-12.47126876599));
#321 = CARTESIAN_POINT('',(-1.987497600298,-12.45416865292));
#322 = CARTESIAN_POINT('',(-2.065411245459,-12.435132921));
#323 = CARTESIAN_POINT('',(-2.209720075836,-12.39689061788));
#324 = CARTESIAN_POINT('',(-2.277221404498,-12.37761070919));
#325 = CARTESIAN_POINT('',(-2.34294889244,-12.35813188883));
#326 = CARTESIAN_POINT('',(-2.407097539663,-12.33900638202));
#327 = CARTESIAN_POINT('',(-2.469845332601,-12.320675709));
#328 = CARTESIAN_POINT('',(-2.531363473167,-12.3034817103));
#329 = CARTESIAN_POINT('',(-2.674008097416,-12.26622028245));
#330 = CARTESIAN_POINT('',(-2.754315130903,-12.24732097906));
#331 = CARTESIAN_POINT('',(-2.833173659407,-12.23166128375));
#332 = CARTESIAN_POINT('',(-2.910968351786,-12.2196638818));
#333 = CARTESIAN_POINT('',(-2.988060135555,-12.21158070307));
#334 = CARTESIAN_POINT('',(-3.064809465814,-12.20753572082));
#335 = CARTESIAN_POINT('',(-3.218375841366,-12.20753572082));
#336 = CARTESIAN_POINT('',(-3.295125171624,-12.21158070307));
#337 = CARTESIAN_POINT('',(-3.372216955393,-12.2196638818));
#338 = CARTESIAN_POINT('',(-3.450011647773,-12.23166128375));
#339 = CARTESIAN_POINT('',(-3.528870176276,-12.24732097906));
#340 = CARTESIAN_POINT('',(-3.609177209763,-12.26622028245));
#341 = CARTESIAN_POINT('',(-3.751821834033,-12.30348171031));
#342 = CARTESIAN_POINT('',(-3.813339974559,-12.320675709));
#343 = CARTESIAN_POINT('',(-3.876087767498,-12.33900638201));
#344 = CARTESIAN_POINT('',(-3.940236414756,-12.35813188883));
#345 = CARTESIAN_POINT('',(-4.005963902705,-12.3776107092));
#346 = CARTESIAN_POINT('',(-4.073465231319,-12.39689061787));
#347 = CARTESIAN_POINT('',(-4.21777406168,-12.43513292099));
#348 = CARTESIAN_POINT('',(-4.295687706881,-12.45416865292));
#349 = CARTESIAN_POINT('',(-4.376004707472,-12.471268766));
#350 = CARTESIAN_POINT('',(-4.458208503673,-12.48523132672));
#351 = CARTESIAN_POINT('',(-4.541896553366,-12.49501924156));
#352 = CARTESIAN_POINT('',(-4.626728813532,-12.5));
#353 = CARTESIAN_POINT('',(-4.712388980385,-12.5));
#354 = ( GEOMETRIC_REPRESENTATION_CONTEXT(2) 
PARAMETRIC_REPRESENTATION_CONTEXT() REPRESENTATION_CONTEXT('2D SPACE',''
  ) );
#355 = ORIENTED_EDGE('',*,*,#356,.T.);
#356 = EDGE_CURVE('',#224,#357,#359,.T.);
#357 = VERTEX_POINT('',#358);
#358 = CARTESIAN_POINT('',(27.5,-23.,112.));
#359 = SEAM_CURVE('',#360,(#364,#371),.PCURVE_S1.);
#360 = LINE('',#361,#362);
#361 = CARTESIAN_POINT('',(27.5,-23.,47.3));
#362 = VECTOR('',#363,1.);
#363 = DIRECTION('',(0.,0.,1.));
#364 = PCURVE('',#43,#365);
#365 = DEFINITIONAL_REPRESENTATION('',(#366),#370);
#366 = LINE('',#367,#368);
#367 = CARTESIAN_POINT('',(0.,0.));
#368 = VECTOR('',#369,1.);
#369 = DIRECTION('',(0.,1.));
#370 = ( GEOMETRIC_REPRESENTATION_CONTEXT(2) 
PARAMETRIC_REPRESENTATION_CONTEXT() REPRESENTATION_CONTEXT('2D SPACE',''
  ) );
#371 = PCURVE('',#43,#372);
#372 = DEFINITIONAL_REPRESENTATION('',(#373),#377);
#373 = LINE('',#374,#375);
#374 = CARTESIAN_POINT('',(6.28318530718,0.));
#375 = VECTOR('',#376,1.);
#376 = DIRECTION('',(0.,1.));
#377 = ( GEOMETRIC_REPRESENTATION_CONTEXT(2) 
PARAMETRIC_REPRESENTATION_CONTEXT() REPRESENTATION_CONTEXT('2D SPACE',''
  ) );
#378 = ORIENTED_EDGE('',*,*,#379,.F.);
#379 = EDGE_CURVE('',#357,#357,#380,.T.);
#380 = SURFACE_CURVE('',#381,(#386,#393),.PCURVE_S1.);
#381 = CIRCLE('',#382,27.5);
#382 = AXIS2_PLACEMENT_3D('',#383,#384,#385);
#383 = CARTESIAN_POINT('',(0.,-23.,112.));
#384 = DIRECTION('',(0.,0.,1.));
#385 = DIRECTION('',(1.,0.,-0.));
#386 = PCURVE('',#43,#387);
#387 = DEFINITIONAL_REPRESENTATION('',(#388),#392);
#388 = LINE('',#389,#390);
#389 = CARTESIAN_POINT('',(0.,64.7));
#390 = VECTOR('',#391,1.);
#391 = DIRECTION('',(1.,0.));
#392 = ( GEOMETRIC_REPRESENTATION_CONTEXT(2) 
PARAMETRIC_REPRESENTATION_CONTEXT() REPRESENTATION_CONTEXT('2D SPACE',''
  ) );
#393 = PCURVE('',#394,#399);
#394 = CONICAL_SURFACE('',#395,27.5,0.146893444148);
#395 = AXIS2_PLACEMENT_3D('',#396,#397,#398);
#396 = CARTESIAN_POINT('',(0.,-23.,112.));
#397 = DIRECTION('',(0.,0.,1.));
#398 = DIRECTION('',(1.,0.,-0.));
#399 = DEFINITIONAL_REPRESENTATION('',(#400),#404);
#400 = LINE('',#401,#402);
#401 = CARTESIAN_POINT('',(0.,0.));
#402 = VECTOR('',#403,1.);
#403 = DIRECTION('',(1.,0.));
#404 = ( GEOMETRIC_REPRESENTATION_CONTEXT(2) 
PARAMETRIC_REPRESENTATION_CONTEXT() REPRESENTATION_CONTEXT('2D SPACE',''
  ) );
#405 = ORIENTED_EDGE('',*,*,#356,.F.);
#406 = ORIENTED_EDGE('',*,*,#407,.F.);
#407 = EDGE_CURVE('',#408,#224,#410,.T.);
#408 = VERTEX_POINT('',#409);
#409 = CARTESIAN_POINT('',(27.207535720826,-19.,100.));
#410 = SURFACE_CURVE('',#411,(#432,#456),.PCURVE_S1.);
#411 = B_SPLINE_CURVE_WITH_KNOTS('',7,(#412,#413,#414,#415,#416,#417,
    #418,#419,#420,#421,#422,#423,#424,#425,#426,#427,#428,#429,#430,
    #431),.UNSPECIFIED.,.F.,.F.,(8,6,6,8),(0.,0.526779153732,
    0.810511098036,1.),.UNSPECIFIED.);
#412 = CARTESIAN_POINT('',(27.207535720826,-19.,100.));
#413 = CARTESIAN_POINT('',(27.207535720826,-19.,100.40942360612));
#414 = CARTESIAN_POINT('',(27.21472355689,-19.04889157753,
    100.81827329801));
#415 = CARTESIAN_POINT('',(27.229063508932,-19.14642658524,
    101.22340061264));
#416 = CARTESIAN_POINT('',(27.250174248094,-19.29387402515,
    101.62139920375));
#417 = CARTESIAN_POINT('',(27.277291468222,-19.4935885431,
    102.00762625973));
#418 = CARTESIAN_POINT('',(27.308958784573,-19.74877523799,
    102.37559031076));
#419 = CARTESIAN_POINT('',(27.36084780142,-20.23180038481,
    102.89812397069));
#420 = CARTESIAN_POINT('',(27.379664711942,-20.41845029598,
    103.07337782504));
#421 = CARTESIAN_POINT('',(27.398701425398,-20.62289879467,
    103.23880275455));
#422 = CARTESIAN_POINT('',(27.417425888624,-20.84518777276,
    103.39207799219));
#423 = CARTESIAN_POINT('',(27.435208477986,-21.08511587307,
    103.53069483087));
#424 = CARTESIAN_POINT('',(27.451348869099,-21.34218391269,
    103.65192199448));
#425 = CARTESIAN_POINT('',(27.47433006787,-21.79808571633,
    103.82011304949));
#426 = CARTESIAN_POINT('',(27.482477395981,-21.98786786397,
    103.87835694029));
#427 = CARTESIAN_POINT('',(27.489310224288,-22.18369806681,
    103.92627067964));
#428 = CARTESIAN_POINT('',(27.49460484159,-22.3842622627,103.96290885169
    ));
#429 = CARTESIAN_POINT('',(27.498197823544,-22.58814987592,
    103.98760979834));
#430 = CARTESIAN_POINT('',(27.5,-22.79389194821,104.));
#431 = CARTESIAN_POINT('',(27.5,-23.,104.));
#432 = PCURVE('',#43,#433);
#433 = DEFINITIONAL_REPRESENTATION('',(#434),#455);
#434 = B_SPLINE_CURVE_WITH_KNOTS('',7,(#435,#436,#437,#438,#439,#440,
    #441,#442,#443,#444,#445,#446,#447,#448,#449,#450,#451,#452,#453,
    #454),.UNSPECIFIED.,.F.,.F.,(8,6,6,8),(0.,0.526779153732,
    0.810511098036,1.),.UNSPECIFIED.);
#435 = CARTESIAN_POINT('',(0.145972388544,52.7));
#436 = CARTESIAN_POINT('',(0.145972388544,53.109423606121));
#437 = CARTESIAN_POINT('',(0.144175403622,53.518273298011));
#438 = CARTESIAN_POINT('',(0.14059054175,53.923400612642));
#439 = CARTESIAN_POINT('',(0.135174198453,54.321399203754));
#440 = CARTESIAN_POINT('',(0.12784560622,54.70762625973));
#441 = CARTESIAN_POINT('',(0.118496177092,55.075590310765));
#442 = CARTESIAN_POINT('',(0.100830568255,55.598123970699));
#443 = CARTESIAN_POINT('',(9.400904234679E-02,55.773377825046));
#444 = CARTESIAN_POINT('',(8.654275088728E-02,55.938802754555));
#445 = CARTESIAN_POINT('',(7.843151955778E-02,56.092077992194));
#446 = CARTESIAN_POINT('',(6.96837544339E-02,56.230694830871));
#447 = CARTESIAN_POINT('',(6.031813292932E-02,56.351921994482));
#448 = CARTESIAN_POINT('',(4.37188363175E-02,56.520113049493));
#449 = CARTESIAN_POINT('',(3.681150279403E-02,56.578356940295));
#450 = CARTESIAN_POINT('',(2.968644750857E-02,56.626270679642));
#451 = CARTESIAN_POINT('',(2.239114972015E-02,56.662908851695));
#452 = CARTESIAN_POINT('',(1.497636856025E-02,56.687609798346));
#453 = CARTESIAN_POINT('',(7.494838246674E-03,56.7));
#454 = CARTESIAN_POINT('',(0.,56.7));
#455 = ( GEOMETRIC_REPRESENTATION_CONTEXT(2) 
PARAMETRIC_REPRESENTATION_CONTEXT() REPRESENTATION_CONTEXT('2D SPACE',''
  ) );
#456 = PCURVE('',#309,#457);
#457 = DEFINITIONAL_REPRESENTATION('',(#458),#479);
#458 = B_SPLINE_CURVE_WITH_KNOTS('',7,(#459,#460,#461,#462,#463,#464,
    #465,#466,#467,#468,#469,#470,#471,#472,#473,#474,#475,#476,#477,
    #478),.UNSPECIFIED.,.F.,.F.,(8,6,6,8),(0.,0.526779153732,
    0.810511098036,1.),.UNSPECIFIED.);
#459 = CARTESIAN_POINT('',(0.,-12.20753572082));
#460 = CARTESIAN_POINT('',(-0.10235590153,-12.20753572082));
#461 = CARTESIAN_POINT('',(-0.204568135775,-12.21472355689));
#462 = CARTESIAN_POINT('',(-0.307602397398,-12.22906350893));
#463 = CARTESIAN_POINT('',(-0.412332371427,-12.25017424809));
#464 = CARTESIAN_POINT('',(-0.519650569023,-12.27729146822));
#465 = CARTESIAN_POINT('',(-0.63050716674,-12.30895878457));
#466 = CARTESIAN_POINT('',(-0.808403681289,-12.36084780142));
#467 = CARTESIAN_POINT('',(-0.872251530773,-12.37966471194));
#468 = CARTESIAN_POINT('',(-0.937709414731,-12.39870142539));
#469 = CARTESIAN_POINT('',(-1.004843714572,-12.41742588862));
#470 = CARTESIAN_POINT('',(-1.073743557287,-12.43520847798));
#471 = CARTESIAN_POINT('',(-1.144528104203,-12.45134886909));
#472 = CARTESIAN_POINT('',(-1.266012333,-12.47433006787));
#473 = CARTESIAN_POINT('',(-1.315565120578,-12.48247739598));
#474 = CARTESIAN_POINT('',(-1.365830640811,-12.48931022428));
#475 = CARTESIAN_POINT('',(-1.416638428693,-12.49460484159));
#476 = CARTESIAN_POINT('',(-1.46783380002,-12.49819782354));
#477 = CARTESIAN_POINT('',(-1.519269313849,-12.5));
#478 = CARTESIAN_POINT('',(-1.570796326795,-12.5));
#479 = ( GEOMETRIC_REPRESENTATION_CONTEXT(2) 
PARAMETRIC_REPRESENTATION_CONTEXT() REPRESENTATION_CONTEXT('2D SPACE',''
  ) );
#480 = ORIENTED_EDGE('',*,*,#481,.F.);
#481 = EDGE_CURVE('',#199,#408,#482,.T.);
#482 = SURFACE_CURVE('',#483,(#500,#520),.PCURVE_S1.);
#483 = B_SPLINE_CURVE_WITH_KNOTS('',8,(#484,#485,#486,#487,#488,#489,
    #490,#491,#492,#493,#494,#495,#496,#497,#498,#499),.UNSPECIFIED.,.F.
  ,.F.,(9,7,9),(0.,0.313187866664,1.),.UNSPECIFIED.);
#484 = CARTESIAN_POINT('',(27.5,-23.,96.));
#485 = CARTESIAN_POINT('',(27.5,-22.70018941358,96.));
#486 = CARTESIAN_POINT('',(27.496264431136,-22.40286244247,
    96.025681756845));
#487 = CARTESIAN_POINT('',(27.488901794934,-22.11137706198,
    96.076301043394));
#488 = CARTESIAN_POINT('',(27.478250046241,-21.82895778285,
    96.150433575877));
#489 = CARTESIAN_POINT('',(27.464856223451,-21.55857812763,
    96.246002414684));
#490 = CARTESIAN_POINT('',(27.449409720238,-21.30285178476,
    96.360297113735));
#491 = CARTESIAN_POINT('',(27.432655182258,-21.0639354929,
    96.489987012554));
#492 = CARTESIAN_POINT('',(27.377275738098,-20.35992104019,
    96.940655980303));
#493 = CARTESIAN_POINT('',(27.335685867096,-19.95587879635,
    97.311112837047));
#494 = CARTESIAN_POINT('',(27.295935211273,-19.62881555575,
    97.720883976036));
#495 = CARTESIAN_POINT('',(27.261687845029,-19.37385917455,
    98.156026729974));
#496 = CARTESIAN_POINT('',(27.234918970262,-19.18626999889,
    98.607004089853));
#497 = CARTESIAN_POINT('',(27.21669885245,-19.06232406561,
    99.067401324111));
#498 = CARTESIAN_POINT('',(27.207535720826,-19.,99.532954346666));
#499 = CARTESIAN_POINT('',(27.207535720826,-19.,100.));
#500 = PCURVE('',#43,#501);
#501 = DEFINITIONAL_REPRESENTATION('',(#502),#519);
#502 = B_SPLINE_CURVE_WITH_KNOTS('',8,(#503,#504,#505,#506,#507,#508,
    #509,#510,#511,#512,#513,#514,#515,#516,#517,#518),.UNSPECIFIED.,.F.
  ,.F.,(9,7,9),(0.,0.313187866664,1.),.UNSPECIFIED.);
#503 = CARTESIAN_POINT('',(0.,48.7));
#504 = CARTESIAN_POINT('',(1.090220314248E-02,48.7));
#505 = CARTESIAN_POINT('',(2.17140939555E-02,48.725681756845));
#506 = CARTESIAN_POINT('',(3.231553291782E-02,48.776301043394));
#507 = CARTESIAN_POINT('',(4.259111837057E-02,48.850433575877));
#508 = CARTESIAN_POINT('',(5.243394451166E-02,48.946002414684));
#509 = CARTESIAN_POINT('',(6.174929103893E-02,49.060297113735));
#510 = CARTESIAN_POINT('',(7.045817805503E-02,49.189987012554));
#511 = CARTESIAN_POINT('',(9.613778651883E-02,49.640655980303));
#512 = CARTESIAN_POINT('',(0.110903580277,50.011112837047));
#513 = CARTESIAN_POINT('',(0.1228819032,50.420883976037));
#514 = CARTESIAN_POINT('',(0.132235711572,50.856026729973));
#515 = CARTESIAN_POINT('',(0.139126115158,51.307004089854));
#516 = CARTESIAN_POINT('',(0.143681699125,51.76740132411));
#517 = CARTESIAN_POINT('',(0.145972388544,52.232954346666));
#518 = CARTESIAN_POINT('',(0.145972388544,52.7));
#519 = ( GEOMETRIC_REPRESENTATION_CONTEXT(2) 
PARAMETRIC_REPRESENTATION_CONTEXT() REPRESENTATION_CONTEXT('2D SPACE',''
  ) );
#520 = PCURVE('',#309,#521);
#521 = DEFINITIONAL_REPRESENTATION('',(#522),#539);
#522 = B_SPLINE_CURVE_WITH_KNOTS('',8,(#523,#524,#525,#526,#527,#528,
    #529,#530,#531,#532,#533,#534,#535,#536,#537,#538),.UNSPECIFIED.,.F.
  ,.F.,(9,7,9),(0.,0.313187866664,1.),.UNSPECIFIED.);
#523 = CARTESIAN_POINT('',(-4.712388980385,-12.5));
#524 = CARTESIAN_POINT('',(-4.787341626989,-12.5));
#525 = CARTESIAN_POINT('',(-4.861673341305,-12.49626443113));
#526 = CARTESIAN_POINT('',(-4.93518643852,-12.48890179493));
#527 = CARTESIAN_POINT('',(-5.007671356118,-12.47825004624));
#528 = CARTESIAN_POINT('',(-5.078892128461,-12.46485622345));
#529 = CARTESIAN_POINT('',(-5.148568664273,-12.44940972023));
#530 = CARTESIAN_POINT('',(-5.216353743352,-12.43265518225));
#531 = CARTESIAN_POINT('',(-5.425330247432,-12.37727573809));
#532 = CARTESIAN_POINT('',(-5.56033550244,-12.33568586709));
#533 = CARTESIAN_POINT('',(-5.688932688226,-12.29593521127));
#534 = CARTESIAN_POINT('',(-5.81254807783,-12.26168784502));
#535 = CARTESIAN_POINT('',(-5.932513397476,-12.23491897026));
#536 = CARTESIAN_POINT('',(-6.050035042408,-12.21669885245));
#537 = CARTESIAN_POINT('',(-6.166423893846,-12.20753572082));
#538 = CARTESIAN_POINT('',(-6.28318530718,-12.20753572082));
#539 = ( GEOMETRIC_REPRESENTATION_CONTEXT(2) 
PARAMETRIC_REPRESENTATION_CONTEXT() REPRESENTATION_CONTEXT('2D SPACE',''
  ) );
#540 = ADVANCED_FACE('',(#541),#78,.F.);
#541 = FACE_BOUND('',#542,.T.);
#542 = EDGE_LOOP('',(#543,#566,#567,#568));
#543 = ORIENTED_EDGE('',*,*,#544,.F.);
#544 = EDGE_CURVE('',#58,#545,#547,.T.);
#545 = VERTEX_POINT('',#546);
#546 = CARTESIAN_POINT('',(1.8,-37.5,50.1));
#547 = SEAM_CURVE('',#548,(#552,#559),.PCURVE_S1.);
#548 = LINE('',#549,#550);
#549 = CARTESIAN_POINT('',(1.8,-37.5,40.));
#550 = VECTOR('',#551,1.);
#551 = DIRECTION('',(0.,0.,1.));
#552 = PCURVE('',#78,#553);
#553 = DEFINITIONAL_REPRESENTATION('',(#554),#558);
#554 = LINE('',#555,#556);
#555 = CARTESIAN_POINT('',(-6.28318530718,0.));
#556 = VECTOR('',#557,1.);
#557 = DIRECTION('',(-0.,-1.));
#558 = ( GEOMETRIC_REPRESENTATION_CONTEXT(2) 
PARAMETRIC_REPRESENTATION_CONTEXT() REPRESENTATION_CONTEXT('2D SPACE',''
  ) );
#559 = PCURVE('',#78,#560);
#560 = DEFINITIONAL_REPRESENTATION('',(#561),#565);
#561 = LINE('',#562,#563);
#562 = CARTESIAN_POINT('',(-0.,0.));
#563 = VECTOR('',#564,1.);
#564 = DIRECTION('',(-0.,-1.));
#565 = ( GEOMETRIC_REPRESENTATION_CONTEXT(2) 
PARAMETRIC_REPRESENTATION_CONTEXT() REPRESENTATION_CONTEXT('2D SPACE',''
  ) );
#566 = ORIENTED_EDGE('',*,*,#57,.T.);
#567 = ORIENTED_EDGE('',*,*,#544,.T.);
#568 = ORIENTED_EDGE('',*,*,#569,.F.);
#569 = EDGE_CURVE('',#545,#545,#570,.T.);
#570 = SURFACE_CURVE('',#571,(#576,#583),.PCURVE_S1.);
#571 = CIRCLE('',#572,1.8);
#572 = AXIS2_PLACEMENT_3D('',#573,#574,#575);
#573 = CARTESIAN_POINT('',(-2.663606788145E-15,-37.5,50.1));
#574 = DIRECTION('',(0.,0.,-1.));
#575 = DIRECTION('',(1.,0.,0.));
#576 = PCURVE('',#78,#577);
#577 = DEFINITIONAL_REPRESENTATION('',(#578),#582);
#578 = LINE('',#579,#580);
#579 = CARTESIAN_POINT('',(-6.28318530718,-10.1));
#580 = VECTOR('',#581,1.);
#581 = DIRECTION('',(1.,-0.));
#582 = ( GEOMETRIC_REPRESENTATION_CONTEXT(2) 
PARAMETRIC_REPRESENTATION_CONTEXT() REPRESENTATION_CONTEXT('2D SPACE',''
  ) );
#583 = PCURVE('',#584,#589);
#584 = PLANE('',#585);
#585 = AXIS2_PLACEMENT_3D('',#586,#587,#588);
#586 = CARTESIAN_POINT('',(-2.777612769221E-15,-37.5,50.1));
#587 = DIRECTION('',(0.,0.,1.));
#588 = DIRECTION('',(1.,0.,-0.));
#589 = DEFINITIONAL_REPRESENTATION('',(#590),#598);
#590 = ( BOUNDED_CURVE() B_SPLINE_CURVE(2,(#591,#592,#593,#594,#595,#596
,#597),.UNSPECIFIED.,.T.,.F.) B_SPLINE_CURVE_WITH_KNOTS((1,2,2,2,2,1),(
    -2.094395102393,0.,2.094395102393,4.188790204786,6.28318530718,
8.377580409573),.UNSPECIFIED.) CURVE() GEOMETRIC_REPRESENTATION_ITEM() 
RATIONAL_B_SPLINE_CURVE((1.,0.5,1.,0.5,1.,0.5,1.)) REPRESENTATION_ITEM(
  '') );
#591 = CARTESIAN_POINT('',(1.8,0.));
#592 = CARTESIAN_POINT('',(1.8,-3.117691453624));
#593 = CARTESIAN_POINT('',(-0.9,-1.558845726812));
#594 = CARTESIAN_POINT('',(-3.6,-4.40872847693E-16));
#595 = CARTESIAN_POINT('',(-0.9,1.558845726812));
#596 = CARTESIAN_POINT('',(1.8,3.117691453624));
#597 = CARTESIAN_POINT('',(1.8,0.));
#598 = ( GEOMETRIC_REPRESENTATION_CONTEXT(2) 
PARAMETRIC_REPRESENTATION_CONTEXT() REPRESENTATION_CONTEXT('2D SPACE',''
  ) );
#599 = ADVANCED_FACE('',(#600),#113,.F.);
#600 = FACE_BOUND('',#601,.T.);
#601 = EDGE_LOOP('',(#602,#625,#626,#627));
#602 = ORIENTED_EDGE('',*,*,#603,.F.);
#603 = EDGE_CURVE('',#93,#604,#606,.T.);
#604 = VERTEX_POINT('',#605);
#605 = CARTESIAN_POINT('',(14.357368354874,-15.75,50.1));
#606 = SEAM_CURVE('',#607,(#611,#618),.PCURVE_S1.);
#607 = LINE('',#608,#609);
#608 = CARTESIAN_POINT('',(14.357368354874,-15.75,40.));
#609 = VECTOR('',#610,1.);
#610 = DIRECTION('',(0.,0.,1.));
#611 = PCURVE('',#113,#612);
#612 = DEFINITIONAL_REPRESENTATION('',(#613),#617);
#613 = LINE('',#614,#615);
#614 = CARTESIAN_POINT('',(-6.28318530718,0.));
#615 = VECTOR('',#616,1.);
#616 = DIRECTION('',(-0.,-1.));
#617 = ( GEOMETRIC_REPRESENTATION_CONTEXT(2) 
PARAMETRIC_REPRESENTATION_CONTEXT() REPRESENTATION_CONTEXT('2D SPACE',''
  ) );
#618 = PCURVE('',#113,#619);
#619 = DEFINITIONAL_REPRESENTATION('',(#620),#624);
#620 = LINE('',#621,#622);
#621 = CARTESIAN_POINT('',(-0.,0.));
#622 = VECTOR('',#623,1.);
#623 = DIRECTION('',(-0.,-1.));
#624 = ( GEOMETRIC_REPRESENTATION_CONTEXT(2) 
PARAMETRIC_REPRESENTATION_CONTEXT() REPRESENTATION_CONTEXT('2D SPACE',''
  ) );
#625 = ORIENTED_EDGE('',*,*,#92,.T.);
#626 = ORIENTED_EDGE('',*,*,#603,.T.);
#627 = ORIENTED_EDGE('',*,*,#628,.F.);
#628 = EDGE_CURVE('',#604,#604,#629,.T.);
#629 = SURFACE_CURVE('',#630,(#635,#642),.PCURVE_S1.);
#630 = CIRCLE('',#631,1.8);
#631 = AXIS2_PLACEMENT_3D('',#632,#633,#634);
#632 = CARTESIAN_POINT('',(12.557368354874,-15.75,50.1));
#633 = DIRECTION('',(0.,0.,-1.));
#634 = DIRECTION('',(1.,0.,0.));
#635 = PCURVE('',#113,#636);
#636 = DEFINITIONAL_REPRESENTATION('',(#637),#641);
#637 = LINE('',#638,#639);
#638 = CARTESIAN_POINT('',(-6.28318530718,-10.1));
#639 = VECTOR('',#640,1.);
#640 = DIRECTION('',(1.,-0.));
#641 = ( GEOMETRIC_REPRESENTATION_CONTEXT(2) 
PARAMETRIC_REPRESENTATION_CONTEXT() REPRESENTATION_CONTEXT('2D SPACE',''
  ) );
#642 = PCURVE('',#643,#648);
#643 = PLANE('',#644);
#644 = AXIS2_PLACEMENT_3D('',#645,#646,#647);
#645 = CARTESIAN_POINT('',(12.557368354874,-15.75,50.1));
#646 = DIRECTION('',(0.,0.,1.));
#647 = DIRECTION('',(1.,0.,-0.));
#648 = DEFINITIONAL_REPRESENTATION('',(#649),#657);
#649 = ( BOUNDED_CURVE() B_SPLINE_CURVE(2,(#650,#651,#652,#653,#654,#655
,#656),.UNSPECIFIED.,.T.,.F.) B_SPLINE_CURVE_WITH_KNOTS((1,2,2,2,2,1),(
    -2.094395102393,0.,2.094395102393,4.188790204786,6.28318530718,
8.377580409573),.UNSPECIFIED.) CURVE() GEOMETRIC_REPRESENTATION_ITEM() 
RATIONAL_B_SPLINE_CURVE((1.,0.5,1.,0.5,1.,0.5,1.)) REPRESENTATION_ITEM(
  '') );
#650 = CARTESIAN_POINT('',(1.8,-1.7763568394E-15));
#651 = CARTESIAN_POINT('',(1.8,-3.117691453624));
#652 = CARTESIAN_POINT('',(-0.9,-1.558845726812));
#653 = CARTESIAN_POINT('',(-3.6,-2.217229687093E-15));
#654 = CARTESIAN_POINT('',(-0.9,1.558845726812));
#655 = CARTESIAN_POINT('',(1.8,3.117691453624));
#656 = CARTESIAN_POINT('',(1.8,-1.7763568394E-15));
#657 = ( GEOMETRIC_REPRESENTATION_CONTEXT(2) 
PARAMETRIC_REPRESENTATION_CONTEXT() REPRESENTATION_CONTEXT('2D SPACE',''
  ) );
#658 = ADVANCED_FACE('',(#659),#148,.F.);
#659 = FACE_BOUND('',#660,.T.);
#660 = EDGE_LOOP('',(#661,#662,#685,#716));
#661 = ORIENTED_EDGE('',*,*,#127,.T.);
#662 = ORIENTED_EDGE('',*,*,#663,.T.);
#663 = EDGE_CURVE('',#128,#664,#666,.T.);
#664 = VERTEX_POINT('',#665);
#665 = CARTESIAN_POINT('',(9.1,-23.,53.3));
#666 = SEAM_CURVE('',#667,(#671,#678),.PCURVE_S1.);
#667 = LINE('',#668,#669);
#668 = CARTESIAN_POINT('',(9.1,-23.,40.));
#669 = VECTOR('',#670,1.);
#670 = DIRECTION('',(0.,0.,1.));
#671 = PCURVE('',#148,#672);
#672 = DEFINITIONAL_REPRESENTATION('',(#673),#677);
#673 = LINE('',#674,#675);
#674 = CARTESIAN_POINT('',(-6.28318530718,0.));
#675 = VECTOR('',#676,1.);
#676 = DIRECTION('',(-0.,-1.));
#677 = ( GEOMETRIC_REPRESENTATION_CONTEXT(2) 
PARAMETRIC_REPRESENTATION_CONTEXT() REPRESENTATION_CONTEXT('2D SPACE',''
  ) );
#678 = PCURVE('',#148,#679);
#679 = DEFINITIONAL_REPRESENTATION('',(#680),#684);
#680 = LINE('',#681,#682);
#681 = CARTESIAN_POINT('',(-0.,0.));
#682 = VECTOR('',#683,1.);
#683 = DIRECTION('',(-0.,-1.));
#684 = ( GEOMETRIC_REPRESENTATION_CONTEXT(2) 
PARAMETRIC_REPRESENTATION_CONTEXT() REPRESENTATION_CONTEXT('2D SPACE',''
  ) );
#685 = ORIENTED_EDGE('',*,*,#686,.F.);
#686 = EDGE_CURVE('',#664,#664,#687,.T.);
#687 = SURFACE_CURVE('',#688,(#693,#700),.PCURVE_S1.);
#688 = CIRCLE('',#689,9.1);
#689 = AXIS2_PLACEMENT_3D('',#690,#691,#692);
#690 = CARTESIAN_POINT('',(0.,-23.,53.3));
#691 = DIRECTION('',(0.,0.,-1.));
#692 = DIRECTION('',(1.,0.,0.));
#693 = PCURVE('',#148,#694);
#694 = DEFINITIONAL_REPRESENTATION('',(#695),#699);
#695 = LINE('',#696,#697);
#696 = CARTESIAN_POINT('',(-6.28318530718,-13.3));
#697 = VECTOR('',#698,1.);
#698 = DIRECTION('',(1.,-0.));
#699 = ( GEOMETRIC_REPRESENTATION_CONTEXT(2) 
PARAMETRIC_REPRESENTATION_CONTEXT() REPRESENTATION_CONTEXT('2D SPACE',''
  ) );
#700 = PCURVE('',#701,#706);
#701 = PLANE('',#702);
#702 = AXIS2_PLACEMENT_3D('',#703,#704,#705);
#703 = CARTESIAN_POINT('',(0.,-23.,53.3));
#704 = DIRECTION('',(0.,0.,1.));
#705 = DIRECTION('',(1.,0.,-0.));
#706 = DEFINITIONAL_REPRESENTATION('',(#707),#715);
#707 = ( BOUNDED_CURVE() B_SPLINE_CURVE(2,(#708,#709,#710,#711,#712,#713
,#714),.UNSPECIFIED.,.T.,.F.) B_SPLINE_CURVE_WITH_KNOTS((1,2,2,2,2,1),(
    -2.094395102393,0.,2.094395102393,4.188790204786,6.28318530718,
8.377580409573),.UNSPECIFIED.) CURVE() GEOMETRIC_REPRESENTATION_ITEM() 
RATIONAL_B_SPLINE_CURVE((1.,0.5,1.,0.5,1.,0.5,1.)) REPRESENTATION_ITEM(
  '') );
#708 = CARTESIAN_POINT('',(9.1,0.));
#709 = CARTESIAN_POINT('',(9.1,-15.76166234887));
#710 = CARTESIAN_POINT('',(-4.55,-7.880831174438));
#711 = CARTESIAN_POINT('',(-18.2,-2.228857174448E-15));
#712 = CARTESIAN_POINT('',(-4.55,7.880831174438));
#713 = CARTESIAN_POINT('',(9.1,15.761662348877));
#714 = CARTESIAN_POINT('',(9.1,0.));
#715 = ( GEOMETRIC_REPRESENTATION_CONTEXT(2) 
PARAMETRIC_REPRESENTATION_CONTEXT() REPRESENTATION_CONTEXT('2D SPACE',''
  ) );
#716 = ORIENTED_EDGE('',*,*,#663,.F.);
#717 = ADVANCED_FACE('',(#718),#183,.F.);
#718 = FACE_BOUND('',#719,.T.);
#719 = EDGE_LOOP('',(#720,#743,#744,#745));
#720 = ORIENTED_EDGE('',*,*,#721,.F.);
#721 = EDGE_CURVE('',#163,#722,#724,.T.);
#722 = VERTEX_POINT('',#723);
#723 = CARTESIAN_POINT('',(-10.75736835487,-15.75,50.1));
#724 = SEAM_CURVE('',#725,(#729,#736),.PCURVE_S1.);
#725 = LINE('',#726,#727);
#726 = CARTESIAN_POINT('',(-10.75736835487,-15.75,40.));
#727 = VECTOR('',#728,1.);
#728 = DIRECTION('',(0.,0.,1.));
#729 = PCURVE('',#183,#730);
#730 = DEFINITIONAL_REPRESENTATION('',(#731),#735);
#731 = LINE('',#732,#733);
#732 = CARTESIAN_POINT('',(-6.28318530718,0.));
#733 = VECTOR('',#734,1.);
#734 = DIRECTION('',(-0.,-1.));
#735 = ( GEOMETRIC_REPRESENTATION_CONTEXT(2) 
PARAMETRIC_REPRESENTATION_CONTEXT() REPRESENTATION_CONTEXT('2D SPACE',''
  ) );
#736 = PCURVE('',#183,#737);
#737 = DEFINITIONAL_REPRESENTATION('',(#738),#742);
#738 = LINE('',#739,#740);
#739 = CARTESIAN_POINT('',(-0.,0.));
#740 = VECTOR('',#741,1.);
#741 = DIRECTION('',(-0.,-1.));
#742 = ( GEOMETRIC_REPRESENTATION_CONTEXT(2) 
PARAMETRIC_REPRESENTATION_CONTEXT() REPRESENTATION_CONTEXT('2D SPACE',''
  ) );
#743 = ORIENTED_EDGE('',*,*,#162,.T.);
#744 = ORIENTED_EDGE('',*,*,#721,.T.);
#745 = ORIENTED_EDGE('',*,*,#746,.F.);
#746 = EDGE_CURVE('',#722,#722,#747,.T.);
#747 = SURFACE_CURVE('',#748,(#753,#760),.PCURVE_S1.);
#748 = CIRCLE('',#749,1.8);
#749 = AXIS2_PLACEMENT_3D('',#750,#751,#752);
#750 = CARTESIAN_POINT('',(-12.55736835487,-15.75,50.1));
#751 = DIRECTION('',(0.,0.,-1.));
#752 = DIRECTION('',(1.,0.,0.));
#753 = PCURVE('',#183,#754);
#754 = DEFINITIONAL_REPRESENTATION('',(#755),#759);
#755 = LINE('',#756,#757);
#756 = CARTESIAN_POINT('',(-6.28318530718,-10.1));
#757 = VECTOR('',#758,1.);
#758 = DIRECTION('',(1.,-0.));
#759 = ( GEOMETRIC_REPRESENTATION_CONTEXT(2) 
PARAMETRIC_REPRESENTATION_CONTEXT() REPRESENTATION_CONTEXT('2D SPACE',''
  ) );
#760 = PCURVE('',#761,#766);
#761 = PLANE('',#762);
#762 = AXIS2_PLACEMENT_3D('',#763,#764,#765);
#763 = CARTESIAN_POINT('',(-12.55736835487,-15.75,50.1));
#764 = DIRECTION('',(0.,0.,1.));
#765 = DIRECTION('',(1.,0.,-0.));
#766 = DEFINITIONAL_REPRESENTATION('',(#767),#775);
#767 = ( BOUNDED_CURVE() B_SPLINE_CURVE(2,(#768,#769,#770,#771,#772,#773
,#774),.UNSPECIFIED.,.T.,.F.) B_SPLINE_CURVE_WITH_KNOTS((1,2,2,2,2,1),(
    -2.094395102393,0.,2.094395102393,4.188790204786,6.28318530718,
8.377580409573),.UNSPECIFIED.) CURVE() GEOMETRIC_REPRESENTATION_ITEM() 
RATIONAL_B_SPLINE_CURVE((1.,0.5,1.,0.5,1.,0.5,1.)) REPRESENTATION_ITEM(
  '') );
#768 = CARTESIAN_POINT('',(1.8,-1.7763568394E-15));
#769 = CARTESIAN_POINT('',(1.8,-3.117691453624));
#770 = CARTESIAN_POINT('',(-0.9,-1.558845726812));
#771 = CARTESIAN_POINT('',(-3.6,-2.217229687093E-15));
#772 = CARTESIAN_POINT('',(-0.9,1.558845726812));
#773 = CARTESIAN_POINT('',(1.8,3.117691453624));
#774 = CARTESIAN_POINT('',(1.8,-1.7763568394E-15));
#775 = ( GEOMETRIC_REPRESENTATION_CONTEXT(2) 
PARAMETRIC_REPRESENTATION_CONTEXT() REPRESENTATION_CONTEXT('2D SPACE',''
  ) );
#776 = ADVANCED_FACE('',(#777),#309,.F.);
#777 = FACE_BOUND('',#778,.T.);
#778 = EDGE_LOOP('',(#779,#860,#881,#882,#883,#884,#885,#947));
#779 = ORIENTED_EDGE('',*,*,#780,.F.);
#780 = EDGE_CURVE('',#781,#783,#785,.T.);
#781 = VERTEX_POINT('',#782);
#782 = CARTESIAN_POINT('',(24.171263930544,-19.,100.));
#783 = VERTEX_POINT('',#784);
#784 = CARTESIAN_POINT('',(24.5,-23.,104.));
#785 = SURFACE_CURVE('',#786,(#807,#831),.PCURVE_S1.);
#786 = B_SPLINE_CURVE_WITH_KNOTS('',7,(#787,#788,#789,#790,#791,#792,
    #793,#794,#795,#796,#797,#798,#799,#800,#801,#802,#803,#804,#805,
    #806),.UNSPECIFIED.,.F.,.F.,(8,6,6,8),(0.,0.526697042092,
    0.810544112996,1.),.UNSPECIFIED.);
#787 = CARTESIAN_POINT('',(24.171263930544,-19.,100.));
#788 = CARTESIAN_POINT('',(24.171263930544,-19.,100.40958611487));
#789 = CARTESIAN_POINT('',(24.179361097757,-19.0489303997,
    100.81858864252));
#790 = CARTESIAN_POINT('',(24.19551446812,-19.14653877964,
    101.22381808765));
#791 = CARTESIAN_POINT('',(24.219285646338,-19.29406560485,
    101.6218337437));
#792 = CARTESIAN_POINT('',(24.249797461194,-19.49381909412,
    102.00798093196));
#793 = CARTESIAN_POINT('',(24.285398590356,-19.7489550884,
    102.37578487183));
#794 = CARTESIAN_POINT('',(24.343706948396,-20.2317984416,
    102.89812186855));
#795 = CARTESIAN_POINT('',(24.364853202242,-20.41842871333,
    103.07335508657));
#796 = CARTESIAN_POINT('',(24.386241111177,-20.62284683107,
    103.23875828501));
#797 = CARTESIAN_POINT('',(24.407274383253,-20.84510642315,
    103.39202278635));
#798 = CARTESIAN_POINT('',(24.427247650709,-21.08502154575,
    103.53064589184));
#799 = CARTESIAN_POINT('',(24.445375872455,-21.34211066549,
    103.65189497216));
#800 = CARTESIAN_POINT('',(24.47118053971,-21.79802876922,
    103.82009204059));
#801 = CARTESIAN_POINT('',(24.480326662437,-21.9877790885,
    103.87833153186));
#802 = CARTESIAN_POINT('',(24.487997672884,-22.18359837235,
    103.92624979156));
#803 = CARTESIAN_POINT('',(24.493942126827,-22.38416898176,
    103.96289607532));
#804 = CARTESIAN_POINT('',(24.497976349994,-22.58807722725,
    103.98760491238));
#805 = CARTESIAN_POINT('',(24.5,-22.79385131386,104.));
#806 = CARTESIAN_POINT('',(24.5,-23.,104.));
#807 = PCURVE('',#309,#808);
#808 = DEFINITIONAL_REPRESENTATION('',(#809),#830);
#809 = B_SPLINE_CURVE_WITH_KNOTS('',7,(#810,#811,#812,#813,#814,#815,
    #816,#817,#818,#819,#820,#821,#822,#823,#824,#825,#826,#827,#828,
    #829),.UNSPECIFIED.,.F.,.F.,(8,6,6,8),(0.,0.526697042092,
    0.810544112996,1.),.UNSPECIFIED.);
#810 = CARTESIAN_POINT('',(0.,-9.171263930544));
#811 = CARTESIAN_POINT('',(-0.102396528719,-9.171263930544));
#812 = CARTESIAN_POINT('',(-0.204646974166,-9.179361097757));
#813 = CARTESIAN_POINT('',(-0.307708843654,-9.19551446812));
#814 = CARTESIAN_POINT('',(-0.412448980392,-9.219285646338));
#815 = CARTESIAN_POINT('',(-0.519754806851,-9.249797461194));
#816 = CARTESIAN_POINT('',(-0.63057340503,-9.285398590356));
#817 = CARTESIAN_POINT('',(-0.808402965613,-9.343706948396));
#818 = CARTESIAN_POINT('',(-0.872243696416,-9.364853202242));
#819 = CARTESIAN_POINT('',(-0.93769241331,-9.386241111177));
#820 = CARTESIAN_POINT('',(-1.004819357294,-9.407274383253));
#821 = CARTESIAN_POINT('',(-1.073717195662,-9.427247650709));
#822 = CARTESIAN_POINT('',(-1.144508586009,-9.445375872455));
#823 = CARTESIAN_POINT('',(-1.265997158295,-9.47118053971));
#824 = CARTESIAN_POINT('',(-1.315542099586,-9.480326662437));
#825 = CARTESIAN_POINT('',(-1.365805275121,-9.487997672884));
#826 = CARTESIAN_POINT('',(-1.416614975295,-9.493942126827));
#827 = CARTESIAN_POINT('',(-1.467815638221,-9.497976349994));
#828 = CARTESIAN_POINT('',(-1.51925915526,-9.5));
#829 = CARTESIAN_POINT('',(-1.570796326795,-9.5));
#830 = ( GEOMETRIC_REPRESENTATION_CONTEXT(2) 
PARAMETRIC_REPRESENTATION_CONTEXT() REPRESENTATION_CONTEXT('2D SPACE',''
  ) );
#831 = PCURVE('',#832,#837);
#832 = CYLINDRICAL_SURFACE('',#833,24.5);
#833 = AXIS2_PLACEMENT_3D('',#834,#835,#836);
#834 = CARTESIAN_POINT('',(0.,-23.,53.3));
#835 = DIRECTION('',(0.,0.,1.));
#836 = DIRECTION('',(1.,0.,-0.));
#837 = DEFINITIONAL_REPRESENTATION('',(#838),#859);
#838 = B_SPLINE_CURVE_WITH_KNOTS('',7,(#839,#840,#841,#842,#843,#844,
    #845,#846,#847,#848,#849,#850,#851,#852,#853,#854,#855,#856,#857,
    #858),.UNSPECIFIED.,.F.,.F.,(8,6,6,8),(0.,0.526697042092,
    0.810544112996,1.),.UNSPECIFIED.);
#839 = CARTESIAN_POINT('',(0.163999468315,46.7));
#840 = CARTESIAN_POINT('',(0.163999468315,47.109586114875));
#841 = CARTESIAN_POINT('',(0.161975149505,47.51858864253));
#842 = CARTESIAN_POINT('',(0.157936937809,47.923818087652));
#843 = CARTESIAN_POINT('',(0.151837848329,48.321833743703));
#844 = CARTESIAN_POINT('',(0.143590644549,48.70798093196));
#845 = CARTESIAN_POINT('',(0.133077828518,49.075784871834));
#846 = CARTESIAN_POINT('',(0.113226755832,49.598121868551));
#847 = CARTESIAN_POINT('',(0.105560661352,49.773355086579));
#848 = CARTESIAN_POINT('',(9.717202852451E-02,49.938758285016));
#849 = CARTESIAN_POINT('',(8.806057149257E-02,50.092022786357));
#850 = CARTESIAN_POINT('',(7.823540782739E-02,50.230645891849));
#851 = CARTESIAN_POINT('',(6.771693153258E-02,50.351894972163));
#852 = CARTESIAN_POINT('',(4.907824649251E-02,50.520092040595));
#853 = CARTESIAN_POINT('',(4.132461514853E-02,50.578331531865));
#854 = CARTESIAN_POINT('',(3.332639333809E-02,50.626249791568));
#855 = CARTESIAN_POINT('',(2.513693139853E-02,50.662896075324));
#856 = CARTESIAN_POINT('',(1.681317497848E-02,50.687604912389));
#857 = CARTESIAN_POINT('',(8.414232087291E-03,50.7));
#858 = CARTESIAN_POINT('',(0.,50.7));
#859 = ( GEOMETRIC_REPRESENTATION_CONTEXT(2) 
PARAMETRIC_REPRESENTATION_CONTEXT() REPRESENTATION_CONTEXT('2D SPACE',''
  ) );
#860 = ORIENTED_EDGE('',*,*,#861,.T.);
#861 = EDGE_CURVE('',#781,#408,#862,.T.);
#862 = SEAM_CURVE('',#863,(#867,#874),.PCURVE_S1.);
#863 = LINE('',#864,#865);
#864 = CARTESIAN_POINT('',(15.,-19.,100.));
#865 = VECTOR('',#866,1.);
#866 = DIRECTION('',(1.,0.,0.));
#867 = PCURVE('',#309,#868);
#868 = DEFINITIONAL_REPRESENTATION('',(#869),#873);
#869 = LINE('',#870,#871);
#870 = CARTESIAN_POINT('',(-6.28318530718,0.));
#871 = VECTOR('',#872,1.);
#872 = DIRECTION('',(-0.,-1.));
#873 = ( GEOMETRIC_REPRESENTATION_CONTEXT(2) 
PARAMETRIC_REPRESENTATION_CONTEXT() REPRESENTATION_CONTEXT('2D SPACE',''
  ) );
#874 = PCURVE('',#309,#875);
#875 = DEFINITIONAL_REPRESENTATION('',(#876),#880);
#876 = LINE('',#877,#878);
#877 = CARTESIAN_POINT('',(-0.,0.));
#878 = VECTOR('',#879,1.);
#879 = DIRECTION('',(-0.,-1.));
#880 = ( GEOMETRIC_REPRESENTATION_CONTEXT(2) 
PARAMETRIC_REPRESENTATION_CONTEXT() REPRESENTATION_CONTEXT('2D SPACE',''
  ) );
#881 = ORIENTED_EDGE('',*,*,#407,.T.);
#882 = ORIENTED_EDGE('',*,*,#223,.T.);
#883 = ORIENTED_EDGE('',*,*,#481,.T.);
#884 = ORIENTED_EDGE('',*,*,#861,.F.);
#885 = ORIENTED_EDGE('',*,*,#886,.F.);
#886 = EDGE_CURVE('',#887,#781,#889,.T.);
#887 = VERTEX_POINT('',#888);
#888 = CARTESIAN_POINT('',(24.5,-23.,96.));
#889 = SURFACE_CURVE('',#890,(#907,#927),.PCURVE_S1.);
#890 = B_SPLINE_CURVE_WITH_KNOTS('',8,(#891,#892,#893,#894,#895,#896,
    #897,#898,#899,#900,#901,#902,#903,#904,#905,#906),.UNSPECIFIED.,.F.
  ,.F.,(9,7,9),(0.,0.31319827587,1.),.UNSPECIFIED.);
#891 = CARTESIAN_POINT('',(24.5,-23.,96.));
#892 = CARTESIAN_POINT('',(24.5,-22.70005163192,96.));
#893 = CARTESIAN_POINT('',(24.495803159355,-22.40263643648,
    96.025705365455));
#894 = CARTESIAN_POINT('',(24.487533750204,-22.1111069223,
    96.076356671234));
#895 = CARTESIAN_POINT('',(24.475572390933,-21.82868122102,
    96.15051833847));
#896 = CARTESIAN_POINT('',(24.460533008929,-21.55832750657,
    96.246105026088));
#897 = CARTESIAN_POINT('',(24.443188979813,-21.30265621738,
    96.36039861945));
#898 = CARTESIAN_POINT('',(24.424376436719,-21.06382317695,
    96.490058910667));
#899 = CARTESIAN_POINT('',(24.362199550329,-20.36019073202,
    96.940483339332));
#900 = CARTESIAN_POINT('',(24.315485982655,-19.95628375612,
    97.310728951182));
#901 = CARTESIAN_POINT('',(24.270801920726,-19.62923110383,
    97.720319551102));
#902 = CARTESIAN_POINT('',(24.232265441863,-19.37418908653,
    98.155366050327));
#903 = CARTESIAN_POINT('',(24.202119815831,-19.18646844996,
    98.606362761006));
#904 = CARTESIAN_POINT('',(24.181590312075,-19.06239799135,
    99.066896766231));
#905 = CARTESIAN_POINT('',(24.171263930544,-19.,99.532677326652));
#906 = CARTESIAN_POINT('',(24.171263930544,-19.,100.));
#907 = PCURVE('',#309,#908);
#908 = DEFINITIONAL_REPRESENTATION('',(#909),#926);
#909 = B_SPLINE_CURVE_WITH_KNOTS('',8,(#910,#911,#912,#913,#914,#915,
    #916,#917,#918,#919,#920,#921,#922,#923,#924,#925),.UNSPECIFIED.,.F.
  ,.F.,(9,7,9),(0.,0.31319827587,1.),.UNSPECIFIED.);
#910 = CARTESIAN_POINT('',(-4.712388980385,-9.5));
#911 = CARTESIAN_POINT('',(-4.787376072403,-9.5));
#912 = CARTESIAN_POINT('',(-4.861729841999,-9.495803159355));
#913 = CARTESIAN_POINT('',(-4.935254860877,-9.487533750204));
#914 = CARTESIAN_POINT('',(-5.007743101038,-9.475572390933));
#915 = CARTESIAN_POINT('',(-5.078959383187,-9.460533008929));
#916 = CARTESIAN_POINT('',(-5.148623522526,-9.443188979813));
#917 = CARTESIAN_POINT('',(-5.216387082715,-9.424376436719));
#918 = CARTESIAN_POINT('',(-5.425250193314,-9.362199550329));
#919 = CARTESIAN_POINT('',(-5.56019849164,-9.315485982655));
#920 = CARTESIAN_POINT('',(-5.688761601677,-9.270801920726));
#921 = CARTESIAN_POINT('',(-5.812367934781,-9.232265441863));
#922 = CARTESIAN_POINT('',(-5.932348716245,-9.202119815831));
#923 = CARTESIAN_POINT('',(-6.049908909937,-9.181590312075));
#924 = CARTESIAN_POINT('',(-6.166354638843,-9.171263930544));
#925 = CARTESIAN_POINT('',(-6.28318530718,-9.171263930544));
#926 = ( GEOMETRIC_REPRESENTATION_CONTEXT(2) 
PARAMETRIC_REPRESENTATION_CONTEXT() REPRESENTATION_CONTEXT('2D SPACE',''
  ) );
#927 = PCURVE('',#832,#928);
#928 = DEFINITIONAL_REPRESENTATION('',(#929),#946);
#929 = B_SPLINE_CURVE_WITH_KNOTS('',8,(#930,#931,#932,#933,#934,#935,
    #936,#937,#938,#939,#940,#941,#942,#943,#944,#945),.UNSPECIFIED.,.F.
  ,.F.,(9,7,9),(0.,0.31319827587,1.),.UNSPECIFIED.);
#930 = CARTESIAN_POINT('',(0.,42.7));
#931 = CARTESIAN_POINT('',(1.224279053356E-02,42.7));
#932 = CARTESIAN_POINT('',(2.438218758003E-02,42.725705365455));
#933 = CARTESIAN_POINT('',(3.62841421537E-02,42.776356671234));
#934 = CARTESIAN_POINT('',(4.781992194141E-02,42.85051833847));
#935 = CARTESIAN_POINT('',(5.887010553744E-02,42.946105026088));
#936 = CARTESIAN_POINT('',(6.932860269902E-02,43.06039861945));
#937 = CARTESIAN_POINT('',(7.910663954349E-02,43.190058910667));
#938 = CARTESIAN_POINT('',(0.107938241634,43.640483339332));
#939 = CARTESIAN_POINT('',(0.124528074984,44.010728951182));
#940 = CARTESIAN_POINT('',(0.137997753853,44.420319551103));
#941 = CARTESIAN_POINT('',(0.148524928486,44.855366050326));
#942 = CARTESIAN_POINT('',(0.156284988383,45.306362761006));
#943 = CARTESIAN_POINT('',(0.16141797615,45.766896766231));
#944 = CARTESIAN_POINT('',(0.163999468315,46.232677326652));
#945 = CARTESIAN_POINT('',(0.163999468315,46.7));
#946 = ( GEOMETRIC_REPRESENTATION_CONTEXT(2) 
PARAMETRIC_REPRESENTATION_CONTEXT() REPRESENTATION_CONTEXT('2D SPACE',''
  ) );
#947 = ORIENTED_EDGE('',*,*,#948,.F.);
#948 = EDGE_CURVE('',#783,#887,#949,.T.);
#949 = SURFACE_CURVE('',#950,(#989,#1031),.PCURVE_S1.);
#950 = B_SPLINE_CURVE_WITH_KNOTS('',7,(#951,#952,#953,#954,#955,#956,
    #957,#958,#959,#960,#961,#962,#963,#964,#965,#966,#967,#968,#969,
    #970,#971,#972,#973,#974,#975,#976,#977,#978,#979,#980,#981,#982,
    #983,#984,#985,#986,#987,#988),.UNSPECIFIED.,.F.,.F.,(8,6,6,6,6,6,8)
  ,(0.,0.156594088989,0.302180684601,0.500000004395,0.697819322293,
    0.843405915088,1.),.UNSPECIFIED.);
#951 = CARTESIAN_POINT('',(24.5,-23.,104.));
#952 = CARTESIAN_POINT('',(24.5,-23.34279813475,104.));
#953 = CARTESIAN_POINT('',(24.49440421248,-23.68221870634,
    103.96572617943));
#954 = CARTESIAN_POINT('',(24.483411472839,-24.01289770064,
    103.89839361837));
#955 = CARTESIAN_POINT('',(24.467733309013,-24.3297398576,
    103.80056970459));
#956 = CARTESIAN_POINT('',(24.448532508766,-24.62822688666,
    103.67610375595));
#957 = CARTESIAN_POINT('',(24.427158392964,-24.90469447022,
    103.53009425436));
#958 = CARTESIAN_POINT('',(24.384211513201,-25.39070816059,
    103.21897665257));
#959 = CARTESIAN_POINT('',(24.362551248006,-25.60593485335,
    103.0544333471));
#960 = CARTESIAN_POINT('',(24.340662750471,-25.80244983329,
    102.87788485519));
#961 = CARTESIAN_POINT('',(24.319165523742,-25.9806539982,
    102.69151831533));
#962 = CARTESIAN_POINT('',(24.298555487475,-26.14105347372,
    102.49713474093));
#963 = CARTESIAN_POINT('',(24.279217469242,-26.28418710654,
    102.29621715106));
#964 = CARTESIAN_POINT('',(24.237313848505,-26.58227378641,
    101.8097838996));
#965 = CARTESIAN_POINT('',(24.216054772127,-26.72321666441,
    101.5194972864));
#966 = CARTESIAN_POINT('',(24.198430359968,-26.83461383884,
    101.22207750876));
#967 = CARTESIAN_POINT('',(24.184922215406,-26.91746391804,
    100.91974707335));
#968 = CARTESIAN_POINT('',(24.175819250938,-26.97247366081,
    100.61427815354));
#969 = CARTESIAN_POINT('',(24.171263930544,-27.,100.30720806967));
#970 = CARTESIAN_POINT('',(24.171263930544,-27.,99.692791933267));
#971 = CARTESIAN_POINT('',(24.175819251116,-26.97247365959,
    99.385721839653));
#972 = CARTESIAN_POINT('',(24.184922215147,-26.91746391984,
    99.080252930622));
#973 = CARTESIAN_POINT('',(24.198430359883,-26.83461383941,
    98.777922495358));
#974 = CARTESIAN_POINT('',(24.216054772515,-26.7232166617,
    98.480502706972));
#975 = CARTESIAN_POINT('',(24.237313848269,-26.58227378809,
    98.190216103134));
#976 = CARTESIAN_POINT('',(24.279217469242,-26.28418710654,
    97.703782848939));
#977 = CARTESIAN_POINT('',(24.298555487475,-26.14105347372,
    97.502865259069));
#978 = CARTESIAN_POINT('',(24.319165523742,-25.9806539982,
    97.308481684661));
#979 = CARTESIAN_POINT('',(24.340662750471,-25.80244983329,
    97.122115144804));
#980 = CARTESIAN_POINT('',(24.362551248006,-25.60593485335,
    96.945566652897));
#981 = CARTESIAN_POINT('',(24.384211513201,-25.39070816059,
    96.781023347425));
#982 = CARTESIAN_POINT('',(24.427158392816,-24.90469447191,
    96.469905746718));
#983 = CARTESIAN_POINT('',(24.448532509233,-24.62822688226,
    96.323896240714));
#984 = CARTESIAN_POINT('',(24.467733308463,-24.3297398596,
    96.199430299331));
#985 = CARTESIAN_POINT('',(24.483411473109,-24.01289770551,
    96.101606379636));
#986 = CARTESIAN_POINT('',(24.494404212439,-23.68221870004,
    96.034273820909));
#987 = CARTESIAN_POINT('',(24.5,-23.34279813702,96.));
#988 = CARTESIAN_POINT('',(24.5,-23.,96.));
#989 = PCURVE('',#309,#990);
#990 = DEFINITIONAL_REPRESENTATION('',(#991),#1030);
#991 = B_SPLINE_CURVE_WITH_KNOTS('',7,(#992,#993,#994,#995,#996,#997,
    #998,#999,#1000,#1001,#1002,#1003,#1004,#1005,#1006,#1007,#1008,
    #1009,#1010,#1011,#1012,#1013,#1014,#1015,#1016,#1017,#1018,#1019,
    #1020,#1021,#1022,#1023,#1024,#1025,#1026,#1027,#1028,#1029),
  .UNSPECIFIED.,.F.,.F.,(8,6,6,6,6,6,8),(0.,0.156594088989,
    0.302180684601,0.500000004395,0.697819322293,0.843405915088,1.),
  .UNSPECIFIED.);
#992 = CARTESIAN_POINT('',(-1.570796326795,-9.5));
#993 = CARTESIAN_POINT('',(-1.656495860482,-9.5));
#994 = CARTESIAN_POINT('',(-1.741350964363,-9.49440421248));
#995 = CARTESIAN_POINT('',(-1.825048953074,-9.483411472839));
#996 = CARTESIAN_POINT('',(-1.907251941896,-9.467733309013));
#997 = CARTESIAN_POINT('',(-1.987558042497,-9.448532508766));
#998 = CARTESIAN_POINT('',(-2.065449348202,-9.427158392964));
#999 = CARTESIAN_POINT('',(-2.209715480177,-9.384211513201));
#1000 = CARTESIAN_POINT('',(-2.277210394679,-9.362551248006));
#1001 = CARTESIAN_POINT('',(-2.342931511509,-9.340662750471));
#1002 = CARTESIAN_POINT('',(-2.407075823981,-9.319165523742));
#1003 = CARTESIAN_POINT('',(-2.469823458794,-9.298555487475));
#1004 = CARTESIAN_POINT('',(-2.5313479593,-9.279217469242));
#1005 = CARTESIAN_POINT('',(-2.673973556767,-9.237313848505));
#1006 = CARTESIAN_POINT('',(-2.754262042995,-9.216054772127));
#1007 = CARTESIAN_POINT('',(-2.833115768997,-9.198430359968));
#1008 = CARTESIAN_POINT('',(-2.910916760511,-9.184922215406));
#1009 = CARTESIAN_POINT('',(-2.988022783208,-9.175819250938));
#1010 = CARTESIAN_POINT('',(-3.06479063617,-9.171263930544));
#1011 = CARTESIAN_POINT('',(-3.218394670273,-9.171263930544));
#1012 = CARTESIAN_POINT('',(-3.295162525748,-9.175819251116));
#1013 = CARTESIAN_POINT('',(-3.372268545558,-9.184922215147));
#1014 = CARTESIAN_POINT('',(-3.450069537121,-9.198430359883));
#1015 = CARTESIAN_POINT('',(-3.52892326602,-9.216054772515));
#1016 = CARTESIAN_POINT('',(-3.609211749611,-9.237313848269));
#1017 = CARTESIAN_POINT('',(-3.751837347879,-9.279217469242));
#1018 = CARTESIAN_POINT('',(-3.813361848386,-9.298555487475));
#1019 = CARTESIAN_POINT('',(-3.876109483199,-9.319165523742));
#1020 = CARTESIAN_POINT('',(-3.940253795671,-9.340662750471));
#1021 = CARTESIAN_POINT('',(-4.005974912501,-9.362551248006));
#1022 = CARTESIAN_POINT('',(-4.073469827002,-9.384211513201));
#1023 = CARTESIAN_POINT('',(-4.217735958478,-9.427158392816));
#1024 = CARTESIAN_POINT('',(-4.295627266014,-9.448532509233));
#1025 = CARTESIAN_POINT('',(-4.375933364511,-9.467733308463));
#1026 = CARTESIAN_POINT('',(-4.458136353044,-9.483411473109));
#1027 = CARTESIAN_POINT('',(-4.541834344355,-9.494404212439));
#1028 = CARTESIAN_POINT('',(-4.626689446127,-9.5));
#1029 = CARTESIAN_POINT('',(-4.712388980385,-9.5));
#1030 = ( GEOMETRIC_REPRESENTATION_CONTEXT(2) 
PARAMETRIC_REPRESENTATION_CONTEXT() REPRESENTATION_CONTEXT('2D SPACE',''
  ) );
#1031 = PCURVE('',#832,#1032);
#1032 = DEFINITIONAL_REPRESENTATION('',(#1033),#1072);
#1033 = B_SPLINE_CURVE_WITH_KNOTS('',7,(#1034,#1035,#1036,#1037,#1038,
    #1039,#1040,#1041,#1042,#1043,#1044,#1045,#1046,#1047,#1048,#1049,
    #1050,#1051,#1052,#1053,#1054,#1055,#1056,#1057,#1058,#1059,#1060,
    #1061,#1062,#1063,#1064,#1065,#1066,#1067,#1068,#1069,#1070,#1071),
  .UNSPECIFIED.,.F.,.F.,(8,6,6,6,6,6,8),(0.,0.156594088989,
    0.302180684601,0.500000004395,0.697819322293,0.843405915088,1.),
  .UNSPECIFIED.);
#1034 = CARTESIAN_POINT('',(6.28318530718,50.7));
#1035 = CARTESIAN_POINT('',(6.269193546578,50.7));
#1036 = CARTESIAN_POINT('',(6.255339643944,50.665726179431));
#1037 = CARTESIAN_POINT('',(6.24183807767,50.598393618376));
#1038 = CARTESIAN_POINT('',(6.228892692795,50.500569704598));
#1039 = CARTESIAN_POINT('',(6.216686049712,50.376103755956));
#1040 = CARTESIAN_POINT('',(6.205368668795,50.23009425436));
#1041 = CARTESIAN_POINT('',(6.185454076408,49.918976652575));
#1042 = CARTESIAN_POINT('',(6.176625591915,49.754433347103));
#1043 = CARTESIAN_POINT('',(6.168555621937,49.577884855196));
#1044 = CARTESIAN_POINT('',(6.161229692858,49.391518315339));
#1045 = CARTESIAN_POINT('',(6.154629184314,49.197134740931));
#1046 = CARTESIAN_POINT('',(6.148734002153,48.996217151061));
#1047 = CARTESIAN_POINT('',(6.136447570406,48.5097838996));
#1048 = CARTESIAN_POINT('',(6.130630017958,48.219497286406));
#1049 = CARTESIAN_POINT('',(6.126026755564,47.922077508767));
#1050 = CARTESIAN_POINT('',(6.122600468869,47.619747073352));
#1051 = CARTESIAN_POINT('',(6.120324645942,47.314278153543));
#1052 = CARTESIAN_POINT('',(6.119185838865,47.007208069678));
#1053 = CARTESIAN_POINT('',(6.119185838865,46.392791933267));
#1054 = CARTESIAN_POINT('',(6.120324645992,46.085721839653));
#1055 = CARTESIAN_POINT('',(6.122600468794,45.780252930622));
#1056 = CARTESIAN_POINT('',(6.12602675554,45.477922495358));
#1057 = CARTESIAN_POINT('',(6.13063001807,45.180502706972));
#1058 = CARTESIAN_POINT('',(6.136447570337,44.890216103134));
#1059 = CARTESIAN_POINT('',(6.148734002153,44.403782848939));
#1060 = CARTESIAN_POINT('',(6.154629184314,44.202865259069));
#1061 = CARTESIAN_POINT('',(6.161229692858,44.008481684661));
#1062 = CARTESIAN_POINT('',(6.168555621937,43.822115144803));
#1063 = CARTESIAN_POINT('',(6.176625591915,43.645566652897));
#1064 = CARTESIAN_POINT('',(6.185454076408,43.481023347425));
#1065 = CARTESIAN_POINT('',(6.205368668726,43.169905746718));
#1066 = CARTESIAN_POINT('',(6.216686049893,43.023896240714));
#1067 = CARTESIAN_POINT('',(6.228892692712,42.899430299331));
#1068 = CARTESIAN_POINT('',(6.241838077472,42.801606379636));
#1069 = CARTESIAN_POINT('',(6.255339644201,42.734273820909));
#1070 = CARTESIAN_POINT('',(6.269193546485,42.7));
#1071 = CARTESIAN_POINT('',(6.28318530718,42.7));
#1072 = ( GEOMETRIC_REPRESENTATION_CONTEXT(2) 
PARAMETRIC_REPRESENTATION_CONTEXT() REPRESENTATION_CONTEXT('2D SPACE',''
  ) );
#1073 = ADVANCED_FACE('',(#1074,#1566,#1661),#394,.T.);
#1074 = FACE_BOUND('',#1075,.T.);
#1075 = EDGE_LOOP('',(#1076,#1105,#1128,#1228,#1344,#1365,#1366,#1367,
    #1565));
#1076 = ORIENTED_EDGE('',*,*,#1077,.F.);
#1077 = EDGE_CURVE('',#1078,#1078,#1080,.T.);
#1078 = VERTEX_POINT('',#1079);
#1079 = CARTESIAN_POINT('',(42.,-23.,210.));
#1080 = SURFACE_CURVE('',#1081,(#1086,#1093),.PCURVE_S1.);
#1081 = CIRCLE('',#1082,42.);
#1082 = AXIS2_PLACEMENT_3D('',#1083,#1084,#1085);
#1083 = CARTESIAN_POINT('',(0.,-23.,210.));
#1084 = DIRECTION('',(0.,0.,1.));
#1085 = DIRECTION('',(1.,0.,-0.));
#1086 = PCURVE('',#394,#1087);
#1087 = DEFINITIONAL_REPRESENTATION('',(#1088),#1092);
#1088 = LINE('',#1089,#1090);
#1089 = CARTESIAN_POINT('',(0.,98.));
#1090 = VECTOR('',#1091,1.);
#1091 = DIRECTION('',(1.,0.));
#1092 = ( GEOMETRIC_REPRESENTATION_CONTEXT(2) 
PARAMETRIC_REPRESENTATION_CONTEXT() REPRESENTATION_CONTEXT('2D SPACE',''
  ) );
#1093 = PCURVE('',#1094,#1099);
#1094 = PLANE('',#1095);
#1095 = AXIS2_PLACEMENT_3D('',#1096,#1097,#1098);
#1096 = CARTESIAN_POINT('',(0.,-23.,210.));
#1097 = DIRECTION('',(0.,0.,1.));
#1098 = DIRECTION('',(1.,0.,-0.));
#1099 = DEFINITIONAL_REPRESENTATION('',(#1100),#1104);
#1100 = CIRCLE('',#1101,42.);
#1101 = AXIS2_PLACEMENT_2D('',#1102,#1103);
#1102 = CARTESIAN_POINT('',(0.,0.));
#1103 = DIRECTION('',(1.,0.));
#1104 = ( GEOMETRIC_REPRESENTATION_CONTEXT(2) 
PARAMETRIC_REPRESENTATION_CONTEXT() REPRESENTATION_CONTEXT('2D SPACE',''
  ) );
#1105 = ORIENTED_EDGE('',*,*,#1106,.T.);
#1106 = EDGE_CURVE('',#1078,#1107,#1109,.T.);
#1107 = VERTEX_POINT('',#1108);
#1108 = CARTESIAN_POINT('',(33.862244897959,-23.,155.));
#1109 = SEAM_CURVE('',#1110,(#1114,#1121),.PCURVE_S1.);
#1110 = LINE('',#1111,#1112);
#1111 = CARTESIAN_POINT('',(42.,-23.,210.));
#1112 = VECTOR('',#1113,1.);
#1113 = DIRECTION('',(-0.146365743746,0.,-0.989230543937));
#1114 = PCURVE('',#394,#1115);
#1115 = DEFINITIONAL_REPRESENTATION('',(#1116),#1120);
#1116 = LINE('',#1117,#1118);
#1117 = CARTESIAN_POINT('',(6.28318530718,98.));
#1118 = VECTOR('',#1119,1.);
#1119 = DIRECTION('',(-0.,-1.));
#1120 = ( GEOMETRIC_REPRESENTATION_CONTEXT(2) 
PARAMETRIC_REPRESENTATION_CONTEXT() REPRESENTATION_CONTEXT('2D SPACE',''
  ) );
#1121 = PCURVE('',#394,#1122);
#1122 = DEFINITIONAL_REPRESENTATION('',(#1123),#1127);
#1123 = LINE('',#1124,#1125);
#1124 = CARTESIAN_POINT('',(0.,98.));
#1125 = VECTOR('',#1126,1.);
#1126 = DIRECTION('',(-0.,-1.));
#1127 = ( GEOMETRIC_REPRESENTATION_CONTEXT(2) 
PARAMETRIC_REPRESENTATION_CONTEXT() REPRESENTATION_CONTEXT('2D SPACE',''
  ) );
#1128 = ORIENTED_EDGE('',*,*,#1129,.F.);
#1129 = EDGE_CURVE('',#1130,#1107,#1132,.T.);
#1130 = VERTEX_POINT('',#1131);
#1131 = CARTESIAN_POINT('',(33.029078996398,-19.,151.));
#1132 = SURFACE_CURVE('',#1133,(#1161,#1192),.PCURVE_S1.);
#1133 = B_SPLINE_CURVE_WITH_KNOTS('',6,(#1134,#1135,#1136,#1137,#1138,
    #1139,#1140,#1141,#1142,#1143,#1144,#1145,#1146,#1147,#1148,#1149,
    #1150,#1151,#1152,#1153,#1154,#1155,#1156,#1157,#1158,#1159,#1160),
  .UNSPECIFIED.,.F.,.F.,(7,5,5,5,5,7),(0.,0.29015395226,0.544568629737,
    0.701026825385,0.818141726755,1.),.UNSPECIFIED.);
#1134 = CARTESIAN_POINT('',(33.029078996398,-19.,151.));
#1135 = CARTESIAN_POINT('',(33.068234129087,-19.,151.26271514419));
#1136 = CARTESIAN_POINT('',(33.109835581096,-19.02070598978,
    151.52502471346));
#1137 = CARTESIAN_POINT('',(33.15371593383,-19.06199682842,
    151.78599204271));
#1138 = CARTESIAN_POINT('',(33.199628739453,-19.12406767542,
    152.04455911827));
#1139 = CARTESIAN_POINT('',(33.24723943184,-19.20727656457,
    152.29955919875));
#1140 = CARTESIAN_POINT('',(33.338967439261,-19.40454550427,
    152.76898175318));
#1141 = CARTESIAN_POINT('',(33.38277396554,-19.51350367174,
    152.98443766919));
#1142 = CARTESIAN_POINT('',(33.427250731866,-19.63976914279,
    153.19522241352));
#1143 = CARTESIAN_POINT('',(33.472001198544,-19.7840192446,
    153.40012755616));
#1144 = CARTESIAN_POINT('',(33.516494062422,-19.94694789497,
    153.59760732321));
#1145 = CARTESIAN_POINT('',(33.58681397348,-20.24172114925,
    153.90135763944));
#1146 = CARTESIAN_POINT('',(33.613223970958,-20.3613476908,
    154.01343654713));
#1147 = CARTESIAN_POINT('',(33.63910389112,-20.48854945201,
    154.12146290295));
#1148 = CARTESIAN_POINT('',(33.664249378963,-20.62348029117,
    154.22483799176));
#1149 = CARTESIAN_POINT('',(33.68841800064,-20.76621948999,
    154.32284727648));
#1150 = CARTESIAN_POINT('',(33.728485557379,-21.02941045402,
    154.48341736077));
#1151 = CARTESIAN_POINT('',(33.744933872555,-21.1464289297,
    154.54868708548));
#1152 = CARTESIAN_POINT('',(33.760561052745,-21.26777041975,
    154.61014247048));
#1153 = CARTESIAN_POINT('',(33.775234379361,-21.39334395871,
    154.66738801775));
#1154 = CARTESIAN_POINT('',(33.788813536326,-21.52296756822,
    154.72000360589));
#1155 = CARTESIAN_POINT('',(33.820329138309,-21.86345125605,
    154.84143285814));
#1156 = CARTESIAN_POINT('',(33.836540751293,-22.07977822192,
    154.90318405681));
#1157 = CARTESIAN_POINT('',(33.849231852572,-22.303888196,
    154.95109610508));
#1158 = CARTESIAN_POINT('',(33.857909821158,-22.53380933307,
    154.98370748918));
#1159 = CARTESIAN_POINT('',(33.862244897959,-22.76696250522,155.));
#1160 = CARTESIAN_POINT('',(33.862244897959,-23.,155.));
#1161 = PCURVE('',#394,#1162);
#1162 = DEFINITIONAL_REPRESENTATION('',(#1163),#1191);
#1163 = B_SPLINE_CURVE_WITH_KNOTS('',6,(#1164,#1165,#1166,#1167,#1168,
    #1169,#1170,#1171,#1172,#1173,#1174,#1175,#1176,#1177,#1178,#1179,
    #1180,#1181,#1182,#1183,#1184,#1185,#1186,#1187,#1188,#1189,#1190),
  .UNSPECIFIED.,.F.,.F.,(7,5,5,5,5,7),(0.,0.29015395226,0.544568629737,
    0.701026825385,0.818141726755,1.),.UNSPECIFIED.);
#1164 = CARTESIAN_POINT('',(0.120518496579,39.));
#1165 = CARTESIAN_POINT('',(0.1203770044,39.262715144194));
#1166 = CARTESIAN_POINT('',(0.119609228941,39.525024713469));
#1167 = CARTESIAN_POINT('',(0.11822267915,39.78599204271));
#1168 = CARTESIAN_POINT('',(0.116215630111,40.04455911827));
#1169 = CARTESIAN_POINT('',(0.11358171416,40.299559198758));
#1170 = CARTESIAN_POINT('',(0.107427406567,40.768981753187));
#1171 = CARTESIAN_POINT('',(0.104057397516,40.984437669192));
#1172 = CARTESIAN_POINT('',(0.100180262866,41.195222413529));
#1173 = CARTESIAN_POINT('',(9.577891667551E-02,41.400127556164));
#1174 = CARTESIAN_POINT('',(9.083583632831E-02,41.59760732321));
#1175 = CARTESIAN_POINT('',(8.193824776399E-02,41.901357639442));
#1176 = CARTESIAN_POINT('',(7.833689350646E-02,42.013436547134));
#1177 = CARTESIAN_POINT('',(7.451710574602E-02,42.121462902957));
#1178 = CARTESIAN_POINT('',(7.047490259425E-02,42.224837991768));
#1179 = CARTESIAN_POINT('',(6.62083795075E-02,42.322847276481));
#1180 = CARTESIAN_POINT('',(5.835771599565E-02,42.483417360779));
#1181 = CARTESIAN_POINT('',(5.48721218853E-02,42.548687085486));
#1182 = CARTESIAN_POINT('',(5.12625803055E-02,42.610142470483));
#1183 = CARTESIAN_POINT('',(4.753179229157E-02,42.667388017754));
#1184 = CARTESIAN_POINT('',(4.368503762792E-02,42.720003605897));
#1185 = CARTESIAN_POINT('',(3.359078824607E-02,42.841432858141));
#1186 = CARTESIAN_POINT('',(2.718662486296E-02,42.903184056815));
#1187 = CARTESIAN_POINT('',(2.055995995056E-02,42.951096105083));
#1188 = CARTESIAN_POINT('',(1.376726935179E-02,42.983707489182));
#1189 = CARTESIAN_POINT('',(6.88192692111E-03,43.));
#1190 = CARTESIAN_POINT('',(0.,43.));
#1191 = ( GEOMETRIC_REPRESENTATION_CONTEXT(2) 
PARAMETRIC_REPRESENTATION_CONTEXT() REPRESENTATION_CONTEXT('2D SPACE',''
  ) );
#1192 = PCURVE('',#1193,#1198);
#1193 = CYLINDRICAL_SURFACE('',#1194,4.);
#1194 = AXIS2_PLACEMENT_3D('',#1195,#1196,#1197);
#1195 = CARTESIAN_POINT('',(15.,-23.,151.));
#1196 = DIRECTION('',(-1.,-0.,-0.));
#1197 = DIRECTION('',(0.,1.,0.));
#1198 = DEFINITIONAL_REPRESENTATION('',(#1199),#1227);
#1199 = B_SPLINE_CURVE_WITH_KNOTS('',6,(#1200,#1201,#1202,#1203,#1204,
    #1205,#1206,#1207,#1208,#1209,#1210,#1211,#1212,#1213,#1214,#1215,
    #1216,#1217,#1218,#1219,#1220,#1221,#1222,#1223,#1224,#1225,#1226),
  .UNSPECIFIED.,.F.,.F.,(7,5,5,5,5,7),(0.,0.29015395226,0.544568629737,
    0.701026825385,0.818141726755,1.),.UNSPECIFIED.);
#1200 = CARTESIAN_POINT('',(0.,-18.02907899639));
#1201 = CARTESIAN_POINT('',(-6.567878604851E-02,-18.06823412908));
#1202 = CARTESIAN_POINT('',(-0.131256364184,-18.10983558109));
#1203 = CARTESIAN_POINT('',(-0.197007284465,-18.15371593383));
#1204 = CARTESIAN_POINT('',(-0.263173410903,-18.19962873945));
#1205 = CARTESIAN_POINT('',(-0.330004142157,-18.24723943184));
#1206 = CARTESIAN_POINT('',(-0.457301178939,-18.33896743926));
#1207 = CARTESIAN_POINT('',(-0.517511871982,-18.38277396554));
#1208 = CARTESIAN_POINT('',(-0.578699886628,-18.42725073186));
#1209 = CARTESIAN_POINT('',(-0.641081815185,-18.47200119854));
#1210 = CARTESIAN_POINT('',(-0.704878209033,-18.51649406242));
#1211 = CARTESIAN_POINT('',(-0.81069512818,-18.58681397348));
#1212 = CARTESIAN_POINT('',(-0.851630677884,-18.61322397095));
#1213 = CARTESIAN_POINT('',(-0.893275657656,-18.63910389112));
#1214 = CARTESIAN_POINT('',(-0.935686350888,-18.66424937896));
#1215 = CARTESIAN_POINT('',(-0.978910515758,-18.68841800064));
#1216 = CARTESIAN_POINT('',(-1.055986872183,-18.72848555737));
#1217 = CARTESIAN_POINT('',(-1.089459088537,-18.74493387255));
#1218 = CARTESIAN_POINT('',(-1.123421655528,-18.76056105274));
#1219 = CARTESIAN_POINT('',(-1.157878305882,-18.77523437936));
#1220 = CARTESIAN_POINT('',(-1.192819698792,-18.78881353632));
#1221 = CARTESIAN_POINT('',(-1.28319191693,-18.8203291383));
#1222 = CARTESIAN_POINT('',(-1.339316730616,-18.83654075129));
#1223 = CARTESIAN_POINT('',(-1.396411927394,-18.84923185257));
#1224 = CARTESIAN_POINT('',(-1.454248785708,-18.85790982115));
#1225 = CARTESIAN_POINT('',(-1.512536953102,-18.86224489795));
#1226 = CARTESIAN_POINT('',(-1.570796326795,-18.86224489795));
#1227 = ( GEOMETRIC_REPRESENTATION_CONTEXT(2) 
PARAMETRIC_REPRESENTATION_CONTEXT() REPRESENTATION_CONTEXT('2D SPACE',''
  ) );
#1228 = ORIENTED_EDGE('',*,*,#1229,.F.);
#1229 = EDGE_CURVE('',#1230,#1130,#1232,.T.);
#1230 = VERTEX_POINT('',#1231);
#1231 = CARTESIAN_POINT('',(32.678571428571,-23.,147.));
#1232 = SURFACE_CURVE('',#1233,(#1268,#1306),.PCURVE_S1.);
#1233 = B_SPLINE_CURVE_WITH_KNOTS('',5,(#1234,#1235,#1236,#1237,#1238,
    #1239,#1240,#1241,#1242,#1243,#1244,#1245,#1246,#1247,#1248,#1249,
    #1250,#1251,#1252,#1253,#1254,#1255,#1256,#1257,#1258,#1259,#1260,
    #1261,#1262,#1263,#1264,#1265,#1266,#1267),.UNSPECIFIED.,.F.,.F.,(6,
    4,4,4,4,4,4,4,6),(0.,9.880407659893E-02,0.196330451569,
    0.322802867926,0.491819582852,0.61224917192,0.737733724132,
    0.86795900548,1.),.UNSPECIFIED.);
#1234 = CARTESIAN_POINT('',(32.678571428571,-23.,147.));
#1235 = CARTESIAN_POINT('',(32.678571428571,-22.84951310772,147.));
#1236 = CARTESIAN_POINT('',(32.678752325383,-22.69901457229,
    147.00707715687));
#1237 = CARTESIAN_POINT('',(32.679113874234,-22.54941219655,
    147.0212324523));
#1238 = CARTESIAN_POINT('',(32.679667328194,-22.40151900349,
    147.04225601013));
#1239 = CARTESIAN_POINT('',(32.681184799425,-22.11247827451,
    147.09696797376));
#1240 = CARTESIAN_POINT('',(32.682143457602,-21.97125237691,
    147.13049214321));
#1241 = CARTESIAN_POINT('',(32.683324538419,-21.83305217407,
    147.17002332744));
#1242 = CARTESIAN_POINT('',(32.684752189552,-21.69835845423,
    147.21511304669));
#1243 = CARTESIAN_POINT('',(32.688653340304,-21.39782729267,
    147.33038543421));
#1244 = CARTESIAN_POINT('',(32.691311390013,-21.23461319438,
    147.40404340009));
#1245 = CARTESIAN_POINT('',(32.694478972438,-21.0785620761,
    147.48528242122));
#1246 = CARTESIAN_POINT('',(32.698209904156,-20.92996537031,
    147.57310393509));
#1247 = CARTESIAN_POINT('',(32.70834807028,-20.60035551265,
    147.79174634967));
#1248 = CARTESIAN_POINT('',(32.715232232161,-20.42528685688,
    147.92707043412));
#1249 = CARTESIAN_POINT('',(32.723313079449,-20.26376580444,
    148.07071955829));
#1250 = CARTESIAN_POINT('',(32.732666772336,-20.11548980955,
    148.22109953129));
#1251 = CARTESIAN_POINT('',(32.750960708668,-19.88347849845,
    148.48823451677));
#1252 = CARTESIAN_POINT('',(32.759246151966,-19.79345308885,
    148.60221682061));
#1253 = CARTESIAN_POINT('',(32.768225212795,-19.7097821311,
    148.7186149911));
#1254 = CARTESIAN_POINT('',(32.777909665118,-19.63231247506,
    148.8370763806));
#1255 = CARTESIAN_POINT('',(32.799140647157,-19.48648070863,
    149.08260167016));
#1256 = CARTESIAN_POINT('',(32.810747898016,-19.41863999203,
    149.20981352888));
#1257 = CARTESIAN_POINT('',(32.823136949254,-19.35720645561,
    149.33862618645));
#1258 = CARTESIAN_POINT('',(32.836308331881,-19.30203600353,
    149.46876274824));
#1259 = CARTESIAN_POINT('',(32.864734872838,-19.20211997195,
    149.73617904644));
#1260 = CARTESIAN_POINT('',(32.880049720961,-19.15784806109,
    149.8735394535));
#1261 = CARTESIAN_POINT('',(32.896197564352,-19.12005106707,
    150.01181380112));
#1262 = CARTESIAN_POINT('',(32.913166866922,-19.08862089908,
    150.1507715243));
#1263 = CARTESIAN_POINT('',(32.948960200546,-19.03798606676,
    150.43159451993));
#1264 = CARTESIAN_POINT('',(32.967806641888,-19.01895821511,
    150.57347053655));
#1265 = CARTESIAN_POINT('',(32.987460320977,-19.00631305769,
    150.71562778259));
#1266 = CARTESIAN_POINT('',(33.007895431578,-19.,150.85786682603));
#1267 = CARTESIAN_POINT('',(33.029078996398,-19.,151.));
#1268 = PCURVE('',#394,#1269);
#1269 = DEFINITIONAL_REPRESENTATION('',(#1270),#1305);
#1270 = B_SPLINE_CURVE_WITH_KNOTS('',5,(#1271,#1272,#1273,#1274,#1275,
    #1276,#1277,#1278,#1279,#1280,#1281,#1282,#1283,#1284,#1285,#1286,
    #1287,#1288,#1289,#1290,#1291,#1292,#1293,#1294,#1295,#1296,#1297,
    #1298,#1299,#1300,#1301,#1302,#1303,#1304),.UNSPECIFIED.,.F.,.F.,(6,
    4,4,4,4,4,4,4,6),(0.,9.880407659893E-02,0.196330451569,
    0.322802867926,0.491819582852,0.61224917192,0.737733724132,
    0.86795900548,1.),.UNSPECIFIED.);
#1271 = CARTESIAN_POINT('',(0.,35.));
#1272 = CARTESIAN_POINT('',(4.605063370071E-03,35.));
#1273 = CARTESIAN_POINT('',(9.210483224177E-03,35.007077156876));
#1274 = CARTESIAN_POINT('',(1.37879442331E-02,35.0212324523));
#1275 = CARTESIAN_POINT('',(1.831203653319E-02,35.042256010133));
#1276 = CARTESIAN_POINT('',(2.715085808545E-02,35.096967973763));
#1277 = CARTESIAN_POINT('',(3.146802329231E-02,35.130492143212));
#1278 = CARTESIAN_POINT('',(3.569073659706E-02,35.170023327442));
#1279 = CARTESIAN_POINT('',(3.980397372821E-02,35.21511304669));
#1280 = CARTESIAN_POINT('',(4.897549302683E-02,35.330385434218));
#1281 = CARTESIAN_POINT('',(5.39518797249E-02,35.40404340009));
#1282 = CARTESIAN_POINT('',(5.870463327196E-02,35.485282421223));
#1283 = CARTESIAN_POINT('',(6.32246899724E-02,35.573103935091));
#1284 = CARTESIAN_POINT('',(7.323698455293E-02,35.791746349675));
#1285 = CARTESIAN_POINT('',(7.854373568317E-02,35.927070434121));
#1286 = CARTESIAN_POINT('',(8.342781305983E-02,36.070719558299));
#1287 = CARTESIAN_POINT('',(8.78990688329E-02,36.221099531295));
#1288 = CARTESIAN_POINT('',(9.487395816143E-02,36.488234516778));
#1289 = CARTESIAN_POINT('',(9.75734223356E-02,36.602216820617));
#1290 = CARTESIAN_POINT('',(0.100075261802,36.718614991103));
#1291 = CARTESIAN_POINT('',(0.102384492338,36.837076380604));
#1292 = CARTESIAN_POINT('',(0.106716591825,37.082601670164));
#1293 = CARTESIAN_POINT('',(0.108723294583,37.209813528883));
#1294 = CARTESIAN_POINT('',(0.110531632338,37.338626186458));
#1295 = CARTESIAN_POINT('',(0.11214646192,37.468762748249));
#1296 = CARTESIAN_POINT('',(0.115051523244,37.736179046447));
#1297 = CARTESIAN_POINT('',(0.116327155373,37.873539453501));
#1298 = CARTESIAN_POINT('',(0.11740369488,38.011813801127));
#1299 = CARTESIAN_POINT('',(0.118285016676,38.150771524308));
#1300 = CARTESIAN_POINT('',(0.1196728626,38.431594519939));
#1301 = CARTESIAN_POINT('',(0.120173982843,38.573470536554));
#1302 = CARTESIAN_POINT('',(0.120480638511,38.715627782594));
#1303 = CARTESIAN_POINT('',(0.120595046153,38.857866826037));
#1304 = CARTESIAN_POINT('',(0.120518496579,39.));
#1305 = ( GEOMETRIC_REPRESENTATION_CONTEXT(2) 
PARAMETRIC_REPRESENTATION_CONTEXT() REPRESENTATION_CONTEXT('2D SPACE',''
  ) );
#1306 = PCURVE('',#1193,#1307);
#1307 = DEFINITIONAL_REPRESENTATION('',(#1308),#1343);
#1308 = B_SPLINE_CURVE_WITH_KNOTS('',5,(#1309,#1310,#1311,#1312,#1313,
    #1314,#1315,#1316,#1317,#1318,#1319,#1320,#1321,#1322,#1323,#1324,
    #1325,#1326,#1327,#1328,#1329,#1330,#1331,#1332,#1333,#1334,#1335,
    #1336,#1337,#1338,#1339,#1340,#1341,#1342),.UNSPECIFIED.,.F.,.F.,(6,
    4,4,4,4,4,4,4,6),(0.,9.880407659893E-02,0.196330451569,
    0.322802867926,0.491819582852,0.61224917192,0.737733724132,
    0.86795900548,1.),.UNSPECIFIED.);
#1309 = CARTESIAN_POINT('',(-4.712388980385,-17.67857142857));
#1310 = CARTESIAN_POINT('',(-4.750010703453,-17.67857142857));
#1311 = CARTESIAN_POINT('',(-4.787635304694,-17.67875232538));
#1312 = CARTESIAN_POINT('',(-4.825146984285,-17.67911387423));
#1313 = CARTESIAN_POINT('',(-4.862452747029,-17.67966732819));
#1314 = CARTESIAN_POINT('',(-4.935996076933,-17.68118479942));
#1315 = CARTESIAN_POINT('',(-4.972245241163,-17.6821434576));
#1316 = CARTESIAN_POINT('',(-5.008132350364,-17.68332453841));
#1317 = CARTESIAN_POINT('',(-5.043609345268,-17.68475218955));
#1318 = CARTESIAN_POINT('',(-5.124079332839,-17.6886533403));
#1319 = CARTESIAN_POINT('',(-5.168771064956,-17.69131139001));
#1320 = CARTESIAN_POINT('',(-5.212665658212,-17.69447897243));
#1321 = CARTESIAN_POINT('',(-5.255759719906,-17.69820990415));
#1322 = CARTESIAN_POINT('',(-5.354643225773,-17.70834807028));
#1323 = CARTESIAN_POINT('',(-5.409816616423,-17.71523223216));
#1324 = CARTESIAN_POINT('',(-5.463695464435,-17.72331307944));
#1325 = CARTESIAN_POINT('',(-5.516386846019,-17.73266677233));
#1326 = CARTESIAN_POINT('',(-5.604842466582,-17.75096070866));
#1327 = CARTESIAN_POINT('',(-5.641114599034,-17.75924615196));
#1328 = CARTESIAN_POINT('',(-5.676904843394,-17.76822521279));
#1329 = CARTESIAN_POINT('',(-5.71225778347,-17.77790966511));
#1330 = CARTESIAN_POINT('',(-5.783649997643,-17.79914064715));
#1331 = CARTESIAN_POINT('',(-5.819654509611,-17.81074789801));
#1332 = CARTESIAN_POINT('',(-5.855285789728,-17.82313694925));
#1333 = CARTESIAN_POINT('',(-5.890589544265,-17.83630833188));
#1334 = CARTESIAN_POINT('',(-5.96195773129,-17.86473487283));
#1335 = CARTESIAN_POINT('',(-5.997999929655,-17.88004972096));
#1336 = CARTESIAN_POINT('',(-6.033788622643,-17.89619756435));
#1337 = CARTESIAN_POINT('',(-6.069371375174,-17.91316686692));
#1338 = CARTESIAN_POINT('',(-6.140709233777,-17.94896020054));
#1339 = CARTESIAN_POINT('',(-6.176459762649,-17.96780664188));
#1340 = CARTESIAN_POINT('',(-6.21209195814,-17.98746032097));
#1341 = CARTESIAN_POINT('',(-6.247652013689,-18.00789543157));
#1342 = CARTESIAN_POINT('',(-6.28318530718,-18.02907899639));
#1343 = ( GEOMETRIC_REPRESENTATION_CONTEXT(2) 
PARAMETRIC_REPRESENTATION_CONTEXT() REPRESENTATION_CONTEXT('2D SPACE',''
  ) );
#1344 = ORIENTED_EDGE('',*,*,#1345,.T.);
#1345 = EDGE_CURVE('',#1230,#357,#1346,.T.);
#1346 = SEAM_CURVE('',#1347,(#1351,#1358),.PCURVE_S1.);
#1347 = LINE('',#1348,#1349);
#1348 = CARTESIAN_POINT('',(42.,-23.,210.));
#1349 = VECTOR('',#1350,1.);
#1350 = DIRECTION('',(-0.146365743746,0.,-0.989230543937));
#1351 = PCURVE('',#394,#1352);
#1352 = DEFINITIONAL_REPRESENTATION('',(#1353),#1357);
#1353 = LINE('',#1354,#1355);
#1354 = CARTESIAN_POINT('',(6.28318530718,98.));
#1355 = VECTOR('',#1356,1.);
#1356 = DIRECTION('',(-0.,-1.));
#1357 = ( GEOMETRIC_REPRESENTATION_CONTEXT(2) 
PARAMETRIC_REPRESENTATION_CONTEXT() REPRESENTATION_CONTEXT('2D SPACE',''
  ) );
#1358 = PCURVE('',#394,#1359);
#1359 = DEFINITIONAL_REPRESENTATION('',(#1360),#1364);
#1360 = LINE('',#1361,#1362);
#1361 = CARTESIAN_POINT('',(0.,98.));
#1362 = VECTOR('',#1363,1.);
#1363 = DIRECTION('',(-0.,-1.));
#1364 = ( GEOMETRIC_REPRESENTATION_CONTEXT(2) 
PARAMETRIC_REPRESENTATION_CONTEXT() REPRESENTATION_CONTEXT('2D SPACE',''
  ) );
#1365 = ORIENTED_EDGE('',*,*,#379,.T.);
#1366 = ORIENTED_EDGE('',*,*,#1345,.F.);
#1367 = ORIENTED_EDGE('',*,*,#1368,.F.);
#1368 = EDGE_CURVE('',#1107,#1230,#1369,.T.);
#1369 = SURFACE_CURVE('',#1370,(#1433,#1499),.PCURVE_S1.);
#1370 = B_SPLINE_CURVE_WITH_KNOTS('',6,(#1371,#1372,#1373,#1374,#1375,
    #1376,#1377,#1378,#1379,#1380,#1381,#1382,#1383,#1384,#1385,#1386,
    #1387,#1388,#1389,#1390,#1391,#1392,#1393,#1394,#1395,#1396,#1397,
    #1398,#1399,#1400,#1401,#1402,#1403,#1404,#1405,#1406,#1407,#1408,
    #1409,#1410,#1411,#1412,#1413,#1414,#1415,#1416,#1417,#1418,#1419,
    #1420,#1421,#1422,#1423,#1424,#1425,#1426,#1427,#1428,#1429,#1430,
    #1431,#1432),.UNSPECIFIED.,.F.,.F.,(7,5,5,5,5,5,5,5,5,5,5,5,7),(0.,
    9.157295783893E-02,0.14995169347,0.228782052737,0.293840911602,
    0.345299377211,0.488023698945,0.632585482833,0.686631358724,
    0.754999409384,0.839139892009,0.902318949527,1.),.UNSPECIFIED.);
#1371 = CARTESIAN_POINT('',(33.862244897959,-23.,155.));
#1372 = CARTESIAN_POINT('',(33.862244897959,-23.23360094577,155.));
#1373 = CARTESIAN_POINT('',(33.85788882572,-23.46731169248,
    154.98362857971));
#1374 = CARTESIAN_POINT('',(33.849169306016,-23.69776314106,
    154.95086105746));
#1375 = CARTESIAN_POINT('',(33.836419243493,-23.92236590815,
    154.90272532384));
#1376 = CARTESIAN_POINT('',(33.820134900035,-24.13913745866,
    154.84069296954));
#1377 = CARTESIAN_POINT('',(33.788610346079,-24.47890930832,
    154.71921519104));
#1378 = CARTESIAN_POINT('',(33.775124527532,-24.60748953365,
    154.6669565684));
#1379 = CARTESIAN_POINT('',(33.760562328439,-24.7320809742,
    154.61014202571));
#1380 = CARTESIAN_POINT('',(33.745060793152,-24.85250604295,
    154.54918187989));
#1381 = CARTESIAN_POINT('',(33.728749592246,-24.96867543309,
    154.4844625482));
#1382 = CARTESIAN_POINT('',(33.688778544487,-25.23164990699,
    154.32430924512));
#1383 = CARTESIAN_POINT('',(33.664549503736,-25.37490863919,
    154.22607173512));
#1384 = CARTESIAN_POINT('',(33.639335561178,-25.51031161427,
    154.12242987351));
#1385 = CARTESIAN_POINT('',(33.613381583081,-25.63793829328,
    154.01410540961));
#1386 = CARTESIAN_POINT('',(33.58689388966,-25.757943851,153.90170284131
    ));
#1387 = CARTESIAN_POINT('',(33.537871089798,-25.96344198135,
    153.68994644491));
#1388 = CARTESIAN_POINT('',(33.515456281817,-26.05129170051,
    153.59175363304));
#1389 = CARTESIAN_POINT('',(33.492886463045,-26.13418190021,
    153.49138453564));
#1390 = CARTESIAN_POINT('',(33.47024361941,-26.21221550244,
    153.38907761492));
#1391 = CARTESIAN_POINT('',(33.447598175114,-26.28549233806,
    153.28503820171));
#1392 = CARTESIAN_POINT('',(33.407143477779,-26.40838142016,
    153.09591456933));
#1393 = CARTESIAN_POINT('',(33.389313380431,-26.459737026,
    153.01141669049));
#1394 = CARTESIAN_POINT('',(33.371549282875,-26.50822207668,
    152.92603200908));
#1395 = CARTESIAN_POINT('',(33.353878085771,-26.55387887091,
    152.83983998998));
#1396 = CARTESIAN_POINT('',(33.336323820568,-26.59674569192,
    152.75291264915));
#1397 = CARTESIAN_POINT('',(33.270602454773,-26.74810831248,
    152.42235397134));
#1398 = CARTESIAN_POINT('',(33.223369357365,-26.83814013894,
    152.1742811644));
#1399 = CARTESIAN_POINT('',(33.177646082443,-26.90773566751,
    151.92240060382));
#1400 = CARTESIAN_POINT('',(33.133770732454,-26.95729409066,
    151.66785130723));
#1401 = CARTESIAN_POINT('',(33.091994789151,-26.98706416679,
    151.41164890152));
#1402 = CARTESIAN_POINT('',(33.012483250869,-27.00708068377,
    150.89438879174));
#1403 = CARTESIAN_POINT('',(32.974820307757,-26.996810014,
    150.63340018406));
#1404 = CARTESIAN_POINT('',(32.939684497946,-26.96618593576,
    150.37262930583));
#1405 = CARTESIAN_POINT('',(32.907218550242,-26.91489275871,
    150.11313774702));
#1406 = CARTESIAN_POINT('',(32.877508187782,-26.84246631061,
    149.8561231376));
#1407 = CARTESIAN_POINT('',(32.840502568533,-26.71281984633,
    149.50829884917));
#1408 = CARTESIAN_POINT('',(32.830820962732,-26.67447577041,
    149.41419124437));
#1409 = CARTESIAN_POINT('',(32.821529358636,-26.63302759512,
    149.32070244987));
#1410 = CARTESIAN_POINT('',(32.812628124198,-26.5884313352,
    149.22791600844));
#1411 = CARTESIAN_POINT('',(32.80411649844,-26.54063893525,
    149.13592386604));
#1412 = CARTESIAN_POINT('',(32.785715846465,-26.42503181101,
    148.92958801184));
#1413 = CARTESIAN_POINT('',(32.776059787628,-26.3552695346,
    148.81578517218));
#1414 = CARTESIAN_POINT('',(32.767019970441,-26.28020349293,
    148.70361763214));
#1415 = CARTESIAN_POINT('',(32.758589675041,-26.19972223751,
    148.59332164063));
#1416 = CARTESIAN_POINT('',(32.750758768022,-26.11371206523,
    148.48517007535));
#1417 = CARTESIAN_POINT('',(32.734594669452,-25.90926003609,
    148.24939084068));
#1418 = CARTESIAN_POINT('',(32.726563374595,-25.78792817568,
    148.12304282971));
#1419 = CARTESIAN_POINT('',(32.71939080309,-25.6578384948,
    148.00098922734));
#1420 = CARTESIAN_POINT('',(32.713042317142,-25.51881490836,
    147.88394785238));
#1421 = CARTESIAN_POINT('',(32.70747400511,-25.37076932164,
    147.77277246143));
#1422 = CARTESIAN_POINT('',(32.698993049166,-25.09583312889,
    147.59008443648));
#1423 = CARTESIAN_POINT('',(32.695764838917,-24.97287321201,
    147.51559961282));
#1424 = CARTESIAN_POINT('',(32.69292283651,-24.84489427187,
    147.44539250342));
#1425 = CARTESIAN_POINT('',(32.690441337562,-24.71200489538,
    147.37993815066));
#1426 = CARTESIAN_POINT('',(32.688293082408,-24.57441968497,
    147.31974042446));
#1427 = CARTESIAN_POINT('',(32.683602204329,-24.21305066147,
    147.18113293397));
#1428 = CARTESIAN_POINT('',(32.681482301626,-23.98302997905,
    147.11065339139));
#1429 = CARTESIAN_POINT('',(32.679999546677,-23.74408190171,
    147.05591207745));
#1430 = CARTESIAN_POINT('',(32.679047607894,-23.49847674863,
    147.01862685692));
#1431 = CARTESIAN_POINT('',(32.678571428571,-23.24917252047,147.));
#1432 = CARTESIAN_POINT('',(32.678571428571,-23.,147.));
#1433 = PCURVE('',#394,#1434);
#1434 = DEFINITIONAL_REPRESENTATION('',(#1435),#1498);
#1435 = B_SPLINE_CURVE_WITH_KNOTS('',6,(#1436,#1437,#1438,#1439,#1440,
    #1441,#1442,#1443,#1444,#1445,#1446,#1447,#1448,#1449,#1450,#1451,
    #1452,#1453,#1454,#1455,#1456,#1457,#1458,#1459,#1460,#1461,#1462,
    #1463,#1464,#1465,#1466,#1467,#1468,#1469,#1470,#1471,#1472,#1473,
    #1474,#1475,#1476,#1477,#1478,#1479,#1480,#1481,#1482,#1483,#1484,
    #1485,#1486,#1487,#1488,#1489,#1490,#1491,#1492,#1493,#1494,#1495,
    #1496,#1497),.UNSPECIFIED.,.F.,.F.,(7,5,5,5,5,5,5,5,5,5,5,5,7),(0.,
    9.157295783893E-02,0.14995169347,0.228782052737,0.293840911602,
    0.345299377211,0.488023698945,0.632585482833,0.686631358724,
    0.754999409384,0.839139892009,0.902318949527,1.),.UNSPECIFIED.);
#1436 = CARTESIAN_POINT('',(6.28318530718,43.));
#1437 = CARTESIAN_POINT('',(6.276286740753,43.));
#1438 = CARTESIAN_POINT('',(6.269384932386,42.983628579715));
#1439 = CARTESIAN_POINT('',(6.262576560499,42.950861057465));
#1440 = CARTESIAN_POINT('',(6.255935282885,42.902725323845));
#1441 = CARTESIAN_POINT('',(6.249517881912,42.840692969544));
#1442 = CARTESIAN_POINT('',(6.239444554712,42.719215191043));
#1443 = CARTESIAN_POINT('',(6.235628717157,42.666956568403));
#1444 = CARTESIAN_POINT('',(6.231927092127,42.610142025717));
#1445 = CARTESIAN_POINT('',(6.228344832114,42.54918187989));
#1446 = CARTESIAN_POINT('',(6.224884588251,42.484462548206));
#1447 = CARTESIAN_POINT('',(6.21704061129,42.32430924512));
#1448 = CARTESIAN_POINT('',(6.212758667885,42.226071735127));
#1449 = CARTESIAN_POINT('',(6.208702402656,42.122429873515));
#1450 = CARTESIAN_POINT('',(6.204869909011,42.014105409616));
#1451 = CARTESIAN_POINT('',(6.201257171221,41.901702841312));
#1452 = CARTESIAN_POINT('',(6.195054309231,41.689946444915));
#1453 = CARTESIAN_POINT('',(6.192396088387,41.591753633044));
#1454 = CARTESIAN_POINT('',(6.189881453719,41.491384535644));
#1455 = CARTESIAN_POINT('',(6.187507730257,41.389077614929));
#1456 = CARTESIAN_POINT('',(6.185272346047,41.285038201714));
#1457 = CARTESIAN_POINT('',(6.18151219678,41.09591456933));
#1458 = CARTESIAN_POINT('',(6.17993660939,41.011416690497));
#1459 = CARTESIAN_POINT('',(6.178444877985,40.92603200908));
#1460 = CARTESIAN_POINT('',(6.17703594011,40.83983998998));
#1461 = CARTESIAN_POINT('',(6.175708851887,40.752912649157));
#1462 = CARTESIAN_POINT('',(6.171006726507,40.422353971341));
#1463 = CARTESIAN_POINT('',(6.168174607249,40.174281164406));
#1464 = CARTESIAN_POINT('',(6.165947197382,39.922400603824));
#1465 = CARTESIAN_POINT('',(6.164316681959,39.667851307238));
#1466 = CARTESIAN_POINT('',(6.163279533713,39.411648901524));
#1467 = CARTESIAN_POINT('',(6.162395948597,38.894388791745));
#1468 = CARTESIAN_POINT('',(6.162565162914,38.633400184069));
#1469 = CARTESIAN_POINT('',(6.163352356584,38.372629305834));
#1470 = CARTESIAN_POINT('',(6.164770741858,38.113137747026));
#1471 = CARTESIAN_POINT('',(6.166837812409,37.856123137609));
#1472 = CARTESIAN_POINT('',(6.170606773508,37.508298849176));
#1473 = CARTESIAN_POINT('',(6.17172684988,37.414191244375));
#1474 = CARTESIAN_POINT('',(6.17294275418,37.320702449874));
#1475 = CARTESIAN_POINT('',(6.174255980184,37.227916008444));
#1476 = CARTESIAN_POINT('',(6.175668139779,37.135923866042));
#1477 = CARTESIAN_POINT('',(6.179094684794,36.929588011842));
#1478 = CARTESIAN_POINT('',(6.181169427184,36.815785172189));
#1479 = CARTESIAN_POINT('',(6.183408761997,36.703617632142));
#1480 = CARTESIAN_POINT('',(6.185816356224,36.593321640639));
#1481 = CARTESIAN_POINT('',(6.1883959228,36.485170075358));
#1482 = CARTESIAN_POINT('',(6.194542052781,36.249390840681));
#1483 = CARTESIAN_POINT('',(6.198198595294,36.123042829712));
#1484 = CARTESIAN_POINT('',(6.202128020825,36.000989227342));
#1485 = CARTESIAN_POINT('',(6.206336036976,35.883947852384));
#1486 = CARTESIAN_POINT('',(6.210825545229,35.772772461431));
#1487 = CARTESIAN_POINT('',(6.219176879677,35.590084436481));
#1488 = CARTESIAN_POINT('',(6.2229160567,35.515599612826));
#1489 = CARTESIAN_POINT('',(6.226811896868,35.445392503421));
#1490 = CARTESIAN_POINT('',(6.230861032432,35.379938150669));
#1491 = CARTESIAN_POINT('',(6.235056772514,35.319740424461));
#1492 = CARTESIAN_POINT('',(6.246084923325,35.18113293397));
#1493 = CARTESIAN_POINT('',(6.253111902358,35.110653391394));
#1494 = CARTESIAN_POINT('',(6.260417686216,35.055912077451));
#1495 = CARTESIAN_POINT('',(6.267931373218,35.018626856922));
#1496 = CARTESIAN_POINT('',(6.275560355733,35.));
#1497 = CARTESIAN_POINT('',(6.28318530718,35.));
#1498 = ( GEOMETRIC_REPRESENTATION_CONTEXT(2) 
PARAMETRIC_REPRESENTATION_CONTEXT() REPRESENTATION_CONTEXT('2D SPACE',''
  ) );
#1499 = PCURVE('',#1193,#1500);
#1500 = DEFINITIONAL_REPRESENTATION('',(#1501),#1564);
#1501 = B_SPLINE_CURVE_WITH_KNOTS('',6,(#1502,#1503,#1504,#1505,#1506,
    #1507,#1508,#1509,#1510,#1511,#1512,#1513,#1514,#1515,#1516,#1517,
    #1518,#1519,#1520,#1521,#1522,#1523,#1524,#1525,#1526,#1527,#1528,
    #1529,#1530,#1531,#1532,#1533,#1534,#1535,#1536,#1537,#1538,#1539,
    #1540,#1541,#1542,#1543,#1544,#1545,#1546,#1547,#1548,#1549,#1550,
    #1551,#1552,#1553,#1554,#1555,#1556,#1557,#1558,#1559,#1560,#1561,
    #1562,#1563),.UNSPECIFIED.,.F.,.F.,(7,5,5,5,5,5,5,5,5,5,5,5,7),(0.,
    9.157295783893E-02,0.14995169347,0.228782052737,0.293840911602,
    0.345299377211,0.488023698945,0.632585482833,0.686631358724,
    0.754999409384,0.839139892009,0.902318949527,1.),.UNSPECIFIED.);
#1502 = CARTESIAN_POINT('',(-1.570796326795,-18.86224489795));
#1503 = CARTESIAN_POINT('',(-1.629196563239,-18.86224489795));
#1504 = CARTESIAN_POINT('',(-1.687624119533,-18.85788882572));
#1505 = CARTESIAN_POINT('',(-1.745596166938,-18.84916930601));
#1506 = CARTESIAN_POINT('',(-1.802822176593,-18.83641924349));
#1507 = CARTESIAN_POINT('',(-1.859072427151,-18.82013490003));
#1508 = CARTESIAN_POINT('',(-1.949281129785,-18.78861034607));
#1509 = CARTESIAN_POINT('',(-1.983948038424,-18.77512452753));
#1510 = CARTESIAN_POINT('',(-2.018137629813,-18.76056232843));
#1511 = CARTESIAN_POINT('',(-2.051840812297,-18.74506079315));
#1512 = CARTESIAN_POINT('',(-2.085061178819,-18.72874959224));
#1513 = CARTESIAN_POINT('',(-2.162037089991,-18.68877854448));
#1514 = CARTESIAN_POINT('',(-2.205400008043,-18.66454950373));
#1515 = CARTESIAN_POINT('',(-2.247944163319,-18.63933556117));
#1516 = CARTESIAN_POINT('',(-2.28971766114,-18.61338158308));
#1517 = CARTESIAN_POINT('',(-2.330777268092,-18.58689388966));
#1518 = CARTESIAN_POINT('',(-2.404546440596,-18.53787108979));
#1519 = CARTESIAN_POINT('',(-2.437458156515,-18.51545628181));
#1520 = CARTESIAN_POINT('',(-2.469963586396,-18.49288646304));
#1521 = CARTESIAN_POINT('',(-2.5020959151,-18.47024361941));
#1522 = CARTESIAN_POINT('',(-2.533887271875,-18.44759817511));
#1523 = CARTESIAN_POINT('',(-2.590272927645,-18.40714347777));
#1524 = CARTESIAN_POINT('',(-2.614981871899,-18.38931338043));
#1525 = CARTESIAN_POINT('',(-2.639513294088,-18.37154928287));
#1526 = CARTESIAN_POINT('',(-2.663882159922,-18.35387808577));
#1527 = CARTESIAN_POINT('',(-2.688102824959,-18.33632382056));
#1528 = CARTESIAN_POINT('',(-2.778994134495,-18.27060245477));
#1529 = CARTESIAN_POINT('',(-2.844752827489,-18.22336935736));
#1530 = CARTESIAN_POINT('',(-2.909785695763,-18.17764608244));
#1531 = CARTESIAN_POINT('',(-2.974332042898,-18.13377073245));
#1532 = CARTESIAN_POINT('',(-3.038622701555,-18.09199478915));
#1533 = CARTESIAN_POINT('',(-3.16803451567,-18.01248325086));
#1534 = CARTESIAN_POINT('',(-3.233133745626,-17.97482030775));
#1535 = CARTESIAN_POINT('',(-3.29847794151,-17.93968449794));
#1536 = CARTESIAN_POINT('',(-3.36429812336,-17.90721855024));
#1537 = CARTESIAN_POINT('',(-3.430829510897,-17.87750818778));
#1538 = CARTESIAN_POINT('',(-3.523629679716,-17.84050256853));
#1539 = CARTESIAN_POINT('',(-3.549023122202,-17.83082096273));
#1540 = CARTESIAN_POINT('',(-3.574571407687,-17.82152935863));
#1541 = CARTESIAN_POINT('',(-3.600289613542,-17.81262812419));
#1542 = CARTESIAN_POINT('',(-3.626193357172,-17.80411649844));
#1543 = CARTESIAN_POINT('',(-3.685322184692,-17.78571584646));
#1544 = CARTESIAN_POINT('',(-3.718667394904,-17.77605978762));
#1545 = CARTESIAN_POINT('',(-3.752368923784,-17.76701997044));
#1546 = CARTESIAN_POINT('',(-3.786459919506,-17.75858967504));
#1547 = CARTESIAN_POINT('',(-3.820974450905,-17.75075876802));
#1548 = CARTESIAN_POINT('',(-3.898993871453,-17.73459466945));
#1549 = CARTESIAN_POINT('',(-3.942730460362,-17.72656337459));
#1550 = CARTESIAN_POINT('',(-3.987233643764,-17.71939080309));
#1551 = CARTESIAN_POINT('',(-4.032563885762,-17.71304231714));
#1552 = CARTESIAN_POINT('',(-4.078772432277,-17.70747400511));
#1553 = CARTESIAN_POINT('',(-4.161296983375,-17.69899304916));
#1554 = CARTESIAN_POINT('',(-4.197205800053,-17.69576483891));
#1555 = CARTESIAN_POINT('',(-4.233647272661,-17.69292283651));
#1556 = CARTESIAN_POINT('',(-4.270625346919,-17.69044133756));
#1557 = CARTESIAN_POINT('',(-4.308129755378,-17.6882930824));
#1558 = CARTESIAN_POINT('',(-4.404889641038,-17.68360220432));
#1559 = CARTESIAN_POINT('',(-4.464890627914,-17.68148230162));
#1560 = CARTESIAN_POINT('',(-4.525932702602,-17.67999954667));
#1561 = CARTESIAN_POINT('',(-4.587769963071,-17.67904760789));
#1562 = CARTESIAN_POINT('',(-4.650095850266,-17.67857142857));
#1563 = CARTESIAN_POINT('',(-4.712388980385,-17.67857142857));
#1564 = ( GEOMETRIC_REPRESENTATION_CONTEXT(2) 
PARAMETRIC_REPRESENTATION_CONTEXT() REPRESENTATION_CONTEXT('2D SPACE',''
  ) );
#1565 = ORIENTED_EDGE('',*,*,#1106,.F.);
#1566 = FACE_BOUND('',#1567,.T.);
#1567 = EDGE_LOOP('',(#1568,#1602,#1631));
#1568 = ORIENTED_EDGE('',*,*,#1569,.F.);
#1569 = EDGE_CURVE('',#1570,#1572,#1574,.T.);
#1570 = VERTEX_POINT('',#1571);
#1571 = CARTESIAN_POINT('',(24.2,-41.61811104773,132.5));
#1572 = VERTEX_POINT('',#1573);
#1573 = CARTESIAN_POINT('',(24.2,-42.3,135.34207974642));
#1574 = SURFACE_CURVE('',#1575,(#1580,#1590),.PCURVE_S1.);
#1575 = HYPERBOLA('',#1576,163.55862068965,24.2);
#1576 = AXIS2_PLACEMENT_3D('',#1577,#1578,#1579);
#1577 = CARTESIAN_POINT('',(24.2,-23.,-73.86206896551));
#1578 = DIRECTION('',(1.,0.,0.));
#1579 = DIRECTION('',(-0.,0.,1.));
#1580 = PCURVE('',#394,#1581);
#1581 = DEFINITIONAL_REPRESENTATION('',(#1582),#1589);
#1582 = B_SPLINE_CURVE_WITH_KNOTS('',5,(#1583,#1584,#1585,#1586,#1587,
    #1588),.UNSPECIFIED.,.F.,.F.,(6,6),(0.678405415146,0.850656745105),
  .PIECEWISE_BEZIER_KNOTS.);
#1583 = CARTESIAN_POINT('',(5.651529645137,16.8));
#1584 = CARTESIAN_POINT('',(5.623726524322,20.92260329336));
#1585 = CARTESIAN_POINT('',(5.596630373207,25.34586087331));
#1586 = CARTESIAN_POINT('',(5.570262018496,30.079967160402));
#1587 = CARTESIAN_POINT('',(5.544632023786,35.136598414394));
#1588 = CARTESIAN_POINT('',(5.519743074515,40.52908667069));
#1589 = ( GEOMETRIC_REPRESENTATION_CONTEXT(2) 
PARAMETRIC_REPRESENTATION_CONTEXT() REPRESENTATION_CONTEXT('2D SPACE',''
  ) );
#1590 = PCURVE('',#1591,#1596);
#1591 = PLANE('',#1592);
#1592 = AXIS2_PLACEMENT_3D('',#1593,#1594,#1595);
#1593 = CARTESIAN_POINT('',(24.2,-42.3,132.5));
#1594 = DIRECTION('',(1.,0.,0.));
#1595 = DIRECTION('',(0.,0.,1.));
#1596 = DEFINITIONAL_REPRESENTATION('',(#1597),#1601);
#1597 = ( BOUNDED_CURVE() B_SPLINE_CURVE(2,(#1598,#1599,#1600),
.UNSPECIFIED.,.F.,.F.) B_SPLINE_CURVE_WITH_KNOTS((3,3),(0.678405415146,
0.850656745105),.PIECEWISE_BEZIER_KNOTS.) CURVE() 
GEOMETRIC_REPRESENTATION_ITEM() RATIONAL_B_SPLINE_CURVE((1.,
1.003711108203,1.)) REPRESENTATION_ITEM('') );
#1598 = CARTESIAN_POINT('',(-3.7,-1.593982344285));
#1599 = CARTESIAN_POINT('',(6.581100328514,0.982190686509));
#1600 = CARTESIAN_POINT('',(20.02908667069,3.86));
#1601 = ( GEOMETRIC_REPRESENTATION_CONTEXT(2) 
PARAMETRIC_REPRESENTATION_CONTEXT() REPRESENTATION_CONTEXT('2D SPACE',''
  ) );
#1602 = ORIENTED_EDGE('',*,*,#1603,.F.);
#1603 = EDGE_CURVE('',#1604,#1570,#1606,.T.);
#1604 = VERTEX_POINT('',#1605);
#1605 = CARTESIAN_POINT('',(23.659756105798,-42.3,132.5));
#1606 = SURFACE_CURVE('',#1607,(#1612,#1619),.PCURVE_S1.);
#1607 = CIRCLE('',#1608,30.533163265306);
#1608 = AXIS2_PLACEMENT_3D('',#1609,#1610,#1611);
#1609 = CARTESIAN_POINT('',(0.,-23.,132.5));
#1610 = DIRECTION('',(0.,0.,1.));
#1611 = DIRECTION('',(1.,0.,-0.));
#1612 = PCURVE('',#394,#1613);
#1613 = DEFINITIONAL_REPRESENTATION('',(#1614),#1618);
#1614 = LINE('',#1615,#1616);
#1615 = CARTESIAN_POINT('',(0.,20.5));
#1616 = VECTOR('',#1617,1.);
#1617 = DIRECTION('',(1.,0.));
#1618 = ( GEOMETRIC_REPRESENTATION_CONTEXT(2) 
PARAMETRIC_REPRESENTATION_CONTEXT() REPRESENTATION_CONTEXT('2D SPACE',''
  ) );
#1619 = PCURVE('',#1620,#1625);
#1620 = PLANE('',#1621);
#1621 = AXIS2_PLACEMENT_3D('',#1622,#1623,#1624);
#1622 = CARTESIAN_POINT('',(21.,-42.3,132.5));
#1623 = DIRECTION('',(0.,0.,1.));
#1624 = DIRECTION('',(1.,0.,0.));
#1625 = DEFINITIONAL_REPRESENTATION('',(#1626),#1630);
#1626 = CIRCLE('',#1627,30.533163265306);
#1627 = AXIS2_PLACEMENT_2D('',#1628,#1629);
#1628 = CARTESIAN_POINT('',(-21.,19.3));
#1629 = DIRECTION('',(1.,0.));
#1630 = ( GEOMETRIC_REPRESENTATION_CONTEXT(2) 
PARAMETRIC_REPRESENTATION_CONTEXT() REPRESENTATION_CONTEXT('2D SPACE',''
  ) );
#1631 = ORIENTED_EDGE('',*,*,#1632,.T.);
#1632 = EDGE_CURVE('',#1604,#1572,#1633,.T.);
#1633 = SURFACE_CURVE('',#1634,(#1639,#1649),.PCURVE_S1.);
#1634 = HYPERBOLA('',#1635,130.44137931034,19.3);
#1635 = AXIS2_PLACEMENT_3D('',#1636,#1637,#1638);
#1636 = CARTESIAN_POINT('',(0.,-42.3,-73.86206896551));
#1637 = DIRECTION('',(0.,1.,0.));
#1638 = DIRECTION('',(0.,-0.,1.));
#1639 = PCURVE('',#394,#1640);
#1640 = DEFINITIONAL_REPRESENTATION('',(#1641),#1648);
#1641 = B_SPLINE_CURVE_WITH_KNOTS('',5,(#1642,#1643,#1644,#1645,#1646,
    #1647),.UNSPECIFIED.,.F.,.F.,(6,6),(1.008952795472,1.060314689846),
  .PIECEWISE_BEZIER_KNOTS.);
#1642 = CARTESIAN_POINT('',(5.583940593777,16.8));
#1643 = CARTESIAN_POINT('',(5.590552305954,18.393277447948));
#1644 = CARTESIAN_POINT('',(5.597099043639,20.013286470496));
#1645 = CARTESIAN_POINT('',(5.603581056048,21.660377329761));
#1646 = CARTESIAN_POINT('',(5.609998634811,23.33491203766));
#1647 = CARTESIAN_POINT('',(5.61635210803,25.037264833593));
#1648 = ( GEOMETRIC_REPRESENTATION_CONTEXT(2) 
PARAMETRIC_REPRESENTATION_CONTEXT() REPRESENTATION_CONTEXT('2D SPACE',''
  ) );
#1649 = PCURVE('',#1650,#1655);
#1650 = PLANE('',#1651);
#1651 = AXIS2_PLACEMENT_3D('',#1652,#1653,#1654);
#1652 = CARTESIAN_POINT('',(21.,-42.3,132.5));
#1653 = DIRECTION('',(0.,1.,0.));
#1654 = DIRECTION('',(0.,0.,1.));
#1655 = DEFINITIONAL_REPRESENTATION('',(#1656),#1660);
#1656 = ( BOUNDED_CURVE() B_SPLINE_CURVE(2,(#1657,#1658,#1659),
.UNSPECIFIED.,.F.,.F.) B_SPLINE_CURVE_WITH_KNOTS((3,3),(1.008952795472,
1.060314689846),.PIECEWISE_BEZIER_KNOTS.) CURVE() 
GEOMETRIC_REPRESENTATION_ITEM() RATIONAL_B_SPLINE_CURVE((1.,
1.000329773648,1.)) REPRESENTATION_ITEM('') );
#1657 = CARTESIAN_POINT('',(-3.7,1.948922877218));
#1658 = CARTESIAN_POINT('',(0.282318197409,2.71881517877));
#1659 = CARTESIAN_POINT('',(4.537264833593,3.52));
#1660 = ( GEOMETRIC_REPRESENTATION_CONTEXT(2) 
PARAMETRIC_REPRESENTATION_CONTEXT() REPRESENTATION_CONTEXT('2D SPACE',''
  ) );
#1661 = FACE_BOUND('',#1662,.T.);
#1662 = EDGE_LOOP('',(#1663,#1692,#1724));
#1663 = ORIENTED_EDGE('',*,*,#1664,.F.);
#1664 = EDGE_CURVE('',#1665,#1667,#1669,.T.);
#1665 = VERTEX_POINT('',#1666);
#1666 = CARTESIAN_POINT('',(24.2,-3.7,135.34207974642));
#1667 = VERTEX_POINT('',#1668);
#1668 = CARTESIAN_POINT('',(24.2,-4.381888952264,132.5));
#1669 = SURFACE_CURVE('',#1670,(#1675,#1685),.PCURVE_S1.);
#1670 = HYPERBOLA('',#1671,163.55862068965,24.2);
#1671 = AXIS2_PLACEMENT_3D('',#1672,#1673,#1674);
#1672 = CARTESIAN_POINT('',(24.2,-23.,-73.86206896551));
#1673 = DIRECTION('',(1.,0.,0.));
#1674 = DIRECTION('',(-0.,0.,1.));
#1675 = PCURVE('',#394,#1676);
#1676 = DEFINITIONAL_REPRESENTATION('',(#1677),#1684);
#1677 = B_SPLINE_CURVE_WITH_KNOTS('',5,(#1678,#1679,#1680,#1681,#1682,
    #1683),.UNSPECIFIED.,.F.,.F.,(6,6),(-0.850656745105,-0.678405415146)
  ,.PIECEWISE_BEZIER_KNOTS.);
#1678 = CARTESIAN_POINT('',(0.763442232665,40.52908667069));
#1679 = CARTESIAN_POINT('',(0.738553283394,35.136598414394));
#1680 = CARTESIAN_POINT('',(0.712923288684,30.079967160402));
#1681 = CARTESIAN_POINT('',(0.686554933972,25.345860873309));
#1682 = CARTESIAN_POINT('',(0.659458782857,20.92260329336));
#1683 = CARTESIAN_POINT('',(0.631655662042,16.8));
#1684 = ( GEOMETRIC_REPRESENTATION_CONTEXT(2) 
PARAMETRIC_REPRESENTATION_CONTEXT() REPRESENTATION_CONTEXT('2D SPACE',''
  ) );
#1685 = PCURVE('',#1591,#1686);
#1686 = DEFINITIONAL_REPRESENTATION('',(#1687),#1691);
#1687 = ( BOUNDED_CURVE() B_SPLINE_CURVE(2,(#1688,#1689,#1690),
.UNSPECIFIED.,.F.,.F.) B_SPLINE_CURVE_WITH_KNOTS((3,3),(-0.850656745105,
-0.678405415146),.PIECEWISE_BEZIER_KNOTS.) CURVE() 
GEOMETRIC_REPRESENTATION_ITEM() RATIONAL_B_SPLINE_CURVE((1.,
1.003711108203,1.)) REPRESENTATION_ITEM('') );
#1688 = CARTESIAN_POINT('',(20.02908667069,-42.46));
#1689 = CARTESIAN_POINT('',(6.581100328514,-39.5821906865));
#1690 = CARTESIAN_POINT('',(-3.7,-37.00601765571));
#1691 = ( GEOMETRIC_REPRESENTATION_CONTEXT(2) 
PARAMETRIC_REPRESENTATION_CONTEXT() REPRESENTATION_CONTEXT('2D SPACE',''
  ) );
#1692 = ORIENTED_EDGE('',*,*,#1693,.F.);
#1693 = EDGE_CURVE('',#1694,#1665,#1696,.T.);
#1694 = VERTEX_POINT('',#1695);
#1695 = CARTESIAN_POINT('',(23.659756105798,-3.7,132.5));
#1696 = SURFACE_CURVE('',#1697,(#1702,#1712),.PCURVE_S1.);
#1697 = HYPERBOLA('',#1698,130.44137931034,19.3);
#1698 = AXIS2_PLACEMENT_3D('',#1699,#1700,#1701);
#1699 = CARTESIAN_POINT('',(0.,-3.7,-73.86206896551));
#1700 = DIRECTION('',(0.,1.,0.));
#1701 = DIRECTION('',(0.,-0.,1.));
#1702 = PCURVE('',#394,#1703);
#1703 = DEFINITIONAL_REPRESENTATION('',(#1704),#1711);
#1704 = B_SPLINE_CURVE_WITH_KNOTS('',5,(#1705,#1706,#1707,#1708,#1709,
    #1710),.UNSPECIFIED.,.F.,.F.,(6,6),(1.008952795472,1.060314689846),
  .PIECEWISE_BEZIER_KNOTS.);
#1705 = CARTESIAN_POINT('',(0.699244713402,16.8));
#1706 = CARTESIAN_POINT('',(0.692633001225,18.393277447948));
#1707 = CARTESIAN_POINT('',(0.686086263541,20.013286470496));
#1708 = CARTESIAN_POINT('',(0.679604251131,21.660377329761));
#1709 = CARTESIAN_POINT('',(0.673186672369,23.33491203766));
#1710 = CARTESIAN_POINT('',(0.66683319915,25.037264833593));
#1711 = ( GEOMETRIC_REPRESENTATION_CONTEXT(2) 
PARAMETRIC_REPRESENTATION_CONTEXT() REPRESENTATION_CONTEXT('2D SPACE',''
  ) );
#1712 = PCURVE('',#1713,#1718);
#1713 = PLANE('',#1714);
#1714 = AXIS2_PLACEMENT_3D('',#1715,#1716,#1717);
#1715 = CARTESIAN_POINT('',(21.,-3.7,132.5));
#1716 = DIRECTION('',(0.,1.,0.));
#1717 = DIRECTION('',(0.,0.,1.));
#1718 = DEFINITIONAL_REPRESENTATION('',(#1719),#1723);
#1719 = ( BOUNDED_CURVE() B_SPLINE_CURVE(2,(#1720,#1721,#1722),
.UNSPECIFIED.,.F.,.F.) B_SPLINE_CURVE_WITH_KNOTS((3,3),(1.008952795472,
1.060314689846),.PIECEWISE_BEZIER_KNOTS.) CURVE() 
GEOMETRIC_REPRESENTATION_ITEM() RATIONAL_B_SPLINE_CURVE((1.,
1.000329773648,1.)) REPRESENTATION_ITEM('') );
#1720 = CARTESIAN_POINT('',(-3.7,1.948922877218));
#1721 = CARTESIAN_POINT('',(0.282318197409,2.71881517877));
#1722 = CARTESIAN_POINT('',(4.537264833593,3.52));
#1723 = ( GEOMETRIC_REPRESENTATION_CONTEXT(2) 
PARAMETRIC_REPRESENTATION_CONTEXT() REPRESENTATION_CONTEXT('2D SPACE',''
  ) );
#1724 = ORIENTED_EDGE('',*,*,#1725,.F.);
#1725 = EDGE_CURVE('',#1667,#1694,#1726,.T.);
#1726 = SURFACE_CURVE('',#1727,(#1732,#1739),.PCURVE_S1.);
#1727 = CIRCLE('',#1728,30.533163265306);
#1728 = AXIS2_PLACEMENT_3D('',#1729,#1730,#1731);
#1729 = CARTESIAN_POINT('',(0.,-23.,132.5));
#1730 = DIRECTION('',(0.,0.,1.));
#1731 = DIRECTION('',(1.,0.,-0.));
#1732 = PCURVE('',#394,#1733);
#1733 = DEFINITIONAL_REPRESENTATION('',(#1734),#1738);
#1734 = LINE('',#1735,#1736);
#1735 = CARTESIAN_POINT('',(0.,20.5));
#1736 = VECTOR('',#1737,1.);
#1737 = DIRECTION('',(1.,0.));
#1738 = ( GEOMETRIC_REPRESENTATION_CONTEXT(2) 
PARAMETRIC_REPRESENTATION_CONTEXT() REPRESENTATION_CONTEXT('2D SPACE',''
  ) );
#1739 = PCURVE('',#1620,#1740);
#1740 = DEFINITIONAL_REPRESENTATION('',(#1741),#1745);
#1741 = CIRCLE('',#1742,30.533163265306);
#1742 = AXIS2_PLACEMENT_2D('',#1743,#1744);
#1743 = CARTESIAN_POINT('',(-21.,19.3));
#1744 = DIRECTION('',(1.,0.));
#1745 = ( GEOMETRIC_REPRESENTATION_CONTEXT(2) 
PARAMETRIC_REPRESENTATION_CONTEXT() REPRESENTATION_CONTEXT('2D SPACE',''
  ) );
#1746 = ADVANCED_FACE('',(#1747,#1778),#584,.T.);
#1747 = FACE_BOUND('',#1748,.T.);
#1748 = EDGE_LOOP('',(#1749));
#1749 = ORIENTED_EDGE('',*,*,#1750,.T.);
#1750 = EDGE_CURVE('',#1751,#1751,#1753,.T.);
#1751 = VERTEX_POINT('',#1752);
#1752 = CARTESIAN_POINT('',(3.2,-37.5,50.1));
#1753 = SURFACE_CURVE('',#1754,(#1759,#1766),.PCURVE_S1.);
#1754 = CIRCLE('',#1755,3.2);
#1755 = AXIS2_PLACEMENT_3D('',#1756,#1757,#1758);
#1756 = CARTESIAN_POINT('',(-2.663606788145E-15,-37.5,50.1));
#1757 = DIRECTION('',(0.,0.,1.));
#1758 = DIRECTION('',(1.,0.,0.));
#1759 = PCURVE('',#584,#1760);
#1760 = DEFINITIONAL_REPRESENTATION('',(#1761),#1765);
#1761 = CIRCLE('',#1762,3.2);
#1762 = AXIS2_PLACEMENT_2D('',#1763,#1764);
#1763 = CARTESIAN_POINT('',(1.140059810752E-16,0.));
#1764 = DIRECTION('',(1.,0.));
#1765 = ( GEOMETRIC_REPRESENTATION_CONTEXT(2) 
PARAMETRIC_REPRESENTATION_CONTEXT() REPRESENTATION_CONTEXT('2D SPACE',''
  ) );
#1766 = PCURVE('',#1767,#1772);
#1767 = CYLINDRICAL_SURFACE('',#1768,3.2);
#1768 = AXIS2_PLACEMENT_3D('',#1769,#1770,#1771);
#1769 = CARTESIAN_POINT('',(-2.663606788145E-15,-37.5,50.1));
#1770 = DIRECTION('',(-0.,-0.,-1.));
#1771 = DIRECTION('',(1.,0.,0.));
#1772 = DEFINITIONAL_REPRESENTATION('',(#1773),#1777);
#1773 = LINE('',#1774,#1775);
#1774 = CARTESIAN_POINT('',(-0.,0.));
#1775 = VECTOR('',#1776,1.);
#1776 = DIRECTION('',(-1.,0.));
#1777 = ( GEOMETRIC_REPRESENTATION_CONTEXT(2) 
PARAMETRIC_REPRESENTATION_CONTEXT() REPRESENTATION_CONTEXT('2D SPACE',''
  ) );
#1778 = FACE_BOUND('',#1779,.T.);
#1779 = EDGE_LOOP('',(#1780));
#1780 = ORIENTED_EDGE('',*,*,#569,.T.);
#1781 = ADVANCED_FACE('',(#1782,#1813),#643,.T.);
#1782 = FACE_BOUND('',#1783,.T.);
#1783 = EDGE_LOOP('',(#1784));
#1784 = ORIENTED_EDGE('',*,*,#1785,.T.);
#1785 = EDGE_CURVE('',#1786,#1786,#1788,.T.);
#1786 = VERTEX_POINT('',#1787);
#1787 = CARTESIAN_POINT('',(15.757368354874,-15.75,50.1));
#1788 = SURFACE_CURVE('',#1789,(#1794,#1801),.PCURVE_S1.);
#1789 = CIRCLE('',#1790,3.2);
#1790 = AXIS2_PLACEMENT_3D('',#1791,#1792,#1793);
#1791 = CARTESIAN_POINT('',(12.557368354874,-15.75,50.1));
#1792 = DIRECTION('',(0.,0.,1.));
#1793 = DIRECTION('',(1.,0.,0.));
#1794 = PCURVE('',#643,#1795);
#1795 = DEFINITIONAL_REPRESENTATION('',(#1796),#1800);
#1796 = CIRCLE('',#1797,3.2);
#1797 = AXIS2_PLACEMENT_2D('',#1798,#1799);
#1798 = CARTESIAN_POINT('',(0.,-1.7763568394E-15));
#1799 = DIRECTION('',(1.,0.));
#1800 = ( GEOMETRIC_REPRESENTATION_CONTEXT(2) 
PARAMETRIC_REPRESENTATION_CONTEXT() REPRESENTATION_CONTEXT('2D SPACE',''
  ) );
#1801 = PCURVE('',#1802,#1807);
#1802 = CYLINDRICAL_SURFACE('',#1803,3.2);
#1803 = AXIS2_PLACEMENT_3D('',#1804,#1805,#1806);
#1804 = CARTESIAN_POINT('',(12.557368354874,-15.75,50.1));
#1805 = DIRECTION('',(-0.,-0.,-1.));
#1806 = DIRECTION('',(1.,0.,0.));
#1807 = DEFINITIONAL_REPRESENTATION('',(#1808),#1812);
#1808 = LINE('',#1809,#1810);
#1809 = CARTESIAN_POINT('',(-0.,0.));
#1810 = VECTOR('',#1811,1.);
#1811 = DIRECTION('',(-1.,0.));
#1812 = ( GEOMETRIC_REPRESENTATION_CONTEXT(2) 
PARAMETRIC_REPRESENTATION_CONTEXT() REPRESENTATION_CONTEXT('2D SPACE',''
  ) );
#1813 = FACE_BOUND('',#1814,.T.);
#1814 = EDGE_LOOP('',(#1815));
#1815 = ORIENTED_EDGE('',*,*,#628,.T.);
#1816 = ADVANCED_FACE('',(#1817,#1843,#1873,#1903,#1906),#701,.T.);
#1817 = FACE_BOUND('',#1818,.F.);
#1818 = EDGE_LOOP('',(#1819));
#1819 = ORIENTED_EDGE('',*,*,#1820,.F.);
#1820 = EDGE_CURVE('',#1821,#1821,#1823,.T.);
#1821 = VERTEX_POINT('',#1822);
#1822 = CARTESIAN_POINT('',(24.5,-23.,53.3));
#1823 = SURFACE_CURVE('',#1824,(#1829,#1836),.PCURVE_S1.);
#1824 = CIRCLE('',#1825,24.5);
#1825 = AXIS2_PLACEMENT_3D('',#1826,#1827,#1828);
#1826 = CARTESIAN_POINT('',(0.,-23.,53.3));
#1827 = DIRECTION('',(0.,0.,1.));
#1828 = DIRECTION('',(1.,0.,-0.));
#1829 = PCURVE('',#701,#1830);
#1830 = DEFINITIONAL_REPRESENTATION('',(#1831),#1835);
#1831 = CIRCLE('',#1832,24.5);
#1832 = AXIS2_PLACEMENT_2D('',#1833,#1834);
#1833 = CARTESIAN_POINT('',(0.,0.));
#1834 = DIRECTION('',(1.,-0.));
#1835 = ( GEOMETRIC_REPRESENTATION_CONTEXT(2) 
PARAMETRIC_REPRESENTATION_CONTEXT() REPRESENTATION_CONTEXT('2D SPACE',''
  ) );
#1836 = PCURVE('',#832,#1837);
#1837 = DEFINITIONAL_REPRESENTATION('',(#1838),#1842);
#1838 = LINE('',#1839,#1840);
#1839 = CARTESIAN_POINT('',(0.,0.));
#1840 = VECTOR('',#1841,1.);
#1841 = DIRECTION('',(1.,0.));
#1842 = ( GEOMETRIC_REPRESENTATION_CONTEXT(2) 
PARAMETRIC_REPRESENTATION_CONTEXT() REPRESENTATION_CONTEXT('2D SPACE',''
  ) );
#1843 = FACE_BOUND('',#1844,.F.);
#1844 = EDGE_LOOP('',(#1845));
#1845 = ORIENTED_EDGE('',*,*,#1846,.F.);
#1846 = EDGE_CURVE('',#1847,#1847,#1849,.T.);
#1847 = VERTEX_POINT('',#1848);
#1848 = CARTESIAN_POINT('',(3.2,-37.5,53.3));
#1849 = SURFACE_CURVE('',#1850,(#1855,#1866),.PCURVE_S1.);
#1850 = CIRCLE('',#1851,3.2);
#1851 = AXIS2_PLACEMENT_3D('',#1852,#1853,#1854);
#1852 = CARTESIAN_POINT('',(-2.663606788145E-15,-37.5,53.3));
#1853 = DIRECTION('',(0.,0.,-1.));
#1854 = DIRECTION('',(1.,0.,0.));
#1855 = PCURVE('',#701,#1856);
#1856 = DEFINITIONAL_REPRESENTATION('',(#1857),#1865);
#1857 = ( BOUNDED_CURVE() B_SPLINE_CURVE(2,(#1858,#1859,#1860,#1861,
#1862,#1863,#1864),.UNSPECIFIED.,.T.,.F.) B_SPLINE_CURVE_WITH_KNOTS((1,2
    ,2,2,2,1),(-2.094395102393,0.,2.094395102393,4.188790204786,
6.28318530718,8.377580409573),.UNSPECIFIED.) CURVE() 
GEOMETRIC_REPRESENTATION_ITEM() RATIONAL_B_SPLINE_CURVE((1.,0.5,1.,0.5,
1.,0.5,1.)) REPRESENTATION_ITEM('') );
#1858 = CARTESIAN_POINT('',(3.2,-14.5));
#1859 = CARTESIAN_POINT('',(3.2,-20.04256258422));
#1860 = CARTESIAN_POINT('',(-1.6,-17.27128129211));
#1861 = CARTESIAN_POINT('',(-6.4,-14.5));
#1862 = CARTESIAN_POINT('',(-1.6,-11.72871870789));
#1863 = CARTESIAN_POINT('',(3.2,-8.95743741578));
#1864 = CARTESIAN_POINT('',(3.2,-14.5));
#1865 = ( GEOMETRIC_REPRESENTATION_CONTEXT(2) 
PARAMETRIC_REPRESENTATION_CONTEXT() REPRESENTATION_CONTEXT('2D SPACE',''
  ) );
#1866 = PCURVE('',#1767,#1867);
#1867 = DEFINITIONAL_REPRESENTATION('',(#1868),#1872);
#1868 = LINE('',#1869,#1870);
#1869 = CARTESIAN_POINT('',(-6.28318530718,-3.2));
#1870 = VECTOR('',#1871,1.);
#1871 = DIRECTION('',(1.,-0.));
#1872 = ( GEOMETRIC_REPRESENTATION_CONTEXT(2) 
PARAMETRIC_REPRESENTATION_CONTEXT() REPRESENTATION_CONTEXT('2D SPACE',''
  ) );
#1873 = FACE_BOUND('',#1874,.F.);
#1874 = EDGE_LOOP('',(#1875));
#1875 = ORIENTED_EDGE('',*,*,#1876,.F.);
#1876 = EDGE_CURVE('',#1877,#1877,#1879,.T.);
#1877 = VERTEX_POINT('',#1878);
#1878 = CARTESIAN_POINT('',(15.757368354874,-15.75,53.3));
#1879 = SURFACE_CURVE('',#1880,(#1885,#1896),.PCURVE_S1.);
#1880 = CIRCLE('',#1881,3.2);
#1881 = AXIS2_PLACEMENT_3D('',#1882,#1883,#1884);
#1882 = CARTESIAN_POINT('',(12.557368354874,-15.75,53.3));
#1883 = DIRECTION('',(0.,0.,-1.));
#1884 = DIRECTION('',(1.,0.,0.));
#1885 = PCURVE('',#701,#1886);
#1886 = DEFINITIONAL_REPRESENTATION('',(#1887),#1895);
#1887 = ( BOUNDED_CURVE() B_SPLINE_CURVE(2,(#1888,#1889,#1890,#1891,
#1892,#1893,#1894),.UNSPECIFIED.,.T.,.F.) B_SPLINE_CURVE_WITH_KNOTS((1,2
    ,2,2,2,1),(-2.094395102393,0.,2.094395102393,4.188790204786,
6.28318530718,8.377580409573),.UNSPECIFIED.) CURVE() 
GEOMETRIC_REPRESENTATION_ITEM() RATIONAL_B_SPLINE_CURVE((1.,0.5,1.,0.5,
1.,0.5,1.)) REPRESENTATION_ITEM('') );
#1888 = CARTESIAN_POINT('',(15.757368354874,7.25));
#1889 = CARTESIAN_POINT('',(15.757368354874,1.70743741578));
#1890 = CARTESIAN_POINT('',(10.957368354874,4.47871870789));
#1891 = CARTESIAN_POINT('',(6.157368354874,7.25));
#1892 = CARTESIAN_POINT('',(10.957368354874,10.02128129211));
#1893 = CARTESIAN_POINT('',(15.757368354874,12.79256258422));
#1894 = CARTESIAN_POINT('',(15.757368354874,7.25));
#1895 = ( GEOMETRIC_REPRESENTATION_CONTEXT(2) 
PARAMETRIC_REPRESENTATION_CONTEXT() REPRESENTATION_CONTEXT('2D SPACE',''
  ) );
#1896 = PCURVE('',#1802,#1897);
#1897 = DEFINITIONAL_REPRESENTATION('',(#1898),#1902);
#1898 = LINE('',#1899,#1900);
#1899 = CARTESIAN_POINT('',(-6.28318530718,-3.2));
#1900 = VECTOR('',#1901,1.);
#1901 = DIRECTION('',(1.,-0.));
#1902 = ( GEOMETRIC_REPRESENTATION_CONTEXT(2) 
PARAMETRIC_REPRESENTATION_CONTEXT() REPRESENTATION_CONTEXT('2D SPACE',''
  ) );
#1903 = FACE_BOUND('',#1904,.F.);
#1904 = EDGE_LOOP('',(#1905));
#1905 = ORIENTED_EDGE('',*,*,#686,.F.);
#1906 = FACE_BOUND('',#1907,.F.);
#1907 = EDGE_LOOP('',(#1908));
#1908 = ORIENTED_EDGE('',*,*,#1909,.F.);
#1909 = EDGE_CURVE('',#1910,#1910,#1912,.T.);
#1910 = VERTEX_POINT('',#1911);
#1911 = CARTESIAN_POINT('',(-9.357368354874,-15.75,53.3));
#1912 = SURFACE_CURVE('',#1913,(#1918,#1929),.PCURVE_S1.);
#1913 = CIRCLE('',#1914,3.2);
#1914 = AXIS2_PLACEMENT_3D('',#1915,#1916,#1917);
#1915 = CARTESIAN_POINT('',(-12.55736835487,-15.75,53.3));
#1916 = DIRECTION('',(0.,0.,-1.));
#1917 = DIRECTION('',(1.,0.,0.));
#1918 = PCURVE('',#701,#1919);
#1919 = DEFINITIONAL_REPRESENTATION('',(#1920),#1928);
#1920 = ( BOUNDED_CURVE() B_SPLINE_CURVE(2,(#1921,#1922,#1923,#1924,
#1925,#1926,#1927),.UNSPECIFIED.,.T.,.F.) B_SPLINE_CURVE_WITH_KNOTS((1,2
    ,2,2,2,1),(-2.094395102393,0.,2.094395102393,4.188790204786,
6.28318530718,8.377580409573),.UNSPECIFIED.) CURVE() 
GEOMETRIC_REPRESENTATION_ITEM() RATIONAL_B_SPLINE_CURVE((1.,0.5,1.,0.5,
1.,0.5,1.)) REPRESENTATION_ITEM('') );
#1921 = CARTESIAN_POINT('',(-9.357368354874,7.25));
#1922 = CARTESIAN_POINT('',(-9.357368354874,1.70743741578));
#1923 = CARTESIAN_POINT('',(-14.15736835487,4.47871870789));
#1924 = CARTESIAN_POINT('',(-18.95736835487,7.25));
#1925 = CARTESIAN_POINT('',(-14.15736835487,10.02128129211));
#1926 = CARTESIAN_POINT('',(-9.357368354874,12.79256258422));
#1927 = CARTESIAN_POINT('',(-9.357368354874,7.25));
#1928 = ( GEOMETRIC_REPRESENTATION_CONTEXT(2) 
PARAMETRIC_REPRESENTATION_CONTEXT() REPRESENTATION_CONTEXT('2D SPACE',''
  ) );
#1929 = PCURVE('',#1930,#1935);
#1930 = CYLINDRICAL_SURFACE('',#1931,3.2);
#1931 = AXIS2_PLACEMENT_3D('',#1932,#1933,#1934);
#1932 = CARTESIAN_POINT('',(-12.55736835487,-15.75,50.1));
#1933 = DIRECTION('',(-0.,-0.,-1.));
#1934 = DIRECTION('',(1.,0.,0.));
#1935 = DEFINITIONAL_REPRESENTATION('',(#1936),#1940);
#1936 = LINE('',#1937,#1938);
#1937 = CARTESIAN_POINT('',(-6.28318530718,-3.2));
#1938 = VECTOR('',#1939,1.);
#1939 = DIRECTION('',(1.,-0.));
#1940 = ( GEOMETRIC_REPRESENTATION_CONTEXT(2) 
PARAMETRIC_REPRESENTATION_CONTEXT() REPRESENTATION_CONTEXT('2D SPACE',''
  ) );
#1941 = ADVANCED_FACE('',(#1942,#1968),#761,.T.);
#1942 = FACE_BOUND('',#1943,.T.);
#1943 = EDGE_LOOP('',(#1944));
#1944 = ORIENTED_EDGE('',*,*,#1945,.T.);
#1945 = EDGE_CURVE('',#1946,#1946,#1948,.T.);
#1946 = VERTEX_POINT('',#1947);
#1947 = CARTESIAN_POINT('',(-9.357368354874,-15.75,50.1));
#1948 = SURFACE_CURVE('',#1949,(#1954,#1961),.PCURVE_S1.);
#1949 = CIRCLE('',#1950,3.2);
#1950 = AXIS2_PLACEMENT_3D('',#1951,#1952,#1953);
#1951 = CARTESIAN_POINT('',(-12.55736835487,-15.75,50.1));
#1952 = DIRECTION('',(0.,0.,1.));
#1953 = DIRECTION('',(1.,0.,0.));
#1954 = PCURVE('',#761,#1955);
#1955 = DEFINITIONAL_REPRESENTATION('',(#1956),#1960);
#1956 = CIRCLE('',#1957,3.2);
#1957 = AXIS2_PLACEMENT_2D('',#1958,#1959);
#1958 = CARTESIAN_POINT('',(0.,-1.7763568394E-15));
#1959 = DIRECTION('',(1.,0.));
#1960 = ( GEOMETRIC_REPRESENTATION_CONTEXT(2) 
PARAMETRIC_REPRESENTATION_CONTEXT() REPRESENTATION_CONTEXT('2D SPACE',''
  ) );
#1961 = PCURVE('',#1930,#1962);
#1962 = DEFINITIONAL_REPRESENTATION('',(#1963),#1967);
#1963 = LINE('',#1964,#1965);
#1964 = CARTESIAN_POINT('',(-0.,0.));
#1965 = VECTOR('',#1966,1.);
#1966 = DIRECTION('',(-1.,0.));
#1967 = ( GEOMETRIC_REPRESENTATION_CONTEXT(2) 
PARAMETRIC_REPRESENTATION_CONTEXT() REPRESENTATION_CONTEXT('2D SPACE',''
  ) );
#1968 = FACE_BOUND('',#1969,.T.);
#1969 = EDGE_LOOP('',(#1970));
#1970 = ORIENTED_EDGE('',*,*,#746,.T.);
#1971 = ADVANCED_FACE('',(#1972),#832,.F.);
#1972 = FACE_BOUND('',#1973,.F.);
#1973 = EDGE_LOOP('',(#1974,#1995,#1996,#1997,#1998,#2021,#2048,#2049,
    #2050));
#1974 = ORIENTED_EDGE('',*,*,#1975,.F.);
#1975 = EDGE_CURVE('',#1821,#887,#1976,.T.);
#1976 = SEAM_CURVE('',#1977,(#1981,#1988),.PCURVE_S1.);
#1977 = LINE('',#1978,#1979);
#1978 = CARTESIAN_POINT('',(24.5,-23.,53.3));
#1979 = VECTOR('',#1980,1.);
#1980 = DIRECTION('',(0.,0.,1.));
#1981 = PCURVE('',#832,#1982);
#1982 = DEFINITIONAL_REPRESENTATION('',(#1983),#1987);
#1983 = LINE('',#1984,#1985);
#1984 = CARTESIAN_POINT('',(0.,0.));
#1985 = VECTOR('',#1986,1.);
#1986 = DIRECTION('',(0.,1.));
#1987 = ( GEOMETRIC_REPRESENTATION_CONTEXT(2) 
PARAMETRIC_REPRESENTATION_CONTEXT() REPRESENTATION_CONTEXT('2D SPACE',''
  ) );
#1988 = PCURVE('',#832,#1989);
#1989 = DEFINITIONAL_REPRESENTATION('',(#1990),#1994);
#1990 = LINE('',#1991,#1992);
#1991 = CARTESIAN_POINT('',(6.28318530718,0.));
#1992 = VECTOR('',#1993,1.);
#1993 = DIRECTION('',(0.,1.));
#1994 = ( GEOMETRIC_REPRESENTATION_CONTEXT(2) 
PARAMETRIC_REPRESENTATION_CONTEXT() REPRESENTATION_CONTEXT('2D SPACE',''
  ) );
#1995 = ORIENTED_EDGE('',*,*,#1820,.T.);
#1996 = ORIENTED_EDGE('',*,*,#1975,.T.);
#1997 = ORIENTED_EDGE('',*,*,#948,.F.);
#1998 = ORIENTED_EDGE('',*,*,#1999,.T.);
#1999 = EDGE_CURVE('',#783,#2000,#2002,.T.);
#2000 = VERTEX_POINT('',#2001);
#2001 = CARTESIAN_POINT('',(24.5,-23.,112.));
#2002 = SEAM_CURVE('',#2003,(#2007,#2014),.PCURVE_S1.);
#2003 = LINE('',#2004,#2005);
#2004 = CARTESIAN_POINT('',(24.5,-23.,53.3));
#2005 = VECTOR('',#2006,1.);
#2006 = DIRECTION('',(0.,0.,1.));
#2007 = PCURVE('',#832,#2008);
#2008 = DEFINITIONAL_REPRESENTATION('',(#2009),#2013);
#2009 = LINE('',#2010,#2011);
#2010 = CARTESIAN_POINT('',(0.,0.));
#2011 = VECTOR('',#2012,1.);
#2012 = DIRECTION('',(0.,1.));
#2013 = ( GEOMETRIC_REPRESENTATION_CONTEXT(2) 
PARAMETRIC_REPRESENTATION_CONTEXT() REPRESENTATION_CONTEXT('2D SPACE',''
  ) );
#2014 = PCURVE('',#832,#2015);
#2015 = DEFINITIONAL_REPRESENTATION('',(#2016),#2020);
#2016 = LINE('',#2017,#2018);
#2017 = CARTESIAN_POINT('',(6.28318530718,0.));
#2018 = VECTOR('',#2019,1.);
#2019 = DIRECTION('',(0.,1.));
#2020 = ( GEOMETRIC_REPRESENTATION_CONTEXT(2) 
PARAMETRIC_REPRESENTATION_CONTEXT() REPRESENTATION_CONTEXT('2D SPACE',''
  ) );
#2021 = ORIENTED_EDGE('',*,*,#2022,.F.);
#2022 = EDGE_CURVE('',#2000,#2000,#2023,.T.);
#2023 = SURFACE_CURVE('',#2024,(#2029,#2036),.PCURVE_S1.);
#2024 = CIRCLE('',#2025,24.5);
#2025 = AXIS2_PLACEMENT_3D('',#2026,#2027,#2028);
#2026 = CARTESIAN_POINT('',(0.,-23.,112.));
#2027 = DIRECTION('',(0.,0.,1.));
#2028 = DIRECTION('',(1.,0.,-0.));
#2029 = PCURVE('',#832,#2030);
#2030 = DEFINITIONAL_REPRESENTATION('',(#2031),#2035);
#2031 = LINE('',#2032,#2033);
#2032 = CARTESIAN_POINT('',(0.,58.7));
#2033 = VECTOR('',#2034,1.);
#2034 = DIRECTION('',(1.,0.));
#2035 = ( GEOMETRIC_REPRESENTATION_CONTEXT(2) 
PARAMETRIC_REPRESENTATION_CONTEXT() REPRESENTATION_CONTEXT('2D SPACE',''
  ) );
#2036 = PCURVE('',#2037,#2042);
#2037 = CONICAL_SURFACE('',#2038,24.5,0.146893444148);
#2038 = AXIS2_PLACEMENT_3D('',#2039,#2040,#2041);
#2039 = CARTESIAN_POINT('',(0.,-23.,112.));
#2040 = DIRECTION('',(0.,0.,1.));
#2041 = DIRECTION('',(1.,0.,-0.));
#2042 = DEFINITIONAL_REPRESENTATION('',(#2043),#2047);
#2043 = LINE('',#2044,#2045);
#2044 = CARTESIAN_POINT('',(0.,0.));
#2045 = VECTOR('',#2046,1.);
#2046 = DIRECTION('',(1.,0.));
#2047 = ( GEOMETRIC_REPRESENTATION_CONTEXT(2) 
PARAMETRIC_REPRESENTATION_CONTEXT() REPRESENTATION_CONTEXT('2D SPACE',''
  ) );
#2048 = ORIENTED_EDGE('',*,*,#1999,.F.);
#2049 = ORIENTED_EDGE('',*,*,#780,.F.);
#2050 = ORIENTED_EDGE('',*,*,#886,.F.);
#2051 = ADVANCED_FACE('',(#2052,#2055),#1094,.T.);
#2052 = FACE_BOUND('',#2053,.T.);
#2053 = EDGE_LOOP('',(#2054));
#2054 = ORIENTED_EDGE('',*,*,#1077,.T.);
#2055 = FACE_BOUND('',#2056,.T.);
#2056 = EDGE_LOOP('',(#2057));
#2057 = ORIENTED_EDGE('',*,*,#2058,.F.);
#2058 = EDGE_CURVE('',#2059,#2059,#2061,.T.);
#2059 = VERTEX_POINT('',#2060);
#2060 = CARTESIAN_POINT('',(39.,-23.,210.));
#2061 = SURFACE_CURVE('',#2062,(#2067,#2074),.PCURVE_S1.);
#2062 = CIRCLE('',#2063,39.);
#2063 = AXIS2_PLACEMENT_3D('',#2064,#2065,#2066);
#2064 = CARTESIAN_POINT('',(0.,-23.,210.));
#2065 = DIRECTION('',(0.,0.,1.));
#2066 = DIRECTION('',(1.,0.,-0.));
#2067 = PCURVE('',#1094,#2068);
#2068 = DEFINITIONAL_REPRESENTATION('',(#2069),#2073);
#2069 = CIRCLE('',#2070,39.);
#2070 = AXIS2_PLACEMENT_2D('',#2071,#2072);
#2071 = CARTESIAN_POINT('',(0.,0.));
#2072 = DIRECTION('',(1.,0.));
#2073 = ( GEOMETRIC_REPRESENTATION_CONTEXT(2) 
PARAMETRIC_REPRESENTATION_CONTEXT() REPRESENTATION_CONTEXT('2D SPACE',''
  ) );
#2074 = PCURVE('',#2037,#2075);
#2075 = DEFINITIONAL_REPRESENTATION('',(#2076),#2080);
#2076 = LINE('',#2077,#2078);
#2077 = CARTESIAN_POINT('',(0.,98.));
#2078 = VECTOR('',#2079,1.);
#2079 = DIRECTION('',(1.,0.));
#2080 = ( GEOMETRIC_REPRESENTATION_CONTEXT(2) 
PARAMETRIC_REPRESENTATION_CONTEXT() REPRESENTATION_CONTEXT('2D SPACE',''
  ) );
#2081 = ADVANCED_FACE('',(#2082),#1193,.F.);
#2082 = FACE_BOUND('',#2083,.T.);
#2083 = EDGE_LOOP('',(#2084,#2112,#2133,#2134,#2135,#2136));
#2084 = ORIENTED_EDGE('',*,*,#2085,.T.);
#2085 = EDGE_CURVE('',#2086,#2086,#2088,.T.);
#2086 = VERTEX_POINT('',#2087);
#2087 = CARTESIAN_POINT('',(24.2,-19.,151.));
#2088 = SURFACE_CURVE('',#2089,(#2094,#2101),.PCURVE_S1.);
#2089 = CIRCLE('',#2090,4.);
#2090 = AXIS2_PLACEMENT_3D('',#2091,#2092,#2093);
#2091 = CARTESIAN_POINT('',(24.2,-23.,151.));
#2092 = DIRECTION('',(-1.,0.,0.));
#2093 = DIRECTION('',(0.,1.,0.));
#2094 = PCURVE('',#1193,#2095);
#2095 = DEFINITIONAL_REPRESENTATION('',(#2096),#2100);
#2096 = LINE('',#2097,#2098);
#2097 = CARTESIAN_POINT('',(-6.28318530718,-9.2));
#2098 = VECTOR('',#2099,1.);
#2099 = DIRECTION('',(1.,-0.));
#2100 = ( GEOMETRIC_REPRESENTATION_CONTEXT(2) 
PARAMETRIC_REPRESENTATION_CONTEXT() REPRESENTATION_CONTEXT('2D SPACE',''
  ) );
#2101 = PCURVE('',#1591,#2102);
#2102 = DEFINITIONAL_REPRESENTATION('',(#2103),#2111);
#2103 = ( BOUNDED_CURVE() B_SPLINE_CURVE(2,(#2104,#2105,#2106,#2107,
#2108,#2109,#2110),.UNSPECIFIED.,.T.,.F.) B_SPLINE_CURVE_WITH_KNOTS((1,2
    ,2,2,2,1),(-2.094395102393,0.,2.094395102393,4.188790204786,
6.28318530718,8.377580409573),.UNSPECIFIED.) CURVE() 
GEOMETRIC_REPRESENTATION_ITEM() RATIONAL_B_SPLINE_CURVE((1.,0.5,1.,0.5,
1.,0.5,1.)) REPRESENTATION_ITEM('') );
#2104 = CARTESIAN_POINT('',(18.5,-23.3));
#2105 = CARTESIAN_POINT('',(11.571796769724,-23.3));
#2106 = CARTESIAN_POINT('',(15.035898384862,-17.3));
#2107 = CARTESIAN_POINT('',(18.5,-11.3));
#2108 = CARTESIAN_POINT('',(21.964101615138,-17.3));
#2109 = CARTESIAN_POINT('',(25.428203230276,-23.3));
#2110 = CARTESIAN_POINT('',(18.5,-23.3));
#2111 = ( GEOMETRIC_REPRESENTATION_CONTEXT(2) 
PARAMETRIC_REPRESENTATION_CONTEXT() REPRESENTATION_CONTEXT('2D SPACE',''
  ) );
#2112 = ORIENTED_EDGE('',*,*,#2113,.T.);
#2113 = EDGE_CURVE('',#2086,#1130,#2114,.T.);
#2114 = SEAM_CURVE('',#2115,(#2119,#2126),.PCURVE_S1.);
#2115 = LINE('',#2116,#2117);
#2116 = CARTESIAN_POINT('',(15.,-19.,151.));
#2117 = VECTOR('',#2118,1.);
#2118 = DIRECTION('',(1.,0.,0.));
#2119 = PCURVE('',#1193,#2120);
#2120 = DEFINITIONAL_REPRESENTATION('',(#2121),#2125);
#2121 = LINE('',#2122,#2123);
#2122 = CARTESIAN_POINT('',(-6.28318530718,0.));
#2123 = VECTOR('',#2124,1.);
#2124 = DIRECTION('',(-0.,-1.));
#2125 = ( GEOMETRIC_REPRESENTATION_CONTEXT(2) 
PARAMETRIC_REPRESENTATION_CONTEXT() REPRESENTATION_CONTEXT('2D SPACE',''
  ) );
#2126 = PCURVE('',#1193,#2127);
#2127 = DEFINITIONAL_REPRESENTATION('',(#2128),#2132);
#2128 = LINE('',#2129,#2130);
#2129 = CARTESIAN_POINT('',(-0.,0.));
#2130 = VECTOR('',#2131,1.);
#2131 = DIRECTION('',(-0.,-1.));
#2132 = ( GEOMETRIC_REPRESENTATION_CONTEXT(2) 
PARAMETRIC_REPRESENTATION_CONTEXT() REPRESENTATION_CONTEXT('2D SPACE',''
  ) );
#2133 = ORIENTED_EDGE('',*,*,#1129,.T.);
#2134 = ORIENTED_EDGE('',*,*,#1368,.T.);
#2135 = ORIENTED_EDGE('',*,*,#1229,.T.);
#2136 = ORIENTED_EDGE('',*,*,#2113,.F.);
#2137 = ADVANCED_FACE('',(#2138,#2235),#1591,.F.);
#2138 = FACE_BOUND('',#2139,.F.);
#2139 = EDGE_LOOP('',(#2140,#2163,#2164,#2185,#2186,#2209));
#2140 = ORIENTED_EDGE('',*,*,#2141,.F.);
#2141 = EDGE_CURVE('',#1572,#2142,#2144,.T.);
#2142 = VERTEX_POINT('',#2143);
#2143 = CARTESIAN_POINT('',(24.2,-42.3,169.5));
#2144 = SURFACE_CURVE('',#2145,(#2149,#2156),.PCURVE_S1.);
#2145 = LINE('',#2146,#2147);
#2146 = CARTESIAN_POINT('',(24.2,-42.3,132.5));
#2147 = VECTOR('',#2148,1.);
#2148 = DIRECTION('',(0.,0.,1.));
#2149 = PCURVE('',#1591,#2150);
#2150 = DEFINITIONAL_REPRESENTATION('',(#2151),#2155);
#2151 = LINE('',#2152,#2153);
#2152 = CARTESIAN_POINT('',(0.,0.));
#2153 = VECTOR('',#2154,1.);
#2154 = DIRECTION('',(1.,0.));
#2155 = ( GEOMETRIC_REPRESENTATION_CONTEXT(2) 
PARAMETRIC_REPRESENTATION_CONTEXT() REPRESENTATION_CONTEXT('2D SPACE',''
  ) );
#2156 = PCURVE('',#1650,#2157);
#2157 = DEFINITIONAL_REPRESENTATION('',(#2158),#2162);
#2158 = LINE('',#2159,#2160);
#2159 = CARTESIAN_POINT('',(0.,3.2));
#2160 = VECTOR('',#2161,1.);
#2161 = DIRECTION('',(1.,0.));
#2162 = ( GEOMETRIC_REPRESENTATION_CONTEXT(2) 
PARAMETRIC_REPRESENTATION_CONTEXT() REPRESENTATION_CONTEXT('2D SPACE',''
  ) );
#2163 = ORIENTED_EDGE('',*,*,#1569,.F.);
#2164 = ORIENTED_EDGE('',*,*,#2165,.T.);
#2165 = EDGE_CURVE('',#1570,#1667,#2166,.T.);
#2166 = SURFACE_CURVE('',#2167,(#2171,#2178),.PCURVE_S1.);
#2167 = LINE('',#2168,#2169);
#2168 = CARTESIAN_POINT('',(24.2,-42.3,132.5));
#2169 = VECTOR('',#2170,1.);
#2170 = DIRECTION('',(0.,1.,0.));
#2171 = PCURVE('',#1591,#2172);
#2172 = DEFINITIONAL_REPRESENTATION('',(#2173),#2177);
#2173 = LINE('',#2174,#2175);
#2174 = CARTESIAN_POINT('',(0.,0.));
#2175 = VECTOR('',#2176,1.);
#2176 = DIRECTION('',(0.,-1.));
#2177 = ( GEOMETRIC_REPRESENTATION_CONTEXT(2) 
PARAMETRIC_REPRESENTATION_CONTEXT() REPRESENTATION_CONTEXT('2D SPACE',''
  ) );
#2178 = PCURVE('',#1620,#2179);
#2179 = DEFINITIONAL_REPRESENTATION('',(#2180),#2184);
#2180 = LINE('',#2181,#2182);
#2181 = CARTESIAN_POINT('',(3.2,0.));
#2182 = VECTOR('',#2183,1.);
#2183 = DIRECTION('',(0.,1.));
#2184 = ( GEOMETRIC_REPRESENTATION_CONTEXT(2) 
PARAMETRIC_REPRESENTATION_CONTEXT() REPRESENTATION_CONTEXT('2D SPACE',''
  ) );
#2185 = ORIENTED_EDGE('',*,*,#1664,.F.);
#2186 = ORIENTED_EDGE('',*,*,#2187,.T.);
#2187 = EDGE_CURVE('',#1665,#2188,#2190,.T.);
#2188 = VERTEX_POINT('',#2189);
#2189 = CARTESIAN_POINT('',(24.2,-3.7,169.5));
#2190 = SURFACE_CURVE('',#2191,(#2195,#2202),.PCURVE_S1.);
#2191 = LINE('',#2192,#2193);
#2192 = CARTESIAN_POINT('',(24.2,-3.7,132.5));
#2193 = VECTOR('',#2194,1.);
#2194 = DIRECTION('',(0.,0.,1.));
#2195 = PCURVE('',#1591,#2196);
#2196 = DEFINITIONAL_REPRESENTATION('',(#2197),#2201);
#2197 = LINE('',#2198,#2199);
#2198 = CARTESIAN_POINT('',(0.,-38.6));
#2199 = VECTOR('',#2200,1.);
#2200 = DIRECTION('',(1.,0.));
#2201 = ( GEOMETRIC_REPRESENTATION_CONTEXT(2) 
PARAMETRIC_REPRESENTATION_CONTEXT() REPRESENTATION_CONTEXT('2D SPACE',''
  ) );
#2202 = PCURVE('',#1713,#2203);
#2203 = DEFINITIONAL_REPRESENTATION('',(#2204),#2208);
#2204 = LINE('',#2205,#2206);
#2205 = CARTESIAN_POINT('',(0.,3.2));
#2206 = VECTOR('',#2207,1.);
#2207 = DIRECTION('',(1.,0.));
#2208 = ( GEOMETRIC_REPRESENTATION_CONTEXT(2) 
PARAMETRIC_REPRESENTATION_CONTEXT() REPRESENTATION_CONTEXT('2D SPACE',''
  ) );
#2209 = ORIENTED_EDGE('',*,*,#2210,.F.);
#2210 = EDGE_CURVE('',#2142,#2188,#2211,.T.);
#2211 = SURFACE_CURVE('',#2212,(#2216,#2223),.PCURVE_S1.);
#2212 = LINE('',#2213,#2214);
#2213 = CARTESIAN_POINT('',(24.2,-42.3,169.5));
#2214 = VECTOR('',#2215,1.);
#2215 = DIRECTION('',(0.,1.,0.));
#2216 = PCURVE('',#1591,#2217);
#2217 = DEFINITIONAL_REPRESENTATION('',(#2218),#2222);
#2218 = LINE('',#2219,#2220);
#2219 = CARTESIAN_POINT('',(37.,0.));
#2220 = VECTOR('',#2221,1.);
#2221 = DIRECTION('',(0.,-1.));
#2222 = ( GEOMETRIC_REPRESENTATION_CONTEXT(2) 
PARAMETRIC_REPRESENTATION_CONTEXT() REPRESENTATION_CONTEXT('2D SPACE',''
  ) );
#2223 = PCURVE('',#2224,#2229);
#2224 = PLANE('',#2225);
#2225 = AXIS2_PLACEMENT_3D('',#2226,#2227,#2228);
#2226 = CARTESIAN_POINT('',(21.,-42.3,169.5));
#2227 = DIRECTION('',(0.,0.,1.));
#2228 = DIRECTION('',(1.,0.,0.));
#2229 = DEFINITIONAL_REPRESENTATION('',(#2230),#2234);
#2230 = LINE('',#2231,#2232);
#2231 = CARTESIAN_POINT('',(3.2,0.));
#2232 = VECTOR('',#2233,1.);
#2233 = DIRECTION('',(0.,1.));
#2234 = ( GEOMETRIC_REPRESENTATION_CONTEXT(2) 
PARAMETRIC_REPRESENTATION_CONTEXT() REPRESENTATION_CONTEXT('2D SPACE',''
  ) );
#2235 = FACE_BOUND('',#2236,.F.);
#2236 = EDGE_LOOP('',(#2237));
#2237 = ORIENTED_EDGE('',*,*,#2085,.T.);
#2238 = ADVANCED_FACE('',(#2239),#1620,.T.);
#2239 = FACE_BOUND('',#2240,.T.);
#2240 = EDGE_LOOP('',(#2241,#2271,#2292,#2293,#2294,#2295,#2318,#2346));
#2241 = ORIENTED_EDGE('',*,*,#2242,.F.);
#2242 = EDGE_CURVE('',#2243,#2245,#2247,.T.);
#2243 = VERTEX_POINT('',#2244);
#2244 = CARTESIAN_POINT('',(21.,-42.3,132.5));
#2245 = VERTEX_POINT('',#2246);
#2246 = CARTESIAN_POINT('',(21.,-40.80660212937,132.49999999999));
#2247 = SURFACE_CURVE('',#2248,(#2252,#2259),.PCURVE_S1.);
#2248 = LINE('',#2249,#2250);
#2249 = CARTESIAN_POINT('',(21.,-42.3,132.5));
#2250 = VECTOR('',#2251,1.);
#2251 = DIRECTION('',(0.,1.,0.));
#2252 = PCURVE('',#1620,#2253);
#2253 = DEFINITIONAL_REPRESENTATION('',(#2254),#2258);
#2254 = LINE('',#2255,#2256);
#2255 = CARTESIAN_POINT('',(0.,0.));
#2256 = VECTOR('',#2257,1.);
#2257 = DIRECTION('',(0.,1.));
#2258 = ( GEOMETRIC_REPRESENTATION_CONTEXT(2) 
PARAMETRIC_REPRESENTATION_CONTEXT() REPRESENTATION_CONTEXT('2D SPACE',''
  ) );
#2259 = PCURVE('',#2260,#2265);
#2260 = PLANE('',#2261);
#2261 = AXIS2_PLACEMENT_3D('',#2262,#2263,#2264);
#2262 = CARTESIAN_POINT('',(21.,-42.3,132.5));
#2263 = DIRECTION('',(1.,0.,0.));
#2264 = DIRECTION('',(0.,0.,1.));
#2265 = DEFINITIONAL_REPRESENTATION('',(#2266),#2270);
#2266 = LINE('',#2267,#2268);
#2267 = CARTESIAN_POINT('',(0.,0.));
#2268 = VECTOR('',#2269,1.);
#2269 = DIRECTION('',(0.,-1.));
#2270 = ( GEOMETRIC_REPRESENTATION_CONTEXT(2) 
PARAMETRIC_REPRESENTATION_CONTEXT() REPRESENTATION_CONTEXT('2D SPACE',''
  ) );
#2271 = ORIENTED_EDGE('',*,*,#2272,.T.);
#2272 = EDGE_CURVE('',#2243,#1604,#2273,.T.);
#2273 = SURFACE_CURVE('',#2274,(#2278,#2285),.PCURVE_S1.);
#2274 = LINE('',#2275,#2276);
#2275 = CARTESIAN_POINT('',(21.,-42.3,132.5));
#2276 = VECTOR('',#2277,1.);
#2277 = DIRECTION('',(1.,0.,0.));
#2278 = PCURVE('',#1620,#2279);
#2279 = DEFINITIONAL_REPRESENTATION('',(#2280),#2284);
#2280 = LINE('',#2281,#2282);
#2281 = CARTESIAN_POINT('',(0.,0.));
#2282 = VECTOR('',#2283,1.);
#2283 = DIRECTION('',(1.,0.));
#2284 = ( GEOMETRIC_REPRESENTATION_CONTEXT(2) 
PARAMETRIC_REPRESENTATION_CONTEXT() REPRESENTATION_CONTEXT('2D SPACE',''
  ) );
#2285 = PCURVE('',#1650,#2286);
#2286 = DEFINITIONAL_REPRESENTATION('',(#2287),#2291);
#2287 = LINE('',#2288,#2289);
#2288 = CARTESIAN_POINT('',(0.,0.));
#2289 = VECTOR('',#2290,1.);
#2290 = DIRECTION('',(0.,1.));
#2291 = ( GEOMETRIC_REPRESENTATION_CONTEXT(2) 
PARAMETRIC_REPRESENTATION_CONTEXT() REPRESENTATION_CONTEXT('2D SPACE',''
  ) );
#2292 = ORIENTED_EDGE('',*,*,#1603,.T.);
#2293 = ORIENTED_EDGE('',*,*,#2165,.T.);
#2294 = ORIENTED_EDGE('',*,*,#1725,.T.);
#2295 = ORIENTED_EDGE('',*,*,#2296,.F.);
#2296 = EDGE_CURVE('',#2297,#1694,#2299,.T.);
#2297 = VERTEX_POINT('',#2298);
#2298 = CARTESIAN_POINT('',(21.,-3.7,132.5));
#2299 = SURFACE_CURVE('',#2300,(#2304,#2311),.PCURVE_S1.);
#2300 = LINE('',#2301,#2302);
#2301 = CARTESIAN_POINT('',(21.,-3.7,132.5));
#2302 = VECTOR('',#2303,1.);
#2303 = DIRECTION('',(1.,0.,0.));
#2304 = PCURVE('',#1620,#2305);
#2305 = DEFINITIONAL_REPRESENTATION('',(#2306),#2310);
#2306 = LINE('',#2307,#2308);
#2307 = CARTESIAN_POINT('',(0.,38.6));
#2308 = VECTOR('',#2309,1.);
#2309 = DIRECTION('',(1.,0.));
#2310 = ( GEOMETRIC_REPRESENTATION_CONTEXT(2) 
PARAMETRIC_REPRESENTATION_CONTEXT() REPRESENTATION_CONTEXT('2D SPACE',''
  ) );
#2311 = PCURVE('',#1713,#2312);
#2312 = DEFINITIONAL_REPRESENTATION('',(#2313),#2317);
#2313 = LINE('',#2314,#2315);
#2314 = CARTESIAN_POINT('',(0.,0.));
#2315 = VECTOR('',#2316,1.);
#2316 = DIRECTION('',(0.,1.));
#2317 = ( GEOMETRIC_REPRESENTATION_CONTEXT(2) 
PARAMETRIC_REPRESENTATION_CONTEXT() REPRESENTATION_CONTEXT('2D SPACE',''
  ) );
#2318 = ORIENTED_EDGE('',*,*,#2319,.F.);
#2319 = EDGE_CURVE('',#2320,#2297,#2322,.T.);
#2320 = VERTEX_POINT('',#2321);
#2321 = CARTESIAN_POINT('',(21.,-5.193397870621,132.49999999999));
#2322 = SURFACE_CURVE('',#2323,(#2327,#2334),.PCURVE_S1.);
#2323 = LINE('',#2324,#2325);
#2324 = CARTESIAN_POINT('',(21.,-42.3,132.5));
#2325 = VECTOR('',#2326,1.);
#2326 = DIRECTION('',(0.,1.,0.));
#2327 = PCURVE('',#1620,#2328);
#2328 = DEFINITIONAL_REPRESENTATION('',(#2329),#2333);
#2329 = LINE('',#2330,#2331);
#2330 = CARTESIAN_POINT('',(0.,0.));
#2331 = VECTOR('',#2332,1.);
#2332 = DIRECTION('',(0.,1.));
#2333 = ( GEOMETRIC_REPRESENTATION_CONTEXT(2) 
PARAMETRIC_REPRESENTATION_CONTEXT() REPRESENTATION_CONTEXT('2D SPACE',''
  ) );
#2334 = PCURVE('',#2335,#2340);
#2335 = PLANE('',#2336);
#2336 = AXIS2_PLACEMENT_3D('',#2337,#2338,#2339);
#2337 = CARTESIAN_POINT('',(21.,-42.3,132.5));
#2338 = DIRECTION('',(1.,0.,0.));
#2339 = DIRECTION('',(0.,0.,1.));
#2340 = DEFINITIONAL_REPRESENTATION('',(#2341),#2345);
#2341 = LINE('',#2342,#2343);
#2342 = CARTESIAN_POINT('',(0.,0.));
#2343 = VECTOR('',#2344,1.);
#2344 = DIRECTION('',(0.,-1.));
#2345 = ( GEOMETRIC_REPRESENTATION_CONTEXT(2) 
PARAMETRIC_REPRESENTATION_CONTEXT() REPRESENTATION_CONTEXT('2D SPACE',''
  ) );
#2346 = ORIENTED_EDGE('',*,*,#2347,.F.);
#2347 = EDGE_CURVE('',#2245,#2320,#2348,.T.);
#2348 = SURFACE_CURVE('',#2349,(#2353,#2360),.PCURVE_S1.);
#2349 = LINE('',#2350,#2351);
#2350 = CARTESIAN_POINT('',(21.,-42.3,132.5));
#2351 = VECTOR('',#2352,1.);
#2352 = DIRECTION('',(0.,1.,0.));
#2353 = PCURVE('',#1620,#2354);
#2354 = DEFINITIONAL_REPRESENTATION('',(#2355),#2359);
#2355 = LINE('',#2356,#2357);
#2356 = CARTESIAN_POINT('',(0.,0.));
#2357 = VECTOR('',#2358,1.);
#2358 = DIRECTION('',(0.,1.));
#2359 = ( GEOMETRIC_REPRESENTATION_CONTEXT(2) 
PARAMETRIC_REPRESENTATION_CONTEXT() REPRESENTATION_CONTEXT('2D SPACE',''
  ) );
#2360 = PCURVE('',#2361,#2366);
#2361 = PLANE('',#2362);
#2362 = AXIS2_PLACEMENT_3D('',#2363,#2364,#2365);
#2363 = CARTESIAN_POINT('',(21.,-44.,130.));
#2364 = DIRECTION('',(1.,0.,0.));
#2365 = DIRECTION('',(0.,0.,1.));
#2366 = DEFINITIONAL_REPRESENTATION('',(#2367),#2371);
#2367 = LINE('',#2368,#2369);
#2368 = CARTESIAN_POINT('',(2.5,-1.7));
#2369 = VECTOR('',#2370,1.);
#2370 = DIRECTION('',(0.,-1.));
#2371 = ( GEOMETRIC_REPRESENTATION_CONTEXT(2) 
PARAMETRIC_REPRESENTATION_CONTEXT() REPRESENTATION_CONTEXT('2D SPACE',''
  ) );
#2372 = ADVANCED_FACE('',(#2373),#1650,.T.);
#2373 = FACE_BOUND('',#2374,.T.);
#2374 = EDGE_LOOP('',(#2375,#2376,#2399,#2427,#2448,#2449));
#2375 = ORIENTED_EDGE('',*,*,#2272,.F.);
#2376 = ORIENTED_EDGE('',*,*,#2377,.T.);
#2377 = EDGE_CURVE('',#2243,#2378,#2380,.T.);
#2378 = VERTEX_POINT('',#2379);
#2379 = CARTESIAN_POINT('',(21.,-42.3,139.18145632976));
#2380 = SURFACE_CURVE('',#2381,(#2385,#2392),.PCURVE_S1.);
#2381 = LINE('',#2382,#2383);
#2382 = CARTESIAN_POINT('',(21.,-42.3,132.5));
#2383 = VECTOR('',#2384,1.);
#2384 = DIRECTION('',(0.,0.,1.));
#2385 = PCURVE('',#1650,#2386);
#2386 = DEFINITIONAL_REPRESENTATION('',(#2387),#2391);
#2387 = LINE('',#2388,#2389);
#2388 = CARTESIAN_POINT('',(0.,0.));
#2389 = VECTOR('',#2390,1.);
#2390 = DIRECTION('',(1.,0.));
#2391 = ( GEOMETRIC_REPRESENTATION_CONTEXT(2) 
PARAMETRIC_REPRESENTATION_CONTEXT() REPRESENTATION_CONTEXT('2D SPACE',''
  ) );
#2392 = PCURVE('',#2260,#2393);
#2393 = DEFINITIONAL_REPRESENTATION('',(#2394),#2398);
#2394 = LINE('',#2395,#2396);
#2395 = CARTESIAN_POINT('',(0.,0.));
#2396 = VECTOR('',#2397,1.);
#2397 = DIRECTION('',(1.,0.));
#2398 = ( GEOMETRIC_REPRESENTATION_CONTEXT(2) 
PARAMETRIC_REPRESENTATION_CONTEXT() REPRESENTATION_CONTEXT('2D SPACE',''
  ) );
#2399 = ORIENTED_EDGE('',*,*,#2400,.T.);
#2400 = EDGE_CURVE('',#2378,#2401,#2403,.T.);
#2401 = VERTEX_POINT('',#2402);
#2402 = CARTESIAN_POINT('',(21.,-42.3,169.5));
#2403 = SURFACE_CURVE('',#2404,(#2408,#2415),.PCURVE_S1.);
#2404 = LINE('',#2405,#2406);
#2405 = CARTESIAN_POINT('',(21.,-42.3,132.5));
#2406 = VECTOR('',#2407,1.);
#2407 = DIRECTION('',(0.,0.,1.));
#2408 = PCURVE('',#1650,#2409);
#2409 = DEFINITIONAL_REPRESENTATION('',(#2410),#2414);
#2410 = LINE('',#2411,#2412);
#2411 = CARTESIAN_POINT('',(0.,0.));
#2412 = VECTOR('',#2413,1.);
#2413 = DIRECTION('',(1.,0.));
#2414 = ( GEOMETRIC_REPRESENTATION_CONTEXT(2) 
PARAMETRIC_REPRESENTATION_CONTEXT() REPRESENTATION_CONTEXT('2D SPACE',''
  ) );
#2415 = PCURVE('',#2416,#2421);
#2416 = PLANE('',#2417);
#2417 = AXIS2_PLACEMENT_3D('',#2418,#2419,#2420);
#2418 = CARTESIAN_POINT('',(21.,-44.,130.));
#2419 = DIRECTION('',(1.,0.,0.));
#2420 = DIRECTION('',(0.,0.,1.));
#2421 = DEFINITIONAL_REPRESENTATION('',(#2422),#2426);
#2422 = LINE('',#2423,#2424);
#2423 = CARTESIAN_POINT('',(2.5,-1.7));
#2424 = VECTOR('',#2425,1.);
#2425 = DIRECTION('',(1.,0.));
#2426 = ( GEOMETRIC_REPRESENTATION_CONTEXT(2) 
PARAMETRIC_REPRESENTATION_CONTEXT() REPRESENTATION_CONTEXT('2D SPACE',''
  ) );
#2427 = ORIENTED_EDGE('',*,*,#2428,.T.);
#2428 = EDGE_CURVE('',#2401,#2142,#2429,.T.);
#2429 = SURFACE_CURVE('',#2430,(#2434,#2441),.PCURVE_S1.);
#2430 = LINE('',#2431,#2432);
#2431 = CARTESIAN_POINT('',(21.,-42.3,169.5));
#2432 = VECTOR('',#2433,1.);
#2433 = DIRECTION('',(1.,0.,0.));
#2434 = PCURVE('',#1650,#2435);
#2435 = DEFINITIONAL_REPRESENTATION('',(#2436),#2440);
#2436 = LINE('',#2437,#2438);
#2437 = CARTESIAN_POINT('',(37.,0.));
#2438 = VECTOR('',#2439,1.);
#2439 = DIRECTION('',(0.,1.));
#2440 = ( GEOMETRIC_REPRESENTATION_CONTEXT(2) 
PARAMETRIC_REPRESENTATION_CONTEXT() REPRESENTATION_CONTEXT('2D SPACE',''
  ) );
#2441 = PCURVE('',#2224,#2442);
#2442 = DEFINITIONAL_REPRESENTATION('',(#2443),#2447);
#2443 = LINE('',#2444,#2445);
#2444 = CARTESIAN_POINT('',(0.,0.));
#2445 = VECTOR('',#2446,1.);
#2446 = DIRECTION('',(1.,0.));
#2447 = ( GEOMETRIC_REPRESENTATION_CONTEXT(2) 
PARAMETRIC_REPRESENTATION_CONTEXT() REPRESENTATION_CONTEXT('2D SPACE',''
  ) );
#2448 = ORIENTED_EDGE('',*,*,#2141,.F.);
#2449 = ORIENTED_EDGE('',*,*,#1632,.F.);
#2450 = ADVANCED_FACE('',(#2451),#1713,.F.);
#2451 = FACE_BOUND('',#2452,.F.);
#2452 = EDGE_LOOP('',(#2453,#2454,#2477,#2500,#2521,#2522));
#2453 = ORIENTED_EDGE('',*,*,#2296,.F.);
#2454 = ORIENTED_EDGE('',*,*,#2455,.T.);
#2455 = EDGE_CURVE('',#2297,#2456,#2458,.T.);
#2456 = VERTEX_POINT('',#2457);
#2457 = CARTESIAN_POINT('',(21.,-3.699999999999,139.18145632976));
#2458 = SURFACE_CURVE('',#2459,(#2463,#2470),.PCURVE_S1.);
#2459 = LINE('',#2460,#2461);
#2460 = CARTESIAN_POINT('',(21.,-3.7,132.5));
#2461 = VECTOR('',#2462,1.);
#2462 = DIRECTION('',(0.,0.,1.));
#2463 = PCURVE('',#1713,#2464);
#2464 = DEFINITIONAL_REPRESENTATION('',(#2465),#2469);
#2465 = LINE('',#2466,#2467);
#2466 = CARTESIAN_POINT('',(0.,0.));
#2467 = VECTOR('',#2468,1.);
#2468 = DIRECTION('',(1.,0.));
#2469 = ( GEOMETRIC_REPRESENTATION_CONTEXT(2) 
PARAMETRIC_REPRESENTATION_CONTEXT() REPRESENTATION_CONTEXT('2D SPACE',''
  ) );
#2470 = PCURVE('',#2335,#2471);
#2471 = DEFINITIONAL_REPRESENTATION('',(#2472),#2476);
#2472 = LINE('',#2473,#2474);
#2473 = CARTESIAN_POINT('',(0.,-38.6));
#2474 = VECTOR('',#2475,1.);
#2475 = DIRECTION('',(1.,0.));
#2476 = ( GEOMETRIC_REPRESENTATION_CONTEXT(2) 
PARAMETRIC_REPRESENTATION_CONTEXT() REPRESENTATION_CONTEXT('2D SPACE',''
  ) );
#2477 = ORIENTED_EDGE('',*,*,#2478,.T.);
#2478 = EDGE_CURVE('',#2456,#2479,#2481,.T.);
#2479 = VERTEX_POINT('',#2480);
#2480 = CARTESIAN_POINT('',(21.,-3.7,169.5));
#2481 = SURFACE_CURVE('',#2482,(#2486,#2493),.PCURVE_S1.);
#2482 = LINE('',#2483,#2484);
#2483 = CARTESIAN_POINT('',(21.,-3.7,132.5));
#2484 = VECTOR('',#2485,1.);
#2485 = DIRECTION('',(0.,0.,1.));
#2486 = PCURVE('',#1713,#2487);
#2487 = DEFINITIONAL_REPRESENTATION('',(#2488),#2492);
#2488 = LINE('',#2489,#2490);
#2489 = CARTESIAN_POINT('',(0.,0.));
#2490 = VECTOR('',#2491,1.);
#2491 = DIRECTION('',(1.,0.));
#2492 = ( GEOMETRIC_REPRESENTATION_CONTEXT(2) 
PARAMETRIC_REPRESENTATION_CONTEXT() REPRESENTATION_CONTEXT('2D SPACE',''
  ) );
#2493 = PCURVE('',#2416,#2494);
#2494 = DEFINITIONAL_REPRESENTATION('',(#2495),#2499);
#2495 = LINE('',#2496,#2497);
#2496 = CARTESIAN_POINT('',(2.5,-40.3));
#2497 = VECTOR('',#2498,1.);
#2498 = DIRECTION('',(1.,0.));
#2499 = ( GEOMETRIC_REPRESENTATION_CONTEXT(2) 
PARAMETRIC_REPRESENTATION_CONTEXT() REPRESENTATION_CONTEXT('2D SPACE',''
  ) );
#2500 = ORIENTED_EDGE('',*,*,#2501,.T.);
#2501 = EDGE_CURVE('',#2479,#2188,#2502,.T.);
#2502 = SURFACE_CURVE('',#2503,(#2507,#2514),.PCURVE_S1.);
#2503 = LINE('',#2504,#2505);
#2504 = CARTESIAN_POINT('',(21.,-3.7,169.5));
#2505 = VECTOR('',#2506,1.);
#2506 = DIRECTION('',(1.,0.,0.));
#2507 = PCURVE('',#1713,#2508);
#2508 = DEFINITIONAL_REPRESENTATION('',(#2509),#2513);
#2509 = LINE('',#2510,#2511);
#2510 = CARTESIAN_POINT('',(37.,0.));
#2511 = VECTOR('',#2512,1.);
#2512 = DIRECTION('',(0.,1.));
#2513 = ( GEOMETRIC_REPRESENTATION_CONTEXT(2) 
PARAMETRIC_REPRESENTATION_CONTEXT() REPRESENTATION_CONTEXT('2D SPACE',''
  ) );
#2514 = PCURVE('',#2224,#2515);
#2515 = DEFINITIONAL_REPRESENTATION('',(#2516),#2520);
#2516 = LINE('',#2517,#2518);
#2517 = CARTESIAN_POINT('',(0.,38.6));
#2518 = VECTOR('',#2519,1.);
#2519 = DIRECTION('',(1.,0.));
#2520 = ( GEOMETRIC_REPRESENTATION_CONTEXT(2) 
PARAMETRIC_REPRESENTATION_CONTEXT() REPRESENTATION_CONTEXT('2D SPACE',''
  ) );
#2521 = ORIENTED_EDGE('',*,*,#2187,.F.);
#2522 = ORIENTED_EDGE('',*,*,#1693,.F.);
#2523 = ADVANCED_FACE('',(#2524),#1767,.F.);
#2524 = FACE_BOUND('',#2525,.T.);
#2525 = EDGE_LOOP('',(#2526,#2527,#2548,#2549));
#2526 = ORIENTED_EDGE('',*,*,#1750,.F.);
#2527 = ORIENTED_EDGE('',*,*,#2528,.T.);
#2528 = EDGE_CURVE('',#1751,#1847,#2529,.T.);
#2529 = SEAM_CURVE('',#2530,(#2534,#2541),.PCURVE_S1.);
#2530 = LINE('',#2531,#2532);
#2531 = CARTESIAN_POINT('',(3.2,-37.5,50.1));
#2532 = VECTOR('',#2533,1.);
#2533 = DIRECTION('',(0.,0.,1.));
#2534 = PCURVE('',#1767,#2535);
#2535 = DEFINITIONAL_REPRESENTATION('',(#2536),#2540);
#2536 = LINE('',#2537,#2538);
#2537 = CARTESIAN_POINT('',(-6.28318530718,0.));
#2538 = VECTOR('',#2539,1.);
#2539 = DIRECTION('',(-0.,-1.));
#2540 = ( GEOMETRIC_REPRESENTATION_CONTEXT(2) 
PARAMETRIC_REPRESENTATION_CONTEXT() REPRESENTATION_CONTEXT('2D SPACE',''
  ) );
#2541 = PCURVE('',#1767,#2542);
#2542 = DEFINITIONAL_REPRESENTATION('',(#2543),#2547);
#2543 = LINE('',#2544,#2545);
#2544 = CARTESIAN_POINT('',(-0.,0.));
#2545 = VECTOR('',#2546,1.);
#2546 = DIRECTION('',(-0.,-1.));
#2547 = ( GEOMETRIC_REPRESENTATION_CONTEXT(2) 
PARAMETRIC_REPRESENTATION_CONTEXT() REPRESENTATION_CONTEXT('2D SPACE',''
  ) );
#2548 = ORIENTED_EDGE('',*,*,#1846,.F.);
#2549 = ORIENTED_EDGE('',*,*,#2528,.F.);
#2550 = ADVANCED_FACE('',(#2551),#1802,.F.);
#2551 = FACE_BOUND('',#2552,.T.);
#2552 = EDGE_LOOP('',(#2553,#2554,#2575,#2576));
#2553 = ORIENTED_EDGE('',*,*,#1785,.F.);
#2554 = ORIENTED_EDGE('',*,*,#2555,.T.);
#2555 = EDGE_CURVE('',#1786,#1877,#2556,.T.);
#2556 = SEAM_CURVE('',#2557,(#2561,#2568),.PCURVE_S1.);
#2557 = LINE('',#2558,#2559);
#2558 = CARTESIAN_POINT('',(15.757368354874,-15.75,50.1));
#2559 = VECTOR('',#2560,1.);
#2560 = DIRECTION('',(0.,0.,1.));
#2561 = PCURVE('',#1802,#2562);
#2562 = DEFINITIONAL_REPRESENTATION('',(#2563),#2567);
#2563 = LINE('',#2564,#2565);
#2564 = CARTESIAN_POINT('',(-6.28318530718,0.));
#2565 = VECTOR('',#2566,1.);
#2566 = DIRECTION('',(-0.,-1.));
#2567 = ( GEOMETRIC_REPRESENTATION_CONTEXT(2) 
PARAMETRIC_REPRESENTATION_CONTEXT() REPRESENTATION_CONTEXT('2D SPACE',''
  ) );
#2568 = PCURVE('',#1802,#2569);
#2569 = DEFINITIONAL_REPRESENTATION('',(#2570),#2574);
#2570 = LINE('',#2571,#2572);
#2571 = CARTESIAN_POINT('',(-0.,0.));
#2572 = VECTOR('',#2573,1.);
#2573 = DIRECTION('',(-0.,-1.));
#2574 = ( GEOMETRIC_REPRESENTATION_CONTEXT(2) 
PARAMETRIC_REPRESENTATION_CONTEXT() REPRESENTATION_CONTEXT('2D SPACE',''
  ) );
#2575 = ORIENTED_EDGE('',*,*,#1876,.F.);
#2576 = ORIENTED_EDGE('',*,*,#2555,.F.);
#2577 = ADVANCED_FACE('',(#2578),#1930,.F.);
#2578 = FACE_BOUND('',#2579,.T.);
#2579 = EDGE_LOOP('',(#2580,#2581,#2602,#2603));
#2580 = ORIENTED_EDGE('',*,*,#1945,.F.);
#2581 = ORIENTED_EDGE('',*,*,#2582,.T.);
#2582 = EDGE_CURVE('',#1946,#1910,#2583,.T.);
#2583 = SEAM_CURVE('',#2584,(#2588,#2595),.PCURVE_S1.);
#2584 = LINE('',#2585,#2586);
#2585 = CARTESIAN_POINT('',(-9.357368354874,-15.75,50.1));
#2586 = VECTOR('',#2587,1.);
#2587 = DIRECTION('',(0.,0.,1.));
#2588 = PCURVE('',#1930,#2589);
#2589 = DEFINITIONAL_REPRESENTATION('',(#2590),#2594);
#2590 = LINE('',#2591,#2592);
#2591 = CARTESIAN_POINT('',(-6.28318530718,0.));
#2592 = VECTOR('',#2593,1.);
#2593 = DIRECTION('',(-0.,-1.));
#2594 = ( GEOMETRIC_REPRESENTATION_CONTEXT(2) 
PARAMETRIC_REPRESENTATION_CONTEXT() REPRESENTATION_CONTEXT('2D SPACE',''
  ) );
#2595 = PCURVE('',#1930,#2596);
#2596 = DEFINITIONAL_REPRESENTATION('',(#2597),#2601);
#2597 = LINE('',#2598,#2599);
#2598 = CARTESIAN_POINT('',(-0.,0.));
#2599 = VECTOR('',#2600,1.);
#2600 = DIRECTION('',(-0.,-1.));
#2601 = ( GEOMETRIC_REPRESENTATION_CONTEXT(2) 
PARAMETRIC_REPRESENTATION_CONTEXT() REPRESENTATION_CONTEXT('2D SPACE',''
  ) );
#2602 = ORIENTED_EDGE('',*,*,#1909,.F.);
#2603 = ORIENTED_EDGE('',*,*,#2582,.F.);
#2604 = ADVANCED_FACE('',(#2605),#2037,.F.);
#2605 = FACE_BOUND('',#2606,.F.);
#2606 = EDGE_LOOP('',(#2607,#2608,#2631,#2660,#2686,#2712,#2740,#2772,
    #2801,#2822,#2823,#2824,#2848,#2880,#2906,#2932,#2960,#2982));
#2607 = ORIENTED_EDGE('',*,*,#2022,.T.);
#2608 = ORIENTED_EDGE('',*,*,#2609,.T.);
#2609 = EDGE_CURVE('',#2000,#2610,#2612,.T.);
#2610 = VERTEX_POINT('',#2611);
#2611 = CARTESIAN_POINT('',(27.163265306122,-23.,130.));
#2612 = SEAM_CURVE('',#2613,(#2617,#2624),.PCURVE_S1.);
#2613 = LINE('',#2614,#2615);
#2614 = CARTESIAN_POINT('',(24.5,-23.,112.));
#2615 = VECTOR('',#2616,1.);
#2616 = DIRECTION('',(0.146365743746,0.,0.989230543937));
#2617 = PCURVE('',#2037,#2618);
#2618 = DEFINITIONAL_REPRESENTATION('',(#2619),#2623);
#2619 = LINE('',#2620,#2621);
#2620 = CARTESIAN_POINT('',(0.,0.));
#2621 = VECTOR('',#2622,1.);
#2622 = DIRECTION('',(0.,1.));
#2623 = ( GEOMETRIC_REPRESENTATION_CONTEXT(2) 
PARAMETRIC_REPRESENTATION_CONTEXT() REPRESENTATION_CONTEXT('2D SPACE',''
  ) );
#2624 = PCURVE('',#2037,#2625);
#2625 = DEFINITIONAL_REPRESENTATION('',(#2626),#2630);
#2626 = LINE('',#2627,#2628);
#2627 = CARTESIAN_POINT('',(6.28318530718,0.));
#2628 = VECTOR('',#2629,1.);
#2629 = DIRECTION('',(0.,1.));
#2630 = ( GEOMETRIC_REPRESENTATION_CONTEXT(2) 
PARAMETRIC_REPRESENTATION_CONTEXT() REPRESENTATION_CONTEXT('2D SPACE',''
  ) );
#2631 = ORIENTED_EDGE('',*,*,#2632,.F.);
#2632 = EDGE_CURVE('',#2633,#2610,#2635,.T.);
#2633 = VERTEX_POINT('',#2634);
#2634 = CARTESIAN_POINT('',(21.,-40.22913178575,130.));
#2635 = SURFACE_CURVE('',#2636,(#2641,#2648),.PCURVE_S1.);
#2636 = CIRCLE('',#2637,27.163265306122);
#2637 = AXIS2_PLACEMENT_3D('',#2638,#2639,#2640);
#2638 = CARTESIAN_POINT('',(0.,-23.,130.));
#2639 = DIRECTION('',(0.,0.,1.));
#2640 = DIRECTION('',(1.,0.,-0.));
#2641 = PCURVE('',#2037,#2642);
#2642 = DEFINITIONAL_REPRESENTATION('',(#2643),#2647);
#2643 = LINE('',#2644,#2645);
#2644 = CARTESIAN_POINT('',(0.,18.));
#2645 = VECTOR('',#2646,1.);
#2646 = DIRECTION('',(1.,0.));
#2647 = ( GEOMETRIC_REPRESENTATION_CONTEXT(2) 
PARAMETRIC_REPRESENTATION_CONTEXT() REPRESENTATION_CONTEXT('2D SPACE',''
  ) );
#2648 = PCURVE('',#2649,#2654);
#2649 = PLANE('',#2650);
#2650 = AXIS2_PLACEMENT_3D('',#2651,#2652,#2653);
#2651 = CARTESIAN_POINT('',(21.,-44.,130.));
#2652 = DIRECTION('',(0.,0.,1.));
#2653 = DIRECTION('',(1.,0.,0.));
#2654 = DEFINITIONAL_REPRESENTATION('',(#2655),#2659);
#2655 = CIRCLE('',#2656,27.163265306122);
#2656 = AXIS2_PLACEMENT_2D('',#2657,#2658);
#2657 = CARTESIAN_POINT('',(-21.,21.));
#2658 = DIRECTION('',(1.,0.));
#2659 = ( GEOMETRIC_REPRESENTATION_CONTEXT(2) 
PARAMETRIC_REPRESENTATION_CONTEXT() REPRESENTATION_CONTEXT('2D SPACE',''
  ) );
#2660 = ORIENTED_EDGE('',*,*,#2661,.T.);
#2661 = EDGE_CURVE('',#2633,#2245,#2662,.T.);
#2662 = SURFACE_CURVE('',#2663,(#2668,#2679),.PCURVE_S1.);
#2663 = HYPERBOLA('',#2664,141.93103448275,21.);
#2664 = AXIS2_PLACEMENT_3D('',#2665,#2666,#2667);
#2665 = CARTESIAN_POINT('',(21.,-23.,-53.58620689655));
#2666 = DIRECTION('',(1.,0.,0.));
#2667 = DIRECTION('',(-0.,0.,1.));
#2668 = PCURVE('',#2037,#2669);
#2669 = DEFINITIONAL_REPRESENTATION('',(#2670),#2678);
#2670 = B_SPLINE_CURVE_WITH_KNOTS('',6,(#2671,#2672,#2673,#2674,#2675,
    #2676,#2677),.UNSPECIFIED.,.F.,.F.,(7,7),(0.711397902111,
    1.01597313418),.PIECEWISE_BEZIER_KNOTS.);
#2671 = CARTESIAN_POINT('',(5.625163783145,13.8));
#2672 = CARTESIAN_POINT('',(5.58500027363,19.368859340924));
#2673 = CARTESIAN_POINT('',(5.546332959126,25.492417179251));
#2674 = CARTESIAN_POINT('',(5.509208834749,32.19650329984));
#2675 = CARTESIAN_POINT('',(5.473642788554,39.511236843537));
#2676 = CARTESIAN_POINT('',(5.439624641931,47.471420764381));
#2677 = CARTESIAN_POINT('',(5.407127256581,56.117156317461));
#2678 = ( GEOMETRIC_REPRESENTATION_CONTEXT(2) 
PARAMETRIC_REPRESENTATION_CONTEXT() REPRESENTATION_CONTEXT('2D SPACE',''
  ) );
#2679 = PCURVE('',#2361,#2680);
#2680 = DEFINITIONAL_REPRESENTATION('',(#2681),#2685);
#2681 = ( BOUNDED_CURVE() B_SPLINE_CURVE(2,(#2682,#2683,#2684),
.UNSPECIFIED.,.F.,.F.) B_SPLINE_CURVE_WITH_KNOTS((3,3),(0.711397902111,
1.01597313418),.PIECEWISE_BEZIER_KNOTS.) CURVE() 
GEOMETRIC_REPRESENTATION_ITEM() RATIONAL_B_SPLINE_CURVE((1.,
1.011618186601,1.)) REPRESENTATION_ITEM('') );
#2682 = CARTESIAN_POINT('',(-4.2,-4.768268815337));
#2683 = CARTESIAN_POINT('',(12.378614656069,-0.757235257999));
#2684 = CARTESIAN_POINT('',(38.117156317461,4.2));
#2685 = ( GEOMETRIC_REPRESENTATION_CONTEXT(2) 
PARAMETRIC_REPRESENTATION_CONTEXT() REPRESENTATION_CONTEXT('2D SPACE',''
  ) );
#2686 = ORIENTED_EDGE('',*,*,#2687,.T.);
#2687 = EDGE_CURVE('',#2245,#2378,#2688,.T.);
#2688 = SURFACE_CURVE('',#2689,(#2694,#2705),.PCURVE_S1.);
#2689 = HYPERBOLA('',#2690,141.93103448275,21.);
#2690 = AXIS2_PLACEMENT_3D('',#2691,#2692,#2693);
#2691 = CARTESIAN_POINT('',(21.,-23.,-53.58620689655));
#2692 = DIRECTION('',(1.,0.,0.));
#2693 = DIRECTION('',(-0.,0.,1.));
#2694 = PCURVE('',#2037,#2695);
#2695 = DEFINITIONAL_REPRESENTATION('',(#2696),#2704);
#2696 = B_SPLINE_CURVE_WITH_KNOTS('',6,(#2697,#2698,#2699,#2700,#2701,
    #2702,#2703),.UNSPECIFIED.,.F.,.F.,(7,7),(0.711397902111,
    1.01597313418),.PIECEWISE_BEZIER_KNOTS.);
#2697 = CARTESIAN_POINT('',(5.625163783145,13.8));
#2698 = CARTESIAN_POINT('',(5.58500027363,19.368859340924));
#2699 = CARTESIAN_POINT('',(5.546332959126,25.492417179251));
#2700 = CARTESIAN_POINT('',(5.509208834749,32.19650329984));
#2701 = CARTESIAN_POINT('',(5.473642788554,39.511236843537));
#2702 = CARTESIAN_POINT('',(5.439624641931,47.471420764381));
#2703 = CARTESIAN_POINT('',(5.407127256581,56.117156317461));
#2704 = ( GEOMETRIC_REPRESENTATION_CONTEXT(2) 
PARAMETRIC_REPRESENTATION_CONTEXT() REPRESENTATION_CONTEXT('2D SPACE',''
  ) );
#2705 = PCURVE('',#2260,#2706);
#2706 = DEFINITIONAL_REPRESENTATION('',(#2707),#2711);
#2707 = HYPERBOLA('',#2708,141.93103448275,21.);
#2708 = AXIS2_PLACEMENT_2D('',#2709,#2710);
#2709 = CARTESIAN_POINT('',(-186.0862068965,-19.3));
#2710 = DIRECTION('',(1.,0.));
#2711 = ( GEOMETRIC_REPRESENTATION_CONTEXT(2) 
PARAMETRIC_REPRESENTATION_CONTEXT() REPRESENTATION_CONTEXT('2D SPACE',''
  ) );
#2712 = ORIENTED_EDGE('',*,*,#2713,.T.);
#2713 = EDGE_CURVE('',#2378,#2714,#2716,.T.);
#2714 = VERTEX_POINT('',#2715);
#2715 = CARTESIAN_POINT('',(21.,-44.,147.1345869906));
#2716 = SURFACE_CURVE('',#2717,(#2722,#2733),.PCURVE_S1.);
#2717 = HYPERBOLA('',#2718,141.93103448275,21.);
#2718 = AXIS2_PLACEMENT_3D('',#2719,#2720,#2721);
#2719 = CARTESIAN_POINT('',(21.,-23.,-53.58620689655));
#2720 = DIRECTION('',(1.,0.,0.));
#2721 = DIRECTION('',(-0.,0.,1.));
#2722 = PCURVE('',#2037,#2723);
#2723 = DEFINITIONAL_REPRESENTATION('',(#2724),#2732);
#2724 = B_SPLINE_CURVE_WITH_KNOTS('',6,(#2725,#2726,#2727,#2728,#2729,
    #2730,#2731),.UNSPECIFIED.,.F.,.F.,(7,7),(0.711397902111,
    1.01597313418),.PIECEWISE_BEZIER_KNOTS.);
#2725 = CARTESIAN_POINT('',(5.625163783145,13.8));
#2726 = CARTESIAN_POINT('',(5.58500027363,19.368859340924));
#2727 = CARTESIAN_POINT('',(5.546332959126,25.492417179251));
#2728 = CARTESIAN_POINT('',(5.509208834749,32.19650329984));
#2729 = CARTESIAN_POINT('',(5.473642788554,39.511236843537));
#2730 = CARTESIAN_POINT('',(5.439624641931,47.471420764381));
#2731 = CARTESIAN_POINT('',(5.407127256581,56.117156317461));
#2732 = ( GEOMETRIC_REPRESENTATION_CONTEXT(2) 
PARAMETRIC_REPRESENTATION_CONTEXT() REPRESENTATION_CONTEXT('2D SPACE',''
  ) );
#2733 = PCURVE('',#2416,#2734);
#2734 = DEFINITIONAL_REPRESENTATION('',(#2735),#2739);
#2735 = ( BOUNDED_CURVE() B_SPLINE_CURVE(2,(#2736,#2737,#2738),
.UNSPECIFIED.,.F.,.F.) B_SPLINE_CURVE_WITH_KNOTS((3,3),(0.711397902111,
1.01597313418),.PIECEWISE_BEZIER_KNOTS.) CURVE() 
GEOMETRIC_REPRESENTATION_ITEM() RATIONAL_B_SPLINE_CURVE((1.,
1.011618186601,1.)) REPRESENTATION_ITEM('') );
#2736 = CARTESIAN_POINT('',(-4.2,-4.768268815337));
#2737 = CARTESIAN_POINT('',(12.378614656069,-0.757235257999));
#2738 = CARTESIAN_POINT('',(38.117156317461,4.2));
#2739 = ( GEOMETRIC_REPRESENTATION_CONTEXT(2) 
PARAMETRIC_REPRESENTATION_CONTEXT() REPRESENTATION_CONTEXT('2D SPACE',''
  ) );
#2740 = ORIENTED_EDGE('',*,*,#2741,.T.);
#2741 = EDGE_CURVE('',#2714,#2742,#2744,.T.);
#2742 = VERTEX_POINT('',#2743);
#2743 = CARTESIAN_POINT('',(25.94341751042,-44.,172.));
#2744 = SURFACE_CURVE('',#2745,(#2750,#2760),.PCURVE_S1.);
#2745 = HYPERBOLA('',#2746,141.93103448275,21.);
#2746 = AXIS2_PLACEMENT_3D('',#2747,#2748,#2749);
#2747 = CARTESIAN_POINT('',(0.,-44.,-53.58620689655));
#2748 = DIRECTION('',(0.,1.,0.));
#2749 = DIRECTION('',(0.,-0.,1.));
#2750 = PCURVE('',#2037,#2751);
#2751 = DEFINITIONAL_REPRESENTATION('',(#2752),#2759);
#2752 = B_SPLINE_CURVE_WITH_KNOTS('',5,(#2753,#2754,#2755,#2756,#2757,
    #2758),.UNSPECIFIED.,.F.,.F.,(6,6),(0.85176002638,1.062033363193),
  .PIECEWISE_BEZIER_KNOTS.);
#2753 = CARTESIAN_POINT('',(5.476627985942,31.018908127016));
#2754 = CARTESIAN_POINT('',(5.506987635755,36.740376102641));
#2755 = CARTESIAN_POINT('',(5.536242901552,42.896487066408));
#2756 = CARTESIAN_POINT('',(5.564389060596,49.508325799337));
#2757 = CARTESIAN_POINT('',(5.591438669786,56.600163963781));
#2758 = CARTESIAN_POINT('',(5.617414390975,64.2));
#2759 = ( GEOMETRIC_REPRESENTATION_CONTEXT(2) 
PARAMETRIC_REPRESENTATION_CONTEXT() REPRESENTATION_CONTEXT('2D SPACE',''
  ) );
#2760 = PCURVE('',#2761,#2766);
#2761 = PLANE('',#2762);
#2762 = AXIS2_PLACEMENT_3D('',#2763,#2764,#2765);
#2763 = CARTESIAN_POINT('',(21.,-44.,130.));
#2764 = DIRECTION('',(0.,1.,0.));
#2765 = DIRECTION('',(0.,0.,1.));
#2766 = DEFINITIONAL_REPRESENTATION('',(#2767),#2771);
#2767 = ( BOUNDED_CURVE() B_SPLINE_CURVE(2,(#2768,#2769,#2770),
.UNSPECIFIED.,.F.,.F.) B_SPLINE_CURVE_WITH_KNOTS((3,3),(0.85176002638,
1.062033363193),.PIECEWISE_BEZIER_KNOTS.) CURVE() 
GEOMETRIC_REPRESENTATION_ITEM() RATIONAL_B_SPLINE_CURVE((1.,
1.005531952427,1.)) REPRESENTATION_ITEM('') );
#2768 = CARTESIAN_POINT('',(13.018908127016,-0.870397647189));
#2769 = CARTESIAN_POINT('',(27.27010713717,2.176759658361));
#2770 = CARTESIAN_POINT('',(46.2,5.738186424777));
#2771 = ( GEOMETRIC_REPRESENTATION_CONTEXT(2) 
PARAMETRIC_REPRESENTATION_CONTEXT() REPRESENTATION_CONTEXT('2D SPACE',''
  ) );
#2772 = ORIENTED_EDGE('',*,*,#2773,.T.);
#2773 = EDGE_CURVE('',#2742,#2774,#2776,.T.);
#2774 = VERTEX_POINT('',#2775);
#2775 = CARTESIAN_POINT('',(33.377551020408,-23.,172.));
#2776 = SURFACE_CURVE('',#2777,(#2782,#2789),.PCURVE_S1.);
#2777 = CIRCLE('',#2778,33.377551020408);
#2778 = AXIS2_PLACEMENT_3D('',#2779,#2780,#2781);
#2779 = CARTESIAN_POINT('',(0.,-23.,172.));
#2780 = DIRECTION('',(0.,0.,1.));
#2781 = DIRECTION('',(1.,0.,-0.));
#2782 = PCURVE('',#2037,#2783);
#2783 = DEFINITIONAL_REPRESENTATION('',(#2784),#2788);
#2784 = LINE('',#2785,#2786);
#2785 = CARTESIAN_POINT('',(0.,60.));
#2786 = VECTOR('',#2787,1.);
#2787 = DIRECTION('',(1.,0.));
#2788 = ( GEOMETRIC_REPRESENTATION_CONTEXT(2) 
PARAMETRIC_REPRESENTATION_CONTEXT() REPRESENTATION_CONTEXT('2D SPACE',''
  ) );
#2789 = PCURVE('',#2790,#2795);
#2790 = PLANE('',#2791);
#2791 = AXIS2_PLACEMENT_3D('',#2792,#2793,#2794);
#2792 = CARTESIAN_POINT('',(21.,-44.,172.));
#2793 = DIRECTION('',(0.,0.,1.));
#2794 = DIRECTION('',(1.,0.,0.));
#2795 = DEFINITIONAL_REPRESENTATION('',(#2796),#2800);
#2796 = CIRCLE('',#2797,33.377551020408);
#2797 = AXIS2_PLACEMENT_2D('',#2798,#2799);
#2798 = CARTESIAN_POINT('',(-21.,21.));
#2799 = DIRECTION('',(1.,0.));
#2800 = ( GEOMETRIC_REPRESENTATION_CONTEXT(2) 
PARAMETRIC_REPRESENTATION_CONTEXT() REPRESENTATION_CONTEXT('2D SPACE',''
  ) );
#2801 = ORIENTED_EDGE('',*,*,#2802,.T.);
#2802 = EDGE_CURVE('',#2774,#2059,#2803,.T.);
#2803 = SEAM_CURVE('',#2804,(#2808,#2815),.PCURVE_S1.);
#2804 = LINE('',#2805,#2806);
#2805 = CARTESIAN_POINT('',(24.5,-23.,112.));
#2806 = VECTOR('',#2807,1.);
#2807 = DIRECTION('',(0.146365743746,0.,0.989230543937));
#2808 = PCURVE('',#2037,#2809);
#2809 = DEFINITIONAL_REPRESENTATION('',(#2810),#2814);
#2810 = LINE('',#2811,#2812);
#2811 = CARTESIAN_POINT('',(0.,0.));
#2812 = VECTOR('',#2813,1.);
#2813 = DIRECTION('',(0.,1.));
#2814 = ( GEOMETRIC_REPRESENTATION_CONTEXT(2) 
PARAMETRIC_REPRESENTATION_CONTEXT() REPRESENTATION_CONTEXT('2D SPACE',''
  ) );
#2815 = PCURVE('',#2037,#2816);
#2816 = DEFINITIONAL_REPRESENTATION('',(#2817),#2821);
#2817 = LINE('',#2818,#2819);
#2818 = CARTESIAN_POINT('',(6.28318530718,0.));
#2819 = VECTOR('',#2820,1.);
#2820 = DIRECTION('',(0.,1.));
#2821 = ( GEOMETRIC_REPRESENTATION_CONTEXT(2) 
PARAMETRIC_REPRESENTATION_CONTEXT() REPRESENTATION_CONTEXT('2D SPACE',''
  ) );
#2822 = ORIENTED_EDGE('',*,*,#2058,.F.);
#2823 = ORIENTED_EDGE('',*,*,#2802,.F.);
#2824 = ORIENTED_EDGE('',*,*,#2825,.T.);
#2825 = EDGE_CURVE('',#2774,#2826,#2828,.T.);
#2826 = VERTEX_POINT('',#2827);
#2827 = CARTESIAN_POINT('',(25.94341751042,-2.,172.));
#2828 = SURFACE_CURVE('',#2829,(#2834,#2841),.PCURVE_S1.);
#2829 = CIRCLE('',#2830,33.377551020408);
#2830 = AXIS2_PLACEMENT_3D('',#2831,#2832,#2833);
#2831 = CARTESIAN_POINT('',(0.,-23.,172.));
#2832 = DIRECTION('',(0.,0.,1.));
#2833 = DIRECTION('',(1.,0.,-0.));
#2834 = PCURVE('',#2037,#2835);
#2835 = DEFINITIONAL_REPRESENTATION('',(#2836),#2840);
#2836 = LINE('',#2837,#2838);
#2837 = CARTESIAN_POINT('',(0.,60.));
#2838 = VECTOR('',#2839,1.);
#2839 = DIRECTION('',(1.,0.));
#2840 = ( GEOMETRIC_REPRESENTATION_CONTEXT(2) 
PARAMETRIC_REPRESENTATION_CONTEXT() REPRESENTATION_CONTEXT('2D SPACE',''
  ) );
#2841 = PCURVE('',#2790,#2842);
#2842 = DEFINITIONAL_REPRESENTATION('',(#2843),#2847);
#2843 = CIRCLE('',#2844,33.377551020408);
#2844 = AXIS2_PLACEMENT_2D('',#2845,#2846);
#2845 = CARTESIAN_POINT('',(-21.,21.));
#2846 = DIRECTION('',(1.,0.));
#2847 = ( GEOMETRIC_REPRESENTATION_CONTEXT(2) 
PARAMETRIC_REPRESENTATION_CONTEXT() REPRESENTATION_CONTEXT('2D SPACE',''
  ) );
#2848 = ORIENTED_EDGE('',*,*,#2849,.F.);
#2849 = EDGE_CURVE('',#2850,#2826,#2852,.T.);
#2850 = VERTEX_POINT('',#2851);
#2851 = CARTESIAN_POINT('',(21.,-2.,147.1345869906));
#2852 = SURFACE_CURVE('',#2853,(#2858,#2868),.PCURVE_S1.);
#2853 = HYPERBOLA('',#2854,141.93103448275,21.);
#2854 = AXIS2_PLACEMENT_3D('',#2855,#2856,#2857);
#2855 = CARTESIAN_POINT('',(0.,-2.,-53.58620689655));
#2856 = DIRECTION('',(0.,1.,0.));
#2857 = DIRECTION('',(0.,-0.,1.));
#2858 = PCURVE('',#2037,#2859);
#2859 = DEFINITIONAL_REPRESENTATION('',(#2860),#2867);
#2860 = B_SPLINE_CURVE_WITH_KNOTS('',5,(#2861,#2862,#2863,#2864,#2865,
    #2866),.UNSPECIFIED.,.F.,.F.,(6,6),(0.85176002638,1.062033363193),
  .PIECEWISE_BEZIER_KNOTS.);
#2861 = CARTESIAN_POINT('',(0.806557321237,31.018908127016));
#2862 = CARTESIAN_POINT('',(0.776197671424,36.740376102641));
#2863 = CARTESIAN_POINT('',(0.746942405628,42.896487066408));
#2864 = CARTESIAN_POINT('',(0.718796246583,49.508325799337));
#2865 = CARTESIAN_POINT('',(0.691746637394,56.600163963781));
#2866 = CARTESIAN_POINT('',(0.665770916204,64.2));
#2867 = ( GEOMETRIC_REPRESENTATION_CONTEXT(2) 
PARAMETRIC_REPRESENTATION_CONTEXT() REPRESENTATION_CONTEXT('2D SPACE',''
  ) );
#2868 = PCURVE('',#2869,#2874);
#2869 = PLANE('',#2870);
#2870 = AXIS2_PLACEMENT_3D('',#2871,#2872,#2873);
#2871 = CARTESIAN_POINT('',(21.,-2.,130.));
#2872 = DIRECTION('',(0.,1.,0.));
#2873 = DIRECTION('',(0.,0.,1.));
#2874 = DEFINITIONAL_REPRESENTATION('',(#2875),#2879);
#2875 = ( BOUNDED_CURVE() B_SPLINE_CURVE(2,(#2876,#2877,#2878),
.UNSPECIFIED.,.F.,.F.) B_SPLINE_CURVE_WITH_KNOTS((3,3),(0.85176002638,
1.062033363193),.PIECEWISE_BEZIER_KNOTS.) CURVE() 
GEOMETRIC_REPRESENTATION_ITEM() RATIONAL_B_SPLINE_CURVE((1.,
1.005531952427,1.)) REPRESENTATION_ITEM('') );
#2876 = CARTESIAN_POINT('',(13.018908127016,-0.870397647189));
#2877 = CARTESIAN_POINT('',(27.27010713717,2.176759658361));
#2878 = CARTESIAN_POINT('',(46.2,5.738186424777));
#2879 = ( GEOMETRIC_REPRESENTATION_CONTEXT(2) 
PARAMETRIC_REPRESENTATION_CONTEXT() REPRESENTATION_CONTEXT('2D SPACE',''
  ) );
#2880 = ORIENTED_EDGE('',*,*,#2881,.T.);
#2881 = EDGE_CURVE('',#2850,#2456,#2882,.T.);
#2882 = SURFACE_CURVE('',#2883,(#2888,#2899),.PCURVE_S1.);
#2883 = HYPERBOLA('',#2884,141.93103448275,21.);
#2884 = AXIS2_PLACEMENT_3D('',#2885,#2886,#2887);
#2885 = CARTESIAN_POINT('',(21.,-23.,-53.58620689655));
#2886 = DIRECTION('',(1.,0.,0.));
#2887 = DIRECTION('',(-0.,0.,1.));
#2888 = PCURVE('',#2037,#2889);
#2889 = DEFINITIONAL_REPRESENTATION('',(#2890),#2898);
#2890 = B_SPLINE_CURVE_WITH_KNOTS('',6,(#2891,#2892,#2893,#2894,#2895,
    #2896,#2897),.UNSPECIFIED.,.F.,.F.,(7,7),(-1.01597313418,
    -0.711397902111),.PIECEWISE_BEZIER_KNOTS.);
#2891 = CARTESIAN_POINT('',(0.876058050598,56.117156317461));
#2892 = CARTESIAN_POINT('',(0.843560665249,47.471420764381));
#2893 = CARTESIAN_POINT('',(0.809542518626,39.511236843537));
#2894 = CARTESIAN_POINT('',(0.77397647243,32.19650329984));
#2895 = CARTESIAN_POINT('',(0.736852348053,25.492417179251));
#2896 = CARTESIAN_POINT('',(0.698185033549,19.368859340924));
#2897 = CARTESIAN_POINT('',(0.658021524034,13.8));
#2898 = ( GEOMETRIC_REPRESENTATION_CONTEXT(2) 
PARAMETRIC_REPRESENTATION_CONTEXT() REPRESENTATION_CONTEXT('2D SPACE',''
  ) );
#2899 = PCURVE('',#2416,#2900);
#2900 = DEFINITIONAL_REPRESENTATION('',(#2901),#2905);
#2901 = ( BOUNDED_CURVE() B_SPLINE_CURVE(2,(#2902,#2903,#2904),
.UNSPECIFIED.,.F.,.F.) B_SPLINE_CURVE_WITH_KNOTS((3,3),(-1.01597313418,
-0.711397902111),.PIECEWISE_BEZIER_KNOTS.) CURVE() 
GEOMETRIC_REPRESENTATION_ITEM() RATIONAL_B_SPLINE_CURVE((1.,
1.011618186601,1.)) REPRESENTATION_ITEM('') );
#2902 = CARTESIAN_POINT('',(38.117156317461,-46.2));
#2903 = CARTESIAN_POINT('',(12.378614656069,-41.242764742));
#2904 = CARTESIAN_POINT('',(-4.2,-37.23173118466));
#2905 = ( GEOMETRIC_REPRESENTATION_CONTEXT(2) 
PARAMETRIC_REPRESENTATION_CONTEXT() REPRESENTATION_CONTEXT('2D SPACE',''
  ) );
#2906 = ORIENTED_EDGE('',*,*,#2907,.T.);
#2907 = EDGE_CURVE('',#2456,#2320,#2908,.T.);
#2908 = SURFACE_CURVE('',#2909,(#2914,#2925),.PCURVE_S1.);
#2909 = HYPERBOLA('',#2910,141.93103448275,21.);
#2910 = AXIS2_PLACEMENT_3D('',#2911,#2912,#2913);
#2911 = CARTESIAN_POINT('',(21.,-23.,-53.58620689655));
#2912 = DIRECTION('',(1.,0.,0.));
#2913 = DIRECTION('',(-0.,0.,1.));
#2914 = PCURVE('',#2037,#2915);
#2915 = DEFINITIONAL_REPRESENTATION('',(#2916),#2924);
#2916 = B_SPLINE_CURVE_WITH_KNOTS('',6,(#2917,#2918,#2919,#2920,#2921,
    #2922,#2923),.UNSPECIFIED.,.F.,.F.,(7,7),(-1.01597313418,
    -0.711397902111),.PIECEWISE_BEZIER_KNOTS.);
#2917 = CARTESIAN_POINT('',(0.876058050598,56.117156317461));
#2918 = CARTESIAN_POINT('',(0.843560665249,47.471420764381));
#2919 = CARTESIAN_POINT('',(0.809542518626,39.511236843537));
#2920 = CARTESIAN_POINT('',(0.77397647243,32.19650329984));
#2921 = CARTESIAN_POINT('',(0.736852348053,25.492417179251));
#2922 = CARTESIAN_POINT('',(0.698185033549,19.368859340924));
#2923 = CARTESIAN_POINT('',(0.658021524034,13.8));
#2924 = ( GEOMETRIC_REPRESENTATION_CONTEXT(2) 
PARAMETRIC_REPRESENTATION_CONTEXT() REPRESENTATION_CONTEXT('2D SPACE',''
  ) );
#2925 = PCURVE('',#2335,#2926);
#2926 = DEFINITIONAL_REPRESENTATION('',(#2927),#2931);
#2927 = HYPERBOLA('',#2928,141.93103448275,21.);
#2928 = AXIS2_PLACEMENT_2D('',#2929,#2930);
#2929 = CARTESIAN_POINT('',(-186.0862068965,-19.3));
#2930 = DIRECTION('',(1.,0.));
#2931 = ( GEOMETRIC_REPRESENTATION_CONTEXT(2) 
PARAMETRIC_REPRESENTATION_CONTEXT() REPRESENTATION_CONTEXT('2D SPACE',''
  ) );
#2932 = ORIENTED_EDGE('',*,*,#2933,.T.);
#2933 = EDGE_CURVE('',#2320,#2934,#2936,.T.);
#2934 = VERTEX_POINT('',#2935);
#2935 = CARTESIAN_POINT('',(21.,-5.770868214248,130.));
#2936 = SURFACE_CURVE('',#2937,(#2942,#2953),.PCURVE_S1.);
#2937 = HYPERBOLA('',#2938,141.93103448275,21.);
#2938 = AXIS2_PLACEMENT_3D('',#2939,#2940,#2941);
#2939 = CARTESIAN_POINT('',(21.,-23.,-53.58620689655));
#2940 = DIRECTION('',(1.,0.,0.));
#2941 = DIRECTION('',(-0.,0.,1.));
#2942 = PCURVE('',#2037,#2943);
#2943 = DEFINITIONAL_REPRESENTATION('',(#2944),#2952);
#2944 = B_SPLINE_CURVE_WITH_KNOTS('',6,(#2945,#2946,#2947,#2948,#2949,
    #2950,#2951),.UNSPECIFIED.,.F.,.F.,(7,7),(-1.01597313418,
    -0.711397902111),.PIECEWISE_BEZIER_KNOTS.);
#2945 = CARTESIAN_POINT('',(0.876058050598,56.117156317461));
#2946 = CARTESIAN_POINT('',(0.843560665249,47.471420764381));
#2947 = CARTESIAN_POINT('',(0.809542518626,39.511236843537));
#2948 = CARTESIAN_POINT('',(0.77397647243,32.19650329984));
#2949 = CARTESIAN_POINT('',(0.736852348053,25.492417179251));
#2950 = CARTESIAN_POINT('',(0.698185033549,19.368859340924));
#2951 = CARTESIAN_POINT('',(0.658021524034,13.8));
#2952 = ( GEOMETRIC_REPRESENTATION_CONTEXT(2) 
PARAMETRIC_REPRESENTATION_CONTEXT() REPRESENTATION_CONTEXT('2D SPACE',''
  ) );
#2953 = PCURVE('',#2361,#2954);
#2954 = DEFINITIONAL_REPRESENTATION('',(#2955),#2959);
#2955 = ( BOUNDED_CURVE() B_SPLINE_CURVE(2,(#2956,#2957,#2958),
.UNSPECIFIED.,.F.,.F.) B_SPLINE_CURVE_WITH_KNOTS((3,3),(-1.01597313418,
-0.711397902111),.PIECEWISE_BEZIER_KNOTS.) CURVE() 
GEOMETRIC_REPRESENTATION_ITEM() RATIONAL_B_SPLINE_CURVE((1.,
1.011618186601,1.)) REPRESENTATION_ITEM('') );
#2956 = CARTESIAN_POINT('',(38.117156317461,-46.2));
#2957 = CARTESIAN_POINT('',(12.378614656069,-41.242764742));
#2958 = CARTESIAN_POINT('',(-4.2,-37.23173118466));
#2959 = ( GEOMETRIC_REPRESENTATION_CONTEXT(2) 
PARAMETRIC_REPRESENTATION_CONTEXT() REPRESENTATION_CONTEXT('2D SPACE',''
  ) );
#2960 = ORIENTED_EDGE('',*,*,#2961,.F.);
#2961 = EDGE_CURVE('',#2610,#2934,#2962,.T.);
#2962 = SURFACE_CURVE('',#2963,(#2968,#2975),.PCURVE_S1.);
#2963 = CIRCLE('',#2964,27.163265306122);
#2964 = AXIS2_PLACEMENT_3D('',#2965,#2966,#2967);
#2965 = CARTESIAN_POINT('',(0.,-23.,130.));
#2966 = DIRECTION('',(0.,0.,1.));
#2967 = DIRECTION('',(1.,0.,-0.));
#2968 = PCURVE('',#2037,#2969);
#2969 = DEFINITIONAL_REPRESENTATION('',(#2970),#2974);
#2970 = LINE('',#2971,#2972);
#2971 = CARTESIAN_POINT('',(0.,18.));
#2972 = VECTOR('',#2973,1.);
#2973 = DIRECTION('',(1.,0.));
#2974 = ( GEOMETRIC_REPRESENTATION_CONTEXT(2) 
PARAMETRIC_REPRESENTATION_CONTEXT() REPRESENTATION_CONTEXT('2D SPACE',''
  ) );
#2975 = PCURVE('',#2649,#2976);
#2976 = DEFINITIONAL_REPRESENTATION('',(#2977),#2981);
#2977 = CIRCLE('',#2978,27.163265306122);
#2978 = AXIS2_PLACEMENT_2D('',#2979,#2980);
#2979 = CARTESIAN_POINT('',(-21.,21.));
#2980 = DIRECTION('',(1.,0.));
#2981 = ( GEOMETRIC_REPRESENTATION_CONTEXT(2) 
PARAMETRIC_REPRESENTATION_CONTEXT() REPRESENTATION_CONTEXT('2D SPACE',''
  ) );
#2982 = ORIENTED_EDGE('',*,*,#2609,.F.);
#2983 = ADVANCED_FACE('',(#2984),#2224,.F.);
#2984 = FACE_BOUND('',#2985,.F.);
#2985 = EDGE_LOOP('',(#2986,#3007,#3008,#3009));
#2986 = ORIENTED_EDGE('',*,*,#2987,.F.);
#2987 = EDGE_CURVE('',#2401,#2479,#2988,.T.);
#2988 = SURFACE_CURVE('',#2989,(#2993,#3000),.PCURVE_S1.);
#2989 = LINE('',#2990,#2991);
#2990 = CARTESIAN_POINT('',(21.,-42.3,169.5));
#2991 = VECTOR('',#2992,1.);
#2992 = DIRECTION('',(0.,1.,0.));
#2993 = PCURVE('',#2224,#2994);
#2994 = DEFINITIONAL_REPRESENTATION('',(#2995),#2999);
#2995 = LINE('',#2996,#2997);
#2996 = CARTESIAN_POINT('',(0.,0.));
#2997 = VECTOR('',#2998,1.);
#2998 = DIRECTION('',(0.,1.));
#2999 = ( GEOMETRIC_REPRESENTATION_CONTEXT(2) 
PARAMETRIC_REPRESENTATION_CONTEXT() REPRESENTATION_CONTEXT('2D SPACE',''
  ) );
#3000 = PCURVE('',#2416,#3001);
#3001 = DEFINITIONAL_REPRESENTATION('',(#3002),#3006);
#3002 = LINE('',#3003,#3004);
#3003 = CARTESIAN_POINT('',(39.5,-1.7));
#3004 = VECTOR('',#3005,1.);
#3005 = DIRECTION('',(0.,-1.));
#3006 = ( GEOMETRIC_REPRESENTATION_CONTEXT(2) 
PARAMETRIC_REPRESENTATION_CONTEXT() REPRESENTATION_CONTEXT('2D SPACE',''
  ) );
#3007 = ORIENTED_EDGE('',*,*,#2428,.T.);
#3008 = ORIENTED_EDGE('',*,*,#2210,.T.);
#3009 = ORIENTED_EDGE('',*,*,#2501,.F.);
#3010 = ADVANCED_FACE('',(#3011),#2260,.T.);
#3011 = FACE_BOUND('',#3012,.T.);
#3012 = EDGE_LOOP('',(#3013,#3014,#3015));
#3013 = ORIENTED_EDGE('',*,*,#2377,.F.);
#3014 = ORIENTED_EDGE('',*,*,#2242,.T.);
#3015 = ORIENTED_EDGE('',*,*,#2687,.T.);
#3016 = ADVANCED_FACE('',(#3017),#2361,.F.);
#3017 = FACE_BOUND('',#3018,.F.);
#3018 = EDGE_LOOP('',(#3019,#3020,#3021,#3042));
#3019 = ORIENTED_EDGE('',*,*,#2347,.F.);
#3020 = ORIENTED_EDGE('',*,*,#2661,.F.);
#3021 = ORIENTED_EDGE('',*,*,#3022,.T.);
#3022 = EDGE_CURVE('',#2633,#2934,#3023,.T.);
#3023 = SURFACE_CURVE('',#3024,(#3028,#3035),.PCURVE_S1.);
#3024 = LINE('',#3025,#3026);
#3025 = CARTESIAN_POINT('',(21.,-44.,130.));
#3026 = VECTOR('',#3027,1.);
#3027 = DIRECTION('',(0.,1.,0.));
#3028 = PCURVE('',#2361,#3029);
#3029 = DEFINITIONAL_REPRESENTATION('',(#3030),#3034);
#3030 = LINE('',#3031,#3032);
#3031 = CARTESIAN_POINT('',(0.,0.));
#3032 = VECTOR('',#3033,1.);
#3033 = DIRECTION('',(0.,-1.));
#3034 = ( GEOMETRIC_REPRESENTATION_CONTEXT(2) 
PARAMETRIC_REPRESENTATION_CONTEXT() REPRESENTATION_CONTEXT('2D SPACE',''
  ) );
#3035 = PCURVE('',#2649,#3036);
#3036 = DEFINITIONAL_REPRESENTATION('',(#3037),#3041);
#3037 = LINE('',#3038,#3039);
#3038 = CARTESIAN_POINT('',(0.,0.));
#3039 = VECTOR('',#3040,1.);
#3040 = DIRECTION('',(0.,1.));
#3041 = ( GEOMETRIC_REPRESENTATION_CONTEXT(2) 
PARAMETRIC_REPRESENTATION_CONTEXT() REPRESENTATION_CONTEXT('2D SPACE',''
  ) );
#3042 = ORIENTED_EDGE('',*,*,#2933,.F.);
#3043 = ADVANCED_FACE('',(#3044),#2335,.T.);
#3044 = FACE_BOUND('',#3045,.T.);
#3045 = EDGE_LOOP('',(#3046,#3047,#3048));
#3046 = ORIENTED_EDGE('',*,*,#2907,.T.);
#3047 = ORIENTED_EDGE('',*,*,#2319,.T.);
#3048 = ORIENTED_EDGE('',*,*,#2455,.T.);
#3049 = ADVANCED_FACE('',(#3050),#2416,.F.);
#3050 = FACE_BOUND('',#3051,.F.);
#3051 = EDGE_LOOP('',(#3052,#3075,#3076,#3077,#3078,#3079,#3080,#3103));
#3052 = ORIENTED_EDGE('',*,*,#3053,.F.);
#3053 = EDGE_CURVE('',#2714,#3054,#3056,.T.);
#3054 = VERTEX_POINT('',#3055);
#3055 = CARTESIAN_POINT('',(21.,-44.,172.));
#3056 = SURFACE_CURVE('',#3057,(#3061,#3068),.PCURVE_S1.);
#3057 = LINE('',#3058,#3059);
#3058 = CARTESIAN_POINT('',(21.,-44.,130.));
#3059 = VECTOR('',#3060,1.);
#3060 = DIRECTION('',(0.,0.,1.));
#3061 = PCURVE('',#2416,#3062);
#3062 = DEFINITIONAL_REPRESENTATION('',(#3063),#3067);
#3063 = LINE('',#3064,#3065);
#3064 = CARTESIAN_POINT('',(0.,0.));
#3065 = VECTOR('',#3066,1.);
#3066 = DIRECTION('',(1.,0.));
#3067 = ( GEOMETRIC_REPRESENTATION_CONTEXT(2) 
PARAMETRIC_REPRESENTATION_CONTEXT() REPRESENTATION_CONTEXT('2D SPACE',''
  ) );
#3068 = PCURVE('',#2761,#3069);
#3069 = DEFINITIONAL_REPRESENTATION('',(#3070),#3074);
#3070 = LINE('',#3071,#3072);
#3071 = CARTESIAN_POINT('',(0.,0.));
#3072 = VECTOR('',#3073,1.);
#3073 = DIRECTION('',(1.,0.));
#3074 = ( GEOMETRIC_REPRESENTATION_CONTEXT(2) 
PARAMETRIC_REPRESENTATION_CONTEXT() REPRESENTATION_CONTEXT('2D SPACE',''
  ) );
#3075 = ORIENTED_EDGE('',*,*,#2713,.F.);
#3076 = ORIENTED_EDGE('',*,*,#2400,.T.);
#3077 = ORIENTED_EDGE('',*,*,#2987,.T.);
#3078 = ORIENTED_EDGE('',*,*,#2478,.F.);
#3079 = ORIENTED_EDGE('',*,*,#2881,.F.);
#3080 = ORIENTED_EDGE('',*,*,#3081,.T.);
#3081 = EDGE_CURVE('',#2850,#3082,#3084,.T.);
#3082 = VERTEX_POINT('',#3083);
#3083 = CARTESIAN_POINT('',(21.,-2.,172.));
#3084 = SURFACE_CURVE('',#3085,(#3089,#3096),.PCURVE_S1.);
#3085 = LINE('',#3086,#3087);
#3086 = CARTESIAN_POINT('',(21.,-2.,130.));
#3087 = VECTOR('',#3088,1.);
#3088 = DIRECTION('',(0.,0.,1.));
#3089 = PCURVE('',#2416,#3090);
#3090 = DEFINITIONAL_REPRESENTATION('',(#3091),#3095);
#3091 = LINE('',#3092,#3093);
#3092 = CARTESIAN_POINT('',(0.,-42.));
#3093 = VECTOR('',#3094,1.);
#3094 = DIRECTION('',(1.,0.));
#3095 = ( GEOMETRIC_REPRESENTATION_CONTEXT(2) 
PARAMETRIC_REPRESENTATION_CONTEXT() REPRESENTATION_CONTEXT('2D SPACE',''
  ) );
#3096 = PCURVE('',#2869,#3097);
#3097 = DEFINITIONAL_REPRESENTATION('',(#3098),#3102);
#3098 = LINE('',#3099,#3100);
#3099 = CARTESIAN_POINT('',(0.,0.));
#3100 = VECTOR('',#3101,1.);
#3101 = DIRECTION('',(1.,0.));
#3102 = ( GEOMETRIC_REPRESENTATION_CONTEXT(2) 
PARAMETRIC_REPRESENTATION_CONTEXT() REPRESENTATION_CONTEXT('2D SPACE',''
  ) );
#3103 = ORIENTED_EDGE('',*,*,#3104,.F.);
#3104 = EDGE_CURVE('',#3054,#3082,#3105,.T.);
#3105 = SURFACE_CURVE('',#3106,(#3110,#3117),.PCURVE_S1.);
#3106 = LINE('',#3107,#3108);
#3107 = CARTESIAN_POINT('',(21.,-44.,172.));
#3108 = VECTOR('',#3109,1.);
#3109 = DIRECTION('',(0.,1.,0.));
#3110 = PCURVE('',#2416,#3111);
#3111 = DEFINITIONAL_REPRESENTATION('',(#3112),#3116);
#3112 = LINE('',#3113,#3114);
#3113 = CARTESIAN_POINT('',(42.,0.));
#3114 = VECTOR('',#3115,1.);
#3115 = DIRECTION('',(0.,-1.));
#3116 = ( GEOMETRIC_REPRESENTATION_CONTEXT(2) 
PARAMETRIC_REPRESENTATION_CONTEXT() REPRESENTATION_CONTEXT('2D SPACE',''
  ) );
#3117 = PCURVE('',#2790,#3118);
#3118 = DEFINITIONAL_REPRESENTATION('',(#3119),#3123);
#3119 = LINE('',#3120,#3121);
#3120 = CARTESIAN_POINT('',(0.,0.));
#3121 = VECTOR('',#3122,1.);
#3122 = DIRECTION('',(0.,1.));
#3123 = ( GEOMETRIC_REPRESENTATION_CONTEXT(2) 
PARAMETRIC_REPRESENTATION_CONTEXT() REPRESENTATION_CONTEXT('2D SPACE',''
  ) );
#3124 = ADVANCED_FACE('',(#3125),#2649,.F.);
#3125 = FACE_BOUND('',#3126,.F.);
#3126 = EDGE_LOOP('',(#3127,#3128,#3129));
#3127 = ORIENTED_EDGE('',*,*,#2961,.T.);
#3128 = ORIENTED_EDGE('',*,*,#3022,.F.);
#3129 = ORIENTED_EDGE('',*,*,#2632,.T.);
#3130 = ADVANCED_FACE('',(#3131),#2869,.T.);
#3131 = FACE_BOUND('',#3132,.T.);
#3132 = EDGE_LOOP('',(#3133,#3134,#3135));
#3133 = ORIENTED_EDGE('',*,*,#2849,.F.);
#3134 = ORIENTED_EDGE('',*,*,#3081,.T.);
#3135 = ORIENTED_EDGE('',*,*,#3136,.T.);
#3136 = EDGE_CURVE('',#3082,#2826,#3137,.T.);
#3137 = SURFACE_CURVE('',#3138,(#3142,#3149),.PCURVE_S1.);
#3138 = LINE('',#3139,#3140);
#3139 = CARTESIAN_POINT('',(21.,-2.,172.));
#3140 = VECTOR('',#3141,1.);
#3141 = DIRECTION('',(1.,0.,0.));
#3142 = PCURVE('',#2869,#3143);
#3143 = DEFINITIONAL_REPRESENTATION('',(#3144),#3148);
#3144 = LINE('',#3145,#3146);
#3145 = CARTESIAN_POINT('',(42.,0.));
#3146 = VECTOR('',#3147,1.);
#3147 = DIRECTION('',(0.,1.));
#3148 = ( GEOMETRIC_REPRESENTATION_CONTEXT(2) 
PARAMETRIC_REPRESENTATION_CONTEXT() REPRESENTATION_CONTEXT('2D SPACE',''
  ) );
#3149 = PCURVE('',#2790,#3150);
#3150 = DEFINITIONAL_REPRESENTATION('',(#3151),#3155);
#3151 = LINE('',#3152,#3153);
#3152 = CARTESIAN_POINT('',(0.,42.));
#3153 = VECTOR('',#3154,1.);
#3154 = DIRECTION('',(1.,0.));
#3155 = ( GEOMETRIC_REPRESENTATION_CONTEXT(2) 
PARAMETRIC_REPRESENTATION_CONTEXT() REPRESENTATION_CONTEXT('2D SPACE',''
  ) );
#3156 = ADVANCED_FACE('',(#3157),#2790,.T.);
#3157 = FACE_BOUND('',#3158,.T.);
#3158 = EDGE_LOOP('',(#3159,#3160,#3161,#3182,#3183));
#3159 = ORIENTED_EDGE('',*,*,#3136,.F.);
#3160 = ORIENTED_EDGE('',*,*,#3104,.F.);
#3161 = ORIENTED_EDGE('',*,*,#3162,.T.);
#3162 = EDGE_CURVE('',#3054,#2742,#3163,.T.);
#3163 = SURFACE_CURVE('',#3164,(#3168,#3175),.PCURVE_S1.);
#3164 = LINE('',#3165,#3166);
#3165 = CARTESIAN_POINT('',(21.,-44.,172.));
#3166 = VECTOR('',#3167,1.);
#3167 = DIRECTION('',(1.,0.,0.));
#3168 = PCURVE('',#2790,#3169);
#3169 = DEFINITIONAL_REPRESENTATION('',(#3170),#3174);
#3170 = LINE('',#3171,#3172);
#3171 = CARTESIAN_POINT('',(0.,0.));
#3172 = VECTOR('',#3173,1.);
#3173 = DIRECTION('',(1.,0.));
#3174 = ( GEOMETRIC_REPRESENTATION_CONTEXT(2) 
PARAMETRIC_REPRESENTATION_CONTEXT() REPRESENTATION_CONTEXT('2D SPACE',''
  ) );
#3175 = PCURVE('',#2761,#3176);
#3176 = DEFINITIONAL_REPRESENTATION('',(#3177),#3181);
#3177 = LINE('',#3178,#3179);
#3178 = CARTESIAN_POINT('',(42.,0.));
#3179 = VECTOR('',#3180,1.);
#3180 = DIRECTION('',(0.,1.));
#3181 = ( GEOMETRIC_REPRESENTATION_CONTEXT(2) 
PARAMETRIC_REPRESENTATION_CONTEXT() REPRESENTATION_CONTEXT('2D SPACE',''
  ) );
#3182 = ORIENTED_EDGE('',*,*,#2773,.T.);
#3183 = ORIENTED_EDGE('',*,*,#2825,.T.);
#3184 = ADVANCED_FACE('',(#3185),#2761,.F.);
#3185 = FACE_BOUND('',#3186,.F.);
#3186 = EDGE_LOOP('',(#3187,#3188,#3189));
#3187 = ORIENTED_EDGE('',*,*,#2741,.F.);
#3188 = ORIENTED_EDGE('',*,*,#3053,.T.);
#3189 = ORIENTED_EDGE('',*,*,#3162,.T.);
#3190 = ( GEOMETRIC_REPRESENTATION_CONTEXT(3) 
GLOBAL_UNCERTAINTY_ASSIGNED_CONTEXT((#3194)) 
GLOBAL_UNIT_ASSIGNED_CONTEXT((#3191,#3192,#3193)) REPRESENTATION_CONTEXT
('Context #1','3D Context with UNIT and UNCERTAINTY') );
#3191 = ( LENGTH_UNIT() NAMED_UNIT(*) SI_UNIT(.MILLI.,.METRE.) );
#3192 = ( NAMED_UNIT(*) PLANE_ANGLE_UNIT() SI_UNIT($,.RADIAN.) );
#3193 = ( NAMED_UNIT(*) SI_UNIT($,.STERADIAN.) SOLID_ANGLE_UNIT() );
#3194 = UNCERTAINTY_MEASURE_WITH_UNIT(LENGTH_MEASURE(1.E-07),#3191,
  'distance_accuracy_value','confusion accuracy');
#3195 = PRODUCT_RELATED_PRODUCT_CATEGORY('part',$,(#7));
ENDSEC;
END-ISO-10303-21;
