ISO-10303-21;
HEADER;
FILE_DESCRIPTION(('Open CASCADE Model'),'2;1');
FILE_NAME('Open CASCADE Shape Model','2026-10-10T17:22:52',('Author'),(
    'Open CASCADE'),'Open CASCADE STEP processor 7.9','Open CASCADE 7.9'
  ,'Unknown');
FILE_SCHEMA(('AUTOMOTIVE_DESIGN { 1 0 10303 214 1 1 1 1 }'));
ENDSEC;
DATA;
#1 = APPLICATION_PROTOCOL_DEFINITION('international standard',
  'automotive_design',2000,#2);
#2 = APPLICATION_CONTEXT(
  'core data for automotive mechanical design processes');
#3 = SHAPE_DEFINITION_REPRESENTATION(#4,#10);
#4 = PRODUCT_DEFINITION_SHAPE('','',#5);
#5 = PRODUCT_DEFINITION('design','',#6,#9);
#6 = PRODUCT_DEFINITION_FORMATION('','',#7);
#7 = PRODUCT('OpenManipulatorX_Arm','OpenManipulatorX_Arm','',(#8));
#8 = PRODUCT_CONTEXT('',#2,'mechanical');
#9 = PRODUCT_DEFINITION_CONTEXT('part definition',#2,'design');
#10 = SHAPE_REPRESENTATION('',(#11,#15,#19,#23,#27,#31,#35,#39,#43,#47,
    #51,#55),#59);
#11 = AXIS2_PLACEMENT_3D('',#12,#13,#14);
#12 = CARTESIAN_POINT('',(0.,0.,0.));
#13 = DIRECTION('',(0.,0.,1.));
#14 = DIRECTION('',(1.,0.,-0.));
#15 = AXIS2_PLACEMENT_3D('',#16,#17,#18);
#16 = CARTESIAN_POINT('',(0.,0.,-20.));
#17 = DIRECTION('',(0.,0.,1.));
#18 = DIRECTION('',(1.,0.,-0.));
#19 = AXIS2_PLACEMENT_3D('',#20,#21,#22);
#20 = CARTESIAN_POINT('',(12.,0.,17.));
#21 = DIRECTION('',(-0.,0.,1.));
#22 = DIRECTION('',(1.110223024625E-16,-1.,0.));
#23 = AXIS2_PLACEMENT_3D('',#24,#25,#26);
#24 = CARTESIAN_POINT('',(12.,0.,17.));
#25 = DIRECTION('',(0.,0.,1.));
#26 = DIRECTION('',(1.,0.,-0.));
#27 = AXIS2_PLACEMENT_3D('',#28,#29,#30);
#28 = CARTESIAN_POINT('',(12.,0.,76.5));
#29 = DIRECTION('',(0.,1.,1.110223024625E-16));
#30 = DIRECTION('',(-1.,1.359631073447E-32,-1.224646799147E-16));
#31 = AXIS2_PLACEMENT_3D('',#32,#33,#34);
#32 = CARTESIAN_POINT('',(12.,0.,76.5));
#33 = DIRECTION('',(0.,0.,1.));
#34 = DIRECTION('',(1.,0.,-0.));
#35 = AXIS2_PLACEMENT_3D('',#36,#37,#38);
#36 = CARTESIAN_POINT('',(36.,0.,204.5));
#37 = DIRECTION('',(0.,1.,1.110223024625E-16));
#38 = DIRECTION('',(-1.,1.359631073447E-32,-1.224646799147E-16));
#39 = AXIS2_PLACEMENT_3D('',#40,#41,#42);
#40 = CARTESIAN_POINT('',(36.,0.,204.5));
#41 = DIRECTION('',(0.,0.,1.));
#42 = DIRECTION('',(1.,0.,-0.));
#43 = AXIS2_PLACEMENT_3D('',#44,#45,#46);
#44 = CARTESIAN_POINT('',(160.,0.,204.5));
#45 = DIRECTION('',(0.,1.,1.110223024625E-16));
#46 = DIRECTION('',(1.110223024625E-16,-1.110223024625E-16,1.));
#47 = AXIS2_PLACEMENT_3D('',#48,#49,#50);
#48 = CARTESIAN_POINT('',(160.,0.,204.5));
#49 = DIRECTION('',(0.,0.,1.));
#50 = DIRECTION('',(1.,0.,-0.));
#51 = AXIS2_PLACEMENT_3D('',#52,#53,#54);
#52 = CARTESIAN_POINT('',(241.7,21.,204.5));
#53 = DIRECTION('',(0.,0.,1.));
#54 = DIRECTION('',(1.,0.,-0.));
#55 = AXIS2_PLACEMENT_3D('',#56,#57,#58);
#56 = CARTESIAN_POINT('',(241.7,-21.,204.5));
#57 = DIRECTION('',(0.,-1.224646799147E-16,-1.));
#58 = DIRECTION('',(1.,0.,0.));
#59 = ( GEOMETRIC_REPRESENTATION_CONTEXT(3) 
GLOBAL_UNCERTAINTY_ASSIGNED_CONTEXT((#63)) GLOBAL_UNIT_ASSIGNED_CONTEXT(
(#60,#61,#62)) REPRESENTATION_CONTEXT('Context #1',
  '3D Context with UNIT and UNCERTAINTY') );
#60 = ( LENGTH_UNIT() NAMED_UNIT(*) SI_UNIT(.MILLI.,.METRE.) );
#61 = ( NAMED_UNIT(*) PLANE_ANGLE_UNIT() SI_UNIT($,.RADIAN.) );
#62 = ( NAMED_UNIT(*) SI_UNIT($,.STERADIAN.) SOLID_ANGLE_UNIT() );
#63 = UNCERTAINTY_MEASURE_WITH_UNIT(LENGTH_MEASURE(1.E-07),#60,
  'distance_accuracy_value','confusion accuracy');
#64 = PRODUCT_RELATED_PRODUCT_CATEGORY('part',$,(#7));
#65 = SHAPE_DEFINITION_REPRESENTATION(#66,#72);
#66 = PRODUCT_DEFINITION_SHAPE('','',#67);
#67 = PRODUCT_DEFINITION('design','',#68,#71);
#68 = PRODUCT_DEFINITION_FORMATION('','',#69);
#69 = PRODUCT('OMX_Base_Flange-1','OMX_Base_Flange-1','',(#70));
#70 = PRODUCT_CONTEXT('',#2,'mechanical');
#71 = PRODUCT_DEFINITION_CONTEXT('part definition',#2,'design');
#72 = ADVANCED_BREP_SHAPE_REPRESENTATION('',(#11,#73),#1091);
#73 = MANIFOLD_SOLID_BREP('',#74);
#74 = CLOSED_SHELL('',(#75,#195,#535,#585,#639,#868,#895,#922,#949,#976,
    #983,#1010,#1037,#1064));
#75 = ADVANCED_FACE('',(#76),#90,.F.);
#76 = FACE_BOUND('',#77,.F.);
#77 = EDGE_LOOP('',(#78,#113,#141,#169));
#78 = ORIENTED_EDGE('',*,*,#79,.F.);
#79 = EDGE_CURVE('',#80,#82,#84,.T.);
#80 = VERTEX_POINT('',#81);
#81 = CARTESIAN_POINT('',(-30.,-20.,3.));
#82 = VERTEX_POINT('',#83);
#83 = CARTESIAN_POINT('',(-30.,20.,3.));
#84 = SURFACE_CURVE('',#85,(#89,#101),.PCURVE_S1.);
#85 = LINE('',#86,#87);
#86 = CARTESIAN_POINT('',(-30.,-25.,3.));
#87 = VECTOR('',#88,1.);
#88 = DIRECTION('',(0.,1.,0.));
#89 = PCURVE('',#90,#95);
#90 = PLANE('',#91);
#91 = AXIS2_PLACEMENT_3D('',#92,#93,#94);
#92 = CARTESIAN_POINT('',(-30.,-25.,0.));
#93 = DIRECTION('',(1.,0.,0.));
#94 = DIRECTION('',(0.,0.,1.));
#95 = DEFINITIONAL_REPRESENTATION('',(#96),#100);
#96 = LINE('',#97,#98);
#97 = CARTESIAN_POINT('',(3.,0.));
#98 = VECTOR('',#99,1.);
#99 = DIRECTION('',(0.,-1.));
#100 = ( GEOMETRIC_REPRESENTATION_CONTEXT(2) 
PARAMETRIC_REPRESENTATION_CONTEXT() REPRESENTATION_CONTEXT('2D SPACE',''
  ) );
#101 = PCURVE('',#102,#107);
#102 = PLANE('',#103);
#103 = AXIS2_PLACEMENT_3D('',#104,#105,#106);
#104 = CARTESIAN_POINT('',(-30.,-25.,3.));
#105 = DIRECTION('',(0.,0.,1.));
#106 = DIRECTION('',(1.,0.,0.));
#107 = DEFINITIONAL_REPRESENTATION('',(#108),#112);
#108 = LINE('',#109,#110);
#109 = CARTESIAN_POINT('',(0.,0.));
#110 = VECTOR('',#111,1.);
#111 = DIRECTION('',(0.,1.));
#112 = ( GEOMETRIC_REPRESENTATION_CONTEXT(2) 
PARAMETRIC_REPRESENTATION_CONTEXT() REPRESENTATION_CONTEXT('2D SPACE',''
  ) );
#113 = ORIENTED_EDGE('',*,*,#114,.F.);
#114 = EDGE_CURVE('',#115,#80,#117,.T.);
#115 = VERTEX_POINT('',#116);
#116 = CARTESIAN_POINT('',(-30.,-20.,0.));
#117 = SURFACE_CURVE('',#118,(#122,#129),.PCURVE_S1.);
#118 = LINE('',#119,#120);
#119 = CARTESIAN_POINT('',(-30.,-20.,0.));
#120 = VECTOR('',#121,1.);
#121 = DIRECTION('',(0.,0.,1.));
#122 = PCURVE('',#90,#123);
#123 = DEFINITIONAL_REPRESENTATION('',(#124),#128);
#124 = LINE('',#125,#126);
#125 = CARTESIAN_POINT('',(0.,-5.));
#126 = VECTOR('',#127,1.);
#127 = DIRECTION('',(1.,0.));
#128 = ( GEOMETRIC_REPRESENTATION_CONTEXT(2) 
PARAMETRIC_REPRESENTATION_CONTEXT() REPRESENTATION_CONTEXT('2D SPACE',''
  ) );
#129 = PCURVE('',#130,#135);
#130 = CYLINDRICAL_SURFACE('',#131,5.);
#131 = AXIS2_PLACEMENT_3D('',#132,#133,#134);
#132 = CARTESIAN_POINT('',(-25.,-20.,0.));
#133 = DIRECTION('',(0.,0.,1.));
#134 = DIRECTION('',(-1.,-0.,0.));
#135 = DEFINITIONAL_REPRESENTATION('',(#136),#140);
#136 = LINE('',#137,#138);
#137 = CARTESIAN_POINT('',(0.,0.));
#138 = VECTOR('',#139,1.);
#139 = DIRECTION('',(0.,1.));
#140 = ( GEOMETRIC_REPRESENTATION_CONTEXT(2) 
PARAMETRIC_REPRESENTATION_CONTEXT() REPRESENTATION_CONTEXT('2D SPACE',''
  ) );
#141 = ORIENTED_EDGE('',*,*,#142,.T.);
#142 = EDGE_CURVE('',#115,#143,#145,.T.);
#143 = VERTEX_POINT('',#144);
#144 = CARTESIAN_POINT('',(-30.,20.,0.));
#145 = SURFACE_CURVE('',#146,(#150,#157),.PCURVE_S1.);
#146 = LINE('',#147,#148);
#147 = CARTESIAN_POINT('',(-30.,-25.,0.));
#148 = VECTOR('',#149,1.);
#149 = DIRECTION('',(0.,1.,0.));
#150 = PCURVE('',#90,#151);
#151 = DEFINITIONAL_REPRESENTATION('',(#152),#156);
#152 = LINE('',#153,#154);
#153 = CARTESIAN_POINT('',(0.,0.));
#154 = VECTOR('',#155,1.);
#155 = DIRECTION('',(0.,-1.));
#156 = ( GEOMETRIC_REPRESENTATION_CONTEXT(2) 
PARAMETRIC_REPRESENTATION_CONTEXT() REPRESENTATION_CONTEXT('2D SPACE',''
  ) );
#157 = PCURVE('',#158,#163);
#158 = PLANE('',#159);
#159 = AXIS2_PLACEMENT_3D('',#160,#161,#162);
#160 = CARTESIAN_POINT('',(-30.,-25.,0.));
#161 = DIRECTION('',(0.,0.,1.));
#162 = DIRECTION('',(1.,0.,0.));
#163 = DEFINITIONAL_REPRESENTATION('',(#164),#168);
#164 = LINE('',#165,#166);
#165 = CARTESIAN_POINT('',(0.,0.));
#166 = VECTOR('',#167,1.);
#167 = DIRECTION('',(0.,1.));
#168 = ( GEOMETRIC_REPRESENTATION_CONTEXT(2) 
PARAMETRIC_REPRESENTATION_CONTEXT() REPRESENTATION_CONTEXT('2D SPACE',''
  ) );
#169 = ORIENTED_EDGE('',*,*,#170,.T.);
#170 = EDGE_CURVE('',#143,#82,#171,.T.);
#171 = SURFACE_CURVE('',#172,(#176,#183),.PCURVE_S1.);
#172 = LINE('',#173,#174);
#173 = CARTESIAN_POINT('',(-30.,20.,0.));
#174 = VECTOR('',#175,1.);
#175 = DIRECTION('',(0.,0.,1.));
#176 = PCURVE('',#90,#177);
#177 = DEFINITIONAL_REPRESENTATION('',(#178),#182);
#178 = LINE('',#179,#180);
#179 = CARTESIAN_POINT('',(0.,-45.));
#180 = VECTOR('',#181,1.);
#181 = DIRECTION('',(1.,0.));
#182 = ( GEOMETRIC_REPRESENTATION_CONTEXT(2) 
PARAMETRIC_REPRESENTATION_CONTEXT() REPRESENTATION_CONTEXT('2D SPACE',''
  ) );
#183 = PCURVE('',#184,#189);
#184 = CYLINDRICAL_SURFACE('',#185,5.);
#185 = AXIS2_PLACEMENT_3D('',#186,#187,#188);
#186 = CARTESIAN_POINT('',(-25.,20.,0.));
#187 = DIRECTION('',(0.,0.,1.));
#188 = DIRECTION('',(-1.,-0.,0.));
#189 = DEFINITIONAL_REPRESENTATION('',(#190),#194);
#190 = LINE('',#191,#192);
#191 = CARTESIAN_POINT('',(-0.,0.));
#192 = VECTOR('',#193,1.);
#193 = DIRECTION('',(-0.,1.));
#194 = ( GEOMETRIC_REPRESENTATION_CONTEXT(2) 
PARAMETRIC_REPRESENTATION_CONTEXT() REPRESENTATION_CONTEXT('2D SPACE',''
  ) );
#195 = ADVANCED_FACE('',(#196,#395,#430,#465,#500),#102,.T.);
#196 = FACE_BOUND('',#197,.T.);
#197 = EDGE_LOOP('',(#198,#199,#223,#251,#284,#312,#341,#369));
#198 = ORIENTED_EDGE('',*,*,#79,.F.);
#199 = ORIENTED_EDGE('',*,*,#200,.T.);
#200 = EDGE_CURVE('',#80,#201,#203,.T.);
#201 = VERTEX_POINT('',#202);
#202 = CARTESIAN_POINT('',(-25.,-25.,3.));
#203 = SURFACE_CURVE('',#204,(#209,#216),.PCURVE_S1.);
#204 = CIRCLE('',#205,5.);
#205 = AXIS2_PLACEMENT_3D('',#206,#207,#208);
#206 = CARTESIAN_POINT('',(-25.,-20.,3.));
#207 = DIRECTION('',(0.,0.,1.));
#208 = DIRECTION('',(0.,-1.,0.));
#209 = PCURVE('',#102,#210);
#210 = DEFINITIONAL_REPRESENTATION('',(#211),#215);
#211 = CIRCLE('',#212,5.);
#212 = AXIS2_PLACEMENT_2D('',#213,#214);
#213 = CARTESIAN_POINT('',(5.,5.));
#214 = DIRECTION('',(0.,-1.));
#215 = ( GEOMETRIC_REPRESENTATION_CONTEXT(2) 
PARAMETRIC_REPRESENTATION_CONTEXT() REPRESENTATION_CONTEXT('2D SPACE',''
  ) );
#216 = PCURVE('',#130,#217);
#217 = DEFINITIONAL_REPRESENTATION('',(#218),#222);
#218 = LINE('',#219,#220);
#219 = CARTESIAN_POINT('',(-4.712388980385,3.));
#220 = VECTOR('',#221,1.);
#221 = DIRECTION('',(1.,0.));
#222 = ( GEOMETRIC_REPRESENTATION_CONTEXT(2) 
PARAMETRIC_REPRESENTATION_CONTEXT() REPRESENTATION_CONTEXT('2D SPACE',''
  ) );
#223 = ORIENTED_EDGE('',*,*,#224,.T.);
#224 = EDGE_CURVE('',#201,#225,#227,.T.);
#225 = VERTEX_POINT('',#226);
#226 = CARTESIAN_POINT('',(25.,-25.,3.));
#227 = SURFACE_CURVE('',#228,(#232,#239),.PCURVE_S1.);
#228 = LINE('',#229,#230);
#229 = CARTESIAN_POINT('',(-30.,-25.,3.));
#230 = VECTOR('',#231,1.);
#231 = DIRECTION('',(1.,0.,0.));
#232 = PCURVE('',#102,#233);
#233 = DEFINITIONAL_REPRESENTATION('',(#234),#238);
#234 = LINE('',#235,#236);
#235 = CARTESIAN_POINT('',(0.,0.));
#236 = VECTOR('',#237,1.);
#237 = DIRECTION('',(1.,0.));
#238 = ( GEOMETRIC_REPRESENTATION_CONTEXT(2) 
PARAMETRIC_REPRESENTATION_CONTEXT() REPRESENTATION_CONTEXT('2D SPACE',''
  ) );
#239 = PCURVE('',#240,#245);
#240 = PLANE('',#241);
#241 = AXIS2_PLACEMENT_3D('',#242,#243,#244);
#242 = CARTESIAN_POINT('',(-30.,-25.,0.));
#243 = DIRECTION('',(0.,1.,0.));
#244 = DIRECTION('',(0.,0.,1.));
#245 = DEFINITIONAL_REPRESENTATION('',(#246),#250);
#246 = LINE('',#247,#248);
#247 = CARTESIAN_POINT('',(3.,0.));
#248 = VECTOR('',#249,1.);
#249 = DIRECTION('',(0.,1.));
#250 = ( GEOMETRIC_REPRESENTATION_CONTEXT(2) 
PARAMETRIC_REPRESENTATION_CONTEXT() REPRESENTATION_CONTEXT('2D SPACE',''
  ) );
#251 = ORIENTED_EDGE('',*,*,#252,.F.);
#252 = EDGE_CURVE('',#253,#225,#255,.T.);
#253 = VERTEX_POINT('',#254);
#254 = CARTESIAN_POINT('',(30.,-20.,3.));
#255 = SURFACE_CURVE('',#256,(#261,#272),.PCURVE_S1.);
#256 = CIRCLE('',#257,5.);
#257 = AXIS2_PLACEMENT_3D('',#258,#259,#260);
#258 = CARTESIAN_POINT('',(25.,-20.,3.));
#259 = DIRECTION('',(-0.,-0.,-1.));
#260 = DIRECTION('',(0.,-1.,0.));
#261 = PCURVE('',#102,#262);
#262 = DEFINITIONAL_REPRESENTATION('',(#263),#271);
#263 = ( BOUNDED_CURVE() B_SPLINE_CURVE(2,(#264,#265,#266,#267,#268,#269
,#270),.UNSPECIFIED.,.T.,.F.) B_SPLINE_CURVE_WITH_KNOTS((1,2,2,2,2,1),(
    -2.094395102393,0.,2.094395102393,4.188790204786,6.28318530718,
8.377580409573),.UNSPECIFIED.) CURVE() GEOMETRIC_REPRESENTATION_ITEM() 
RATIONAL_B_SPLINE_CURVE((1.,0.5,1.,0.5,1.,0.5,1.)) REPRESENTATION_ITEM(
  '') );
#264 = CARTESIAN_POINT('',(55.,0.));
#265 = CARTESIAN_POINT('',(46.339745962156,0.));
#266 = CARTESIAN_POINT('',(50.669872981078,7.5));
#267 = CARTESIAN_POINT('',(55.,15.));
#268 = CARTESIAN_POINT('',(59.330127018922,7.5));
#269 = CARTESIAN_POINT('',(63.660254037844,7.993605777301E-15));
#270 = CARTESIAN_POINT('',(55.,0.));
#271 = ( GEOMETRIC_REPRESENTATION_CONTEXT(2) 
PARAMETRIC_REPRESENTATION_CONTEXT() REPRESENTATION_CONTEXT('2D SPACE',''
  ) );
#272 = PCURVE('',#273,#278);
#273 = CYLINDRICAL_SURFACE('',#274,5.);
#274 = AXIS2_PLACEMENT_3D('',#275,#276,#277);
#275 = CARTESIAN_POINT('',(25.,-20.,0.));
#276 = DIRECTION('',(0.,0.,1.));
#277 = DIRECTION('',(1.,0.,-0.));
#278 = DEFINITIONAL_REPRESENTATION('',(#279),#283);
#279 = LINE('',#280,#281);
#280 = CARTESIAN_POINT('',(4.712388980385,3.));
#281 = VECTOR('',#282,1.);
#282 = DIRECTION('',(-1.,0.));
#283 = ( GEOMETRIC_REPRESENTATION_CONTEXT(2) 
PARAMETRIC_REPRESENTATION_CONTEXT() REPRESENTATION_CONTEXT('2D SPACE',''
  ) );
#284 = ORIENTED_EDGE('',*,*,#285,.T.);
#285 = EDGE_CURVE('',#253,#286,#288,.T.);
#286 = VERTEX_POINT('',#287);
#287 = CARTESIAN_POINT('',(30.,20.,3.));
#288 = SURFACE_CURVE('',#289,(#293,#300),.PCURVE_S1.);
#289 = LINE('',#290,#291);
#290 = CARTESIAN_POINT('',(30.,-25.,3.));
#291 = VECTOR('',#292,1.);
#292 = DIRECTION('',(0.,1.,0.));
#293 = PCURVE('',#102,#294);
#294 = DEFINITIONAL_REPRESENTATION('',(#295),#299);
#295 = LINE('',#296,#297);
#296 = CARTESIAN_POINT('',(60.,0.));
#297 = VECTOR('',#298,1.);
#298 = DIRECTION('',(0.,1.));
#299 = ( GEOMETRIC_REPRESENTATION_CONTEXT(2) 
PARAMETRIC_REPRESENTATION_CONTEXT() REPRESENTATION_CONTEXT('2D SPACE',''
  ) );
#300 = PCURVE('',#301,#306);
#301 = PLANE('',#302);
#302 = AXIS2_PLACEMENT_3D('',#303,#304,#305);
#303 = CARTESIAN_POINT('',(30.,-25.,0.));
#304 = DIRECTION('',(1.,0.,0.));
#305 = DIRECTION('',(0.,0.,1.));
#306 = DEFINITIONAL_REPRESENTATION('',(#307),#311);
#307 = LINE('',#308,#309);
#308 = CARTESIAN_POINT('',(3.,0.));
#309 = VECTOR('',#310,1.);
#310 = DIRECTION('',(0.,-1.));
#311 = ( GEOMETRIC_REPRESENTATION_CONTEXT(2) 
PARAMETRIC_REPRESENTATION_CONTEXT() REPRESENTATION_CONTEXT('2D SPACE',''
  ) );
#312 = ORIENTED_EDGE('',*,*,#313,.T.);
#313 = EDGE_CURVE('',#286,#314,#316,.T.);
#314 = VERTEX_POINT('',#315);
#315 = CARTESIAN_POINT('',(25.,25.,3.));
#316 = SURFACE_CURVE('',#317,(#322,#329),.PCURVE_S1.);
#317 = CIRCLE('',#318,5.);
#318 = AXIS2_PLACEMENT_3D('',#319,#320,#321);
#319 = CARTESIAN_POINT('',(25.,20.,3.));
#320 = DIRECTION('',(0.,0.,1.));
#321 = DIRECTION('',(0.,-1.,0.));
#322 = PCURVE('',#102,#323);
#323 = DEFINITIONAL_REPRESENTATION('',(#324),#328);
#324 = CIRCLE('',#325,5.);
#325 = AXIS2_PLACEMENT_2D('',#326,#327);
#326 = CARTESIAN_POINT('',(55.,45.));
#327 = DIRECTION('',(0.,-1.));
#328 = ( GEOMETRIC_REPRESENTATION_CONTEXT(2) 
PARAMETRIC_REPRESENTATION_CONTEXT() REPRESENTATION_CONTEXT('2D SPACE',''
  ) );
#329 = PCURVE('',#330,#335);
#330 = CYLINDRICAL_SURFACE('',#331,5.);
#331 = AXIS2_PLACEMENT_3D('',#332,#333,#334);
#332 = CARTESIAN_POINT('',(25.,20.,0.));
#333 = DIRECTION('',(0.,0.,1.));
#334 = DIRECTION('',(1.,0.,-0.));
#335 = DEFINITIONAL_REPRESENTATION('',(#336),#340);
#336 = LINE('',#337,#338);
#337 = CARTESIAN_POINT('',(-1.570796326795,3.));
#338 = VECTOR('',#339,1.);
#339 = DIRECTION('',(1.,0.));
#340 = ( GEOMETRIC_REPRESENTATION_CONTEXT(2) 
PARAMETRIC_REPRESENTATION_CONTEXT() REPRESENTATION_CONTEXT('2D SPACE',''
  ) );
#341 = ORIENTED_EDGE('',*,*,#342,.F.);
#342 = EDGE_CURVE('',#343,#314,#345,.T.);
#343 = VERTEX_POINT('',#344);
#344 = CARTESIAN_POINT('',(-25.,25.,3.));
#345 = SURFACE_CURVE('',#346,(#350,#357),.PCURVE_S1.);
#346 = LINE('',#347,#348);
#347 = CARTESIAN_POINT('',(-30.,25.,3.));
#348 = VECTOR('',#349,1.);
#349 = DIRECTION('',(1.,0.,0.));
#350 = PCURVE('',#102,#351);
#351 = DEFINITIONAL_REPRESENTATION('',(#352),#356);
#352 = LINE('',#353,#354);
#353 = CARTESIAN_POINT('',(0.,50.));
#354 = VECTOR('',#355,1.);
#355 = DIRECTION('',(1.,0.));
#356 = ( GEOMETRIC_REPRESENTATION_CONTEXT(2) 
PARAMETRIC_REPRESENTATION_CONTEXT() REPRESENTATION_CONTEXT('2D SPACE',''
  ) );
#357 = PCURVE('',#358,#363);
#358 = PLANE('',#359);
#359 = AXIS2_PLACEMENT_3D('',#360,#361,#362);
#360 = CARTESIAN_POINT('',(-30.,25.,0.));
#361 = DIRECTION('',(0.,1.,0.));
#362 = DIRECTION('',(0.,0.,1.));
#363 = DEFINITIONAL_REPRESENTATION('',(#364),#368);
#364 = LINE('',#365,#366);
#365 = CARTESIAN_POINT('',(3.,0.));
#366 = VECTOR('',#367,1.);
#367 = DIRECTION('',(0.,1.));
#368 = ( GEOMETRIC_REPRESENTATION_CONTEXT(2) 
PARAMETRIC_REPRESENTATION_CONTEXT() REPRESENTATION_CONTEXT('2D SPACE',''
  ) );
#369 = ORIENTED_EDGE('',*,*,#370,.F.);
#370 = EDGE_CURVE('',#82,#343,#371,.T.);
#371 = SURFACE_CURVE('',#372,(#377,#388),.PCURVE_S1.);
#372 = CIRCLE('',#373,5.);
#373 = AXIS2_PLACEMENT_3D('',#374,#375,#376);
#374 = CARTESIAN_POINT('',(-25.,20.,3.));
#375 = DIRECTION('',(-0.,-0.,-1.));
#376 = DIRECTION('',(0.,-1.,0.));
#377 = PCURVE('',#102,#378);
#378 = DEFINITIONAL_REPRESENTATION('',(#379),#387);
#379 = ( BOUNDED_CURVE() B_SPLINE_CURVE(2,(#380,#381,#382,#383,#384,#385
,#386),.UNSPECIFIED.,.T.,.F.) B_SPLINE_CURVE_WITH_KNOTS((1,2,2,2,2,1),(
    -2.094395102393,0.,2.094395102393,4.188790204786,6.28318530718,
8.377580409573),.UNSPECIFIED.) CURVE() GEOMETRIC_REPRESENTATION_ITEM() 
RATIONAL_B_SPLINE_CURVE((1.,0.5,1.,0.5,1.,0.5,1.)) REPRESENTATION_ITEM(
  '') );
#380 = CARTESIAN_POINT('',(5.,40.));
#381 = CARTESIAN_POINT('',(-3.660254037844,40.));
#382 = CARTESIAN_POINT('',(0.669872981078,47.5));
#383 = CARTESIAN_POINT('',(5.,55.));
#384 = CARTESIAN_POINT('',(9.330127018922,47.5));
#385 = CARTESIAN_POINT('',(13.660254037844,40.));
#386 = CARTESIAN_POINT('',(5.,40.));
#387 = ( GEOMETRIC_REPRESENTATION_CONTEXT(2) 
PARAMETRIC_REPRESENTATION_CONTEXT() REPRESENTATION_CONTEXT('2D SPACE',''
  ) );
#388 = PCURVE('',#184,#389);
#389 = DEFINITIONAL_REPRESENTATION('',(#390),#394);
#390 = LINE('',#391,#392);
#391 = CARTESIAN_POINT('',(1.570796326795,3.));
#392 = VECTOR('',#393,1.);
#393 = DIRECTION('',(-1.,0.));
#394 = ( GEOMETRIC_REPRESENTATION_CONTEXT(2) 
PARAMETRIC_REPRESENTATION_CONTEXT() REPRESENTATION_CONTEXT('2D SPACE',''
  ) );
#395 = FACE_BOUND('',#396,.T.);
#396 = EDGE_LOOP('',(#397));
#397 = ORIENTED_EDGE('',*,*,#398,.T.);
#398 = EDGE_CURVE('',#399,#399,#401,.T.);
#399 = VERTEX_POINT('',#400);
#400 = CARTESIAN_POINT('',(-22.3,-19.,3.));
#401 = SURFACE_CURVE('',#402,(#407,#418),.PCURVE_S1.);
#402 = CIRCLE('',#403,1.7);
#403 = AXIS2_PLACEMENT_3D('',#404,#405,#406);
#404 = CARTESIAN_POINT('',(-24.,-19.,3.));
#405 = DIRECTION('',(0.,0.,-1.));
#406 = DIRECTION('',(1.,0.,0.));
#407 = PCURVE('',#102,#408);
#408 = DEFINITIONAL_REPRESENTATION('',(#409),#417);
#409 = ( BOUNDED_CURVE() B_SPLINE_CURVE(2,(#410,#411,#412,#413,#414,#415
,#416),.UNSPECIFIED.,.T.,.F.) B_SPLINE_CURVE_WITH_KNOTS((1,2,2,2,2,1),(
    -2.094395102393,0.,2.094395102393,4.188790204786,6.28318530718,
8.377580409573),.UNSPECIFIED.) CURVE() GEOMETRIC_REPRESENTATION_ITEM() 
RATIONAL_B_SPLINE_CURVE((1.,0.5,1.,0.5,1.,0.5,1.)) REPRESENTATION_ITEM(
  '') );
#410 = CARTESIAN_POINT('',(7.7,6.));
#411 = CARTESIAN_POINT('',(7.7,3.055513627133));
#412 = CARTESIAN_POINT('',(5.15,4.527756813566));
#413 = CARTESIAN_POINT('',(2.6,6.));
#414 = CARTESIAN_POINT('',(5.15,7.472243186434));
#415 = CARTESIAN_POINT('',(7.7,8.944486372867));
#416 = CARTESIAN_POINT('',(7.7,6.));
#417 = ( GEOMETRIC_REPRESENTATION_CONTEXT(2) 
PARAMETRIC_REPRESENTATION_CONTEXT() REPRESENTATION_CONTEXT('2D SPACE',''
  ) );
#418 = PCURVE('',#419,#424);
#419 = CYLINDRICAL_SURFACE('',#420,1.7);
#420 = AXIS2_PLACEMENT_3D('',#421,#422,#423);
#421 = CARTESIAN_POINT('',(-24.,-19.,0.));
#422 = DIRECTION('',(-0.,-0.,-1.));
#423 = DIRECTION('',(1.,0.,0.));
#424 = DEFINITIONAL_REPRESENTATION('',(#425),#429);
#425 = LINE('',#426,#427);
#426 = CARTESIAN_POINT('',(-6.28318530718,-3.));
#427 = VECTOR('',#428,1.);
#428 = DIRECTION('',(1.,-0.));
#429 = ( GEOMETRIC_REPRESENTATION_CONTEXT(2) 
PARAMETRIC_REPRESENTATION_CONTEXT() REPRESENTATION_CONTEXT('2D SPACE',''
  ) );
#430 = FACE_BOUND('',#431,.T.);
#431 = EDGE_LOOP('',(#432));
#432 = ORIENTED_EDGE('',*,*,#433,.T.);
#433 = EDGE_CURVE('',#434,#434,#436,.T.);
#434 = VERTEX_POINT('',#435);
#435 = CARTESIAN_POINT('',(25.7,-19.,3.));
#436 = SURFACE_CURVE('',#437,(#442,#453),.PCURVE_S1.);
#437 = CIRCLE('',#438,1.7);
#438 = AXIS2_PLACEMENT_3D('',#439,#440,#441);
#439 = CARTESIAN_POINT('',(24.,-19.,3.));
#440 = DIRECTION('',(0.,0.,-1.));
#441 = DIRECTION('',(1.,0.,0.));
#442 = PCURVE('',#102,#443);
#443 = DEFINITIONAL_REPRESENTATION('',(#444),#452);
#444 = ( BOUNDED_CURVE() B_SPLINE_CURVE(2,(#445,#446,#447,#448,#449,#450
,#451),.UNSPECIFIED.,.T.,.F.) B_SPLINE_CURVE_WITH_KNOTS((1,2,2,2,2,1),(
    -2.094395102393,0.,2.094395102393,4.188790204786,6.28318530718,
8.377580409573),.UNSPECIFIED.) CURVE() GEOMETRIC_REPRESENTATION_ITEM() 
RATIONAL_B_SPLINE_CURVE((1.,0.5,1.,0.5,1.,0.5,1.)) REPRESENTATION_ITEM(
  '') );
#445 = CARTESIAN_POINT('',(55.7,6.));
#446 = CARTESIAN_POINT('',(55.7,3.055513627133));
#447 = CARTESIAN_POINT('',(53.15,4.527756813566));
#448 = CARTESIAN_POINT('',(50.6,6.));
#449 = CARTESIAN_POINT('',(53.15,7.472243186434));
#450 = CARTESIAN_POINT('',(55.7,8.944486372867));
#451 = CARTESIAN_POINT('',(55.7,6.));
#452 = ( GEOMETRIC_REPRESENTATION_CONTEXT(2) 
PARAMETRIC_REPRESENTATION_CONTEXT() REPRESENTATION_CONTEXT('2D SPACE',''
  ) );
#453 = PCURVE('',#454,#459);
#454 = CYLINDRICAL_SURFACE('',#455,1.7);
#455 = AXIS2_PLACEMENT_3D('',#456,#457,#458);
#456 = CARTESIAN_POINT('',(24.,-19.,0.));
#457 = DIRECTION('',(-0.,-0.,-1.));
#458 = DIRECTION('',(1.,0.,0.));
#459 = DEFINITIONAL_REPRESENTATION('',(#460),#464);
#460 = LINE('',#461,#462);
#461 = CARTESIAN_POINT('',(-6.28318530718,-3.));
#462 = VECTOR('',#463,1.);
#463 = DIRECTION('',(1.,-0.));
#464 = ( GEOMETRIC_REPRESENTATION_CONTEXT(2) 
PARAMETRIC_REPRESENTATION_CONTEXT() REPRESENTATION_CONTEXT('2D SPACE',''
  ) );
#465 = FACE_BOUND('',#466,.T.);
#466 = EDGE_LOOP('',(#467));
#467 = ORIENTED_EDGE('',*,*,#468,.T.);
#468 = EDGE_CURVE('',#469,#469,#471,.T.);
#469 = VERTEX_POINT('',#470);
#470 = CARTESIAN_POINT('',(-22.3,19.,3.));
#471 = SURFACE_CURVE('',#472,(#477,#488),.PCURVE_S1.);
#472 = CIRCLE('',#473,1.7);
#473 = AXIS2_PLACEMENT_3D('',#474,#475,#476);
#474 = CARTESIAN_POINT('',(-24.,19.,3.));
#475 = DIRECTION('',(0.,0.,-1.));
#476 = DIRECTION('',(1.,0.,0.));
#477 = PCURVE('',#102,#478);
#478 = DEFINITIONAL_REPRESENTATION('',(#479),#487);
#479 = ( BOUNDED_CURVE() B_SPLINE_CURVE(2,(#480,#481,#482,#483,#484,#485
,#486),.UNSPECIFIED.,.T.,.F.) B_SPLINE_CURVE_WITH_KNOTS((1,2,2,2,2,1),(
    -2.094395102393,0.,2.094395102393,4.188790204786,6.28318530718,
8.377580409573),.UNSPECIFIED.) CURVE() GEOMETRIC_REPRESENTATION_ITEM() 
RATIONAL_B_SPLINE_CURVE((1.,0.5,1.,0.5,1.,0.5,1.)) REPRESENTATION_ITEM(
  '') );
#480 = CARTESIAN_POINT('',(7.7,44.));
#481 = CARTESIAN_POINT('',(7.7,41.055513627133));
#482 = CARTESIAN_POINT('',(5.15,42.527756813566));
#483 = CARTESIAN_POINT('',(2.6,44.));
#484 = CARTESIAN_POINT('',(5.15,45.472243186434));
#485 = CARTESIAN_POINT('',(7.7,46.944486372867));
#486 = CARTESIAN_POINT('',(7.7,44.));
#487 = ( GEOMETRIC_REPRESENTATION_CONTEXT(2) 
PARAMETRIC_REPRESENTATION_CONTEXT() REPRESENTATION_CONTEXT('2D SPACE',''
  ) );
#488 = PCURVE('',#489,#494);
#489 = CYLINDRICAL_SURFACE('',#490,1.7);
#490 = AXIS2_PLACEMENT_3D('',#491,#492,#493);
#491 = CARTESIAN_POINT('',(-24.,19.,0.));
#492 = DIRECTION('',(-0.,-0.,-1.));
#493 = DIRECTION('',(1.,0.,0.));
#494 = DEFINITIONAL_REPRESENTATION('',(#495),#499);
#495 = LINE('',#496,#497);
#496 = CARTESIAN_POINT('',(-6.28318530718,-3.));
#497 = VECTOR('',#498,1.);
#498 = DIRECTION('',(1.,-0.));
#499 = ( GEOMETRIC_REPRESENTATION_CONTEXT(2) 
PARAMETRIC_REPRESENTATION_CONTEXT() REPRESENTATION_CONTEXT('2D SPACE',''
  ) );
#500 = FACE_BOUND('',#501,.T.);
#501 = EDGE_LOOP('',(#502));
#502 = ORIENTED_EDGE('',*,*,#503,.T.);
#503 = EDGE_CURVE('',#504,#504,#506,.T.);
#504 = VERTEX_POINT('',#505);
#505 = CARTESIAN_POINT('',(25.7,19.,3.));
#506 = SURFACE_CURVE('',#507,(#512,#523),.PCURVE_S1.);
#507 = CIRCLE('',#508,1.7);
#508 = AXIS2_PLACEMENT_3D('',#509,#510,#511);
#509 = CARTESIAN_POINT('',(24.,19.,3.));
#510 = DIRECTION('',(0.,0.,-1.));
#511 = DIRECTION('',(1.,0.,0.));
#512 = PCURVE('',#102,#513);
#513 = DEFINITIONAL_REPRESENTATION('',(#514),#522);
#514 = ( BOUNDED_CURVE() B_SPLINE_CURVE(2,(#515,#516,#517,#518,#519,#520
,#521),.UNSPECIFIED.,.T.,.F.) B_SPLINE_CURVE_WITH_KNOTS((1,2,2,2,2,1),(
    -2.094395102393,0.,2.094395102393,4.188790204786,6.28318530718,
8.377580409573),.UNSPECIFIED.) CURVE() GEOMETRIC_REPRESENTATION_ITEM() 
RATIONAL_B_SPLINE_CURVE((1.,0.5,1.,0.5,1.,0.5,1.)) REPRESENTATION_ITEM(
  '') );
#515 = CARTESIAN_POINT('',(55.7,44.));
#516 = CARTESIAN_POINT('',(55.7,41.055513627133));
#517 = CARTESIAN_POINT('',(53.15,42.527756813566));
#518 = CARTESIAN_POINT('',(50.6,44.));
#519 = CARTESIAN_POINT('',(53.15,45.472243186434));
#520 = CARTESIAN_POINT('',(55.7,46.944486372867));
#521 = CARTESIAN_POINT('',(55.7,44.));
#522 = ( GEOMETRIC_REPRESENTATION_CONTEXT(2) 
PARAMETRIC_REPRESENTATION_CONTEXT() REPRESENTATION_CONTEXT('2D SPACE',''
  ) );
#523 = PCURVE('',#524,#529);
#524 = CYLINDRICAL_SURFACE('',#525,1.7);
#525 = AXIS2_PLACEMENT_3D('',#526,#527,#528);
#526 = CARTESIAN_POINT('',(24.,19.,0.));
#527 = DIRECTION('',(-0.,-0.,-1.));
#528 = DIRECTION('',(1.,0.,0.));
#529 = DEFINITIONAL_REPRESENTATION('',(#530),#534);
#530 = LINE('',#531,#532);
#531 = CARTESIAN_POINT('',(-6.28318530718,-3.));
#532 = VECTOR('',#533,1.);
#533 = DIRECTION('',(1.,-0.));
#534 = ( GEOMETRIC_REPRESENTATION_CONTEXT(2) 
PARAMETRIC_REPRESENTATION_CONTEXT() REPRESENTATION_CONTEXT('2D SPACE',''
  ) );
#535 = ADVANCED_FACE('',(#536),#130,.T.);
#536 = FACE_BOUND('',#537,.T.);
#537 = EDGE_LOOP('',(#538,#562,#583,#584));
#538 = ORIENTED_EDGE('',*,*,#539,.T.);
#539 = EDGE_CURVE('',#115,#540,#542,.T.);
#540 = VERTEX_POINT('',#541);
#541 = CARTESIAN_POINT('',(-25.,-25.,0.));
#542 = SURFACE_CURVE('',#543,(#548,#555),.PCURVE_S1.);
#543 = CIRCLE('',#544,5.);
#544 = AXIS2_PLACEMENT_3D('',#545,#546,#547);
#545 = CARTESIAN_POINT('',(-25.,-20.,0.));
#546 = DIRECTION('',(0.,0.,1.));
#547 = DIRECTION('',(0.,-1.,0.));
#548 = PCURVE('',#130,#549);
#549 = DEFINITIONAL_REPRESENTATION('',(#550),#554);
#550 = LINE('',#551,#552);
#551 = CARTESIAN_POINT('',(-4.712388980385,0.));
#552 = VECTOR('',#553,1.);
#553 = DIRECTION('',(1.,0.));
#554 = ( GEOMETRIC_REPRESENTATION_CONTEXT(2) 
PARAMETRIC_REPRESENTATION_CONTEXT() REPRESENTATION_CONTEXT('2D SPACE',''
  ) );
#555 = PCURVE('',#158,#556);
#556 = DEFINITIONAL_REPRESENTATION('',(#557),#561);
#557 = CIRCLE('',#558,5.);
#558 = AXIS2_PLACEMENT_2D('',#559,#560);
#559 = CARTESIAN_POINT('',(5.,5.));
#560 = DIRECTION('',(0.,-1.));
#561 = ( GEOMETRIC_REPRESENTATION_CONTEXT(2) 
PARAMETRIC_REPRESENTATION_CONTEXT() REPRESENTATION_CONTEXT('2D SPACE',''
  ) );
#562 = ORIENTED_EDGE('',*,*,#563,.T.);
#563 = EDGE_CURVE('',#540,#201,#564,.T.);
#564 = SURFACE_CURVE('',#565,(#569,#576),.PCURVE_S1.);
#565 = LINE('',#566,#567);
#566 = CARTESIAN_POINT('',(-25.,-25.,0.));
#567 = VECTOR('',#568,1.);
#568 = DIRECTION('',(0.,0.,1.));
#569 = PCURVE('',#130,#570);
#570 = DEFINITIONAL_REPRESENTATION('',(#571),#575);
#571 = LINE('',#572,#573);
#572 = CARTESIAN_POINT('',(1.570796326795,0.));
#573 = VECTOR('',#574,1.);
#574 = DIRECTION('',(0.,1.));
#575 = ( GEOMETRIC_REPRESENTATION_CONTEXT(2) 
PARAMETRIC_REPRESENTATION_CONTEXT() REPRESENTATION_CONTEXT('2D SPACE',''
  ) );
#576 = PCURVE('',#240,#577);
#577 = DEFINITIONAL_REPRESENTATION('',(#578),#582);
#578 = LINE('',#579,#580);
#579 = CARTESIAN_POINT('',(0.,5.));
#580 = VECTOR('',#581,1.);
#581 = DIRECTION('',(1.,0.));
#582 = ( GEOMETRIC_REPRESENTATION_CONTEXT(2) 
PARAMETRIC_REPRESENTATION_CONTEXT() REPRESENTATION_CONTEXT('2D SPACE',''
  ) );
#583 = ORIENTED_EDGE('',*,*,#200,.F.);
#584 = ORIENTED_EDGE('',*,*,#114,.F.);
#585 = ADVANCED_FACE('',(#586),#184,.T.);
#586 = FACE_BOUND('',#587,.F.);
#587 = EDGE_LOOP('',(#588,#616,#637,#638));
#588 = ORIENTED_EDGE('',*,*,#589,.T.);
#589 = EDGE_CURVE('',#143,#590,#592,.T.);
#590 = VERTEX_POINT('',#591);
#591 = CARTESIAN_POINT('',(-25.,25.,0.));
#592 = SURFACE_CURVE('',#593,(#598,#605),.PCURVE_S1.);
#593 = CIRCLE('',#594,5.);
#594 = AXIS2_PLACEMENT_3D('',#595,#596,#597);
#595 = CARTESIAN_POINT('',(-25.,20.,0.));
#596 = DIRECTION('',(-0.,-0.,-1.));
#597 = DIRECTION('',(0.,-1.,0.));
#598 = PCURVE('',#184,#599);
#599 = DEFINITIONAL_REPRESENTATION('',(#600),#604);
#600 = LINE('',#601,#602);
#601 = CARTESIAN_POINT('',(1.570796326795,-0.));
#602 = VECTOR('',#603,1.);
#603 = DIRECTION('',(-1.,0.));
#604 = ( GEOMETRIC_REPRESENTATION_CONTEXT(2) 
PARAMETRIC_REPRESENTATION_CONTEXT() REPRESENTATION_CONTEXT('2D SPACE',''
  ) );
#605 = PCURVE('',#158,#606);
#606 = DEFINITIONAL_REPRESENTATION('',(#607),#615);
#607 = ( BOUNDED_CURVE() B_SPLINE_CURVE(2,(#608,#609,#610,#611,#612,#613
,#614),.UNSPECIFIED.,.T.,.F.) B_SPLINE_CURVE_WITH_KNOTS((1,2,2,2,2,1),(
    -2.094395102393,0.,2.094395102393,4.188790204786,6.28318530718,
8.377580409573),.UNSPECIFIED.) CURVE() GEOMETRIC_REPRESENTATION_ITEM() 
RATIONAL_B_SPLINE_CURVE((1.,0.5,1.,0.5,1.,0.5,1.)) REPRESENTATION_ITEM(
  '') );
#608 = CARTESIAN_POINT('',(5.,40.));
#609 = CARTESIAN_POINT('',(-3.660254037844,40.));
#610 = CARTESIAN_POINT('',(0.669872981078,47.5));
#611 = CARTESIAN_POINT('',(5.,55.));
#612 = CARTESIAN_POINT('',(9.330127018922,47.5));
#613 = CARTESIAN_POINT('',(13.660254037844,40.));
#614 = CARTESIAN_POINT('',(5.,40.));
#615 = ( GEOMETRIC_REPRESENTATION_CONTEXT(2) 
PARAMETRIC_REPRESENTATION_CONTEXT() REPRESENTATION_CONTEXT('2D SPACE',''
  ) );
#616 = ORIENTED_EDGE('',*,*,#617,.T.);
#617 = EDGE_CURVE('',#590,#343,#618,.T.);
#618 = SURFACE_CURVE('',#619,(#623,#630),.PCURVE_S1.);
#619 = LINE('',#620,#621);
#620 = CARTESIAN_POINT('',(-25.,25.,0.));
#621 = VECTOR('',#622,1.);
#622 = DIRECTION('',(0.,0.,1.));
#623 = PCURVE('',#184,#624);
#624 = DEFINITIONAL_REPRESENTATION('',(#625),#629);
#625 = LINE('',#626,#627);
#626 = CARTESIAN_POINT('',(-1.570796326795,0.));
#627 = VECTOR('',#628,1.);
#628 = DIRECTION('',(-0.,1.));
#629 = ( GEOMETRIC_REPRESENTATION_CONTEXT(2) 
PARAMETRIC_REPRESENTATION_CONTEXT() REPRESENTATION_CONTEXT('2D SPACE',''
  ) );
#630 = PCURVE('',#358,#631);
#631 = DEFINITIONAL_REPRESENTATION('',(#632),#636);
#632 = LINE('',#633,#634);
#633 = CARTESIAN_POINT('',(0.,5.));
#634 = VECTOR('',#635,1.);
#635 = DIRECTION('',(1.,0.));
#636 = ( GEOMETRIC_REPRESENTATION_CONTEXT(2) 
PARAMETRIC_REPRESENTATION_CONTEXT() REPRESENTATION_CONTEXT('2D SPACE',''
  ) );
#637 = ORIENTED_EDGE('',*,*,#370,.F.);
#638 = ORIENTED_EDGE('',*,*,#170,.F.);
#639 = ADVANCED_FACE('',(#640,#764,#790,#816,#842),#158,.F.);
#640 = FACE_BOUND('',#641,.F.);
#641 = EDGE_LOOP('',(#642,#643,#644,#667,#695,#718,#742,#763));
#642 = ORIENTED_EDGE('',*,*,#142,.F.);
#643 = ORIENTED_EDGE('',*,*,#539,.T.);
#644 = ORIENTED_EDGE('',*,*,#645,.T.);
#645 = EDGE_CURVE('',#540,#646,#648,.T.);
#646 = VERTEX_POINT('',#647);
#647 = CARTESIAN_POINT('',(25.,-25.,0.));
#648 = SURFACE_CURVE('',#649,(#653,#660),.PCURVE_S1.);
#649 = LINE('',#650,#651);
#650 = CARTESIAN_POINT('',(-30.,-25.,0.));
#651 = VECTOR('',#652,1.);
#652 = DIRECTION('',(1.,0.,0.));
#653 = PCURVE('',#158,#654);
#654 = DEFINITIONAL_REPRESENTATION('',(#655),#659);
#655 = LINE('',#656,#657);
#656 = CARTESIAN_POINT('',(0.,0.));
#657 = VECTOR('',#658,1.);
#658 = DIRECTION('',(1.,0.));
#659 = ( GEOMETRIC_REPRESENTATION_CONTEXT(2) 
PARAMETRIC_REPRESENTATION_CONTEXT() REPRESENTATION_CONTEXT('2D SPACE',''
  ) );
#660 = PCURVE('',#240,#661);
#661 = DEFINITIONAL_REPRESENTATION('',(#662),#666);
#662 = LINE('',#663,#664);
#663 = CARTESIAN_POINT('',(0.,0.));
#664 = VECTOR('',#665,1.);
#665 = DIRECTION('',(0.,1.));
#666 = ( GEOMETRIC_REPRESENTATION_CONTEXT(2) 
PARAMETRIC_REPRESENTATION_CONTEXT() REPRESENTATION_CONTEXT('2D SPACE',''
  ) );
#667 = ORIENTED_EDGE('',*,*,#668,.F.);
#668 = EDGE_CURVE('',#669,#646,#671,.T.);
#669 = VERTEX_POINT('',#670);
#670 = CARTESIAN_POINT('',(30.,-20.,0.));
#671 = SURFACE_CURVE('',#672,(#677,#688),.PCURVE_S1.);
#672 = CIRCLE('',#673,5.);
#673 = AXIS2_PLACEMENT_3D('',#674,#675,#676);
#674 = CARTESIAN_POINT('',(25.,-20.,0.));
#675 = DIRECTION('',(-0.,-0.,-1.));
#676 = DIRECTION('',(0.,-1.,0.));
#677 = PCURVE('',#158,#678);
#678 = DEFINITIONAL_REPRESENTATION('',(#679),#687);
#679 = ( BOUNDED_CURVE() B_SPLINE_CURVE(2,(#680,#681,#682,#683,#684,#685
,#686),.UNSPECIFIED.,.T.,.F.) B_SPLINE_CURVE_WITH_KNOTS((1,2,2,2,2,1),(
    -2.094395102393,0.,2.094395102393,4.188790204786,6.28318530718,
8.377580409573),.UNSPECIFIED.) CURVE() GEOMETRIC_REPRESENTATION_ITEM() 
RATIONAL_B_SPLINE_CURVE((1.,0.5,1.,0.5,1.,0.5,1.)) REPRESENTATION_ITEM(
  '') );
#680 = CARTESIAN_POINT('',(55.,0.));
#681 = CARTESIAN_POINT('',(46.339745962156,0.));
#682 = CARTESIAN_POINT('',(50.669872981078,7.5));
#683 = CARTESIAN_POINT('',(55.,15.));
#684 = CARTESIAN_POINT('',(59.330127018922,7.5));
#685 = CARTESIAN_POINT('',(63.660254037844,7.993605777301E-15));
#686 = CARTESIAN_POINT('',(55.,0.));
#687 = ( GEOMETRIC_REPRESENTATION_CONTEXT(2) 
PARAMETRIC_REPRESENTATION_CONTEXT() REPRESENTATION_CONTEXT('2D SPACE',''
  ) );
#688 = PCURVE('',#273,#689);
#689 = DEFINITIONAL_REPRESENTATION('',(#690),#694);
#690 = LINE('',#691,#692);
#691 = CARTESIAN_POINT('',(4.712388980385,-0.));
#692 = VECTOR('',#693,1.);
#693 = DIRECTION('',(-1.,0.));
#694 = ( GEOMETRIC_REPRESENTATION_CONTEXT(2) 
PARAMETRIC_REPRESENTATION_CONTEXT() REPRESENTATION_CONTEXT('2D SPACE',''
  ) );
#695 = ORIENTED_EDGE('',*,*,#696,.T.);
#696 = EDGE_CURVE('',#669,#697,#699,.T.);
#697 = VERTEX_POINT('',#698);
#698 = CARTESIAN_POINT('',(30.,20.,0.));
#699 = SURFACE_CURVE('',#700,(#704,#711),.PCURVE_S1.);
#700 = LINE('',#701,#702);
#701 = CARTESIAN_POINT('',(30.,-25.,0.));
#702 = VECTOR('',#703,1.);
#703 = DIRECTION('',(0.,1.,0.));
#704 = PCURVE('',#158,#705);
#705 = DEFINITIONAL_REPRESENTATION('',(#706),#710);
#706 = LINE('',#707,#708);
#707 = CARTESIAN_POINT('',(60.,0.));
#708 = VECTOR('',#709,1.);
#709 = DIRECTION('',(0.,1.));
#710 = ( GEOMETRIC_REPRESENTATION_CONTEXT(2) 
PARAMETRIC_REPRESENTATION_CONTEXT() REPRESENTATION_CONTEXT('2D SPACE',''
  ) );
#711 = PCURVE('',#301,#712);
#712 = DEFINITIONAL_REPRESENTATION('',(#713),#717);
#713 = LINE('',#714,#715);
#714 = CARTESIAN_POINT('',(0.,0.));
#715 = VECTOR('',#716,1.);
#716 = DIRECTION('',(0.,-1.));
#717 = ( GEOMETRIC_REPRESENTATION_CONTEXT(2) 
PARAMETRIC_REPRESENTATION_CONTEXT() REPRESENTATION_CONTEXT('2D SPACE',''
  ) );
#718 = ORIENTED_EDGE('',*,*,#719,.T.);
#719 = EDGE_CURVE('',#697,#720,#722,.T.);
#720 = VERTEX_POINT('',#721);
#721 = CARTESIAN_POINT('',(25.,25.,0.));
#722 = SURFACE_CURVE('',#723,(#728,#735),.PCURVE_S1.);
#723 = CIRCLE('',#724,5.);
#724 = AXIS2_PLACEMENT_3D('',#725,#726,#727);
#725 = CARTESIAN_POINT('',(25.,20.,0.));
#726 = DIRECTION('',(0.,0.,1.));
#727 = DIRECTION('',(0.,-1.,0.));
#728 = PCURVE('',#158,#729);
#729 = DEFINITIONAL_REPRESENTATION('',(#730),#734);
#730 = CIRCLE('',#731,5.);
#731 = AXIS2_PLACEMENT_2D('',#732,#733);
#732 = CARTESIAN_POINT('',(55.,45.));
#733 = DIRECTION('',(0.,-1.));
#734 = ( GEOMETRIC_REPRESENTATION_CONTEXT(2) 
PARAMETRIC_REPRESENTATION_CONTEXT() REPRESENTATION_CONTEXT('2D SPACE',''
  ) );
#735 = PCURVE('',#330,#736);
#736 = DEFINITIONAL_REPRESENTATION('',(#737),#741);
#737 = LINE('',#738,#739);
#738 = CARTESIAN_POINT('',(-1.570796326795,0.));
#739 = VECTOR('',#740,1.);
#740 = DIRECTION('',(1.,0.));
#741 = ( GEOMETRIC_REPRESENTATION_CONTEXT(2) 
PARAMETRIC_REPRESENTATION_CONTEXT() REPRESENTATION_CONTEXT('2D SPACE',''
  ) );
#742 = ORIENTED_EDGE('',*,*,#743,.F.);
#743 = EDGE_CURVE('',#590,#720,#744,.T.);
#744 = SURFACE_CURVE('',#745,(#749,#756),.PCURVE_S1.);
#745 = LINE('',#746,#747);
#746 = CARTESIAN_POINT('',(-30.,25.,0.));
#747 = VECTOR('',#748,1.);
#748 = DIRECTION('',(1.,0.,0.));
#749 = PCURVE('',#158,#750);
#750 = DEFINITIONAL_REPRESENTATION('',(#751),#755);
#751 = LINE('',#752,#753);
#752 = CARTESIAN_POINT('',(0.,50.));
#753 = VECTOR('',#754,1.);
#754 = DIRECTION('',(1.,0.));
#755 = ( GEOMETRIC_REPRESENTATION_CONTEXT(2) 
PARAMETRIC_REPRESENTATION_CONTEXT() REPRESENTATION_CONTEXT('2D SPACE',''
  ) );
#756 = PCURVE('',#358,#757);
#757 = DEFINITIONAL_REPRESENTATION('',(#758),#762);
#758 = LINE('',#759,#760);
#759 = CARTESIAN_POINT('',(0.,0.));
#760 = VECTOR('',#761,1.);
#761 = DIRECTION('',(0.,1.));
#762 = ( GEOMETRIC_REPRESENTATION_CONTEXT(2) 
PARAMETRIC_REPRESENTATION_CONTEXT() REPRESENTATION_CONTEXT('2D SPACE',''
  ) );
#763 = ORIENTED_EDGE('',*,*,#589,.F.);
#764 = FACE_BOUND('',#765,.F.);
#765 = EDGE_LOOP('',(#766));
#766 = ORIENTED_EDGE('',*,*,#767,.F.);
#767 = EDGE_CURVE('',#768,#768,#770,.T.);
#768 = VERTEX_POINT('',#769);
#769 = CARTESIAN_POINT('',(-22.3,-19.,0.));
#770 = SURFACE_CURVE('',#771,(#776,#783),.PCURVE_S1.);
#771 = CIRCLE('',#772,1.7);
#772 = AXIS2_PLACEMENT_3D('',#773,#774,#775);
#773 = CARTESIAN_POINT('',(-24.,-19.,0.));
#774 = DIRECTION('',(0.,0.,1.));
#775 = DIRECTION('',(1.,0.,0.));
#776 = PCURVE('',#158,#777);
#777 = DEFINITIONAL_REPRESENTATION('',(#778),#782);
#778 = CIRCLE('',#779,1.7);
#779 = AXIS2_PLACEMENT_2D('',#780,#781);
#780 = CARTESIAN_POINT('',(6.,6.));
#781 = DIRECTION('',(1.,0.));
#782 = ( GEOMETRIC_REPRESENTATION_CONTEXT(2) 
PARAMETRIC_REPRESENTATION_CONTEXT() REPRESENTATION_CONTEXT('2D SPACE',''
  ) );
#783 = PCURVE('',#419,#784);
#784 = DEFINITIONAL_REPRESENTATION('',(#785),#789);
#785 = LINE('',#786,#787);
#786 = CARTESIAN_POINT('',(-0.,0.));
#787 = VECTOR('',#788,1.);
#788 = DIRECTION('',(-1.,0.));
#789 = ( GEOMETRIC_REPRESENTATION_CONTEXT(2) 
PARAMETRIC_REPRESENTATION_CONTEXT() REPRESENTATION_CONTEXT('2D SPACE',''
  ) );
#790 = FACE_BOUND('',#791,.F.);
#791 = EDGE_LOOP('',(#792));
#792 = ORIENTED_EDGE('',*,*,#793,.F.);
#793 = EDGE_CURVE('',#794,#794,#796,.T.);
#794 = VERTEX_POINT('',#795);
#795 = CARTESIAN_POINT('',(25.7,-19.,0.));
#796 = SURFACE_CURVE('',#797,(#802,#809),.PCURVE_S1.);
#797 = CIRCLE('',#798,1.7);
#798 = AXIS2_PLACEMENT_3D('',#799,#800,#801);
#799 = CARTESIAN_POINT('',(24.,-19.,0.));
#800 = DIRECTION('',(0.,0.,1.));
#801 = DIRECTION('',(1.,0.,0.));
#802 = PCURVE('',#158,#803);
#803 = DEFINITIONAL_REPRESENTATION('',(#804),#808);
#804 = CIRCLE('',#805,1.7);
#805 = AXIS2_PLACEMENT_2D('',#806,#807);
#806 = CARTESIAN_POINT('',(54.,6.));
#807 = DIRECTION('',(1.,0.));
#808 = ( GEOMETRIC_REPRESENTATION_CONTEXT(2) 
PARAMETRIC_REPRESENTATION_CONTEXT() REPRESENTATION_CONTEXT('2D SPACE',''
  ) );
#809 = PCURVE('',#454,#810);
#810 = DEFINITIONAL_REPRESENTATION('',(#811),#815);
#811 = LINE('',#812,#813);
#812 = CARTESIAN_POINT('',(-0.,0.));
#813 = VECTOR('',#814,1.);
#814 = DIRECTION('',(-1.,0.));
#815 = ( GEOMETRIC_REPRESENTATION_CONTEXT(2) 
PARAMETRIC_REPRESENTATION_CONTEXT() REPRESENTATION_CONTEXT('2D SPACE',''
  ) );
#816 = FACE_BOUND('',#817,.F.);
#817 = EDGE_LOOP('',(#818));
#818 = ORIENTED_EDGE('',*,*,#819,.F.);
#819 = EDGE_CURVE('',#820,#820,#822,.T.);
#820 = VERTEX_POINT('',#821);
#821 = CARTESIAN_POINT('',(-22.3,19.,0.));
#822 = SURFACE_CURVE('',#823,(#828,#835),.PCURVE_S1.);
#823 = CIRCLE('',#824,1.7);
#824 = AXIS2_PLACEMENT_3D('',#825,#826,#827);
#825 = CARTESIAN_POINT('',(-24.,19.,0.));
#826 = DIRECTION('',(0.,0.,1.));
#827 = DIRECTION('',(1.,0.,0.));
#828 = PCURVE('',#158,#829);
#829 = DEFINITIONAL_REPRESENTATION('',(#830),#834);
#830 = CIRCLE('',#831,1.7);
#831 = AXIS2_PLACEMENT_2D('',#832,#833);
#832 = CARTESIAN_POINT('',(6.,44.));
#833 = DIRECTION('',(1.,0.));
#834 = ( GEOMETRIC_REPRESENTATION_CONTEXT(2) 
PARAMETRIC_REPRESENTATION_CONTEXT() REPRESENTATION_CONTEXT('2D SPACE',''
  ) );
#835 = PCURVE('',#489,#836);
#836 = DEFINITIONAL_REPRESENTATION('',(#837),#841);
#837 = LINE('',#838,#839);
#838 = CARTESIAN_POINT('',(-0.,0.));
#839 = VECTOR('',#840,1.);
#840 = DIRECTION('',(-1.,0.));
#841 = ( GEOMETRIC_REPRESENTATION_CONTEXT(2) 
PARAMETRIC_REPRESENTATION_CONTEXT() REPRESENTATION_CONTEXT('2D SPACE',''
  ) );
#842 = FACE_BOUND('',#843,.F.);
#843 = EDGE_LOOP('',(#844));
#844 = ORIENTED_EDGE('',*,*,#845,.F.);
#845 = EDGE_CURVE('',#846,#846,#848,.T.);
#846 = VERTEX_POINT('',#847);
#847 = CARTESIAN_POINT('',(25.7,19.,0.));
#848 = SURFACE_CURVE('',#849,(#854,#861),.PCURVE_S1.);
#849 = CIRCLE('',#850,1.7);
#850 = AXIS2_PLACEMENT_3D('',#851,#852,#853);
#851 = CARTESIAN_POINT('',(24.,19.,0.));
#852 = DIRECTION('',(0.,0.,1.));
#853 = DIRECTION('',(1.,0.,0.));
#854 = PCURVE('',#158,#855);
#855 = DEFINITIONAL_REPRESENTATION('',(#856),#860);
#856 = CIRCLE('',#857,1.7);
#857 = AXIS2_PLACEMENT_2D('',#858,#859);
#858 = CARTESIAN_POINT('',(54.,44.));
#859 = DIRECTION('',(1.,0.));
#860 = ( GEOMETRIC_REPRESENTATION_CONTEXT(2) 
PARAMETRIC_REPRESENTATION_CONTEXT() REPRESENTATION_CONTEXT('2D SPACE',''
  ) );
#861 = PCURVE('',#524,#862);
#862 = DEFINITIONAL_REPRESENTATION('',(#863),#867);
#863 = LINE('',#864,#865);
#864 = CARTESIAN_POINT('',(-0.,0.));
#865 = VECTOR('',#866,1.);
#866 = DIRECTION('',(-1.,0.));
#867 = ( GEOMETRIC_REPRESENTATION_CONTEXT(2) 
PARAMETRIC_REPRESENTATION_CONTEXT() REPRESENTATION_CONTEXT('2D SPACE',''
  ) );
#868 = ADVANCED_FACE('',(#869),#240,.F.);
#869 = FACE_BOUND('',#870,.F.);
#870 = EDGE_LOOP('',(#871,#872,#873,#874));
#871 = ORIENTED_EDGE('',*,*,#645,.F.);
#872 = ORIENTED_EDGE('',*,*,#563,.T.);
#873 = ORIENTED_EDGE('',*,*,#224,.T.);
#874 = ORIENTED_EDGE('',*,*,#875,.F.);
#875 = EDGE_CURVE('',#646,#225,#876,.T.);
#876 = SURFACE_CURVE('',#877,(#881,#888),.PCURVE_S1.);
#877 = LINE('',#878,#879);
#878 = CARTESIAN_POINT('',(25.,-25.,0.));
#879 = VECTOR('',#880,1.);
#880 = DIRECTION('',(0.,0.,1.));
#881 = PCURVE('',#240,#882);
#882 = DEFINITIONAL_REPRESENTATION('',(#883),#887);
#883 = LINE('',#884,#885);
#884 = CARTESIAN_POINT('',(0.,55.));
#885 = VECTOR('',#886,1.);
#886 = DIRECTION('',(1.,0.));
#887 = ( GEOMETRIC_REPRESENTATION_CONTEXT(2) 
PARAMETRIC_REPRESENTATION_CONTEXT() REPRESENTATION_CONTEXT('2D SPACE',''
  ) );
#888 = PCURVE('',#273,#889);
#889 = DEFINITIONAL_REPRESENTATION('',(#890),#894);
#890 = LINE('',#891,#892);
#891 = CARTESIAN_POINT('',(-1.570796326795,0.));
#892 = VECTOR('',#893,1.);
#893 = DIRECTION('',(-0.,1.));
#894 = ( GEOMETRIC_REPRESENTATION_CONTEXT(2) 
PARAMETRIC_REPRESENTATION_CONTEXT() REPRESENTATION_CONTEXT('2D SPACE',''
  ) );
#895 = ADVANCED_FACE('',(#896),#358,.T.);
#896 = FACE_BOUND('',#897,.T.);
#897 = EDGE_LOOP('',(#898,#899,#900,#901));
#898 = ORIENTED_EDGE('',*,*,#743,.F.);
#899 = ORIENTED_EDGE('',*,*,#617,.T.);
#900 = ORIENTED_EDGE('',*,*,#342,.T.);
#901 = ORIENTED_EDGE('',*,*,#902,.F.);
#902 = EDGE_CURVE('',#720,#314,#903,.T.);
#903 = SURFACE_CURVE('',#904,(#908,#915),.PCURVE_S1.);
#904 = LINE('',#905,#906);
#905 = CARTESIAN_POINT('',(25.,25.,0.));
#906 = VECTOR('',#907,1.);
#907 = DIRECTION('',(0.,0.,1.));
#908 = PCURVE('',#358,#909);
#909 = DEFINITIONAL_REPRESENTATION('',(#910),#914);
#910 = LINE('',#911,#912);
#911 = CARTESIAN_POINT('',(0.,55.));
#912 = VECTOR('',#913,1.);
#913 = DIRECTION('',(1.,0.));
#914 = ( GEOMETRIC_REPRESENTATION_CONTEXT(2) 
PARAMETRIC_REPRESENTATION_CONTEXT() REPRESENTATION_CONTEXT('2D SPACE',''
  ) );
#915 = PCURVE('',#330,#916);
#916 = DEFINITIONAL_REPRESENTATION('',(#917),#921);
#917 = LINE('',#918,#919);
#918 = CARTESIAN_POINT('',(1.570796326795,0.));
#919 = VECTOR('',#920,1.);
#920 = DIRECTION('',(0.,1.));
#921 = ( GEOMETRIC_REPRESENTATION_CONTEXT(2) 
PARAMETRIC_REPRESENTATION_CONTEXT() REPRESENTATION_CONTEXT('2D SPACE',''
  ) );
#922 = ADVANCED_FACE('',(#923),#273,.T.);
#923 = FACE_BOUND('',#924,.F.);
#924 = EDGE_LOOP('',(#925,#926,#927,#928));
#925 = ORIENTED_EDGE('',*,*,#668,.T.);
#926 = ORIENTED_EDGE('',*,*,#875,.T.);
#927 = ORIENTED_EDGE('',*,*,#252,.F.);
#928 = ORIENTED_EDGE('',*,*,#929,.F.);
#929 = EDGE_CURVE('',#669,#253,#930,.T.);
#930 = SURFACE_CURVE('',#931,(#935,#942),.PCURVE_S1.);
#931 = LINE('',#932,#933);
#932 = CARTESIAN_POINT('',(30.,-20.,0.));
#933 = VECTOR('',#934,1.);
#934 = DIRECTION('',(0.,0.,1.));
#935 = PCURVE('',#273,#936);
#936 = DEFINITIONAL_REPRESENTATION('',(#937),#941);
#937 = LINE('',#938,#939);
#938 = CARTESIAN_POINT('',(-0.,0.));
#939 = VECTOR('',#940,1.);
#940 = DIRECTION('',(-0.,1.));
#941 = ( GEOMETRIC_REPRESENTATION_CONTEXT(2) 
PARAMETRIC_REPRESENTATION_CONTEXT() REPRESENTATION_CONTEXT('2D SPACE',''
  ) );
#942 = PCURVE('',#301,#943);
#943 = DEFINITIONAL_REPRESENTATION('',(#944),#948);
#944 = LINE('',#945,#946);
#945 = CARTESIAN_POINT('',(0.,-5.));
#946 = VECTOR('',#947,1.);
#947 = DIRECTION('',(1.,0.));
#948 = ( GEOMETRIC_REPRESENTATION_CONTEXT(2) 
PARAMETRIC_REPRESENTATION_CONTEXT() REPRESENTATION_CONTEXT('2D SPACE',''
  ) );
#949 = ADVANCED_FACE('',(#950),#330,.T.);
#950 = FACE_BOUND('',#951,.T.);
#951 = EDGE_LOOP('',(#952,#953,#954,#955));
#952 = ORIENTED_EDGE('',*,*,#719,.T.);
#953 = ORIENTED_EDGE('',*,*,#902,.T.);
#954 = ORIENTED_EDGE('',*,*,#313,.F.);
#955 = ORIENTED_EDGE('',*,*,#956,.F.);
#956 = EDGE_CURVE('',#697,#286,#957,.T.);
#957 = SURFACE_CURVE('',#958,(#962,#969),.PCURVE_S1.);
#958 = LINE('',#959,#960);
#959 = CARTESIAN_POINT('',(30.,20.,0.));
#960 = VECTOR('',#961,1.);
#961 = DIRECTION('',(0.,0.,1.));
#962 = PCURVE('',#330,#963);
#963 = DEFINITIONAL_REPRESENTATION('',(#964),#968);
#964 = LINE('',#965,#966);
#965 = CARTESIAN_POINT('',(0.,0.));
#966 = VECTOR('',#967,1.);
#967 = DIRECTION('',(0.,1.));
#968 = ( GEOMETRIC_REPRESENTATION_CONTEXT(2) 
PARAMETRIC_REPRESENTATION_CONTEXT() REPRESENTATION_CONTEXT('2D SPACE',''
  ) );
#969 = PCURVE('',#301,#970);
#970 = DEFINITIONAL_REPRESENTATION('',(#971),#975);
#971 = LINE('',#972,#973);
#972 = CARTESIAN_POINT('',(0.,-45.));
#973 = VECTOR('',#974,1.);
#974 = DIRECTION('',(1.,0.));
#975 = ( GEOMETRIC_REPRESENTATION_CONTEXT(2) 
PARAMETRIC_REPRESENTATION_CONTEXT() REPRESENTATION_CONTEXT('2D SPACE',''
  ) );
#976 = ADVANCED_FACE('',(#977),#301,.T.);
#977 = FACE_BOUND('',#978,.T.);
#978 = EDGE_LOOP('',(#979,#980,#981,#982));
#979 = ORIENTED_EDGE('',*,*,#285,.F.);
#980 = ORIENTED_EDGE('',*,*,#929,.F.);
#981 = ORIENTED_EDGE('',*,*,#696,.T.);
#982 = ORIENTED_EDGE('',*,*,#956,.T.);
#983 = ADVANCED_FACE('',(#984),#419,.F.);
#984 = FACE_BOUND('',#985,.T.);
#985 = EDGE_LOOP('',(#986,#987,#1008,#1009));
#986 = ORIENTED_EDGE('',*,*,#767,.F.);
#987 = ORIENTED_EDGE('',*,*,#988,.T.);
#988 = EDGE_CURVE('',#768,#399,#989,.T.);
#989 = SEAM_CURVE('',#990,(#994,#1001),.PCURVE_S1.);
#990 = LINE('',#991,#992);
#991 = CARTESIAN_POINT('',(-22.3,-19.,0.));
#992 = VECTOR('',#993,1.);
#993 = DIRECTION('',(0.,0.,1.));
#994 = PCURVE('',#419,#995);
#995 = DEFINITIONAL_REPRESENTATION('',(#996),#1000);
#996 = LINE('',#997,#998);
#997 = CARTESIAN_POINT('',(-6.28318530718,0.));
#998 = VECTOR('',#999,1.);
#999 = DIRECTION('',(-0.,-1.));
#1000 = ( GEOMETRIC_REPRESENTATION_CONTEXT(2) 
PARAMETRIC_REPRESENTATION_CONTEXT() REPRESENTATION_CONTEXT('2D SPACE',''
  ) );
#1001 = PCURVE('',#419,#1002);
#1002 = DEFINITIONAL_REPRESENTATION('',(#1003),#1007);
#1003 = LINE('',#1004,#1005);
#1004 = CARTESIAN_POINT('',(-0.,0.));
#1005 = VECTOR('',#1006,1.);
#1006 = DIRECTION('',(-0.,-1.));
#1007 = ( GEOMETRIC_REPRESENTATION_CONTEXT(2) 
PARAMETRIC_REPRESENTATION_CONTEXT() REPRESENTATION_CONTEXT('2D SPACE',''
  ) );
#1008 = ORIENTED_EDGE('',*,*,#398,.F.);
#1009 = ORIENTED_EDGE('',*,*,#988,.F.);
#1010 = ADVANCED_FACE('',(#1011),#454,.F.);
#1011 = FACE_BOUND('',#1012,.T.);
#1012 = EDGE_LOOP('',(#1013,#1014,#1035,#1036));
#1013 = ORIENTED_EDGE('',*,*,#793,.F.);
#1014 = ORIENTED_EDGE('',*,*,#1015,.T.);
#1015 = EDGE_CURVE('',#794,#434,#1016,.T.);
#1016 = SEAM_CURVE('',#1017,(#1021,#1028),.PCURVE_S1.);
#1017 = LINE('',#1018,#1019);
#1018 = CARTESIAN_POINT('',(25.7,-19.,0.));
#1019 = VECTOR('',#1020,1.);
#1020 = DIRECTION('',(0.,0.,1.));
#1021 = PCURVE('',#454,#1022);
#1022 = DEFINITIONAL_REPRESENTATION('',(#1023),#1027);
#1023 = LINE('',#1024,#1025);
#1024 = CARTESIAN_POINT('',(-6.28318530718,0.));
#1025 = VECTOR('',#1026,1.);
#1026 = DIRECTION('',(-0.,-1.));
#1027 = ( GEOMETRIC_REPRESENTATION_CONTEXT(2) 
PARAMETRIC_REPRESENTATION_CONTEXT() REPRESENTATION_CONTEXT('2D SPACE',''
  ) );
#1028 = PCURVE('',#454,#1029);
#1029 = DEFINITIONAL_REPRESENTATION('',(#1030),#1034);
#1030 = LINE('',#1031,#1032);
#1031 = CARTESIAN_POINT('',(-0.,0.));
#1032 = VECTOR('',#1033,1.);
#1033 = DIRECTION('',(-0.,-1.));
#1034 = ( GEOMETRIC_REPRESENTATION_CONTEXT(2) 
PARAMETRIC_REPRESENTATION_CONTEXT() REPRESENTATION_CONTEXT('2D SPACE',''
  ) );
#1035 = ORIENTED_EDGE('',*,*,#433,.F.);
#1036 = ORIENTED_EDGE('',*,*,#1015,.F.);
#1037 = ADVANCED_FACE('',(#1038),#489,.F.);
#1038 = FACE_BOUND('',#1039,.T.);
#1039 = EDGE_LOOP('',(#1040,#1041,#1062,#1063));
#1040 = ORIENTED_EDGE('',*,*,#819,.F.);
#1041 = ORIENTED_EDGE('',*,*,#1042,.T.);
#1042 = EDGE_CURVE('',#820,#469,#1043,.T.);
#1043 = SEAM_CURVE('',#1044,(#1048,#1055),.PCURVE_S1.);
#1044 = LINE('',#1045,#1046);
#1045 = CARTESIAN_POINT('',(-22.3,19.,0.));
#1046 = VECTOR('',#1047,1.);
#1047 = DIRECTION('',(0.,0.,1.));
#1048 = PCURVE('',#489,#1049);
#1049 = DEFINITIONAL_REPRESENTATION('',(#1050),#1054);
#1050 = LINE('',#1051,#1052);
#1051 = CARTESIAN_POINT('',(-6.28318530718,0.));
#1052 = VECTOR('',#1053,1.);
#1053 = DIRECTION('',(-0.,-1.));
#1054 = ( GEOMETRIC_REPRESENTATION_CONTEXT(2) 
PARAMETRIC_REPRESENTATION_CONTEXT() REPRESENTATION_CONTEXT('2D SPACE',''
  ) );
#1055 = PCURVE('',#489,#1056);
#1056 = DEFINITIONAL_REPRESENTATION('',(#1057),#1061);
#1057 = LINE('',#1058,#1059);
#1058 = CARTESIAN_POINT('',(-0.,0.));
#1059 = VECTOR('',#1060,1.);
#1060 = DIRECTION('',(-0.,-1.));
#1061 = ( GEOMETRIC_REPRESENTATION_CONTEXT(2) 
PARAMETRIC_REPRESENTATION_CONTEXT() REPRESENTATION_CONTEXT('2D SPACE',''
  ) );
#1062 = ORIENTED_EDGE('',*,*,#468,.F.);
#1063 = ORIENTED_EDGE('',*,*,#1042,.F.);
#1064 = ADVANCED_FACE('',(#1065),#524,.F.);
#1065 = FACE_BOUND('',#1066,.T.);
#1066 = EDGE_LOOP('',(#1067,#1068,#1089,#1090));
#1067 = ORIENTED_EDGE('',*,*,#845,.F.);
#1068 = ORIENTED_EDGE('',*,*,#1069,.T.);
#1069 = EDGE_CURVE('',#846,#504,#1070,.T.);
#1070 = SEAM_CURVE('',#1071,(#1075,#1082),.PCURVE_S1.);
#1071 = LINE('',#1072,#1073);
#1072 = CARTESIAN_POINT('',(25.7,19.,0.));
#1073 = VECTOR('',#1074,1.);
#1074 = DIRECTION('',(0.,0.,1.));
#1075 = PCURVE('',#524,#1076);
#1076 = DEFINITIONAL_REPRESENTATION('',(#1077),#1081);
#1077 = LINE('',#1078,#1079);
#1078 = CARTESIAN_POINT('',(-6.28318530718,0.));
#1079 = VECTOR('',#1080,1.);
#1080 = DIRECTION('',(-0.,-1.));
#1081 = ( GEOMETRIC_REPRESENTATION_CONTEXT(2) 
PARAMETRIC_REPRESENTATION_CONTEXT() REPRESENTATION_CONTEXT('2D SPACE',''
  ) );
#1082 = PCURVE('',#524,#1083);
#1083 = DEFINITIONAL_REPRESENTATION('',(#1084),#1088);
#1084 = LINE('',#1085,#1086);
#1085 = CARTESIAN_POINT('',(-0.,0.));
#1086 = VECTOR('',#1087,1.);
#1087 = DIRECTION('',(-0.,-1.));
#1088 = ( GEOMETRIC_REPRESENTATION_CONTEXT(2) 
PARAMETRIC_REPRESENTATION_CONTEXT() REPRESENTATION_CONTEXT('2D SPACE',''
  ) );
#1089 = ORIENTED_EDGE('',*,*,#503,.F.);
#1090 = ORIENTED_EDGE('',*,*,#1069,.F.);
#1091 = ( GEOMETRIC_REPRESENTATION_CONTEXT(3) 
GLOBAL_UNCERTAINTY_ASSIGNED_CONTEXT((#1095)) 
GLOBAL_UNIT_ASSIGNED_CONTEXT((#1092,#1093,#1094)) REPRESENTATION_CONTEXT
('Context #1','3D Context with UNIT and UNCERTAINTY') );
#1092 = ( LENGTH_UNIT() NAMED_UNIT(*) SI_UNIT(.MILLI.,.METRE.) );
#1093 = ( NAMED_UNIT(*) PLANE_ANGLE_UNIT() SI_UNIT($,.RADIAN.) );
#1094 = ( NAMED_UNIT(*) SI_UNIT($,.STERADIAN.) SOLID_ANGLE_UNIT() );
#1095 = UNCERTAINTY_MEASURE_WITH_UNIT(LENGTH_MEASURE(1.E-07),#1092,
  'distance_accuracy_value','confusion accuracy');
#1096 = CONTEXT_DEPENDENT_SHAPE_REPRESENTATION(#1097,#1099);
#1097 = ( REPRESENTATION_RELATIONSHIP('','',#72,#10) 
REPRESENTATION_RELATIONSHIP_WITH_TRANSFORMATION(#1098) 
SHAPE_REPRESENTATION_RELATIONSHIP() );
#1098 = ITEM_DEFINED_TRANSFORMATION('','',#11,#15);
#1099 = PRODUCT_DEFINITION_SHAPE('Placement','Placement of an item',
  #1100);
#1100 = NEXT_ASSEMBLY_USAGE_OCCURRENCE('31','OMX_Base_Flange-1','',#5,
  #67,$);
#1101 = PRODUCT_RELATED_PRODUCT_CATEGORY('part',$,(#69));
#1102 = SHAPE_DEFINITION_REPRESENTATION(#1103,#1109);
#1103 = PRODUCT_DEFINITION_SHAPE('','',#1104);
#1104 = PRODUCT_DEFINITION('design','',#1105,#1108);
#1105 = PRODUCT_DEFINITION_FORMATION('','',#1106);
#1106 = PRODUCT('Dynamixel_XM430-1','Dynamixel_XM430-1','',(#1107));
#1107 = PRODUCT_CONTEXT('',#2,'mechanical');
#1108 = PRODUCT_DEFINITION_CONTEXT('part definition',#2,'design');
#1109 = ADVANCED_BREP_SHAPE_REPRESENTATION('',(#11,#1110),#3562);
#1110 = MANIFOLD_SOLID_BREP('',#1111);
#1111 = CLOSED_SHELL('',(#1112,#1232,#1315,#1392,#1595,#1645,#1702,#1963
    ,#2215,#2240,#2289,#2339,#2389,#2416,#2471,#2496,#2572,#2621,#2670,
    #2697,#2773,#2822,#2871,#2898,#2950,#3028,#3053,#3078,#3085,#3089,
    #3096,#3103,#3108,#3267,#3322,#3377,#3432,#3487,#3542,#3546,#3550,
    #3554,#3558));
#1112 = ADVANCED_FACE('',(#1113),#1127,.F.);
#1113 = FACE_BOUND('',#1114,.F.);
#1114 = EDGE_LOOP('',(#1115,#1150,#1178,#1206));
#1115 = ORIENTED_EDGE('',*,*,#1116,.F.);
#1116 = EDGE_CURVE('',#1117,#1119,#1121,.T.);
#1117 = VERTEX_POINT('',#1118);
#1118 = CARTESIAN_POINT('',(-14.25,-32.75,-34.));
#1119 = VERTEX_POINT('',#1120);
#1120 = CARTESIAN_POINT('',(-14.25,-32.75,-0.8));
#1121 = SURFACE_CURVE('',#1122,(#1126,#1138),.PCURVE_S1.);
#1122 = LINE('',#1123,#1124);
#1123 = CARTESIAN_POINT('',(-14.25,-32.75,-34.));
#1124 = VECTOR('',#1125,1.);
#1125 = DIRECTION('',(0.,0.,1.));
#1126 = PCURVE('',#1127,#1132);
#1127 = PLANE('',#1128);
#1128 = AXIS2_PLACEMENT_3D('',#1129,#1130,#1131);
#1129 = CARTESIAN_POINT('',(-14.25,-35.25,-34.));
#1130 = DIRECTION('',(1.,0.,0.));
#1131 = DIRECTION('',(0.,0.,1.));
#1132 = DEFINITIONAL_REPRESENTATION('',(#1133),#1137);
#1133 = LINE('',#1134,#1135);
#1134 = CARTESIAN_POINT('',(0.,-2.5));
#1135 = VECTOR('',#1136,1.);
#1136 = DIRECTION('',(1.,0.));
#1137 = ( GEOMETRIC_REPRESENTATION_CONTEXT(2) 
PARAMETRIC_REPRESENTATION_CONTEXT() REPRESENTATION_CONTEXT('2D SPACE',''
  ) );
#1138 = PCURVE('',#1139,#1144);
#1139 = CYLINDRICAL_SURFACE('',#1140,2.5);
#1140 = AXIS2_PLACEMENT_3D('',#1141,#1142,#1143);
#1141 = CARTESIAN_POINT('',(-11.75,-32.75,-34.));
#1142 = DIRECTION('',(0.,0.,1.));
#1143 = DIRECTION('',(-1.,-0.,0.));
#1144 = DEFINITIONAL_REPRESENTATION('',(#1145),#1149);
#1145 = LINE('',#1146,#1147);
#1146 = CARTESIAN_POINT('',(0.,0.));
#1147 = VECTOR('',#1148,1.);
#1148 = DIRECTION('',(0.,1.));
#1149 = ( GEOMETRIC_REPRESENTATION_CONTEXT(2) 
PARAMETRIC_REPRESENTATION_CONTEXT() REPRESENTATION_CONTEXT('2D SPACE',''
  ) );
#1150 = ORIENTED_EDGE('',*,*,#1151,.T.);
#1151 = EDGE_CURVE('',#1117,#1152,#1154,.T.);
#1152 = VERTEX_POINT('',#1153);
#1153 = CARTESIAN_POINT('',(-14.25,8.75,-34.));
#1154 = SURFACE_CURVE('',#1155,(#1159,#1166),.PCURVE_S1.);
#1155 = LINE('',#1156,#1157);
#1156 = CARTESIAN_POINT('',(-14.25,-35.25,-34.));
#1157 = VECTOR('',#1158,1.);
#1158 = DIRECTION('',(0.,1.,0.));
#1159 = PCURVE('',#1127,#1160);
#1160 = DEFINITIONAL_REPRESENTATION('',(#1161),#1165);
#1161 = LINE('',#1162,#1163);
#1162 = CARTESIAN_POINT('',(0.,0.));
#1163 = VECTOR('',#1164,1.);
#1164 = DIRECTION('',(0.,-1.));
#1165 = ( GEOMETRIC_REPRESENTATION_CONTEXT(2) 
PARAMETRIC_REPRESENTATION_CONTEXT() REPRESENTATION_CONTEXT('2D SPACE',''
  ) );
#1166 = PCURVE('',#1167,#1172);
#1167 = PLANE('',#1168);
#1168 = AXIS2_PLACEMENT_3D('',#1169,#1170,#1171);
#1169 = CARTESIAN_POINT('',(-14.25,-35.25,-34.));
#1170 = DIRECTION('',(0.,0.,1.));
#1171 = DIRECTION('',(1.,0.,0.));
#1172 = DEFINITIONAL_REPRESENTATION('',(#1173),#1177);
#1173 = LINE('',#1174,#1175);
#1174 = CARTESIAN_POINT('',(0.,0.));
#1175 = VECTOR('',#1176,1.);
#1176 = DIRECTION('',(0.,1.));
#1177 = ( GEOMETRIC_REPRESENTATION_CONTEXT(2) 
PARAMETRIC_REPRESENTATION_CONTEXT() REPRESENTATION_CONTEXT('2D SPACE',''
  ) );
#1178 = ORIENTED_EDGE('',*,*,#1179,.T.);
#1179 = EDGE_CURVE('',#1152,#1180,#1182,.T.);
#1180 = VERTEX_POINT('',#1181);
#1181 = CARTESIAN_POINT('',(-14.25,8.75,-0.8));
#1182 = SURFACE_CURVE('',#1183,(#1187,#1194),.PCURVE_S1.);
#1183 = LINE('',#1184,#1185);
#1184 = CARTESIAN_POINT('',(-14.25,8.75,-34.));
#1185 = VECTOR('',#1186,1.);
#1186 = DIRECTION('',(0.,0.,1.));
#1187 = PCURVE('',#1127,#1188);
#1188 = DEFINITIONAL_REPRESENTATION('',(#1189),#1193);
#1189 = LINE('',#1190,#1191);
#1190 = CARTESIAN_POINT('',(0.,-44.));
#1191 = VECTOR('',#1192,1.);
#1192 = DIRECTION('',(1.,0.));
#1193 = ( GEOMETRIC_REPRESENTATION_CONTEXT(2) 
PARAMETRIC_REPRESENTATION_CONTEXT() REPRESENTATION_CONTEXT('2D SPACE',''
  ) );
#1194 = PCURVE('',#1195,#1200);
#1195 = CYLINDRICAL_SURFACE('',#1196,2.5);
#1196 = AXIS2_PLACEMENT_3D('',#1197,#1198,#1199);
#1197 = CARTESIAN_POINT('',(-11.75,8.75,-34.));
#1198 = DIRECTION('',(0.,0.,1.));
#1199 = DIRECTION('',(-1.,-0.,0.));
#1200 = DEFINITIONAL_REPRESENTATION('',(#1201),#1205);
#1201 = LINE('',#1202,#1203);
#1202 = CARTESIAN_POINT('',(-0.,0.));
#1203 = VECTOR('',#1204,1.);
#1204 = DIRECTION('',(-0.,1.));
#1205 = ( GEOMETRIC_REPRESENTATION_CONTEXT(2) 
PARAMETRIC_REPRESENTATION_CONTEXT() REPRESENTATION_CONTEXT('2D SPACE',''
  ) );
#1206 = ORIENTED_EDGE('',*,*,#1207,.F.);
#1207 = EDGE_CURVE('',#1119,#1180,#1208,.T.);
#1208 = SURFACE_CURVE('',#1209,(#1213,#1220),.PCURVE_S1.);
#1209 = LINE('',#1210,#1211);
#1210 = CARTESIAN_POINT('',(-14.25,-32.75,-0.8));
#1211 = VECTOR('',#1212,1.);
#1212 = DIRECTION('',(0.,1.,0.));
#1213 = PCURVE('',#1127,#1214);
#1214 = DEFINITIONAL_REPRESENTATION('',(#1215),#1219);
#1215 = LINE('',#1216,#1217);
#1216 = CARTESIAN_POINT('',(33.2,-2.5));
#1217 = VECTOR('',#1218,1.);
#1218 = DIRECTION('',(0.,-1.));
#1219 = ( GEOMETRIC_REPRESENTATION_CONTEXT(2) 
PARAMETRIC_REPRESENTATION_CONTEXT() REPRESENTATION_CONTEXT('2D SPACE',''
  ) );
#1220 = PCURVE('',#1221,#1226);
#1221 = PLANE('',#1222);
#1222 = AXIS2_PLACEMENT_3D('',#1223,#1224,#1225);
#1223 = CARTESIAN_POINT('',(-13.85,-32.75,-0.4));
#1224 = DIRECTION('',(0.707106781187,-6.983161618628E-18,-0.707106781187
    ));
#1225 = DIRECTION('',(4.937840934654E-18,1.,-4.937840934654E-18));
#1226 = DEFINITIONAL_REPRESENTATION('',(#1227),#1231);
#1227 = LINE('',#1228,#1229);
#1228 = CARTESIAN_POINT('',(0.,-0.565685424949));
#1229 = VECTOR('',#1230,1.);
#1230 = DIRECTION('',(1.,0.));
#1231 = ( GEOMETRIC_REPRESENTATION_CONTEXT(2) 
PARAMETRIC_REPRESENTATION_CONTEXT() REPRESENTATION_CONTEXT('2D SPACE',''
  ) );
#1232 = ADVANCED_FACE('',(#1233),#1139,.T.);
#1233 = FACE_BOUND('',#1234,.T.);
#1234 = EDGE_LOOP('',(#1235,#1236,#1260,#1288));
#1235 = ORIENTED_EDGE('',*,*,#1116,.F.);
#1236 = ORIENTED_EDGE('',*,*,#1237,.T.);
#1237 = EDGE_CURVE('',#1117,#1238,#1240,.T.);
#1238 = VERTEX_POINT('',#1239);
#1239 = CARTESIAN_POINT('',(-11.75,-35.25,-34.));
#1240 = SURFACE_CURVE('',#1241,(#1246,#1253),.PCURVE_S1.);
#1241 = CIRCLE('',#1242,2.5);
#1242 = AXIS2_PLACEMENT_3D('',#1243,#1244,#1245);
#1243 = CARTESIAN_POINT('',(-11.75,-32.75,-34.));
#1244 = DIRECTION('',(0.,0.,1.));
#1245 = DIRECTION('',(0.,-1.,0.));
#1246 = PCURVE('',#1139,#1247);
#1247 = DEFINITIONAL_REPRESENTATION('',(#1248),#1252);
#1248 = LINE('',#1249,#1250);
#1249 = CARTESIAN_POINT('',(-4.712388980385,0.));
#1250 = VECTOR('',#1251,1.);
#1251 = DIRECTION('',(1.,0.));
#1252 = ( GEOMETRIC_REPRESENTATION_CONTEXT(2) 
PARAMETRIC_REPRESENTATION_CONTEXT() REPRESENTATION_CONTEXT('2D SPACE',''
  ) );
#1253 = PCURVE('',#1167,#1254);
#1254 = DEFINITIONAL_REPRESENTATION('',(#1255),#1259);
#1255 = CIRCLE('',#1256,2.5);
#1256 = AXIS2_PLACEMENT_2D('',#1257,#1258);
#1257 = CARTESIAN_POINT('',(2.5,2.5));
#1258 = DIRECTION('',(0.,-1.));
#1259 = ( GEOMETRIC_REPRESENTATION_CONTEXT(2) 
PARAMETRIC_REPRESENTATION_CONTEXT() REPRESENTATION_CONTEXT('2D SPACE',''
  ) );
#1260 = ORIENTED_EDGE('',*,*,#1261,.T.);
#1261 = EDGE_CURVE('',#1238,#1262,#1264,.T.);
#1262 = VERTEX_POINT('',#1263);
#1263 = CARTESIAN_POINT('',(-11.75,-35.25,-0.8));
#1264 = SURFACE_CURVE('',#1265,(#1269,#1276),.PCURVE_S1.);
#1265 = LINE('',#1266,#1267);
#1266 = CARTESIAN_POINT('',(-11.75,-35.25,-34.));
#1267 = VECTOR('',#1268,1.);
#1268 = DIRECTION('',(0.,0.,1.));
#1269 = PCURVE('',#1139,#1270);
#1270 = DEFINITIONAL_REPRESENTATION('',(#1271),#1275);
#1271 = LINE('',#1272,#1273);
#1272 = CARTESIAN_POINT('',(1.570796326795,0.));
#1273 = VECTOR('',#1274,1.);
#1274 = DIRECTION('',(0.,1.));
#1275 = ( GEOMETRIC_REPRESENTATION_CONTEXT(2) 
PARAMETRIC_REPRESENTATION_CONTEXT() REPRESENTATION_CONTEXT('2D SPACE',''
  ) );
#1276 = PCURVE('',#1277,#1282);
#1277 = PLANE('',#1278);
#1278 = AXIS2_PLACEMENT_3D('',#1279,#1280,#1281);
#1279 = CARTESIAN_POINT('',(-14.25,-35.25,-34.));
#1280 = DIRECTION('',(0.,1.,0.));
#1281 = DIRECTION('',(0.,0.,1.));
#1282 = DEFINITIONAL_REPRESENTATION('',(#1283),#1287);
#1283 = LINE('',#1284,#1285);
#1284 = CARTESIAN_POINT('',(0.,2.5));
#1285 = VECTOR('',#1286,1.);
#1286 = DIRECTION('',(1.,0.));
#1287 = ( GEOMETRIC_REPRESENTATION_CONTEXT(2) 
PARAMETRIC_REPRESENTATION_CONTEXT() REPRESENTATION_CONTEXT('2D SPACE',''
  ) );
#1288 = ORIENTED_EDGE('',*,*,#1289,.T.);
#1289 = EDGE_CURVE('',#1262,#1119,#1290,.T.);
#1290 = SURFACE_CURVE('',#1291,(#1296,#1303),.PCURVE_S1.);
#1291 = CIRCLE('',#1292,2.5);
#1292 = AXIS2_PLACEMENT_3D('',#1293,#1294,#1295);
#1293 = CARTESIAN_POINT('',(-11.75,-32.75,-0.8));
#1294 = DIRECTION('',(-0.,-0.,-1.));
#1295 = DIRECTION('',(0.,-1.,0.));
#1296 = PCURVE('',#1139,#1297);
#1297 = DEFINITIONAL_REPRESENTATION('',(#1298),#1302);
#1298 = LINE('',#1299,#1300);
#1299 = CARTESIAN_POINT('',(1.570796326795,33.2));
#1300 = VECTOR('',#1301,1.);
#1301 = DIRECTION('',(-1.,-0.));
#1302 = ( GEOMETRIC_REPRESENTATION_CONTEXT(2) 
PARAMETRIC_REPRESENTATION_CONTEXT() REPRESENTATION_CONTEXT('2D SPACE',''
  ) );
#1303 = PCURVE('',#1304,#1309);
#1304 = CONICAL_SURFACE('',#1305,2.5,0.785398163397);
#1305 = AXIS2_PLACEMENT_3D('',#1306,#1307,#1308);
#1306 = CARTESIAN_POINT('',(-11.75,-32.75,-0.8));
#1307 = DIRECTION('',(-0.,-0.,-1.));
#1308 = DIRECTION('',(0.,-1.,0.));
#1309 = DEFINITIONAL_REPRESENTATION('',(#1310),#1314);
#1310 = LINE('',#1311,#1312);
#1311 = CARTESIAN_POINT('',(0.,-0.));
#1312 = VECTOR('',#1313,1.);
#1313 = DIRECTION('',(1.,-0.));
#1314 = ( GEOMETRIC_REPRESENTATION_CONTEXT(2) 
PARAMETRIC_REPRESENTATION_CONTEXT() REPRESENTATION_CONTEXT('2D SPACE',''
  ) );
#1315 = ADVANCED_FACE('',(#1316),#1221,.F.);
#1316 = FACE_BOUND('',#1317,.F.);
#1317 = EDGE_LOOP('',(#1318,#1339,#1340,#1366));
#1318 = ORIENTED_EDGE('',*,*,#1319,.F.);
#1319 = EDGE_CURVE('',#1119,#1320,#1322,.T.);
#1320 = VERTEX_POINT('',#1321);
#1321 = CARTESIAN_POINT('',(-13.45,-32.75,2.775557561563E-16));
#1322 = SURFACE_CURVE('',#1323,(#1327,#1333),.PCURVE_S1.);
#1323 = LINE('',#1324,#1325);
#1324 = CARTESIAN_POINT('',(-13.85,-32.75,-0.4));
#1325 = VECTOR('',#1326,1.);
#1326 = DIRECTION('',(0.707106781187,0.,0.707106781187));
#1327 = PCURVE('',#1221,#1328);
#1328 = DEFINITIONAL_REPRESENTATION('',(#1329),#1332);
#1329 = B_SPLINE_CURVE_WITH_KNOTS('',1,(#1330,#1331),.UNSPECIFIED.,.F.,
  .F.,(2,2),(-0.565685424949,0.565685424949),.PIECEWISE_BEZIER_KNOTS.);
#1330 = CARTESIAN_POINT('',(0.,-0.565685424949));
#1331 = CARTESIAN_POINT('',(0.,0.565685424949));
#1332 = ( GEOMETRIC_REPRESENTATION_CONTEXT(2) 
PARAMETRIC_REPRESENTATION_CONTEXT() REPRESENTATION_CONTEXT('2D SPACE',''
  ) );
#1333 = PCURVE('',#1304,#1334);
#1334 = DEFINITIONAL_REPRESENTATION('',(#1335),#1338);
#1335 = B_SPLINE_CURVE_WITH_KNOTS('',1,(#1336,#1337),.UNSPECIFIED.,.F.,
  .F.,(2,2),(-0.565685424949,0.565685424949),.PIECEWISE_BEZIER_KNOTS.);
#1336 = CARTESIAN_POINT('',(1.570796326795,0.));
#1337 = CARTESIAN_POINT('',(1.570796326795,-0.8));
#1338 = ( GEOMETRIC_REPRESENTATION_CONTEXT(2) 
PARAMETRIC_REPRESENTATION_CONTEXT() REPRESENTATION_CONTEXT('2D SPACE',''
  ) );
#1339 = ORIENTED_EDGE('',*,*,#1207,.T.);
#1340 = ORIENTED_EDGE('',*,*,#1341,.T.);
#1341 = EDGE_CURVE('',#1180,#1342,#1344,.T.);
#1342 = VERTEX_POINT('',#1343);
#1343 = CARTESIAN_POINT('',(-13.45,8.75,5.551115123126E-17));
#1344 = SURFACE_CURVE('',#1345,(#1349,#1355),.PCURVE_S1.);
#1345 = LINE('',#1346,#1347);
#1346 = CARTESIAN_POINT('',(-13.85,8.75,-0.4));
#1347 = VECTOR('',#1348,1.);
#1348 = DIRECTION('',(0.707106781187,0.,0.707106781187));
#1349 = PCURVE('',#1221,#1350);
#1350 = DEFINITIONAL_REPRESENTATION('',(#1351),#1354);
#1351 = B_SPLINE_CURVE_WITH_KNOTS('',1,(#1352,#1353),.UNSPECIFIED.,.F.,
  .F.,(2,2),(-0.565685424949,0.565685424949),.PIECEWISE_BEZIER_KNOTS.);
#1352 = CARTESIAN_POINT('',(41.5,-0.565685424949));
#1353 = CARTESIAN_POINT('',(41.5,0.565685424949));
#1354 = ( GEOMETRIC_REPRESENTATION_CONTEXT(2) 
PARAMETRIC_REPRESENTATION_CONTEXT() REPRESENTATION_CONTEXT('2D SPACE',''
  ) );
#1355 = PCURVE('',#1356,#1361);
#1356 = CONICAL_SURFACE('',#1357,2.5,0.785398163397);
#1357 = AXIS2_PLACEMENT_3D('',#1358,#1359,#1360);
#1358 = CARTESIAN_POINT('',(-11.75,8.75,-0.8));
#1359 = DIRECTION('',(-0.,-0.,-1.));
#1360 = DIRECTION('',(-1.,0.,0.));
#1361 = DEFINITIONAL_REPRESENTATION('',(#1362),#1365);
#1362 = B_SPLINE_CURVE_WITH_KNOTS('',1,(#1363,#1364),.UNSPECIFIED.,.F.,
  .F.,(2,2),(-0.565685424949,0.565685424949),.PIECEWISE_BEZIER_KNOTS.);
#1363 = CARTESIAN_POINT('',(0.,0.));
#1364 = CARTESIAN_POINT('',(0.,-0.8));
#1365 = ( GEOMETRIC_REPRESENTATION_CONTEXT(2) 
PARAMETRIC_REPRESENTATION_CONTEXT() REPRESENTATION_CONTEXT('2D SPACE',''
  ) );
#1366 = ORIENTED_EDGE('',*,*,#1367,.F.);
#1367 = EDGE_CURVE('',#1320,#1342,#1368,.T.);
#1368 = SURFACE_CURVE('',#1369,(#1373,#1380),.PCURVE_S1.);
#1369 = LINE('',#1370,#1371);
#1370 = CARTESIAN_POINT('',(-13.45,-32.75,0.));
#1371 = VECTOR('',#1372,1.);
#1372 = DIRECTION('',(0.,1.,0.));
#1373 = PCURVE('',#1221,#1374);
#1374 = DEFINITIONAL_REPRESENTATION('',(#1375),#1379);
#1375 = LINE('',#1376,#1377);
#1376 = CARTESIAN_POINT('',(0.,0.565685424949));
#1377 = VECTOR('',#1378,1.);
#1378 = DIRECTION('',(1.,0.));
#1379 = ( GEOMETRIC_REPRESENTATION_CONTEXT(2) 
PARAMETRIC_REPRESENTATION_CONTEXT() REPRESENTATION_CONTEXT('2D SPACE',''
  ) );
#1380 = PCURVE('',#1381,#1386);
#1381 = PLANE('',#1382);
#1382 = AXIS2_PLACEMENT_3D('',#1383,#1384,#1385);
#1383 = CARTESIAN_POINT('',(-14.25,-35.25,0.));
#1384 = DIRECTION('',(0.,0.,1.));
#1385 = DIRECTION('',(1.,0.,0.));
#1386 = DEFINITIONAL_REPRESENTATION('',(#1387),#1391);
#1387 = LINE('',#1388,#1389);
#1388 = CARTESIAN_POINT('',(0.8,2.5));
#1389 = VECTOR('',#1390,1.);
#1390 = DIRECTION('',(0.,1.));
#1391 = ( GEOMETRIC_REPRESENTATION_CONTEXT(2) 
PARAMETRIC_REPRESENTATION_CONTEXT() REPRESENTATION_CONTEXT('2D SPACE',''
  ) );
#1392 = ADVANCED_FACE('',(#1393,#1564),#1167,.F.);
#1393 = FACE_BOUND('',#1394,.F.);
#1394 = EDGE_LOOP('',(#1395,#1396,#1397,#1420,#1453,#1481,#1510,#1538));
#1395 = ORIENTED_EDGE('',*,*,#1151,.F.);
#1396 = ORIENTED_EDGE('',*,*,#1237,.T.);
#1397 = ORIENTED_EDGE('',*,*,#1398,.T.);
#1398 = EDGE_CURVE('',#1238,#1399,#1401,.T.);
#1399 = VERTEX_POINT('',#1400);
#1400 = CARTESIAN_POINT('',(11.75,-35.25,-34.));
#1401 = SURFACE_CURVE('',#1402,(#1406,#1413),.PCURVE_S1.);
#1402 = LINE('',#1403,#1404);
#1403 = CARTESIAN_POINT('',(-14.25,-35.25,-34.));
#1404 = VECTOR('',#1405,1.);
#1405 = DIRECTION('',(1.,0.,0.));
#1406 = PCURVE('',#1167,#1407);
#1407 = DEFINITIONAL_REPRESENTATION('',(#1408),#1412);
#1408 = LINE('',#1409,#1410);
#1409 = CARTESIAN_POINT('',(0.,0.));
#1410 = VECTOR('',#1411,1.);
#1411 = DIRECTION('',(1.,0.));
#1412 = ( GEOMETRIC_REPRESENTATION_CONTEXT(2) 
PARAMETRIC_REPRESENTATION_CONTEXT() REPRESENTATION_CONTEXT('2D SPACE',''
  ) );
#1413 = PCURVE('',#1277,#1414);
#1414 = DEFINITIONAL_REPRESENTATION('',(#1415),#1419);
#1415 = LINE('',#1416,#1417);
#1416 = CARTESIAN_POINT('',(0.,0.));
#1417 = VECTOR('',#1418,1.);
#1418 = DIRECTION('',(0.,1.));
#1419 = ( GEOMETRIC_REPRESENTATION_CONTEXT(2) 
PARAMETRIC_REPRESENTATION_CONTEXT() REPRESENTATION_CONTEXT('2D SPACE',''
  ) );
#1420 = ORIENTED_EDGE('',*,*,#1421,.F.);
#1421 = EDGE_CURVE('',#1422,#1399,#1424,.T.);
#1422 = VERTEX_POINT('',#1423);
#1423 = CARTESIAN_POINT('',(14.25,-32.75,-34.));
#1424 = SURFACE_CURVE('',#1425,(#1430,#1441),.PCURVE_S1.);
#1425 = CIRCLE('',#1426,2.5);
#1426 = AXIS2_PLACEMENT_3D('',#1427,#1428,#1429);
#1427 = CARTESIAN_POINT('',(11.75,-32.75,-34.));
#1428 = DIRECTION('',(-0.,-0.,-1.));
#1429 = DIRECTION('',(0.,-1.,0.));
#1430 = PCURVE('',#1167,#1431);
#1431 = DEFINITIONAL_REPRESENTATION('',(#1432),#1440);
#1432 = ( BOUNDED_CURVE() B_SPLINE_CURVE(2,(#1433,#1434,#1435,#1436,
#1437,#1438,#1439),.UNSPECIFIED.,.T.,.F.) B_SPLINE_CURVE_WITH_KNOTS((1,2
    ,2,2,2,1),(-2.094395102393,0.,2.094395102393,4.188790204786,
6.28318530718,8.377580409573),.UNSPECIFIED.) CURVE() 
GEOMETRIC_REPRESENTATION_ITEM() RATIONAL_B_SPLINE_CURVE((1.,0.5,1.,0.5,
1.,0.5,1.)) REPRESENTATION_ITEM('') );
#1433 = CARTESIAN_POINT('',(26.,0.));
#1434 = CARTESIAN_POINT('',(21.669872981078,0.));
#1435 = CARTESIAN_POINT('',(23.834936490539,3.75));
#1436 = CARTESIAN_POINT('',(26.,7.5));
#1437 = CARTESIAN_POINT('',(28.165063509461,3.75));
#1438 = CARTESIAN_POINT('',(30.330127018922,3.996802888651E-15));
#1439 = CARTESIAN_POINT('',(26.,0.));
#1440 = ( GEOMETRIC_REPRESENTATION_CONTEXT(2) 
PARAMETRIC_REPRESENTATION_CONTEXT() REPRESENTATION_CONTEXT('2D SPACE',''
  ) );
#1441 = PCURVE('',#1442,#1447);
#1442 = CYLINDRICAL_SURFACE('',#1443,2.5);
#1443 = AXIS2_PLACEMENT_3D('',#1444,#1445,#1446);
#1444 = CARTESIAN_POINT('',(11.75,-32.75,-34.));
#1445 = DIRECTION('',(0.,0.,1.));
#1446 = DIRECTION('',(1.,0.,-0.));
#1447 = DEFINITIONAL_REPRESENTATION('',(#1448),#1452);
#1448 = LINE('',#1449,#1450);
#1449 = CARTESIAN_POINT('',(4.712388980385,-0.));
#1450 = VECTOR('',#1451,1.);
#1451 = DIRECTION('',(-1.,0.));
#1452 = ( GEOMETRIC_REPRESENTATION_CONTEXT(2) 
PARAMETRIC_REPRESENTATION_CONTEXT() REPRESENTATION_CONTEXT('2D SPACE',''
  ) );
#1453 = ORIENTED_EDGE('',*,*,#1454,.T.);
#1454 = EDGE_CURVE('',#1422,#1455,#1457,.T.);
#1455 = VERTEX_POINT('',#1456);
#1456 = CARTESIAN_POINT('',(14.25,8.75,-34.));
#1457 = SURFACE_CURVE('',#1458,(#1462,#1469),.PCURVE_S1.);
#1458 = LINE('',#1459,#1460);
#1459 = CARTESIAN_POINT('',(14.25,-35.25,-34.));
#1460 = VECTOR('',#1461,1.);
#1461 = DIRECTION('',(0.,1.,0.));
#1462 = PCURVE('',#1167,#1463);
#1463 = DEFINITIONAL_REPRESENTATION('',(#1464),#1468);
#1464 = LINE('',#1465,#1466);
#1465 = CARTESIAN_POINT('',(28.5,0.));
#1466 = VECTOR('',#1467,1.);
#1467 = DIRECTION('',(0.,1.));
#1468 = ( GEOMETRIC_REPRESENTATION_CONTEXT(2) 
PARAMETRIC_REPRESENTATION_CONTEXT() REPRESENTATION_CONTEXT('2D SPACE',''
  ) );
#1469 = PCURVE('',#1470,#1475);
#1470 = PLANE('',#1471);
#1471 = AXIS2_PLACEMENT_3D('',#1472,#1473,#1474);
#1472 = CARTESIAN_POINT('',(14.25,-35.25,-34.));
#1473 = DIRECTION('',(1.,0.,0.));
#1474 = DIRECTION('',(0.,0.,1.));
#1475 = DEFINITIONAL_REPRESENTATION('',(#1476),#1480);
#1476 = LINE('',#1477,#1478);
#1477 = CARTESIAN_POINT('',(0.,0.));
#1478 = VECTOR('',#1479,1.);
#1479 = DIRECTION('',(0.,-1.));
#1480 = ( GEOMETRIC_REPRESENTATION_CONTEXT(2) 
PARAMETRIC_REPRESENTATION_CONTEXT() REPRESENTATION_CONTEXT('2D SPACE',''
  ) );
#1481 = ORIENTED_EDGE('',*,*,#1482,.T.);
#1482 = EDGE_CURVE('',#1455,#1483,#1485,.T.);
#1483 = VERTEX_POINT('',#1484);
#1484 = CARTESIAN_POINT('',(11.75,11.25,-34.));
#1485 = SURFACE_CURVE('',#1486,(#1491,#1498),.PCURVE_S1.);
#1486 = CIRCLE('',#1487,2.5);
#1487 = AXIS2_PLACEMENT_3D('',#1488,#1489,#1490);
#1488 = CARTESIAN_POINT('',(11.75,8.75,-34.));
#1489 = DIRECTION('',(0.,0.,1.));
#1490 = DIRECTION('',(0.,-1.,0.));
#1491 = PCURVE('',#1167,#1492);
#1492 = DEFINITIONAL_REPRESENTATION('',(#1493),#1497);
#1493 = CIRCLE('',#1494,2.5);
#1494 = AXIS2_PLACEMENT_2D('',#1495,#1496);
#1495 = CARTESIAN_POINT('',(26.,44.));
#1496 = DIRECTION('',(0.,-1.));
#1497 = ( GEOMETRIC_REPRESENTATION_CONTEXT(2) 
PARAMETRIC_REPRESENTATION_CONTEXT() REPRESENTATION_CONTEXT('2D SPACE',''
  ) );
#1498 = PCURVE('',#1499,#1504);
#1499 = CYLINDRICAL_SURFACE('',#1500,2.5);
#1500 = AXIS2_PLACEMENT_3D('',#1501,#1502,#1503);
#1501 = CARTESIAN_POINT('',(11.75,8.75,-34.));
#1502 = DIRECTION('',(0.,0.,1.));
#1503 = DIRECTION('',(1.,0.,-0.));
#1504 = DEFINITIONAL_REPRESENTATION('',(#1505),#1509);
#1505 = LINE('',#1506,#1507);
#1506 = CARTESIAN_POINT('',(-1.570796326795,0.));
#1507 = VECTOR('',#1508,1.);
#1508 = DIRECTION('',(1.,0.));
#1509 = ( GEOMETRIC_REPRESENTATION_CONTEXT(2) 
PARAMETRIC_REPRESENTATION_CONTEXT() REPRESENTATION_CONTEXT('2D SPACE',''
  ) );
#1510 = ORIENTED_EDGE('',*,*,#1511,.F.);
#1511 = EDGE_CURVE('',#1512,#1483,#1514,.T.);
#1512 = VERTEX_POINT('',#1513);
#1513 = CARTESIAN_POINT('',(-11.75,11.25,-34.));
#1514 = SURFACE_CURVE('',#1515,(#1519,#1526),.PCURVE_S1.);
#1515 = LINE('',#1516,#1517);
#1516 = CARTESIAN_POINT('',(-14.25,11.25,-34.));
#1517 = VECTOR('',#1518,1.);
#1518 = DIRECTION('',(1.,0.,0.));
#1519 = PCURVE('',#1167,#1520);
#1520 = DEFINITIONAL_REPRESENTATION('',(#1521),#1525);
#1521 = LINE('',#1522,#1523);
#1522 = CARTESIAN_POINT('',(0.,46.5));
#1523 = VECTOR('',#1524,1.);
#1524 = DIRECTION('',(1.,0.));
#1525 = ( GEOMETRIC_REPRESENTATION_CONTEXT(2) 
PARAMETRIC_REPRESENTATION_CONTEXT() REPRESENTATION_CONTEXT('2D SPACE',''
  ) );
#1526 = PCURVE('',#1527,#1532);
#1527 = PLANE('',#1528);
#1528 = AXIS2_PLACEMENT_3D('',#1529,#1530,#1531);
#1529 = CARTESIAN_POINT('',(-14.25,11.25,-34.));
#1530 = DIRECTION('',(0.,1.,0.));
#1531 = DIRECTION('',(0.,0.,1.));
#1532 = DEFINITIONAL_REPRESENTATION('',(#1533),#1537);
#1533 = LINE('',#1534,#1535);
#1534 = CARTESIAN_POINT('',(0.,0.));
#1535 = VECTOR('',#1536,1.);
#1536 = DIRECTION('',(0.,1.));
#1537 = ( GEOMETRIC_REPRESENTATION_CONTEXT(2) 
PARAMETRIC_REPRESENTATION_CONTEXT() REPRESENTATION_CONTEXT('2D SPACE',''
  ) );
#1538 = ORIENTED_EDGE('',*,*,#1539,.F.);
#1539 = EDGE_CURVE('',#1152,#1512,#1540,.T.);
#1540 = SURFACE_CURVE('',#1541,(#1546,#1557),.PCURVE_S1.);
#1541 = CIRCLE('',#1542,2.5);
#1542 = AXIS2_PLACEMENT_3D('',#1543,#1544,#1545);
#1543 = CARTESIAN_POINT('',(-11.75,8.75,-34.));
#1544 = DIRECTION('',(-0.,-0.,-1.));
#1545 = DIRECTION('',(0.,-1.,0.));
#1546 = PCURVE('',#1167,#1547);
#1547 = DEFINITIONAL_REPRESENTATION('',(#1548),#1556);
#1548 = ( BOUNDED_CURVE() B_SPLINE_CURVE(2,(#1549,#1550,#1551,#1552,
#1553,#1554,#1555),.UNSPECIFIED.,.T.,.F.) B_SPLINE_CURVE_WITH_KNOTS((1,2
    ,2,2,2,1),(-2.094395102393,0.,2.094395102393,4.188790204786,
6.28318530718,8.377580409573),.UNSPECIFIED.) CURVE() 
GEOMETRIC_REPRESENTATION_ITEM() RATIONAL_B_SPLINE_CURVE((1.,0.5,1.,0.5,
1.,0.5,1.)) REPRESENTATION_ITEM('') );
#1549 = CARTESIAN_POINT('',(2.5,41.5));
#1550 = CARTESIAN_POINT('',(-1.830127018922,41.5));
#1551 = CARTESIAN_POINT('',(0.334936490539,45.25));
#1552 = CARTESIAN_POINT('',(2.5,49.));
#1553 = CARTESIAN_POINT('',(4.665063509461,45.25));
#1554 = CARTESIAN_POINT('',(6.830127018922,41.5));
#1555 = CARTESIAN_POINT('',(2.5,41.5));
#1556 = ( GEOMETRIC_REPRESENTATION_CONTEXT(2) 
PARAMETRIC_REPRESENTATION_CONTEXT() REPRESENTATION_CONTEXT('2D SPACE',''
  ) );
#1557 = PCURVE('',#1195,#1558);
#1558 = DEFINITIONAL_REPRESENTATION('',(#1559),#1563);
#1559 = LINE('',#1560,#1561);
#1560 = CARTESIAN_POINT('',(1.570796326795,-0.));
#1561 = VECTOR('',#1562,1.);
#1562 = DIRECTION('',(-1.,0.));
#1563 = ( GEOMETRIC_REPRESENTATION_CONTEXT(2) 
PARAMETRIC_REPRESENTATION_CONTEXT() REPRESENTATION_CONTEXT('2D SPACE',''
  ) );
#1564 = FACE_BOUND('',#1565,.F.);
#1565 = EDGE_LOOP('',(#1566));
#1566 = ORIENTED_EDGE('',*,*,#1567,.F.);
#1567 = EDGE_CURVE('',#1568,#1568,#1570,.T.);
#1568 = VERTEX_POINT('',#1569);
#1569 = CARTESIAN_POINT('',(6.,0.,-34.));
#1570 = SURFACE_CURVE('',#1571,(#1576,#1583),.PCURVE_S1.);
#1571 = CIRCLE('',#1572,6.);
#1572 = AXIS2_PLACEMENT_3D('',#1573,#1574,#1575);
#1573 = CARTESIAN_POINT('',(0.,0.,-34.));
#1574 = DIRECTION('',(0.,0.,1.));
#1575 = DIRECTION('',(1.,0.,0.));
#1576 = PCURVE('',#1167,#1577);
#1577 = DEFINITIONAL_REPRESENTATION('',(#1578),#1582);
#1578 = CIRCLE('',#1579,6.);
#1579 = AXIS2_PLACEMENT_2D('',#1580,#1581);
#1580 = CARTESIAN_POINT('',(14.25,35.25));
#1581 = DIRECTION('',(1.,0.));
#1582 = ( GEOMETRIC_REPRESENTATION_CONTEXT(2) 
PARAMETRIC_REPRESENTATION_CONTEXT() REPRESENTATION_CONTEXT('2D SPACE',''
  ) );
#1583 = PCURVE('',#1584,#1589);
#1584 = CYLINDRICAL_SURFACE('',#1585,6.);
#1585 = AXIS2_PLACEMENT_3D('',#1586,#1587,#1588);
#1586 = CARTESIAN_POINT('',(0.,0.,-35.));
#1587 = DIRECTION('',(-0.,-0.,-1.));
#1588 = DIRECTION('',(1.,0.,0.));
#1589 = DEFINITIONAL_REPRESENTATION('',(#1590),#1594);
#1590 = LINE('',#1591,#1592);
#1591 = CARTESIAN_POINT('',(-0.,-1.));
#1592 = VECTOR('',#1593,1.);
#1593 = DIRECTION('',(-1.,0.));
#1594 = ( GEOMETRIC_REPRESENTATION_CONTEXT(2) 
PARAMETRIC_REPRESENTATION_CONTEXT() REPRESENTATION_CONTEXT('2D SPACE',''
  ) );
#1595 = ADVANCED_FACE('',(#1596),#1195,.T.);
#1596 = FACE_BOUND('',#1597,.F.);
#1597 = EDGE_LOOP('',(#1598,#1599,#1600,#1623));
#1598 = ORIENTED_EDGE('',*,*,#1179,.F.);
#1599 = ORIENTED_EDGE('',*,*,#1539,.T.);
#1600 = ORIENTED_EDGE('',*,*,#1601,.T.);
#1601 = EDGE_CURVE('',#1512,#1602,#1604,.T.);
#1602 = VERTEX_POINT('',#1603);
#1603 = CARTESIAN_POINT('',(-11.75,11.25,-0.8));
#1604 = SURFACE_CURVE('',#1605,(#1609,#1616),.PCURVE_S1.);
#1605 = LINE('',#1606,#1607);
#1606 = CARTESIAN_POINT('',(-11.75,11.25,-34.));
#1607 = VECTOR('',#1608,1.);
#1608 = DIRECTION('',(0.,0.,1.));
#1609 = PCURVE('',#1195,#1610);
#1610 = DEFINITIONAL_REPRESENTATION('',(#1611),#1615);
#1611 = LINE('',#1612,#1613);
#1612 = CARTESIAN_POINT('',(-1.570796326795,0.));
#1613 = VECTOR('',#1614,1.);
#1614 = DIRECTION('',(-0.,1.));
#1615 = ( GEOMETRIC_REPRESENTATION_CONTEXT(2) 
PARAMETRIC_REPRESENTATION_CONTEXT() REPRESENTATION_CONTEXT('2D SPACE',''
  ) );
#1616 = PCURVE('',#1527,#1617);
#1617 = DEFINITIONAL_REPRESENTATION('',(#1618),#1622);
#1618 = LINE('',#1619,#1620);
#1619 = CARTESIAN_POINT('',(0.,2.5));
#1620 = VECTOR('',#1621,1.);
#1621 = DIRECTION('',(1.,0.));
#1622 = ( GEOMETRIC_REPRESENTATION_CONTEXT(2) 
PARAMETRIC_REPRESENTATION_CONTEXT() REPRESENTATION_CONTEXT('2D SPACE',''
  ) );
#1623 = ORIENTED_EDGE('',*,*,#1624,.F.);
#1624 = EDGE_CURVE('',#1180,#1602,#1625,.T.);
#1625 = SURFACE_CURVE('',#1626,(#1631,#1638),.PCURVE_S1.);
#1626 = CIRCLE('',#1627,2.5);
#1627 = AXIS2_PLACEMENT_3D('',#1628,#1629,#1630);
#1628 = CARTESIAN_POINT('',(-11.75,8.75,-0.8));
#1629 = DIRECTION('',(-0.,0.,-1.));
#1630 = DIRECTION('',(-1.,0.,0.));
#1631 = PCURVE('',#1195,#1632);
#1632 = DEFINITIONAL_REPRESENTATION('',(#1633),#1637);
#1633 = LINE('',#1634,#1635);
#1634 = CARTESIAN_POINT('',(-0.,33.2));
#1635 = VECTOR('',#1636,1.);
#1636 = DIRECTION('',(-1.,0.));
#1637 = ( GEOMETRIC_REPRESENTATION_CONTEXT(2) 
PARAMETRIC_REPRESENTATION_CONTEXT() REPRESENTATION_CONTEXT('2D SPACE',''
  ) );
#1638 = PCURVE('',#1356,#1639);
#1639 = DEFINITIONAL_REPRESENTATION('',(#1640),#1644);
#1640 = LINE('',#1641,#1642);
#1641 = CARTESIAN_POINT('',(0.,-0.));
#1642 = VECTOR('',#1643,1.);
#1643 = DIRECTION('',(1.,-0.));
#1644 = ( GEOMETRIC_REPRESENTATION_CONTEXT(2) 
PARAMETRIC_REPRESENTATION_CONTEXT() REPRESENTATION_CONTEXT('2D SPACE',''
  ) );
#1645 = ADVANCED_FACE('',(#1646),#1304,.T.);
#1646 = FACE_BOUND('',#1647,.F.);
#1647 = EDGE_LOOP('',(#1648,#1674,#1675,#1676));
#1648 = ORIENTED_EDGE('',*,*,#1649,.F.);
#1649 = EDGE_CURVE('',#1262,#1650,#1652,.T.);
#1650 = VERTEX_POINT('',#1651);
#1651 = CARTESIAN_POINT('',(-11.75,-34.45,-2.22044604925E-16));
#1652 = SURFACE_CURVE('',#1653,(#1657,#1663),.PCURVE_S1.);
#1653 = LINE('',#1654,#1655);
#1654 = CARTESIAN_POINT('',(-11.75,-34.85,-0.4));
#1655 = VECTOR('',#1656,1.);
#1656 = DIRECTION('',(0.,0.707106781187,0.707106781187));
#1657 = PCURVE('',#1304,#1658);
#1658 = DEFINITIONAL_REPRESENTATION('',(#1659),#1662);
#1659 = B_SPLINE_CURVE_WITH_KNOTS('',1,(#1660,#1661),.UNSPECIFIED.,.F.,
  .F.,(2,2),(-0.565685424949,0.565685424949),.PIECEWISE_BEZIER_KNOTS.);
#1660 = CARTESIAN_POINT('',(0.,0.));
#1661 = CARTESIAN_POINT('',(0.,-0.8));
#1662 = ( GEOMETRIC_REPRESENTATION_CONTEXT(2) 
PARAMETRIC_REPRESENTATION_CONTEXT() REPRESENTATION_CONTEXT('2D SPACE',''
  ) );
#1663 = PCURVE('',#1664,#1669);
#1664 = PLANE('',#1665);
#1665 = AXIS2_PLACEMENT_3D('',#1666,#1667,#1668);
#1666 = CARTESIAN_POINT('',(11.75,-34.85,-0.4));
#1667 = DIRECTION('',(6.983161618628E-18,0.707106781187,-0.707106781187)
  );
#1668 = DIRECTION('',(-1.,4.937840934654E-18,-4.937840934654E-18));
#1669 = DEFINITIONAL_REPRESENTATION('',(#1670),#1673);
#1670 = B_SPLINE_CURVE_WITH_KNOTS('',1,(#1671,#1672),.UNSPECIFIED.,.F.,
  .F.,(2,2),(-0.565685424949,0.565685424949),.PIECEWISE_BEZIER_KNOTS.);
#1671 = CARTESIAN_POINT('',(23.5,-0.565685424949));
#1672 = CARTESIAN_POINT('',(23.5,0.565685424949));
#1673 = ( GEOMETRIC_REPRESENTATION_CONTEXT(2) 
PARAMETRIC_REPRESENTATION_CONTEXT() REPRESENTATION_CONTEXT('2D SPACE',''
  ) );
#1674 = ORIENTED_EDGE('',*,*,#1289,.T.);
#1675 = ORIENTED_EDGE('',*,*,#1319,.T.);
#1676 = ORIENTED_EDGE('',*,*,#1677,.F.);
#1677 = EDGE_CURVE('',#1650,#1320,#1678,.T.);
#1678 = SURFACE_CURVE('',#1679,(#1684,#1691),.PCURVE_S1.);
#1679 = CIRCLE('',#1680,1.7);
#1680 = AXIS2_PLACEMENT_3D('',#1681,#1682,#1683);
#1681 = CARTESIAN_POINT('',(-11.75,-32.75,0.));
#1682 = DIRECTION('',(-0.,-0.,-1.));
#1683 = DIRECTION('',(0.,-1.,0.));
#1684 = PCURVE('',#1304,#1685);
#1685 = DEFINITIONAL_REPRESENTATION('',(#1686),#1690);
#1686 = LINE('',#1687,#1688);
#1687 = CARTESIAN_POINT('',(0.,-0.8));
#1688 = VECTOR('',#1689,1.);
#1689 = DIRECTION('',(1.,-0.));
#1690 = ( GEOMETRIC_REPRESENTATION_CONTEXT(2) 
PARAMETRIC_REPRESENTATION_CONTEXT() REPRESENTATION_CONTEXT('2D SPACE',''
  ) );
#1691 = PCURVE('',#1381,#1692);
#1692 = DEFINITIONAL_REPRESENTATION('',(#1693),#1701);
#1693 = ( BOUNDED_CURVE() B_SPLINE_CURVE(2,(#1694,#1695,#1696,#1697,
#1698,#1699,#1700),.UNSPECIFIED.,.T.,.F.) B_SPLINE_CURVE_WITH_KNOTS((1,2
    ,2,2,2,1),(-2.094395102393,0.,2.094395102393,4.188790204786,
6.28318530718,8.377580409573),.UNSPECIFIED.) CURVE() 
GEOMETRIC_REPRESENTATION_ITEM() RATIONAL_B_SPLINE_CURVE((1.,0.5,1.,0.5,
1.,0.5,1.)) REPRESENTATION_ITEM('') );
#1694 = CARTESIAN_POINT('',(2.5,0.8));
#1695 = CARTESIAN_POINT('',(-0.444486372867,0.8));
#1696 = CARTESIAN_POINT('',(1.027756813566,3.35));
#1697 = CARTESIAN_POINT('',(2.5,5.9));
#1698 = CARTESIAN_POINT('',(3.972243186434,3.35));
#1699 = CARTESIAN_POINT('',(5.444486372867,0.8));
#1700 = CARTESIAN_POINT('',(2.5,0.8));
#1701 = ( GEOMETRIC_REPRESENTATION_CONTEXT(2) 
PARAMETRIC_REPRESENTATION_CONTEXT() REPRESENTATION_CONTEXT('2D SPACE',''
  ) );
#1702 = ADVANCED_FACE('',(#1703,#1751,#1857),#1277,.F.);
#1703 = FACE_BOUND('',#1704,.F.);
#1704 = EDGE_LOOP('',(#1705,#1706,#1729,#1750));
#1705 = ORIENTED_EDGE('',*,*,#1261,.T.);
#1706 = ORIENTED_EDGE('',*,*,#1707,.F.);
#1707 = EDGE_CURVE('',#1708,#1262,#1710,.T.);
#1708 = VERTEX_POINT('',#1709);
#1709 = CARTESIAN_POINT('',(11.75,-35.25,-0.8));
#1710 = SURFACE_CURVE('',#1711,(#1715,#1722),.PCURVE_S1.);
#1711 = LINE('',#1712,#1713);
#1712 = CARTESIAN_POINT('',(11.75,-35.25,-0.8));
#1713 = VECTOR('',#1714,1.);
#1714 = DIRECTION('',(-1.,-0.,-0.));
#1715 = PCURVE('',#1277,#1716);
#1716 = DEFINITIONAL_REPRESENTATION('',(#1717),#1721);
#1717 = LINE('',#1718,#1719);
#1718 = CARTESIAN_POINT('',(33.2,26.));
#1719 = VECTOR('',#1720,1.);
#1720 = DIRECTION('',(-0.,-1.));
#1721 = ( GEOMETRIC_REPRESENTATION_CONTEXT(2) 
PARAMETRIC_REPRESENTATION_CONTEXT() REPRESENTATION_CONTEXT('2D SPACE',''
  ) );
#1722 = PCURVE('',#1664,#1723);
#1723 = DEFINITIONAL_REPRESENTATION('',(#1724),#1728);
#1724 = LINE('',#1725,#1726);
#1725 = CARTESIAN_POINT('',(0.,-0.565685424949));
#1726 = VECTOR('',#1727,1.);
#1727 = DIRECTION('',(1.,0.));
#1728 = ( GEOMETRIC_REPRESENTATION_CONTEXT(2) 
PARAMETRIC_REPRESENTATION_CONTEXT() REPRESENTATION_CONTEXT('2D SPACE',''
  ) );
#1729 = ORIENTED_EDGE('',*,*,#1730,.F.);
#1730 = EDGE_CURVE('',#1399,#1708,#1731,.T.);
#1731 = SURFACE_CURVE('',#1732,(#1736,#1743),.PCURVE_S1.);
#1732 = LINE('',#1733,#1734);
#1733 = CARTESIAN_POINT('',(11.75,-35.25,-34.));
#1734 = VECTOR('',#1735,1.);
#1735 = DIRECTION('',(0.,0.,1.));
#1736 = PCURVE('',#1277,#1737);
#1737 = DEFINITIONAL_REPRESENTATION('',(#1738),#1742);
#1738 = LINE('',#1739,#1740);
#1739 = CARTESIAN_POINT('',(0.,26.));
#1740 = VECTOR('',#1741,1.);
#1741 = DIRECTION('',(1.,0.));
#1742 = ( GEOMETRIC_REPRESENTATION_CONTEXT(2) 
PARAMETRIC_REPRESENTATION_CONTEXT() REPRESENTATION_CONTEXT('2D SPACE',''
  ) );
#1743 = PCURVE('',#1442,#1744);
#1744 = DEFINITIONAL_REPRESENTATION('',(#1745),#1749);
#1745 = LINE('',#1746,#1747);
#1746 = CARTESIAN_POINT('',(-1.570796326795,0.));
#1747 = VECTOR('',#1748,1.);
#1748 = DIRECTION('',(-0.,1.));
#1749 = ( GEOMETRIC_REPRESENTATION_CONTEXT(2) 
PARAMETRIC_REPRESENTATION_CONTEXT() REPRESENTATION_CONTEXT('2D SPACE',''
  ) );
#1750 = ORIENTED_EDGE('',*,*,#1398,.F.);
#1751 = FACE_BOUND('',#1752,.F.);
#1752 = EDGE_LOOP('',(#1753,#1781,#1807,#1833));
#1753 = ORIENTED_EDGE('',*,*,#1754,.F.);
#1754 = EDGE_CURVE('',#1755,#1757,#1759,.T.);
#1755 = VERTEX_POINT('',#1756);
#1756 = CARTESIAN_POINT('',(-11.,-35.25,-14.));
#1757 = VERTEX_POINT('',#1758);
#1758 = CARTESIAN_POINT('',(-1.,-35.25,-14.));
#1759 = SURFACE_CURVE('',#1760,(#1764,#1770),.PCURVE_S1.);
#1760 = LINE('',#1761,#1762);
#1761 = CARTESIAN_POINT('',(-12.625,-35.25,-14.));
#1762 = VECTOR('',#1763,1.);
#1763 = DIRECTION('',(1.,0.,0.));
#1764 = PCURVE('',#1277,#1765);
#1765 = DEFINITIONAL_REPRESENTATION('',(#1766),#1769);
#1766 = B_SPLINE_CURVE_WITH_KNOTS('',1,(#1767,#1768),.UNSPECIFIED.,.F.,
  .F.,(2,2),(1.625,11.625),.PIECEWISE_BEZIER_KNOTS.);
#1767 = CARTESIAN_POINT('',(20.,3.25));
#1768 = CARTESIAN_POINT('',(20.,13.25));
#1769 = ( GEOMETRIC_REPRESENTATION_CONTEXT(2) 
PARAMETRIC_REPRESENTATION_CONTEXT() REPRESENTATION_CONTEXT('2D SPACE',''
  ) );
#1770 = PCURVE('',#1771,#1776);
#1771 = PLANE('',#1772);
#1772 = AXIS2_PLACEMENT_3D('',#1773,#1774,#1775);
#1773 = CARTESIAN_POINT('',(-11.,-40.24,-14.));
#1774 = DIRECTION('',(0.,0.,1.));
#1775 = DIRECTION('',(1.,0.,0.));
#1776 = DEFINITIONAL_REPRESENTATION('',(#1777),#1780);
#1777 = B_SPLINE_CURVE_WITH_KNOTS('',1,(#1778,#1779),.UNSPECIFIED.,.F.,
  .F.,(2,2),(1.625,11.625),.PIECEWISE_BEZIER_KNOTS.);
#1778 = CARTESIAN_POINT('',(0.,4.99));
#1779 = CARTESIAN_POINT('',(10.,4.99));
#1780 = ( GEOMETRIC_REPRESENTATION_CONTEXT(2) 
PARAMETRIC_REPRESENTATION_CONTEXT() REPRESENTATION_CONTEXT('2D SPACE',''
  ) );
#1781 = ORIENTED_EDGE('',*,*,#1782,.T.);
#1782 = EDGE_CURVE('',#1755,#1783,#1785,.T.);
#1783 = VERTEX_POINT('',#1784);
#1784 = CARTESIAN_POINT('',(-11.,-35.25,-20.));
#1785 = SURFACE_CURVE('',#1786,(#1790,#1796),.PCURVE_S1.);
#1786 = LINE('',#1787,#1788);
#1787 = CARTESIAN_POINT('',(-11.,-35.25,-27.));
#1788 = VECTOR('',#1789,1.);
#1789 = DIRECTION('',(0.,0.,-1.));
#1790 = PCURVE('',#1277,#1791);
#1791 = DEFINITIONAL_REPRESENTATION('',(#1792),#1795);
#1792 = B_SPLINE_CURVE_WITH_KNOTS('',1,(#1793,#1794),.UNSPECIFIED.,.F.,
  .F.,(2,2),(-13.,-7.),.PIECEWISE_BEZIER_KNOTS.);
#1793 = CARTESIAN_POINT('',(20.,3.25));
#1794 = CARTESIAN_POINT('',(14.,3.25));
#1795 = ( GEOMETRIC_REPRESENTATION_CONTEXT(2) 
PARAMETRIC_REPRESENTATION_CONTEXT() REPRESENTATION_CONTEXT('2D SPACE',''
  ) );
#1796 = PCURVE('',#1797,#1802);
#1797 = PLANE('',#1798);
#1798 = AXIS2_PLACEMENT_3D('',#1799,#1800,#1801);
#1799 = CARTESIAN_POINT('',(-11.,-40.24,-20.));
#1800 = DIRECTION('',(1.,0.,0.));
#1801 = DIRECTION('',(0.,0.,1.));
#1802 = DEFINITIONAL_REPRESENTATION('',(#1803),#1806);
#1803 = B_SPLINE_CURVE_WITH_KNOTS('',1,(#1804,#1805),.UNSPECIFIED.,.F.,
  .F.,(2,2),(-13.,-7.),.PIECEWISE_BEZIER_KNOTS.);
#1804 = CARTESIAN_POINT('',(6.,-4.99));
#1805 = CARTESIAN_POINT('',(0.,-4.99));
#1806 = ( GEOMETRIC_REPRESENTATION_CONTEXT(2) 
PARAMETRIC_REPRESENTATION_CONTEXT() REPRESENTATION_CONTEXT('2D SPACE',''
  ) );
#1807 = ORIENTED_EDGE('',*,*,#1808,.T.);
#1808 = EDGE_CURVE('',#1783,#1809,#1811,.T.);
#1809 = VERTEX_POINT('',#1810);
#1810 = CARTESIAN_POINT('',(-1.,-35.25,-20.));
#1811 = SURFACE_CURVE('',#1812,(#1816,#1822),.PCURVE_S1.);
#1812 = LINE('',#1813,#1814);
#1813 = CARTESIAN_POINT('',(-12.625,-35.25,-20.));
#1814 = VECTOR('',#1815,1.);
#1815 = DIRECTION('',(1.,0.,0.));
#1816 = PCURVE('',#1277,#1817);
#1817 = DEFINITIONAL_REPRESENTATION('',(#1818),#1821);
#1818 = B_SPLINE_CURVE_WITH_KNOTS('',1,(#1819,#1820),.UNSPECIFIED.,.F.,
  .F.,(2,2),(1.625,11.625),.PIECEWISE_BEZIER_KNOTS.);
#1819 = CARTESIAN_POINT('',(14.,3.25));
#1820 = CARTESIAN_POINT('',(14.,13.25));
#1821 = ( GEOMETRIC_REPRESENTATION_CONTEXT(2) 
PARAMETRIC_REPRESENTATION_CONTEXT() REPRESENTATION_CONTEXT('2D SPACE',''
  ) );
#1822 = PCURVE('',#1823,#1828);
#1823 = PLANE('',#1824);
#1824 = AXIS2_PLACEMENT_3D('',#1825,#1826,#1827);
#1825 = CARTESIAN_POINT('',(-11.,-40.24,-20.));
#1826 = DIRECTION('',(0.,0.,1.));
#1827 = DIRECTION('',(1.,0.,0.));
#1828 = DEFINITIONAL_REPRESENTATION('',(#1829),#1832);
#1829 = B_SPLINE_CURVE_WITH_KNOTS('',1,(#1830,#1831),.UNSPECIFIED.,.F.,
  .F.,(2,2),(1.625,11.625),.PIECEWISE_BEZIER_KNOTS.);
#1830 = CARTESIAN_POINT('',(0.,4.99));
#1831 = CARTESIAN_POINT('',(10.,4.99));
#1832 = ( GEOMETRIC_REPRESENTATION_CONTEXT(2) 
PARAMETRIC_REPRESENTATION_CONTEXT() REPRESENTATION_CONTEXT('2D SPACE',''
  ) );
#1833 = ORIENTED_EDGE('',*,*,#1834,.F.);
#1834 = EDGE_CURVE('',#1757,#1809,#1835,.T.);
#1835 = SURFACE_CURVE('',#1836,(#1840,#1846),.PCURVE_S1.);
#1836 = LINE('',#1837,#1838);
#1837 = CARTESIAN_POINT('',(-1.,-35.25,-27.));
#1838 = VECTOR('',#1839,1.);
#1839 = DIRECTION('',(0.,0.,-1.));
#1840 = PCURVE('',#1277,#1841);
#1841 = DEFINITIONAL_REPRESENTATION('',(#1842),#1845);
#1842 = B_SPLINE_CURVE_WITH_KNOTS('',1,(#1843,#1844),.UNSPECIFIED.,.F.,
  .F.,(2,2),(-13.,-7.),.PIECEWISE_BEZIER_KNOTS.);
#1843 = CARTESIAN_POINT('',(20.,13.25));
#1844 = CARTESIAN_POINT('',(14.,13.25));
#1845 = ( GEOMETRIC_REPRESENTATION_CONTEXT(2) 
PARAMETRIC_REPRESENTATION_CONTEXT() REPRESENTATION_CONTEXT('2D SPACE',''
  ) );
#1846 = PCURVE('',#1847,#1852);
#1847 = PLANE('',#1848);
#1848 = AXIS2_PLACEMENT_3D('',#1849,#1850,#1851);
#1849 = CARTESIAN_POINT('',(-1.,-40.24,-20.));
#1850 = DIRECTION('',(1.,0.,0.));
#1851 = DIRECTION('',(0.,0.,1.));
#1852 = DEFINITIONAL_REPRESENTATION('',(#1853),#1856);
#1853 = B_SPLINE_CURVE_WITH_KNOTS('',1,(#1854,#1855),.UNSPECIFIED.,.F.,
  .F.,(2,2),(-13.,-7.),.PIECEWISE_BEZIER_KNOTS.);
#1854 = CARTESIAN_POINT('',(6.,-4.99));
#1855 = CARTESIAN_POINT('',(0.,-4.99));
#1856 = ( GEOMETRIC_REPRESENTATION_CONTEXT(2) 
PARAMETRIC_REPRESENTATION_CONTEXT() REPRESENTATION_CONTEXT('2D SPACE',''
  ) );
#1857 = FACE_BOUND('',#1858,.F.);
#1858 = EDGE_LOOP('',(#1859,#1887,#1913,#1939));
#1859 = ORIENTED_EDGE('',*,*,#1860,.F.);
#1860 = EDGE_CURVE('',#1861,#1863,#1865,.T.);
#1861 = VERTEX_POINT('',#1862);
#1862 = CARTESIAN_POINT('',(1.,-35.25,-14.));
#1863 = VERTEX_POINT('',#1864);
#1864 = CARTESIAN_POINT('',(11.,-35.25,-14.));
#1865 = SURFACE_CURVE('',#1866,(#1870,#1876),.PCURVE_S1.);
#1866 = LINE('',#1867,#1868);
#1867 = CARTESIAN_POINT('',(-6.625,-35.25,-14.));
#1868 = VECTOR('',#1869,1.);
#1869 = DIRECTION('',(1.,0.,0.));
#1870 = PCURVE('',#1277,#1871);
#1871 = DEFINITIONAL_REPRESENTATION('',(#1872),#1875);
#1872 = B_SPLINE_CURVE_WITH_KNOTS('',1,(#1873,#1874),.UNSPECIFIED.,.F.,
  .F.,(2,2),(7.625,17.625),.PIECEWISE_BEZIER_KNOTS.);
#1873 = CARTESIAN_POINT('',(20.,15.25));
#1874 = CARTESIAN_POINT('',(20.,25.25));
#1875 = ( GEOMETRIC_REPRESENTATION_CONTEXT(2) 
PARAMETRIC_REPRESENTATION_CONTEXT() REPRESENTATION_CONTEXT('2D SPACE',''
  ) );
#1876 = PCURVE('',#1877,#1882);
#1877 = PLANE('',#1878);
#1878 = AXIS2_PLACEMENT_3D('',#1879,#1880,#1881);
#1879 = CARTESIAN_POINT('',(1.,-40.24,-14.));
#1880 = DIRECTION('',(0.,0.,1.));
#1881 = DIRECTION('',(1.,0.,0.));
#1882 = DEFINITIONAL_REPRESENTATION('',(#1883),#1886);
#1883 = B_SPLINE_CURVE_WITH_KNOTS('',1,(#1884,#1885),.UNSPECIFIED.,.F.,
  .F.,(2,2),(7.625,17.625),.PIECEWISE_BEZIER_KNOTS.);
#1884 = CARTESIAN_POINT('',(0.,4.99));
#1885 = CARTESIAN_POINT('',(10.,4.99));
#1886 = ( GEOMETRIC_REPRESENTATION_CONTEXT(2) 
PARAMETRIC_REPRESENTATION_CONTEXT() REPRESENTATION_CONTEXT('2D SPACE',''
  ) );
#1887 = ORIENTED_EDGE('',*,*,#1888,.T.);
#1888 = EDGE_CURVE('',#1861,#1889,#1891,.T.);
#1889 = VERTEX_POINT('',#1890);
#1890 = CARTESIAN_POINT('',(1.,-35.25,-20.));
#1891 = SURFACE_CURVE('',#1892,(#1896,#1902),.PCURVE_S1.);
#1892 = LINE('',#1893,#1894);
#1893 = CARTESIAN_POINT('',(1.,-35.25,-27.));
#1894 = VECTOR('',#1895,1.);
#1895 = DIRECTION('',(0.,0.,-1.));
#1896 = PCURVE('',#1277,#1897);
#1897 = DEFINITIONAL_REPRESENTATION('',(#1898),#1901);
#1898 = B_SPLINE_CURVE_WITH_KNOTS('',1,(#1899,#1900),.UNSPECIFIED.,.F.,
  .F.,(2,2),(-13.,-7.),.PIECEWISE_BEZIER_KNOTS.);
#1899 = CARTESIAN_POINT('',(20.,15.25));
#1900 = CARTESIAN_POINT('',(14.,15.25));
#1901 = ( GEOMETRIC_REPRESENTATION_CONTEXT(2) 
PARAMETRIC_REPRESENTATION_CONTEXT() REPRESENTATION_CONTEXT('2D SPACE',''
  ) );
#1902 = PCURVE('',#1903,#1908);
#1903 = PLANE('',#1904);
#1904 = AXIS2_PLACEMENT_3D('',#1905,#1906,#1907);
#1905 = CARTESIAN_POINT('',(1.,-40.24,-20.));
#1906 = DIRECTION('',(1.,0.,0.));
#1907 = DIRECTION('',(0.,0.,1.));
#1908 = DEFINITIONAL_REPRESENTATION('',(#1909),#1912);
#1909 = B_SPLINE_CURVE_WITH_KNOTS('',1,(#1910,#1911),.UNSPECIFIED.,.F.,
  .F.,(2,2),(-13.,-7.),.PIECEWISE_BEZIER_KNOTS.);
#1910 = CARTESIAN_POINT('',(6.,-4.99));
#1911 = CARTESIAN_POINT('',(0.,-4.99));
#1912 = ( GEOMETRIC_REPRESENTATION_CONTEXT(2) 
PARAMETRIC_REPRESENTATION_CONTEXT() REPRESENTATION_CONTEXT('2D SPACE',''
  ) );
#1913 = ORIENTED_EDGE('',*,*,#1914,.T.);
#1914 = EDGE_CURVE('',#1889,#1915,#1917,.T.);
#1915 = VERTEX_POINT('',#1916);
#1916 = CARTESIAN_POINT('',(11.,-35.25,-20.));
#1917 = SURFACE_CURVE('',#1918,(#1922,#1928),.PCURVE_S1.);
#1918 = LINE('',#1919,#1920);
#1919 = CARTESIAN_POINT('',(-6.625,-35.25,-20.));
#1920 = VECTOR('',#1921,1.);
#1921 = DIRECTION('',(1.,0.,0.));
#1922 = PCURVE('',#1277,#1923);
#1923 = DEFINITIONAL_REPRESENTATION('',(#1924),#1927);
#1924 = B_SPLINE_CURVE_WITH_KNOTS('',1,(#1925,#1926),.UNSPECIFIED.,.F.,
  .F.,(2,2),(7.625,17.625),.PIECEWISE_BEZIER_KNOTS.);
#1925 = CARTESIAN_POINT('',(14.,15.25));
#1926 = CARTESIAN_POINT('',(14.,25.25));
#1927 = ( GEOMETRIC_REPRESENTATION_CONTEXT(2) 
PARAMETRIC_REPRESENTATION_CONTEXT() REPRESENTATION_CONTEXT('2D SPACE',''
  ) );
#1928 = PCURVE('',#1929,#1934);
#1929 = PLANE('',#1930);
#1930 = AXIS2_PLACEMENT_3D('',#1931,#1932,#1933);
#1931 = CARTESIAN_POINT('',(1.,-40.24,-20.));
#1932 = DIRECTION('',(0.,0.,1.));
#1933 = DIRECTION('',(1.,0.,0.));
#1934 = DEFINITIONAL_REPRESENTATION('',(#1935),#1938);
#1935 = B_SPLINE_CURVE_WITH_KNOTS('',1,(#1936,#1937),.UNSPECIFIED.,.F.,
  .F.,(2,2),(7.625,17.625),.PIECEWISE_BEZIER_KNOTS.);
#1936 = CARTESIAN_POINT('',(0.,4.99));
#1937 = CARTESIAN_POINT('',(10.,4.99));
#1938 = ( GEOMETRIC_REPRESENTATION_CONTEXT(2) 
PARAMETRIC_REPRESENTATION_CONTEXT() REPRESENTATION_CONTEXT('2D SPACE',''
  ) );
#1939 = ORIENTED_EDGE('',*,*,#1940,.F.);
#1940 = EDGE_CURVE('',#1863,#1915,#1941,.T.);
#1941 = SURFACE_CURVE('',#1942,(#1946,#1952),.PCURVE_S1.);
#1942 = LINE('',#1943,#1944);
#1943 = CARTESIAN_POINT('',(11.,-35.25,-27.));
#1944 = VECTOR('',#1945,1.);
#1945 = DIRECTION('',(0.,0.,-1.));
#1946 = PCURVE('',#1277,#1947);
#1947 = DEFINITIONAL_REPRESENTATION('',(#1948),#1951);
#1948 = B_SPLINE_CURVE_WITH_KNOTS('',1,(#1949,#1950),.UNSPECIFIED.,.F.,
  .F.,(2,2),(-13.,-7.),.PIECEWISE_BEZIER_KNOTS.);
#1949 = CARTESIAN_POINT('',(20.,25.25));
#1950 = CARTESIAN_POINT('',(14.,25.25));
#1951 = ( GEOMETRIC_REPRESENTATION_CONTEXT(2) 
PARAMETRIC_REPRESENTATION_CONTEXT() REPRESENTATION_CONTEXT('2D SPACE',''
  ) );
#1952 = PCURVE('',#1953,#1958);
#1953 = PLANE('',#1954);
#1954 = AXIS2_PLACEMENT_3D('',#1955,#1956,#1957);
#1955 = CARTESIAN_POINT('',(11.,-40.24,-20.));
#1956 = DIRECTION('',(1.,0.,0.));
#1957 = DIRECTION('',(0.,0.,1.));
#1958 = DEFINITIONAL_REPRESENTATION('',(#1959),#1962);
#1959 = B_SPLINE_CURVE_WITH_KNOTS('',1,(#1960,#1961),.UNSPECIFIED.,.F.,
  .F.,(2,2),(-13.,-7.),.PIECEWISE_BEZIER_KNOTS.);
#1960 = CARTESIAN_POINT('',(6.,-4.99));
#1961 = CARTESIAN_POINT('',(0.,-4.99));
#1962 = ( GEOMETRIC_REPRESENTATION_CONTEXT(2) 
PARAMETRIC_REPRESENTATION_CONTEXT() REPRESENTATION_CONTEXT('2D SPACE',''
  ) );
#1963 = ADVANCED_FACE('',(#1964),#1381,.T.);
#1964 = FACE_BOUND('',#1965,.T.);
#1965 = EDGE_LOOP('',(#1966,#1967,#1968,#1991,#2024,#2052,#2085,#2113,
    #2142,#2166,#2189));
#1966 = ORIENTED_EDGE('',*,*,#1367,.F.);
#1967 = ORIENTED_EDGE('',*,*,#1677,.F.);
#1968 = ORIENTED_EDGE('',*,*,#1969,.F.);
#1969 = EDGE_CURVE('',#1970,#1650,#1972,.T.);
#1970 = VERTEX_POINT('',#1971);
#1971 = CARTESIAN_POINT('',(11.75,-34.45,-2.22044604925E-16));
#1972 = SURFACE_CURVE('',#1973,(#1977,#1984),.PCURVE_S1.);
#1973 = LINE('',#1974,#1975);
#1974 = CARTESIAN_POINT('',(11.75,-34.45,0.));
#1975 = VECTOR('',#1976,1.);
#1976 = DIRECTION('',(-1.,-0.,-0.));
#1977 = PCURVE('',#1381,#1978);
#1978 = DEFINITIONAL_REPRESENTATION('',(#1979),#1983);
#1979 = LINE('',#1980,#1981);
#1980 = CARTESIAN_POINT('',(26.,0.8));
#1981 = VECTOR('',#1982,1.);
#1982 = DIRECTION('',(-1.,-0.));
#1983 = ( GEOMETRIC_REPRESENTATION_CONTEXT(2) 
PARAMETRIC_REPRESENTATION_CONTEXT() REPRESENTATION_CONTEXT('2D SPACE',''
  ) );
#1984 = PCURVE('',#1664,#1985);
#1985 = DEFINITIONAL_REPRESENTATION('',(#1986),#1990);
#1986 = LINE('',#1987,#1988);
#1987 = CARTESIAN_POINT('',(0.,0.565685424949));
#1988 = VECTOR('',#1989,1.);
#1989 = DIRECTION('',(1.,0.));
#1990 = ( GEOMETRIC_REPRESENTATION_CONTEXT(2) 
PARAMETRIC_REPRESENTATION_CONTEXT() REPRESENTATION_CONTEXT('2D SPACE',''
  ) );
#1991 = ORIENTED_EDGE('',*,*,#1992,.F.);
#1992 = EDGE_CURVE('',#1993,#1970,#1995,.T.);
#1993 = VERTEX_POINT('',#1994);
#1994 = CARTESIAN_POINT('',(13.45,-32.75,4.996003610813E-16));
#1995 = SURFACE_CURVE('',#1996,(#2001,#2012),.PCURVE_S1.);
#1996 = CIRCLE('',#1997,1.7);
#1997 = AXIS2_PLACEMENT_3D('',#1998,#1999,#2000);
#1998 = CARTESIAN_POINT('',(11.75,-32.75,0.));
#1999 = DIRECTION('',(0.,0.,-1.));
#2000 = DIRECTION('',(1.,0.,0.));
#2001 = PCURVE('',#1381,#2002);
#2002 = DEFINITIONAL_REPRESENTATION('',(#2003),#2011);
#2003 = ( BOUNDED_CURVE() B_SPLINE_CURVE(2,(#2004,#2005,#2006,#2007,
#2008,#2009,#2010),.UNSPECIFIED.,.T.,.F.) B_SPLINE_CURVE_WITH_KNOTS((1,2
    ,2,2,2,1),(-2.094395102393,0.,2.094395102393,4.188790204786,
6.28318530718,8.377580409573),.UNSPECIFIED.) CURVE() 
GEOMETRIC_REPRESENTATION_ITEM() RATIONAL_B_SPLINE_CURVE((1.,0.5,1.,0.5,
1.,0.5,1.)) REPRESENTATION_ITEM('') );
#2004 = CARTESIAN_POINT('',(27.7,2.5));
#2005 = CARTESIAN_POINT('',(27.7,-0.444486372867));
#2006 = CARTESIAN_POINT('',(25.15,1.027756813566));
#2007 = CARTESIAN_POINT('',(22.6,2.5));
#2008 = CARTESIAN_POINT('',(25.15,3.972243186434));
#2009 = CARTESIAN_POINT('',(27.7,5.444486372867));
#2010 = CARTESIAN_POINT('',(27.7,2.5));
#2011 = ( GEOMETRIC_REPRESENTATION_CONTEXT(2) 
PARAMETRIC_REPRESENTATION_CONTEXT() REPRESENTATION_CONTEXT('2D SPACE',''
  ) );
#2012 = PCURVE('',#2013,#2018);
#2013 = CONICAL_SURFACE('',#2014,2.5,0.785398163397);
#2014 = AXIS2_PLACEMENT_3D('',#2015,#2016,#2017);
#2015 = CARTESIAN_POINT('',(11.75,-32.75,-0.8));
#2016 = DIRECTION('',(-0.,-0.,-1.));
#2017 = DIRECTION('',(1.,0.,0.));
#2018 = DEFINITIONAL_REPRESENTATION('',(#2019),#2023);
#2019 = LINE('',#2020,#2021);
#2020 = CARTESIAN_POINT('',(0.,-0.8));
#2021 = VECTOR('',#2022,1.);
#2022 = DIRECTION('',(1.,-0.));
#2023 = ( GEOMETRIC_REPRESENTATION_CONTEXT(2) 
PARAMETRIC_REPRESENTATION_CONTEXT() REPRESENTATION_CONTEXT('2D SPACE',''
  ) );
#2024 = ORIENTED_EDGE('',*,*,#2025,.F.);
#2025 = EDGE_CURVE('',#2026,#1993,#2028,.T.);
#2026 = VERTEX_POINT('',#2027);
#2027 = CARTESIAN_POINT('',(13.45,8.75,-2.22044604925E-16));
#2028 = SURFACE_CURVE('',#2029,(#2033,#2040),.PCURVE_S1.);
#2029 = LINE('',#2030,#2031);
#2030 = CARTESIAN_POINT('',(13.45,8.75,0.));
#2031 = VECTOR('',#2032,1.);
#2032 = DIRECTION('',(-0.,-1.,-0.));
#2033 = PCURVE('',#1381,#2034);
#2034 = DEFINITIONAL_REPRESENTATION('',(#2035),#2039);
#2035 = LINE('',#2036,#2037);
#2036 = CARTESIAN_POINT('',(27.7,44.));
#2037 = VECTOR('',#2038,1.);
#2038 = DIRECTION('',(-0.,-1.));
#2039 = ( GEOMETRIC_REPRESENTATION_CONTEXT(2) 
PARAMETRIC_REPRESENTATION_CONTEXT() REPRESENTATION_CONTEXT('2D SPACE',''
  ) );
#2040 = PCURVE('',#2041,#2046);
#2041 = PLANE('',#2042);
#2042 = AXIS2_PLACEMENT_3D('',#2043,#2044,#2045);
#2043 = CARTESIAN_POINT('',(13.85,8.75,-0.4));
#2044 = DIRECTION('',(0.707106781187,6.983161618628E-18,0.707106781187)
  );
#2045 = DIRECTION('',(-4.937840934654E-18,1.,-4.937840934654E-18));
#2046 = DEFINITIONAL_REPRESENTATION('',(#2047),#2051);
#2047 = LINE('',#2048,#2049);
#2048 = CARTESIAN_POINT('',(-0.,0.565685424949));
#2049 = VECTOR('',#2050,1.);
#2050 = DIRECTION('',(-1.,0.));
#2051 = ( GEOMETRIC_REPRESENTATION_CONTEXT(2) 
PARAMETRIC_REPRESENTATION_CONTEXT() REPRESENTATION_CONTEXT('2D SPACE',''
  ) );
#2052 = ORIENTED_EDGE('',*,*,#2053,.F.);
#2053 = EDGE_CURVE('',#2054,#2026,#2056,.T.);
#2054 = VERTEX_POINT('',#2055);
#2055 = CARTESIAN_POINT('',(11.75,10.45,3.885780586188E-16));
#2056 = SURFACE_CURVE('',#2057,(#2062,#2073),.PCURVE_S1.);
#2057 = CIRCLE('',#2058,1.7);
#2058 = AXIS2_PLACEMENT_3D('',#2059,#2060,#2061);
#2059 = CARTESIAN_POINT('',(11.75,8.75,0.));
#2060 = DIRECTION('',(0.,-0.,-1.));
#2061 = DIRECTION('',(0.,1.,-0.));
#2062 = PCURVE('',#1381,#2063);
#2063 = DEFINITIONAL_REPRESENTATION('',(#2064),#2072);
#2064 = ( BOUNDED_CURVE() B_SPLINE_CURVE(2,(#2065,#2066,#2067,#2068,
#2069,#2070,#2071),.UNSPECIFIED.,.T.,.F.) B_SPLINE_CURVE_WITH_KNOTS((1,2
    ,2,2,2,1),(-2.094395102393,0.,2.094395102393,4.188790204786,
6.28318530718,8.377580409573),.UNSPECIFIED.) CURVE() 
GEOMETRIC_REPRESENTATION_ITEM() RATIONAL_B_SPLINE_CURVE((1.,0.5,1.,0.5,
1.,0.5,1.)) REPRESENTATION_ITEM('') );
#2065 = CARTESIAN_POINT('',(26.,45.7));
#2066 = CARTESIAN_POINT('',(28.944486372867,45.7));
#2067 = CARTESIAN_POINT('',(27.472243186434,43.15));
#2068 = CARTESIAN_POINT('',(26.,40.6));
#2069 = CARTESIAN_POINT('',(24.527756813566,43.15));
#2070 = CARTESIAN_POINT('',(23.055513627133,45.7));
#2071 = CARTESIAN_POINT('',(26.,45.7));
#2072 = ( GEOMETRIC_REPRESENTATION_CONTEXT(2) 
PARAMETRIC_REPRESENTATION_CONTEXT() REPRESENTATION_CONTEXT('2D SPACE',''
  ) );
#2073 = PCURVE('',#2074,#2079);
#2074 = CONICAL_SURFACE('',#2075,2.5,0.785398163397);
#2075 = AXIS2_PLACEMENT_3D('',#2076,#2077,#2078);
#2076 = CARTESIAN_POINT('',(11.75,8.75,-0.8));
#2077 = DIRECTION('',(-0.,-0.,-1.));
#2078 = DIRECTION('',(0.,1.,-0.));
#2079 = DEFINITIONAL_REPRESENTATION('',(#2080),#2084);
#2080 = LINE('',#2081,#2082);
#2081 = CARTESIAN_POINT('',(0.,-0.8));
#2082 = VECTOR('',#2083,1.);
#2083 = DIRECTION('',(1.,-0.));
#2084 = ( GEOMETRIC_REPRESENTATION_CONTEXT(2) 
PARAMETRIC_REPRESENTATION_CONTEXT() REPRESENTATION_CONTEXT('2D SPACE',''
  ) );
#2085 = ORIENTED_EDGE('',*,*,#2086,.F.);
#2086 = EDGE_CURVE('',#2087,#2054,#2089,.T.);
#2087 = VERTEX_POINT('',#2088);
#2088 = CARTESIAN_POINT('',(3.434748899119,10.45,0.));
#2089 = SURFACE_CURVE('',#2090,(#2094,#2101),.PCURVE_S1.);
#2090 = LINE('',#2091,#2092);
#2091 = CARTESIAN_POINT('',(-11.75,10.45,0.));
#2092 = VECTOR('',#2093,1.);
#2093 = DIRECTION('',(1.,0.,0.));
#2094 = PCURVE('',#1381,#2095);
#2095 = DEFINITIONAL_REPRESENTATION('',(#2096),#2100);
#2096 = LINE('',#2097,#2098);
#2097 = CARTESIAN_POINT('',(2.5,45.7));
#2098 = VECTOR('',#2099,1.);
#2099 = DIRECTION('',(1.,0.));
#2100 = ( GEOMETRIC_REPRESENTATION_CONTEXT(2) 
PARAMETRIC_REPRESENTATION_CONTEXT() REPRESENTATION_CONTEXT('2D SPACE',''
  ) );
#2101 = PCURVE('',#2102,#2107);
#2102 = PLANE('',#2103);
#2103 = AXIS2_PLACEMENT_3D('',#2104,#2105,#2106);
#2104 = CARTESIAN_POINT('',(-11.75,10.85,-0.4));
#2105 = DIRECTION('',(-6.983161618628E-18,0.707106781187,0.707106781187)
  );
#2106 = DIRECTION('',(-1.,-4.937840934654E-18,-4.937840934654E-18));
#2107 = DEFINITIONAL_REPRESENTATION('',(#2108),#2112);
#2108 = LINE('',#2109,#2110);
#2109 = CARTESIAN_POINT('',(-0.,0.565685424949));
#2110 = VECTOR('',#2111,1.);
#2111 = DIRECTION('',(-1.,0.));
#2112 = ( GEOMETRIC_REPRESENTATION_CONTEXT(2) 
PARAMETRIC_REPRESENTATION_CONTEXT() REPRESENTATION_CONTEXT('2D SPACE',''
  ) );
#2113 = ORIENTED_EDGE('',*,*,#2114,.F.);
#2114 = EDGE_CURVE('',#2115,#2087,#2117,.T.);
#2115 = VERTEX_POINT('',#2116);
#2116 = CARTESIAN_POINT('',(11.,0.,0.));
#2117 = SURFACE_CURVE('',#2118,(#2123,#2130),.PCURVE_S1.);
#2118 = CIRCLE('',#2119,11.);
#2119 = AXIS2_PLACEMENT_3D('',#2120,#2121,#2122);
#2120 = CARTESIAN_POINT('',(0.,0.,0.));
#2121 = DIRECTION('',(0.,0.,1.));
#2122 = DIRECTION('',(1.,0.,0.));
#2123 = PCURVE('',#1381,#2124);
#2124 = DEFINITIONAL_REPRESENTATION('',(#2125),#2129);
#2125 = CIRCLE('',#2126,11.);
#2126 = AXIS2_PLACEMENT_2D('',#2127,#2128);
#2127 = CARTESIAN_POINT('',(14.25,35.25));
#2128 = DIRECTION('',(1.,0.));
#2129 = ( GEOMETRIC_REPRESENTATION_CONTEXT(2) 
PARAMETRIC_REPRESENTATION_CONTEXT() REPRESENTATION_CONTEXT('2D SPACE',''
  ) );
#2130 = PCURVE('',#2131,#2136);
#2131 = CYLINDRICAL_SURFACE('',#2132,11.);
#2132 = AXIS2_PLACEMENT_3D('',#2133,#2134,#2135);
#2133 = CARTESIAN_POINT('',(0.,0.,0.));
#2134 = DIRECTION('',(-0.,-0.,-1.));
#2135 = DIRECTION('',(1.,0.,0.));
#2136 = DEFINITIONAL_REPRESENTATION('',(#2137),#2141);
#2137 = LINE('',#2138,#2139);
#2138 = CARTESIAN_POINT('',(-0.,0.));
#2139 = VECTOR('',#2140,1.);
#2140 = DIRECTION('',(-1.,0.));
#2141 = ( GEOMETRIC_REPRESENTATION_CONTEXT(2) 
PARAMETRIC_REPRESENTATION_CONTEXT() REPRESENTATION_CONTEXT('2D SPACE',''
  ) );
#2142 = ORIENTED_EDGE('',*,*,#2143,.F.);
#2143 = EDGE_CURVE('',#2144,#2115,#2146,.T.);
#2144 = VERTEX_POINT('',#2145);
#2145 = CARTESIAN_POINT('',(-3.43474889912,10.45,0.));
#2146 = SURFACE_CURVE('',#2147,(#2152,#2159),.PCURVE_S1.);
#2147 = CIRCLE('',#2148,11.);
#2148 = AXIS2_PLACEMENT_3D('',#2149,#2150,#2151);
#2149 = CARTESIAN_POINT('',(0.,0.,0.));
#2150 = DIRECTION('',(0.,0.,1.));
#2151 = DIRECTION('',(1.,0.,0.));
#2152 = PCURVE('',#1381,#2153);
#2153 = DEFINITIONAL_REPRESENTATION('',(#2154),#2158);
#2154 = CIRCLE('',#2155,11.);
#2155 = AXIS2_PLACEMENT_2D('',#2156,#2157);
#2156 = CARTESIAN_POINT('',(14.25,35.25));
#2157 = DIRECTION('',(1.,0.));
#2158 = ( GEOMETRIC_REPRESENTATION_CONTEXT(2) 
PARAMETRIC_REPRESENTATION_CONTEXT() REPRESENTATION_CONTEXT('2D SPACE',''
  ) );
#2159 = PCURVE('',#2131,#2160);
#2160 = DEFINITIONAL_REPRESENTATION('',(#2161),#2165);
#2161 = LINE('',#2162,#2163);
#2162 = CARTESIAN_POINT('',(-0.,0.));
#2163 = VECTOR('',#2164,1.);
#2164 = DIRECTION('',(-1.,0.));
#2165 = ( GEOMETRIC_REPRESENTATION_CONTEXT(2) 
PARAMETRIC_REPRESENTATION_CONTEXT() REPRESENTATION_CONTEXT('2D SPACE',''
  ) );
#2166 = ORIENTED_EDGE('',*,*,#2167,.F.);
#2167 = EDGE_CURVE('',#2168,#2144,#2170,.T.);
#2168 = VERTEX_POINT('',#2169);
#2169 = CARTESIAN_POINT('',(-11.75,10.45,-2.22044604925E-16));
#2170 = SURFACE_CURVE('',#2171,(#2175,#2182),.PCURVE_S1.);
#2171 = LINE('',#2172,#2173);
#2172 = CARTESIAN_POINT('',(-11.75,10.45,0.));
#2173 = VECTOR('',#2174,1.);
#2174 = DIRECTION('',(1.,0.,0.));
#2175 = PCURVE('',#1381,#2176);
#2176 = DEFINITIONAL_REPRESENTATION('',(#2177),#2181);
#2177 = LINE('',#2178,#2179);
#2178 = CARTESIAN_POINT('',(2.5,45.7));
#2179 = VECTOR('',#2180,1.);
#2180 = DIRECTION('',(1.,0.));
#2181 = ( GEOMETRIC_REPRESENTATION_CONTEXT(2) 
PARAMETRIC_REPRESENTATION_CONTEXT() REPRESENTATION_CONTEXT('2D SPACE',''
  ) );
#2182 = PCURVE('',#2102,#2183);
#2183 = DEFINITIONAL_REPRESENTATION('',(#2184),#2188);
#2184 = LINE('',#2185,#2186);
#2185 = CARTESIAN_POINT('',(-0.,0.565685424949));
#2186 = VECTOR('',#2187,1.);
#2187 = DIRECTION('',(-1.,0.));
#2188 = ( GEOMETRIC_REPRESENTATION_CONTEXT(2) 
PARAMETRIC_REPRESENTATION_CONTEXT() REPRESENTATION_CONTEXT('2D SPACE',''
  ) );
#2189 = ORIENTED_EDGE('',*,*,#2190,.F.);
#2190 = EDGE_CURVE('',#1342,#2168,#2191,.T.);
#2191 = SURFACE_CURVE('',#2192,(#2197,#2208),.PCURVE_S1.);
#2192 = CIRCLE('',#2193,1.7);
#2193 = AXIS2_PLACEMENT_3D('',#2194,#2195,#2196);
#2194 = CARTESIAN_POINT('',(-11.75,8.75,0.));
#2195 = DIRECTION('',(-0.,0.,-1.));
#2196 = DIRECTION('',(-1.,0.,0.));
#2197 = PCURVE('',#1381,#2198);
#2198 = DEFINITIONAL_REPRESENTATION('',(#2199),#2207);
#2199 = ( BOUNDED_CURVE() B_SPLINE_CURVE(2,(#2200,#2201,#2202,#2203,
#2204,#2205,#2206),.UNSPECIFIED.,.T.,.F.) B_SPLINE_CURVE_WITH_KNOTS((1,2
    ,2,2,2,1),(-2.094395102393,0.,2.094395102393,4.188790204786,
6.28318530718,8.377580409573),.UNSPECIFIED.) CURVE() 
GEOMETRIC_REPRESENTATION_ITEM() RATIONAL_B_SPLINE_CURVE((1.,0.5,1.,0.5,
1.,0.5,1.)) REPRESENTATION_ITEM('') );
#2200 = CARTESIAN_POINT('',(0.8,44.));
#2201 = CARTESIAN_POINT('',(0.8,46.944486372867));
#2202 = CARTESIAN_POINT('',(3.35,45.472243186434));
#2203 = CARTESIAN_POINT('',(5.9,44.));
#2204 = CARTESIAN_POINT('',(3.35,42.527756813566));
#2205 = CARTESIAN_POINT('',(0.8,41.055513627133));
#2206 = CARTESIAN_POINT('',(0.8,44.));
#2207 = ( GEOMETRIC_REPRESENTATION_CONTEXT(2) 
PARAMETRIC_REPRESENTATION_CONTEXT() REPRESENTATION_CONTEXT('2D SPACE',''
  ) );
#2208 = PCURVE('',#1356,#2209);
#2209 = DEFINITIONAL_REPRESENTATION('',(#2210),#2214);
#2210 = LINE('',#2211,#2212);
#2211 = CARTESIAN_POINT('',(0.,-0.8));
#2212 = VECTOR('',#2213,1.);
#2213 = DIRECTION('',(1.,-0.));
#2214 = ( GEOMETRIC_REPRESENTATION_CONTEXT(2) 
PARAMETRIC_REPRESENTATION_CONTEXT() REPRESENTATION_CONTEXT('2D SPACE',''
  ) );
#2215 = ADVANCED_FACE('',(#2216),#1356,.T.);
#2216 = FACE_BOUND('',#2217,.F.);
#2217 = EDGE_LOOP('',(#2218,#2219,#2220,#2239));
#2218 = ORIENTED_EDGE('',*,*,#1341,.F.);
#2219 = ORIENTED_EDGE('',*,*,#1624,.T.);
#2220 = ORIENTED_EDGE('',*,*,#2221,.T.);
#2221 = EDGE_CURVE('',#1602,#2168,#2222,.T.);
#2222 = SURFACE_CURVE('',#2223,(#2227,#2233),.PCURVE_S1.);
#2223 = LINE('',#2224,#2225);
#2224 = CARTESIAN_POINT('',(-11.75,11.25,-0.8));
#2225 = VECTOR('',#2226,1.);
#2226 = DIRECTION('',(4.329780281177E-17,-0.707106781187,0.707106781187)
  );
#2227 = PCURVE('',#1356,#2228);
#2228 = DEFINITIONAL_REPRESENTATION('',(#2229),#2232);
#2229 = B_SPLINE_CURVE_WITH_KNOTS('',1,(#2230,#2231),.UNSPECIFIED.,.F.,
  .F.,(2,2),(0.,1.131370849898),.PIECEWISE_BEZIER_KNOTS.);
#2230 = CARTESIAN_POINT('',(1.570796326795,0.));
#2231 = CARTESIAN_POINT('',(1.570796326795,-0.8));
#2232 = ( GEOMETRIC_REPRESENTATION_CONTEXT(2) 
PARAMETRIC_REPRESENTATION_CONTEXT() REPRESENTATION_CONTEXT('2D SPACE',''
  ) );
#2233 = PCURVE('',#2102,#2234);
#2234 = DEFINITIONAL_REPRESENTATION('',(#2235),#2238);
#2235 = B_SPLINE_CURVE_WITH_KNOTS('',1,(#2236,#2237),.UNSPECIFIED.,.F.,
  .F.,(2,2),(0.,1.131370849898),.PIECEWISE_BEZIER_KNOTS.);
#2236 = CARTESIAN_POINT('',(0.,-0.565685424949));
#2237 = CARTESIAN_POINT('',(0.,0.565685424949));
#2238 = ( GEOMETRIC_REPRESENTATION_CONTEXT(2) 
PARAMETRIC_REPRESENTATION_CONTEXT() REPRESENTATION_CONTEXT('2D SPACE',''
  ) );
#2239 = ORIENTED_EDGE('',*,*,#2190,.F.);
#2240 = ADVANCED_FACE('',(#2241),#1527,.T.);
#2241 = FACE_BOUND('',#2242,.T.);
#2242 = EDGE_LOOP('',(#2243,#2244,#2267,#2288));
#2243 = ORIENTED_EDGE('',*,*,#1601,.T.);
#2244 = ORIENTED_EDGE('',*,*,#2245,.T.);
#2245 = EDGE_CURVE('',#1602,#2246,#2248,.T.);
#2246 = VERTEX_POINT('',#2247);
#2247 = CARTESIAN_POINT('',(11.75,11.25,-0.8));
#2248 = SURFACE_CURVE('',#2249,(#2253,#2260),.PCURVE_S1.);
#2249 = LINE('',#2250,#2251);
#2250 = CARTESIAN_POINT('',(-11.75,11.25,-0.8));
#2251 = VECTOR('',#2252,1.);
#2252 = DIRECTION('',(1.,0.,0.));
#2253 = PCURVE('',#1527,#2254);
#2254 = DEFINITIONAL_REPRESENTATION('',(#2255),#2259);
#2255 = LINE('',#2256,#2257);
#2256 = CARTESIAN_POINT('',(33.2,2.5));
#2257 = VECTOR('',#2258,1.);
#2258 = DIRECTION('',(0.,1.));
#2259 = ( GEOMETRIC_REPRESENTATION_CONTEXT(2) 
PARAMETRIC_REPRESENTATION_CONTEXT() REPRESENTATION_CONTEXT('2D SPACE',''
  ) );
#2260 = PCURVE('',#2102,#2261);
#2261 = DEFINITIONAL_REPRESENTATION('',(#2262),#2266);
#2262 = LINE('',#2263,#2264);
#2263 = CARTESIAN_POINT('',(-0.,-0.565685424949));
#2264 = VECTOR('',#2265,1.);
#2265 = DIRECTION('',(-1.,0.));
#2266 = ( GEOMETRIC_REPRESENTATION_CONTEXT(2) 
PARAMETRIC_REPRESENTATION_CONTEXT() REPRESENTATION_CONTEXT('2D SPACE',''
  ) );
#2267 = ORIENTED_EDGE('',*,*,#2268,.F.);
#2268 = EDGE_CURVE('',#1483,#2246,#2269,.T.);
#2269 = SURFACE_CURVE('',#2270,(#2274,#2281),.PCURVE_S1.);
#2270 = LINE('',#2271,#2272);
#2271 = CARTESIAN_POINT('',(11.75,11.25,-34.));
#2272 = VECTOR('',#2273,1.);
#2273 = DIRECTION('',(0.,0.,1.));
#2274 = PCURVE('',#1527,#2275);
#2275 = DEFINITIONAL_REPRESENTATION('',(#2276),#2280);
#2276 = LINE('',#2277,#2278);
#2277 = CARTESIAN_POINT('',(0.,26.));
#2278 = VECTOR('',#2279,1.);
#2279 = DIRECTION('',(1.,0.));
#2280 = ( GEOMETRIC_REPRESENTATION_CONTEXT(2) 
PARAMETRIC_REPRESENTATION_CONTEXT() REPRESENTATION_CONTEXT('2D SPACE',''
  ) );
#2281 = PCURVE('',#1499,#2282);
#2282 = DEFINITIONAL_REPRESENTATION('',(#2283),#2287);
#2283 = LINE('',#2284,#2285);
#2284 = CARTESIAN_POINT('',(1.570796326795,0.));
#2285 = VECTOR('',#2286,1.);
#2286 = DIRECTION('',(0.,1.));
#2287 = ( GEOMETRIC_REPRESENTATION_CONTEXT(2) 
PARAMETRIC_REPRESENTATION_CONTEXT() REPRESENTATION_CONTEXT('2D SPACE',''
  ) );
#2288 = ORIENTED_EDGE('',*,*,#1511,.F.);
#2289 = ADVANCED_FACE('',(#2290),#1442,.T.);
#2290 = FACE_BOUND('',#2291,.F.);
#2291 = EDGE_LOOP('',(#2292,#2315,#2316,#2317));
#2292 = ORIENTED_EDGE('',*,*,#2293,.F.);
#2293 = EDGE_CURVE('',#1422,#2294,#2296,.T.);
#2294 = VERTEX_POINT('',#2295);
#2295 = CARTESIAN_POINT('',(14.25,-32.75,-0.8));
#2296 = SURFACE_CURVE('',#2297,(#2301,#2308),.PCURVE_S1.);
#2297 = LINE('',#2298,#2299);
#2298 = CARTESIAN_POINT('',(14.25,-32.75,-34.));
#2299 = VECTOR('',#2300,1.);
#2300 = DIRECTION('',(0.,0.,1.));
#2301 = PCURVE('',#1442,#2302);
#2302 = DEFINITIONAL_REPRESENTATION('',(#2303),#2307);
#2303 = LINE('',#2304,#2305);
#2304 = CARTESIAN_POINT('',(-0.,0.));
#2305 = VECTOR('',#2306,1.);
#2306 = DIRECTION('',(-0.,1.));
#2307 = ( GEOMETRIC_REPRESENTATION_CONTEXT(2) 
PARAMETRIC_REPRESENTATION_CONTEXT() REPRESENTATION_CONTEXT('2D SPACE',''
  ) );
#2308 = PCURVE('',#1470,#2309);
#2309 = DEFINITIONAL_REPRESENTATION('',(#2310),#2314);
#2310 = LINE('',#2311,#2312);
#2311 = CARTESIAN_POINT('',(0.,-2.5));
#2312 = VECTOR('',#2313,1.);
#2313 = DIRECTION('',(1.,0.));
#2314 = ( GEOMETRIC_REPRESENTATION_CONTEXT(2) 
PARAMETRIC_REPRESENTATION_CONTEXT() REPRESENTATION_CONTEXT('2D SPACE',''
  ) );
#2315 = ORIENTED_EDGE('',*,*,#1421,.T.);
#2316 = ORIENTED_EDGE('',*,*,#1730,.T.);
#2317 = ORIENTED_EDGE('',*,*,#2318,.F.);
#2318 = EDGE_CURVE('',#2294,#1708,#2319,.T.);
#2319 = SURFACE_CURVE('',#2320,(#2325,#2332),.PCURVE_S1.);
#2320 = CIRCLE('',#2321,2.5);
#2321 = AXIS2_PLACEMENT_3D('',#2322,#2323,#2324);
#2322 = CARTESIAN_POINT('',(11.75,-32.75,-0.8));
#2323 = DIRECTION('',(0.,0.,-1.));
#2324 = DIRECTION('',(1.,0.,0.));
#2325 = PCURVE('',#1442,#2326);
#2326 = DEFINITIONAL_REPRESENTATION('',(#2327),#2331);
#2327 = LINE('',#2328,#2329);
#2328 = CARTESIAN_POINT('',(-0.,33.2));
#2329 = VECTOR('',#2330,1.);
#2330 = DIRECTION('',(-1.,0.));
#2331 = ( GEOMETRIC_REPRESENTATION_CONTEXT(2) 
PARAMETRIC_REPRESENTATION_CONTEXT() REPRESENTATION_CONTEXT('2D SPACE',''
  ) );
#2332 = PCURVE('',#2013,#2333);
#2333 = DEFINITIONAL_REPRESENTATION('',(#2334),#2338);
#2334 = LINE('',#2335,#2336);
#2335 = CARTESIAN_POINT('',(0.,-0.));
#2336 = VECTOR('',#2337,1.);
#2337 = DIRECTION('',(1.,-0.));
#2338 = ( GEOMETRIC_REPRESENTATION_CONTEXT(2) 
PARAMETRIC_REPRESENTATION_CONTEXT() REPRESENTATION_CONTEXT('2D SPACE',''
  ) );
#2339 = ADVANCED_FACE('',(#2340),#1499,.T.);
#2340 = FACE_BOUND('',#2341,.T.);
#2341 = EDGE_LOOP('',(#2342,#2365,#2366,#2367));
#2342 = ORIENTED_EDGE('',*,*,#2343,.F.);
#2343 = EDGE_CURVE('',#1455,#2344,#2346,.T.);
#2344 = VERTEX_POINT('',#2345);
#2345 = CARTESIAN_POINT('',(14.25,8.75,-0.8));
#2346 = SURFACE_CURVE('',#2347,(#2351,#2358),.PCURVE_S1.);
#2347 = LINE('',#2348,#2349);
#2348 = CARTESIAN_POINT('',(14.25,8.75,-34.));
#2349 = VECTOR('',#2350,1.);
#2350 = DIRECTION('',(0.,0.,1.));
#2351 = PCURVE('',#1499,#2352);
#2352 = DEFINITIONAL_REPRESENTATION('',(#2353),#2357);
#2353 = LINE('',#2354,#2355);
#2354 = CARTESIAN_POINT('',(0.,0.));
#2355 = VECTOR('',#2356,1.);
#2356 = DIRECTION('',(0.,1.));
#2357 = ( GEOMETRIC_REPRESENTATION_CONTEXT(2) 
PARAMETRIC_REPRESENTATION_CONTEXT() REPRESENTATION_CONTEXT('2D SPACE',''
  ) );
#2358 = PCURVE('',#1470,#2359);
#2359 = DEFINITIONAL_REPRESENTATION('',(#2360),#2364);
#2360 = LINE('',#2361,#2362);
#2361 = CARTESIAN_POINT('',(0.,-44.));
#2362 = VECTOR('',#2363,1.);
#2363 = DIRECTION('',(1.,0.));
#2364 = ( GEOMETRIC_REPRESENTATION_CONTEXT(2) 
PARAMETRIC_REPRESENTATION_CONTEXT() REPRESENTATION_CONTEXT('2D SPACE',''
  ) );
#2365 = ORIENTED_EDGE('',*,*,#1482,.T.);
#2366 = ORIENTED_EDGE('',*,*,#2268,.T.);
#2367 = ORIENTED_EDGE('',*,*,#2368,.T.);
#2368 = EDGE_CURVE('',#2246,#2344,#2369,.T.);
#2369 = SURFACE_CURVE('',#2370,(#2375,#2382),.PCURVE_S1.);
#2370 = CIRCLE('',#2371,2.5);
#2371 = AXIS2_PLACEMENT_3D('',#2372,#2373,#2374);
#2372 = CARTESIAN_POINT('',(11.75,8.75,-0.8));
#2373 = DIRECTION('',(0.,-0.,-1.));
#2374 = DIRECTION('',(0.,1.,-0.));
#2375 = PCURVE('',#1499,#2376);
#2376 = DEFINITIONAL_REPRESENTATION('',(#2377),#2381);
#2377 = LINE('',#2378,#2379);
#2378 = CARTESIAN_POINT('',(1.570796326795,33.2));
#2379 = VECTOR('',#2380,1.);
#2380 = DIRECTION('',(-1.,-0.));
#2381 = ( GEOMETRIC_REPRESENTATION_CONTEXT(2) 
PARAMETRIC_REPRESENTATION_CONTEXT() REPRESENTATION_CONTEXT('2D SPACE',''
  ) );
#2382 = PCURVE('',#2074,#2383);
#2383 = DEFINITIONAL_REPRESENTATION('',(#2384),#2388);
#2384 = LINE('',#2385,#2386);
#2385 = CARTESIAN_POINT('',(0.,-0.));
#2386 = VECTOR('',#2387,1.);
#2387 = DIRECTION('',(1.,-0.));
#2388 = ( GEOMETRIC_REPRESENTATION_CONTEXT(2) 
PARAMETRIC_REPRESENTATION_CONTEXT() REPRESENTATION_CONTEXT('2D SPACE',''
  ) );
#2389 = ADVANCED_FACE('',(#2390),#1470,.T.);
#2390 = FACE_BOUND('',#2391,.T.);
#2391 = EDGE_LOOP('',(#2392,#2393,#2394,#2395));
#2392 = ORIENTED_EDGE('',*,*,#2293,.F.);
#2393 = ORIENTED_EDGE('',*,*,#1454,.T.);
#2394 = ORIENTED_EDGE('',*,*,#2343,.T.);
#2395 = ORIENTED_EDGE('',*,*,#2396,.T.);
#2396 = EDGE_CURVE('',#2344,#2294,#2397,.T.);
#2397 = SURFACE_CURVE('',#2398,(#2402,#2409),.PCURVE_S1.);
#2398 = LINE('',#2399,#2400);
#2399 = CARTESIAN_POINT('',(14.25,8.75,-0.8));
#2400 = VECTOR('',#2401,1.);
#2401 = DIRECTION('',(-0.,-1.,-0.));
#2402 = PCURVE('',#1470,#2403);
#2403 = DEFINITIONAL_REPRESENTATION('',(#2404),#2408);
#2404 = LINE('',#2405,#2406);
#2405 = CARTESIAN_POINT('',(33.2,-44.));
#2406 = VECTOR('',#2407,1.);
#2407 = DIRECTION('',(-0.,1.));
#2408 = ( GEOMETRIC_REPRESENTATION_CONTEXT(2) 
PARAMETRIC_REPRESENTATION_CONTEXT() REPRESENTATION_CONTEXT('2D SPACE',''
  ) );
#2409 = PCURVE('',#2041,#2410);
#2410 = DEFINITIONAL_REPRESENTATION('',(#2411),#2415);
#2411 = LINE('',#2412,#2413);
#2412 = CARTESIAN_POINT('',(-0.,-0.565685424949));
#2413 = VECTOR('',#2414,1.);
#2414 = DIRECTION('',(-1.,0.));
#2415 = ( GEOMETRIC_REPRESENTATION_CONTEXT(2) 
PARAMETRIC_REPRESENTATION_CONTEXT() REPRESENTATION_CONTEXT('2D SPACE',''
  ) );
#2416 = ADVANCED_FACE('',(#2417),#1584,.T.);
#2417 = FACE_BOUND('',#2418,.F.);
#2418 = EDGE_LOOP('',(#2419,#2442,#2443,#2444));
#2419 = ORIENTED_EDGE('',*,*,#2420,.T.);
#2420 = EDGE_CURVE('',#2421,#1568,#2423,.T.);
#2421 = VERTEX_POINT('',#2422);
#2422 = CARTESIAN_POINT('',(6.,0.,-35.));
#2423 = SEAM_CURVE('',#2424,(#2428,#2435),.PCURVE_S1.);
#2424 = LINE('',#2425,#2426);
#2425 = CARTESIAN_POINT('',(6.,0.,-35.));
#2426 = VECTOR('',#2427,1.);
#2427 = DIRECTION('',(0.,0.,1.));
#2428 = PCURVE('',#1584,#2429);
#2429 = DEFINITIONAL_REPRESENTATION('',(#2430),#2434);
#2430 = LINE('',#2431,#2432);
#2431 = CARTESIAN_POINT('',(-0.,0.));
#2432 = VECTOR('',#2433,1.);
#2433 = DIRECTION('',(-0.,-1.));
#2434 = ( GEOMETRIC_REPRESENTATION_CONTEXT(2) 
PARAMETRIC_REPRESENTATION_CONTEXT() REPRESENTATION_CONTEXT('2D SPACE',''
  ) );
#2435 = PCURVE('',#1584,#2436);
#2436 = DEFINITIONAL_REPRESENTATION('',(#2437),#2441);
#2437 = LINE('',#2438,#2439);
#2438 = CARTESIAN_POINT('',(-6.28318530718,0.));
#2439 = VECTOR('',#2440,1.);
#2440 = DIRECTION('',(-0.,-1.));
#2441 = ( GEOMETRIC_REPRESENTATION_CONTEXT(2) 
PARAMETRIC_REPRESENTATION_CONTEXT() REPRESENTATION_CONTEXT('2D SPACE',''
  ) );
#2442 = ORIENTED_EDGE('',*,*,#1567,.T.);
#2443 = ORIENTED_EDGE('',*,*,#2420,.F.);
#2444 = ORIENTED_EDGE('',*,*,#2445,.F.);
#2445 = EDGE_CURVE('',#2421,#2421,#2446,.T.);
#2446 = SURFACE_CURVE('',#2447,(#2452,#2459),.PCURVE_S1.);
#2447 = CIRCLE('',#2448,6.);
#2448 = AXIS2_PLACEMENT_3D('',#2449,#2450,#2451);
#2449 = CARTESIAN_POINT('',(0.,0.,-35.));
#2450 = DIRECTION('',(0.,0.,1.));
#2451 = DIRECTION('',(1.,0.,0.));
#2452 = PCURVE('',#1584,#2453);
#2453 = DEFINITIONAL_REPRESENTATION('',(#2454),#2458);
#2454 = LINE('',#2455,#2456);
#2455 = CARTESIAN_POINT('',(-0.,0.));
#2456 = VECTOR('',#2457,1.);
#2457 = DIRECTION('',(-1.,0.));
#2458 = ( GEOMETRIC_REPRESENTATION_CONTEXT(2) 
PARAMETRIC_REPRESENTATION_CONTEXT() REPRESENTATION_CONTEXT('2D SPACE',''
  ) );
#2459 = PCURVE('',#2460,#2465);
#2460 = PLANE('',#2461);
#2461 = AXIS2_PLACEMENT_3D('',#2462,#2463,#2464);
#2462 = CARTESIAN_POINT('',(-3.418600331349E-16,-1.70226710729E-17,-35.)
  );
#2463 = DIRECTION('',(0.,0.,1.));
#2464 = DIRECTION('',(1.,0.,-0.));
#2465 = DEFINITIONAL_REPRESENTATION('',(#2466),#2470);
#2466 = CIRCLE('',#2467,6.);
#2467 = AXIS2_PLACEMENT_2D('',#2468,#2469);
#2468 = CARTESIAN_POINT('',(3.418600331349E-16,1.70226710729E-17));
#2469 = DIRECTION('',(1.,0.));
#2470 = ( GEOMETRIC_REPRESENTATION_CONTEXT(2) 
PARAMETRIC_REPRESENTATION_CONTEXT() REPRESENTATION_CONTEXT('2D SPACE',''
  ) );
#2471 = ADVANCED_FACE('',(#2472),#1664,.F.);
#2472 = FACE_BOUND('',#2473,.F.);
#2473 = EDGE_LOOP('',(#2474,#2493,#2494,#2495));
#2474 = ORIENTED_EDGE('',*,*,#2475,.F.);
#2475 = EDGE_CURVE('',#1708,#1970,#2476,.T.);
#2476 = SURFACE_CURVE('',#2477,(#2481,#2487),.PCURVE_S1.);
#2477 = LINE('',#2478,#2479);
#2478 = CARTESIAN_POINT('',(11.75,-35.25,-0.8));
#2479 = VECTOR('',#2480,1.);
#2480 = DIRECTION('',(-4.329780281177E-17,0.707106781187,0.707106781187)
  );
#2481 = PCURVE('',#1664,#2482);
#2482 = DEFINITIONAL_REPRESENTATION('',(#2483),#2486);
#2483 = B_SPLINE_CURVE_WITH_KNOTS('',1,(#2484,#2485),.UNSPECIFIED.,.F.,
  .F.,(2,2),(0.,1.131370849898),.PIECEWISE_BEZIER_KNOTS.);
#2484 = CARTESIAN_POINT('',(0.,-0.565685424949));
#2485 = CARTESIAN_POINT('',(0.,0.565685424949));
#2486 = ( GEOMETRIC_REPRESENTATION_CONTEXT(2) 
PARAMETRIC_REPRESENTATION_CONTEXT() REPRESENTATION_CONTEXT('2D SPACE',''
  ) );
#2487 = PCURVE('',#2013,#2488);
#2488 = DEFINITIONAL_REPRESENTATION('',(#2489),#2492);
#2489 = B_SPLINE_CURVE_WITH_KNOTS('',1,(#2490,#2491),.UNSPECIFIED.,.F.,
  .F.,(2,2),(0.,1.131370849898),.PIECEWISE_BEZIER_KNOTS.);
#2490 = CARTESIAN_POINT('',(1.570796326795,0.));
#2491 = CARTESIAN_POINT('',(1.570796326795,-0.8));
#2492 = ( GEOMETRIC_REPRESENTATION_CONTEXT(2) 
PARAMETRIC_REPRESENTATION_CONTEXT() REPRESENTATION_CONTEXT('2D SPACE',''
  ) );
#2493 = ORIENTED_EDGE('',*,*,#1707,.T.);
#2494 = ORIENTED_EDGE('',*,*,#1649,.T.);
#2495 = ORIENTED_EDGE('',*,*,#1969,.F.);
#2496 = ADVANCED_FACE('',(#2497),#1771,.T.);
#2497 = FACE_BOUND('',#2498,.T.);
#2498 = EDGE_LOOP('',(#2499,#2522,#2550,#2571));
#2499 = ORIENTED_EDGE('',*,*,#2500,.F.);
#2500 = EDGE_CURVE('',#2501,#1755,#2503,.T.);
#2501 = VERTEX_POINT('',#2502);
#2502 = CARTESIAN_POINT('',(-11.,-40.24,-14.));
#2503 = SURFACE_CURVE('',#2504,(#2508,#2515),.PCURVE_S1.);
#2504 = LINE('',#2505,#2506);
#2505 = CARTESIAN_POINT('',(-11.,-40.24,-14.));
#2506 = VECTOR('',#2507,1.);
#2507 = DIRECTION('',(0.,1.,0.));
#2508 = PCURVE('',#1771,#2509);
#2509 = DEFINITIONAL_REPRESENTATION('',(#2510),#2514);
#2510 = LINE('',#2511,#2512);
#2511 = CARTESIAN_POINT('',(0.,0.));
#2512 = VECTOR('',#2513,1.);
#2513 = DIRECTION('',(0.,1.));
#2514 = ( GEOMETRIC_REPRESENTATION_CONTEXT(2) 
PARAMETRIC_REPRESENTATION_CONTEXT() REPRESENTATION_CONTEXT('2D SPACE',''
  ) );
#2515 = PCURVE('',#1797,#2516);
#2516 = DEFINITIONAL_REPRESENTATION('',(#2517),#2521);
#2517 = LINE('',#2518,#2519);
#2518 = CARTESIAN_POINT('',(6.,0.));
#2519 = VECTOR('',#2520,1.);
#2520 = DIRECTION('',(0.,-1.));
#2521 = ( GEOMETRIC_REPRESENTATION_CONTEXT(2) 
PARAMETRIC_REPRESENTATION_CONTEXT() REPRESENTATION_CONTEXT('2D SPACE',''
  ) );
#2522 = ORIENTED_EDGE('',*,*,#2523,.T.);
#2523 = EDGE_CURVE('',#2501,#2524,#2526,.T.);
#2524 = VERTEX_POINT('',#2525);
#2525 = CARTESIAN_POINT('',(-1.,-40.24,-14.));
#2526 = SURFACE_CURVE('',#2527,(#2531,#2538),.PCURVE_S1.);
#2527 = LINE('',#2528,#2529);
#2528 = CARTESIAN_POINT('',(-11.,-40.24,-14.));
#2529 = VECTOR('',#2530,1.);
#2530 = DIRECTION('',(1.,0.,0.));
#2531 = PCURVE('',#1771,#2532);
#2532 = DEFINITIONAL_REPRESENTATION('',(#2533),#2537);
#2533 = LINE('',#2534,#2535);
#2534 = CARTESIAN_POINT('',(0.,0.));
#2535 = VECTOR('',#2536,1.);
#2536 = DIRECTION('',(1.,0.));
#2537 = ( GEOMETRIC_REPRESENTATION_CONTEXT(2) 
PARAMETRIC_REPRESENTATION_CONTEXT() REPRESENTATION_CONTEXT('2D SPACE',''
  ) );
#2538 = PCURVE('',#2539,#2544);
#2539 = PLANE('',#2540);
#2540 = AXIS2_PLACEMENT_3D('',#2541,#2542,#2543);
#2541 = CARTESIAN_POINT('',(-11.,-40.24,-20.));
#2542 = DIRECTION('',(0.,1.,0.));
#2543 = DIRECTION('',(0.,0.,1.));
#2544 = DEFINITIONAL_REPRESENTATION('',(#2545),#2549);
#2545 = LINE('',#2546,#2547);
#2546 = CARTESIAN_POINT('',(6.,0.));
#2547 = VECTOR('',#2548,1.);
#2548 = DIRECTION('',(0.,1.));
#2549 = ( GEOMETRIC_REPRESENTATION_CONTEXT(2) 
PARAMETRIC_REPRESENTATION_CONTEXT() REPRESENTATION_CONTEXT('2D SPACE',''
  ) );
#2550 = ORIENTED_EDGE('',*,*,#2551,.T.);
#2551 = EDGE_CURVE('',#2524,#1757,#2552,.T.);
#2552 = SURFACE_CURVE('',#2553,(#2557,#2564),.PCURVE_S1.);
#2553 = LINE('',#2554,#2555);
#2554 = CARTESIAN_POINT('',(-1.,-40.24,-14.));
#2555 = VECTOR('',#2556,1.);
#2556 = DIRECTION('',(0.,1.,0.));
#2557 = PCURVE('',#1771,#2558);
#2558 = DEFINITIONAL_REPRESENTATION('',(#2559),#2563);
#2559 = LINE('',#2560,#2561);
#2560 = CARTESIAN_POINT('',(10.,0.));
#2561 = VECTOR('',#2562,1.);
#2562 = DIRECTION('',(0.,1.));
#2563 = ( GEOMETRIC_REPRESENTATION_CONTEXT(2) 
PARAMETRIC_REPRESENTATION_CONTEXT() REPRESENTATION_CONTEXT('2D SPACE',''
  ) );
#2564 = PCURVE('',#1847,#2565);
#2565 = DEFINITIONAL_REPRESENTATION('',(#2566),#2570);
#2566 = LINE('',#2567,#2568);
#2567 = CARTESIAN_POINT('',(6.,0.));
#2568 = VECTOR('',#2569,1.);
#2569 = DIRECTION('',(0.,-1.));
#2570 = ( GEOMETRIC_REPRESENTATION_CONTEXT(2) 
PARAMETRIC_REPRESENTATION_CONTEXT() REPRESENTATION_CONTEXT('2D SPACE',''
  ) );
#2571 = ORIENTED_EDGE('',*,*,#1754,.F.);
#2572 = ADVANCED_FACE('',(#2573),#1847,.T.);
#2573 = FACE_BOUND('',#2574,.T.);
#2574 = EDGE_LOOP('',(#2575,#2576,#2599,#2620));
#2575 = ORIENTED_EDGE('',*,*,#2551,.F.);
#2576 = ORIENTED_EDGE('',*,*,#2577,.F.);
#2577 = EDGE_CURVE('',#2578,#2524,#2580,.T.);
#2578 = VERTEX_POINT('',#2579);
#2579 = CARTESIAN_POINT('',(-1.,-40.24,-20.));
#2580 = SURFACE_CURVE('',#2581,(#2585,#2592),.PCURVE_S1.);
#2581 = LINE('',#2582,#2583);
#2582 = CARTESIAN_POINT('',(-1.,-40.24,-20.));
#2583 = VECTOR('',#2584,1.);
#2584 = DIRECTION('',(0.,0.,1.));
#2585 = PCURVE('',#1847,#2586);
#2586 = DEFINITIONAL_REPRESENTATION('',(#2587),#2591);
#2587 = LINE('',#2588,#2589);
#2588 = CARTESIAN_POINT('',(0.,0.));
#2589 = VECTOR('',#2590,1.);
#2590 = DIRECTION('',(1.,0.));
#2591 = ( GEOMETRIC_REPRESENTATION_CONTEXT(2) 
PARAMETRIC_REPRESENTATION_CONTEXT() REPRESENTATION_CONTEXT('2D SPACE',''
  ) );
#2592 = PCURVE('',#2539,#2593);
#2593 = DEFINITIONAL_REPRESENTATION('',(#2594),#2598);
#2594 = LINE('',#2595,#2596);
#2595 = CARTESIAN_POINT('',(0.,10.));
#2596 = VECTOR('',#2597,1.);
#2597 = DIRECTION('',(1.,0.));
#2598 = ( GEOMETRIC_REPRESENTATION_CONTEXT(2) 
PARAMETRIC_REPRESENTATION_CONTEXT() REPRESENTATION_CONTEXT('2D SPACE',''
  ) );
#2599 = ORIENTED_EDGE('',*,*,#2600,.T.);
#2600 = EDGE_CURVE('',#2578,#1809,#2601,.T.);
#2601 = SURFACE_CURVE('',#2602,(#2606,#2613),.PCURVE_S1.);
#2602 = LINE('',#2603,#2604);
#2603 = CARTESIAN_POINT('',(-1.,-40.24,-20.));
#2604 = VECTOR('',#2605,1.);
#2605 = DIRECTION('',(0.,1.,0.));
#2606 = PCURVE('',#1847,#2607);
#2607 = DEFINITIONAL_REPRESENTATION('',(#2608),#2612);
#2608 = LINE('',#2609,#2610);
#2609 = CARTESIAN_POINT('',(0.,0.));
#2610 = VECTOR('',#2611,1.);
#2611 = DIRECTION('',(0.,-1.));
#2612 = ( GEOMETRIC_REPRESENTATION_CONTEXT(2) 
PARAMETRIC_REPRESENTATION_CONTEXT() REPRESENTATION_CONTEXT('2D SPACE',''
  ) );
#2613 = PCURVE('',#1823,#2614);
#2614 = DEFINITIONAL_REPRESENTATION('',(#2615),#2619);
#2615 = LINE('',#2616,#2617);
#2616 = CARTESIAN_POINT('',(10.,0.));
#2617 = VECTOR('',#2618,1.);
#2618 = DIRECTION('',(0.,1.));
#2619 = ( GEOMETRIC_REPRESENTATION_CONTEXT(2) 
PARAMETRIC_REPRESENTATION_CONTEXT() REPRESENTATION_CONTEXT('2D SPACE',''
  ) );
#2620 = ORIENTED_EDGE('',*,*,#1834,.F.);
#2621 = ADVANCED_FACE('',(#2622),#1823,.F.);
#2622 = FACE_BOUND('',#2623,.F.);
#2623 = EDGE_LOOP('',(#2624,#2647,#2668,#2669));
#2624 = ORIENTED_EDGE('',*,*,#2625,.F.);
#2625 = EDGE_CURVE('',#2626,#1783,#2628,.T.);
#2626 = VERTEX_POINT('',#2627);
#2627 = CARTESIAN_POINT('',(-11.,-40.24,-20.));
#2628 = SURFACE_CURVE('',#2629,(#2633,#2640),.PCURVE_S1.);
#2629 = LINE('',#2630,#2631);
#2630 = CARTESIAN_POINT('',(-11.,-40.24,-20.));
#2631 = VECTOR('',#2632,1.);
#2632 = DIRECTION('',(0.,1.,0.));
#2633 = PCURVE('',#1823,#2634);
#2634 = DEFINITIONAL_REPRESENTATION('',(#2635),#2639);
#2635 = LINE('',#2636,#2637);
#2636 = CARTESIAN_POINT('',(0.,0.));
#2637 = VECTOR('',#2638,1.);
#2638 = DIRECTION('',(0.,1.));
#2639 = ( GEOMETRIC_REPRESENTATION_CONTEXT(2) 
PARAMETRIC_REPRESENTATION_CONTEXT() REPRESENTATION_CONTEXT('2D SPACE',''
  ) );
#2640 = PCURVE('',#1797,#2641);
#2641 = DEFINITIONAL_REPRESENTATION('',(#2642),#2646);
#2642 = LINE('',#2643,#2644);
#2643 = CARTESIAN_POINT('',(0.,0.));
#2644 = VECTOR('',#2645,1.);
#2645 = DIRECTION('',(0.,-1.));
#2646 = ( GEOMETRIC_REPRESENTATION_CONTEXT(2) 
PARAMETRIC_REPRESENTATION_CONTEXT() REPRESENTATION_CONTEXT('2D SPACE',''
  ) );
#2647 = ORIENTED_EDGE('',*,*,#2648,.T.);
#2648 = EDGE_CURVE('',#2626,#2578,#2649,.T.);
#2649 = SURFACE_CURVE('',#2650,(#2654,#2661),.PCURVE_S1.);
#2650 = LINE('',#2651,#2652);
#2651 = CARTESIAN_POINT('',(-11.,-40.24,-20.));
#2652 = VECTOR('',#2653,1.);
#2653 = DIRECTION('',(1.,0.,0.));
#2654 = PCURVE('',#1823,#2655);
#2655 = DEFINITIONAL_REPRESENTATION('',(#2656),#2660);
#2656 = LINE('',#2657,#2658);
#2657 = CARTESIAN_POINT('',(0.,0.));
#2658 = VECTOR('',#2659,1.);
#2659 = DIRECTION('',(1.,0.));
#2660 = ( GEOMETRIC_REPRESENTATION_CONTEXT(2) 
PARAMETRIC_REPRESENTATION_CONTEXT() REPRESENTATION_CONTEXT('2D SPACE',''
  ) );
#2661 = PCURVE('',#2539,#2662);
#2662 = DEFINITIONAL_REPRESENTATION('',(#2663),#2667);
#2663 = LINE('',#2664,#2665);
#2664 = CARTESIAN_POINT('',(0.,0.));
#2665 = VECTOR('',#2666,1.);
#2666 = DIRECTION('',(0.,1.));
#2667 = ( GEOMETRIC_REPRESENTATION_CONTEXT(2) 
PARAMETRIC_REPRESENTATION_CONTEXT() REPRESENTATION_CONTEXT('2D SPACE',''
  ) );
#2668 = ORIENTED_EDGE('',*,*,#2600,.T.);
#2669 = ORIENTED_EDGE('',*,*,#1808,.F.);
#2670 = ADVANCED_FACE('',(#2671),#1797,.F.);
#2671 = FACE_BOUND('',#2672,.F.);
#2672 = EDGE_LOOP('',(#2673,#2674,#2695,#2696));
#2673 = ORIENTED_EDGE('',*,*,#2500,.F.);
#2674 = ORIENTED_EDGE('',*,*,#2675,.F.);
#2675 = EDGE_CURVE('',#2626,#2501,#2676,.T.);
#2676 = SURFACE_CURVE('',#2677,(#2681,#2688),.PCURVE_S1.);
#2677 = LINE('',#2678,#2679);
#2678 = CARTESIAN_POINT('',(-11.,-40.24,-20.));
#2679 = VECTOR('',#2680,1.);
#2680 = DIRECTION('',(0.,0.,1.));
#2681 = PCURVE('',#1797,#2682);
#2682 = DEFINITIONAL_REPRESENTATION('',(#2683),#2687);
#2683 = LINE('',#2684,#2685);
#2684 = CARTESIAN_POINT('',(0.,0.));
#2685 = VECTOR('',#2686,1.);
#2686 = DIRECTION('',(1.,0.));
#2687 = ( GEOMETRIC_REPRESENTATION_CONTEXT(2) 
PARAMETRIC_REPRESENTATION_CONTEXT() REPRESENTATION_CONTEXT('2D SPACE',''
  ) );
#2688 = PCURVE('',#2539,#2689);
#2689 = DEFINITIONAL_REPRESENTATION('',(#2690),#2694);
#2690 = LINE('',#2691,#2692);
#2691 = CARTESIAN_POINT('',(0.,0.));
#2692 = VECTOR('',#2693,1.);
#2693 = DIRECTION('',(1.,0.));
#2694 = ( GEOMETRIC_REPRESENTATION_CONTEXT(2) 
PARAMETRIC_REPRESENTATION_CONTEXT() REPRESENTATION_CONTEXT('2D SPACE',''
  ) );
#2695 = ORIENTED_EDGE('',*,*,#2625,.T.);
#2696 = ORIENTED_EDGE('',*,*,#1782,.F.);
#2697 = ADVANCED_FACE('',(#2698),#1877,.T.);
#2698 = FACE_BOUND('',#2699,.T.);
#2699 = EDGE_LOOP('',(#2700,#2723,#2751,#2772));
#2700 = ORIENTED_EDGE('',*,*,#2701,.F.);
#2701 = EDGE_CURVE('',#2702,#1861,#2704,.T.);
#2702 = VERTEX_POINT('',#2703);
#2703 = CARTESIAN_POINT('',(1.,-40.24,-14.));
#2704 = SURFACE_CURVE('',#2705,(#2709,#2716),.PCURVE_S1.);
#2705 = LINE('',#2706,#2707);
#2706 = CARTESIAN_POINT('',(1.,-40.24,-14.));
#2707 = VECTOR('',#2708,1.);
#2708 = DIRECTION('',(0.,1.,0.));
#2709 = PCURVE('',#1877,#2710);
#2710 = DEFINITIONAL_REPRESENTATION('',(#2711),#2715);
#2711 = LINE('',#2712,#2713);
#2712 = CARTESIAN_POINT('',(0.,0.));
#2713 = VECTOR('',#2714,1.);
#2714 = DIRECTION('',(0.,1.));
#2715 = ( GEOMETRIC_REPRESENTATION_CONTEXT(2) 
PARAMETRIC_REPRESENTATION_CONTEXT() REPRESENTATION_CONTEXT('2D SPACE',''
  ) );
#2716 = PCURVE('',#1903,#2717);
#2717 = DEFINITIONAL_REPRESENTATION('',(#2718),#2722);
#2718 = LINE('',#2719,#2720);
#2719 = CARTESIAN_POINT('',(6.,0.));
#2720 = VECTOR('',#2721,1.);
#2721 = DIRECTION('',(0.,-1.));
#2722 = ( GEOMETRIC_REPRESENTATION_CONTEXT(2) 
PARAMETRIC_REPRESENTATION_CONTEXT() REPRESENTATION_CONTEXT('2D SPACE',''
  ) );
#2723 = ORIENTED_EDGE('',*,*,#2724,.T.);
#2724 = EDGE_CURVE('',#2702,#2725,#2727,.T.);
#2725 = VERTEX_POINT('',#2726);
#2726 = CARTESIAN_POINT('',(11.,-40.24,-14.));
#2727 = SURFACE_CURVE('',#2728,(#2732,#2739),.PCURVE_S1.);
#2728 = LINE('',#2729,#2730);
#2729 = CARTESIAN_POINT('',(1.,-40.24,-14.));
#2730 = VECTOR('',#2731,1.);
#2731 = DIRECTION('',(1.,0.,0.));
#2732 = PCURVE('',#1877,#2733);
#2733 = DEFINITIONAL_REPRESENTATION('',(#2734),#2738);
#2734 = LINE('',#2735,#2736);
#2735 = CARTESIAN_POINT('',(0.,0.));
#2736 = VECTOR('',#2737,1.);
#2737 = DIRECTION('',(1.,0.));
#2738 = ( GEOMETRIC_REPRESENTATION_CONTEXT(2) 
PARAMETRIC_REPRESENTATION_CONTEXT() REPRESENTATION_CONTEXT('2D SPACE',''
  ) );
#2739 = PCURVE('',#2740,#2745);
#2740 = PLANE('',#2741);
#2741 = AXIS2_PLACEMENT_3D('',#2742,#2743,#2744);
#2742 = CARTESIAN_POINT('',(1.,-40.24,-20.));
#2743 = DIRECTION('',(0.,1.,0.));
#2744 = DIRECTION('',(0.,0.,1.));
#2745 = DEFINITIONAL_REPRESENTATION('',(#2746),#2750);
#2746 = LINE('',#2747,#2748);
#2747 = CARTESIAN_POINT('',(6.,0.));
#2748 = VECTOR('',#2749,1.);
#2749 = DIRECTION('',(0.,1.));
#2750 = ( GEOMETRIC_REPRESENTATION_CONTEXT(2) 
PARAMETRIC_REPRESENTATION_CONTEXT() REPRESENTATION_CONTEXT('2D SPACE',''
  ) );
#2751 = ORIENTED_EDGE('',*,*,#2752,.T.);
#2752 = EDGE_CURVE('',#2725,#1863,#2753,.T.);
#2753 = SURFACE_CURVE('',#2754,(#2758,#2765),.PCURVE_S1.);
#2754 = LINE('',#2755,#2756);
#2755 = CARTESIAN_POINT('',(11.,-40.24,-14.));
#2756 = VECTOR('',#2757,1.);
#2757 = DIRECTION('',(0.,1.,0.));
#2758 = PCURVE('',#1877,#2759);
#2759 = DEFINITIONAL_REPRESENTATION('',(#2760),#2764);
#2760 = LINE('',#2761,#2762);
#2761 = CARTESIAN_POINT('',(10.,0.));
#2762 = VECTOR('',#2763,1.);
#2763 = DIRECTION('',(0.,1.));
#2764 = ( GEOMETRIC_REPRESENTATION_CONTEXT(2) 
PARAMETRIC_REPRESENTATION_CONTEXT() REPRESENTATION_CONTEXT('2D SPACE',''
  ) );
#2765 = PCURVE('',#1953,#2766);
#2766 = DEFINITIONAL_REPRESENTATION('',(#2767),#2771);
#2767 = LINE('',#2768,#2769);
#2768 = CARTESIAN_POINT('',(6.,0.));
#2769 = VECTOR('',#2770,1.);
#2770 = DIRECTION('',(0.,-1.));
#2771 = ( GEOMETRIC_REPRESENTATION_CONTEXT(2) 
PARAMETRIC_REPRESENTATION_CONTEXT() REPRESENTATION_CONTEXT('2D SPACE',''
  ) );
#2772 = ORIENTED_EDGE('',*,*,#1860,.F.);
#2773 = ADVANCED_FACE('',(#2774),#1953,.T.);
#2774 = FACE_BOUND('',#2775,.T.);
#2775 = EDGE_LOOP('',(#2776,#2777,#2800,#2821));
#2776 = ORIENTED_EDGE('',*,*,#2752,.F.);
#2777 = ORIENTED_EDGE('',*,*,#2778,.F.);
#2778 = EDGE_CURVE('',#2779,#2725,#2781,.T.);
#2779 = VERTEX_POINT('',#2780);
#2780 = CARTESIAN_POINT('',(11.,-40.24,-20.));
#2781 = SURFACE_CURVE('',#2782,(#2786,#2793),.PCURVE_S1.);
#2782 = LINE('',#2783,#2784);
#2783 = CARTESIAN_POINT('',(11.,-40.24,-20.));
#2784 = VECTOR('',#2785,1.);
#2785 = DIRECTION('',(0.,0.,1.));
#2786 = PCURVE('',#1953,#2787);
#2787 = DEFINITIONAL_REPRESENTATION('',(#2788),#2792);
#2788 = LINE('',#2789,#2790);
#2789 = CARTESIAN_POINT('',(0.,0.));
#2790 = VECTOR('',#2791,1.);
#2791 = DIRECTION('',(1.,0.));
#2792 = ( GEOMETRIC_REPRESENTATION_CONTEXT(2) 
PARAMETRIC_REPRESENTATION_CONTEXT() REPRESENTATION_CONTEXT('2D SPACE',''
  ) );
#2793 = PCURVE('',#2740,#2794);
#2794 = DEFINITIONAL_REPRESENTATION('',(#2795),#2799);
#2795 = LINE('',#2796,#2797);
#2796 = CARTESIAN_POINT('',(0.,10.));
#2797 = VECTOR('',#2798,1.);
#2798 = DIRECTION('',(1.,0.));
#2799 = ( GEOMETRIC_REPRESENTATION_CONTEXT(2) 
PARAMETRIC_REPRESENTATION_CONTEXT() REPRESENTATION_CONTEXT('2D SPACE',''
  ) );
#2800 = ORIENTED_EDGE('',*,*,#2801,.T.);
#2801 = EDGE_CURVE('',#2779,#1915,#2802,.T.);
#2802 = SURFACE_CURVE('',#2803,(#2807,#2814),.PCURVE_S1.);
#2803 = LINE('',#2804,#2805);
#2804 = CARTESIAN_POINT('',(11.,-40.24,-20.));
#2805 = VECTOR('',#2806,1.);
#2806 = DIRECTION('',(0.,1.,0.));
#2807 = PCURVE('',#1953,#2808);
#2808 = DEFINITIONAL_REPRESENTATION('',(#2809),#2813);
#2809 = LINE('',#2810,#2811);
#2810 = CARTESIAN_POINT('',(0.,0.));
#2811 = VECTOR('',#2812,1.);
#2812 = DIRECTION('',(0.,-1.));
#2813 = ( GEOMETRIC_REPRESENTATION_CONTEXT(2) 
PARAMETRIC_REPRESENTATION_CONTEXT() REPRESENTATION_CONTEXT('2D SPACE',''
  ) );
#2814 = PCURVE('',#1929,#2815);
#2815 = DEFINITIONAL_REPRESENTATION('',(#2816),#2820);
#2816 = LINE('',#2817,#2818);
#2817 = CARTESIAN_POINT('',(10.,0.));
#2818 = VECTOR('',#2819,1.);
#2819 = DIRECTION('',(0.,1.));
#2820 = ( GEOMETRIC_REPRESENTATION_CONTEXT(2) 
PARAMETRIC_REPRESENTATION_CONTEXT() REPRESENTATION_CONTEXT('2D SPACE',''
  ) );
#2821 = ORIENTED_EDGE('',*,*,#1940,.F.);
#2822 = ADVANCED_FACE('',(#2823),#1929,.F.);
#2823 = FACE_BOUND('',#2824,.F.);
#2824 = EDGE_LOOP('',(#2825,#2848,#2869,#2870));
#2825 = ORIENTED_EDGE('',*,*,#2826,.F.);
#2826 = EDGE_CURVE('',#2827,#1889,#2829,.T.);
#2827 = VERTEX_POINT('',#2828);
#2828 = CARTESIAN_POINT('',(1.,-40.24,-20.));
#2829 = SURFACE_CURVE('',#2830,(#2834,#2841),.PCURVE_S1.);
#2830 = LINE('',#2831,#2832);
#2831 = CARTESIAN_POINT('',(1.,-40.24,-20.));
#2832 = VECTOR('',#2833,1.);
#2833 = DIRECTION('',(0.,1.,0.));
#2834 = PCURVE('',#1929,#2835);
#2835 = DEFINITIONAL_REPRESENTATION('',(#2836),#2840);
#2836 = LINE('',#2837,#2838);
#2837 = CARTESIAN_POINT('',(0.,0.));
#2838 = VECTOR('',#2839,1.);
#2839 = DIRECTION('',(0.,1.));
#2840 = ( GEOMETRIC_REPRESENTATION_CONTEXT(2) 
PARAMETRIC_REPRESENTATION_CONTEXT() REPRESENTATION_CONTEXT('2D SPACE',''
  ) );
#2841 = PCURVE('',#1903,#2842);
#2842 = DEFINITIONAL_REPRESENTATION('',(#2843),#2847);
#2843 = LINE('',#2844,#2845);
#2844 = CARTESIAN_POINT('',(0.,0.));
#2845 = VECTOR('',#2846,1.);
#2846 = DIRECTION('',(0.,-1.));
#2847 = ( GEOMETRIC_REPRESENTATION_CONTEXT(2) 
PARAMETRIC_REPRESENTATION_CONTEXT() REPRESENTATION_CONTEXT('2D SPACE',''
  ) );
#2848 = ORIENTED_EDGE('',*,*,#2849,.T.);
#2849 = EDGE_CURVE('',#2827,#2779,#2850,.T.);
#2850 = SURFACE_CURVE('',#2851,(#2855,#2862),.PCURVE_S1.);
#2851 = LINE('',#2852,#2853);
#2852 = CARTESIAN_POINT('',(1.,-40.24,-20.));
#2853 = VECTOR('',#2854,1.);
#2854 = DIRECTION('',(1.,0.,0.));
#2855 = PCURVE('',#1929,#2856);
#2856 = DEFINITIONAL_REPRESENTATION('',(#2857),#2861);
#2857 = LINE('',#2858,#2859);
#2858 = CARTESIAN_POINT('',(0.,0.));
#2859 = VECTOR('',#2860,1.);
#2860 = DIRECTION('',(1.,0.));
#2861 = ( GEOMETRIC_REPRESENTATION_CONTEXT(2) 
PARAMETRIC_REPRESENTATION_CONTEXT() REPRESENTATION_CONTEXT('2D SPACE',''
  ) );
#2862 = PCURVE('',#2740,#2863);
#2863 = DEFINITIONAL_REPRESENTATION('',(#2864),#2868);
#2864 = LINE('',#2865,#2866);
#2865 = CARTESIAN_POINT('',(0.,0.));
#2866 = VECTOR('',#2867,1.);
#2867 = DIRECTION('',(0.,1.));
#2868 = ( GEOMETRIC_REPRESENTATION_CONTEXT(2) 
PARAMETRIC_REPRESENTATION_CONTEXT() REPRESENTATION_CONTEXT('2D SPACE',''
  ) );
#2869 = ORIENTED_EDGE('',*,*,#2801,.T.);
#2870 = ORIENTED_EDGE('',*,*,#1914,.F.);
#2871 = ADVANCED_FACE('',(#2872),#1903,.F.);
#2872 = FACE_BOUND('',#2873,.F.);
#2873 = EDGE_LOOP('',(#2874,#2875,#2896,#2897));
#2874 = ORIENTED_EDGE('',*,*,#2701,.F.);
#2875 = ORIENTED_EDGE('',*,*,#2876,.F.);
#2876 = EDGE_CURVE('',#2827,#2702,#2877,.T.);
#2877 = SURFACE_CURVE('',#2878,(#2882,#2889),.PCURVE_S1.);
#2878 = LINE('',#2879,#2880);
#2879 = CARTESIAN_POINT('',(1.,-40.24,-20.));
#2880 = VECTOR('',#2881,1.);
#2881 = DIRECTION('',(0.,0.,1.));
#2882 = PCURVE('',#1903,#2883);
#2883 = DEFINITIONAL_REPRESENTATION('',(#2884),#2888);
#2884 = LINE('',#2885,#2886);
#2885 = CARTESIAN_POINT('',(0.,0.));
#2886 = VECTOR('',#2887,1.);
#2887 = DIRECTION('',(1.,0.));
#2888 = ( GEOMETRIC_REPRESENTATION_CONTEXT(2) 
PARAMETRIC_REPRESENTATION_CONTEXT() REPRESENTATION_CONTEXT('2D SPACE',''
  ) );
#2889 = PCURVE('',#2740,#2890);
#2890 = DEFINITIONAL_REPRESENTATION('',(#2891),#2895);
#2891 = LINE('',#2892,#2893);
#2892 = CARTESIAN_POINT('',(0.,0.));
#2893 = VECTOR('',#2894,1.);
#2894 = DIRECTION('',(1.,0.));
#2895 = ( GEOMETRIC_REPRESENTATION_CONTEXT(2) 
PARAMETRIC_REPRESENTATION_CONTEXT() REPRESENTATION_CONTEXT('2D SPACE',''
  ) );
#2896 = ORIENTED_EDGE('',*,*,#2826,.T.);
#2897 = ORIENTED_EDGE('',*,*,#1888,.F.);
#2898 = ADVANCED_FACE('',(#2899),#2102,.T.);
#2899 = FACE_BOUND('',#2900,.F.);
#2900 = EDGE_LOOP('',(#2901,#2902,#2903,#2922,#2923,#2949));
#2901 = ORIENTED_EDGE('',*,*,#2221,.F.);
#2902 = ORIENTED_EDGE('',*,*,#2245,.T.);
#2903 = ORIENTED_EDGE('',*,*,#2904,.T.);
#2904 = EDGE_CURVE('',#2246,#2054,#2905,.T.);
#2905 = SURFACE_CURVE('',#2906,(#2910,#2916),.PCURVE_S1.);
#2906 = LINE('',#2907,#2908);
#2907 = CARTESIAN_POINT('',(11.75,10.85,-0.4));
#2908 = VECTOR('',#2909,1.);
#2909 = DIRECTION('',(-0.,-0.707106781187,0.707106781187));
#2910 = PCURVE('',#2102,#2911);
#2911 = DEFINITIONAL_REPRESENTATION('',(#2912),#2915);
#2912 = B_SPLINE_CURVE_WITH_KNOTS('',1,(#2913,#2914),.UNSPECIFIED.,.F.,
  .F.,(2,2),(-0.565685424949,0.565685424949),.PIECEWISE_BEZIER_KNOTS.);
#2913 = CARTESIAN_POINT('',(-23.5,-0.565685424949));
#2914 = CARTESIAN_POINT('',(-23.5,0.565685424949));
#2915 = ( GEOMETRIC_REPRESENTATION_CONTEXT(2) 
PARAMETRIC_REPRESENTATION_CONTEXT() REPRESENTATION_CONTEXT('2D SPACE',''
  ) );
#2916 = PCURVE('',#2074,#2917);
#2917 = DEFINITIONAL_REPRESENTATION('',(#2918),#2921);
#2918 = B_SPLINE_CURVE_WITH_KNOTS('',1,(#2919,#2920),.UNSPECIFIED.,.F.,
  .F.,(2,2),(-0.565685424949,0.565685424949),.PIECEWISE_BEZIER_KNOTS.);
#2919 = CARTESIAN_POINT('',(0.,0.));
#2920 = CARTESIAN_POINT('',(0.,-0.8));
#2921 = ( GEOMETRIC_REPRESENTATION_CONTEXT(2) 
PARAMETRIC_REPRESENTATION_CONTEXT() REPRESENTATION_CONTEXT('2D SPACE',''
  ) );
#2922 = ORIENTED_EDGE('',*,*,#2086,.F.);
#2923 = ORIENTED_EDGE('',*,*,#2924,.F.);
#2924 = EDGE_CURVE('',#2144,#2087,#2925,.T.);
#2925 = SURFACE_CURVE('',#2926,(#2930,#2937),.PCURVE_S1.);
#2926 = LINE('',#2927,#2928);
#2927 = CARTESIAN_POINT('',(-11.75,10.45,0.));
#2928 = VECTOR('',#2929,1.);
#2929 = DIRECTION('',(1.,0.,0.));
#2930 = PCURVE('',#2102,#2931);
#2931 = DEFINITIONAL_REPRESENTATION('',(#2932),#2936);
#2932 = LINE('',#2933,#2934);
#2933 = CARTESIAN_POINT('',(-0.,0.565685424949));
#2934 = VECTOR('',#2935,1.);
#2935 = DIRECTION('',(-1.,0.));
#2936 = ( GEOMETRIC_REPRESENTATION_CONTEXT(2) 
PARAMETRIC_REPRESENTATION_CONTEXT() REPRESENTATION_CONTEXT('2D SPACE',''
  ) );
#2937 = PCURVE('',#2938,#2943);
#2938 = PLANE('',#2939);
#2939 = AXIS2_PLACEMENT_3D('',#2940,#2941,#2942);
#2940 = CARTESIAN_POINT('',(-7.458764359306E-16,-4.490371596874E-16,0.)
  );
#2941 = DIRECTION('',(0.,0.,1.));
#2942 = DIRECTION('',(1.,0.,-0.));
#2943 = DEFINITIONAL_REPRESENTATION('',(#2944),#2948);
#2944 = LINE('',#2945,#2946);
#2945 = CARTESIAN_POINT('',(-11.75,10.45));
#2946 = VECTOR('',#2947,1.);
#2947 = DIRECTION('',(1.,0.));
#2948 = ( GEOMETRIC_REPRESENTATION_CONTEXT(2) 
PARAMETRIC_REPRESENTATION_CONTEXT() REPRESENTATION_CONTEXT('2D SPACE',''
  ) );
#2949 = ORIENTED_EDGE('',*,*,#2167,.F.);
#2950 = ADVANCED_FACE('',(#2951),#2131,.T.);
#2951 = FACE_BOUND('',#2952,.F.);
#2952 = EDGE_LOOP('',(#2953,#2954,#2977,#3004,#3005,#3006));
#2953 = ORIENTED_EDGE('',*,*,#2114,.F.);
#2954 = ORIENTED_EDGE('',*,*,#2955,.T.);
#2955 = EDGE_CURVE('',#2115,#2956,#2958,.T.);
#2956 = VERTEX_POINT('',#2957);
#2957 = CARTESIAN_POINT('',(11.,0.,3.));
#2958 = SEAM_CURVE('',#2959,(#2963,#2970),.PCURVE_S1.);
#2959 = LINE('',#2960,#2961);
#2960 = CARTESIAN_POINT('',(11.,0.,0.));
#2961 = VECTOR('',#2962,1.);
#2962 = DIRECTION('',(0.,0.,1.));
#2963 = PCURVE('',#2131,#2964);
#2964 = DEFINITIONAL_REPRESENTATION('',(#2965),#2969);
#2965 = LINE('',#2966,#2967);
#2966 = CARTESIAN_POINT('',(-6.28318530718,0.));
#2967 = VECTOR('',#2968,1.);
#2968 = DIRECTION('',(-0.,-1.));
#2969 = ( GEOMETRIC_REPRESENTATION_CONTEXT(2) 
PARAMETRIC_REPRESENTATION_CONTEXT() REPRESENTATION_CONTEXT('2D SPACE',''
  ) );
#2970 = PCURVE('',#2131,#2971);
#2971 = DEFINITIONAL_REPRESENTATION('',(#2972),#2976);
#2972 = LINE('',#2973,#2974);
#2973 = CARTESIAN_POINT('',(-0.,0.));
#2974 = VECTOR('',#2975,1.);
#2975 = DIRECTION('',(-0.,-1.));
#2976 = ( GEOMETRIC_REPRESENTATION_CONTEXT(2) 
PARAMETRIC_REPRESENTATION_CONTEXT() REPRESENTATION_CONTEXT('2D SPACE',''
  ) );
#2977 = ORIENTED_EDGE('',*,*,#2978,.T.);
#2978 = EDGE_CURVE('',#2956,#2956,#2979,.T.);
#2979 = SURFACE_CURVE('',#2980,(#2985,#2992),.PCURVE_S1.);
#2980 = CIRCLE('',#2981,11.);
#2981 = AXIS2_PLACEMENT_3D('',#2982,#2983,#2984);
#2982 = CARTESIAN_POINT('',(0.,0.,3.));
#2983 = DIRECTION('',(0.,0.,1.));
#2984 = DIRECTION('',(1.,0.,0.));
#2985 = PCURVE('',#2131,#2986);
#2986 = DEFINITIONAL_REPRESENTATION('',(#2987),#2991);
#2987 = LINE('',#2988,#2989);
#2988 = CARTESIAN_POINT('',(-0.,-3.));
#2989 = VECTOR('',#2990,1.);
#2990 = DIRECTION('',(-1.,0.));
#2991 = ( GEOMETRIC_REPRESENTATION_CONTEXT(2) 
PARAMETRIC_REPRESENTATION_CONTEXT() REPRESENTATION_CONTEXT('2D SPACE',''
  ) );
#2992 = PCURVE('',#2993,#2998);
#2993 = PLANE('',#2994);
#2994 = AXIS2_PLACEMENT_3D('',#2995,#2996,#2997);
#2995 = CARTESIAN_POINT('',(-7.458764359306E-16,-4.490371596874E-16,3.)
  );
#2996 = DIRECTION('',(0.,0.,1.));
#2997 = DIRECTION('',(1.,0.,-0.));
#2998 = DEFINITIONAL_REPRESENTATION('',(#2999),#3003);
#2999 = CIRCLE('',#3000,11.);
#3000 = AXIS2_PLACEMENT_2D('',#3001,#3002);
#3001 = CARTESIAN_POINT('',(7.458764359306E-16,4.490371596874E-16));
#3002 = DIRECTION('',(1.,0.));
#3003 = ( GEOMETRIC_REPRESENTATION_CONTEXT(2) 
PARAMETRIC_REPRESENTATION_CONTEXT() REPRESENTATION_CONTEXT('2D SPACE',''
  ) );
#3004 = ORIENTED_EDGE('',*,*,#2955,.F.);
#3005 = ORIENTED_EDGE('',*,*,#2143,.F.);
#3006 = ORIENTED_EDGE('',*,*,#3007,.F.);
#3007 = EDGE_CURVE('',#2087,#2144,#3008,.T.);
#3008 = SURFACE_CURVE('',#3009,(#3014,#3021),.PCURVE_S1.);
#3009 = CIRCLE('',#3010,11.);
#3010 = AXIS2_PLACEMENT_3D('',#3011,#3012,#3013);
#3011 = CARTESIAN_POINT('',(0.,0.,0.));
#3012 = DIRECTION('',(0.,0.,1.));
#3013 = DIRECTION('',(1.,0.,0.));
#3014 = PCURVE('',#2131,#3015);
#3015 = DEFINITIONAL_REPRESENTATION('',(#3016),#3020);
#3016 = LINE('',#3017,#3018);
#3017 = CARTESIAN_POINT('',(-0.,0.));
#3018 = VECTOR('',#3019,1.);
#3019 = DIRECTION('',(-1.,0.));
#3020 = ( GEOMETRIC_REPRESENTATION_CONTEXT(2) 
PARAMETRIC_REPRESENTATION_CONTEXT() REPRESENTATION_CONTEXT('2D SPACE',''
  ) );
#3021 = PCURVE('',#2938,#3022);
#3022 = DEFINITIONAL_REPRESENTATION('',(#3023),#3027);
#3023 = CIRCLE('',#3024,11.);
#3024 = AXIS2_PLACEMENT_2D('',#3025,#3026);
#3025 = CARTESIAN_POINT('',(7.458764359306E-16,4.490371596874E-16));
#3026 = DIRECTION('',(1.,0.));
#3027 = ( GEOMETRIC_REPRESENTATION_CONTEXT(2) 
PARAMETRIC_REPRESENTATION_CONTEXT() REPRESENTATION_CONTEXT('2D SPACE',''
  ) );
#3028 = ADVANCED_FACE('',(#3029),#2074,.T.);
#3029 = FACE_BOUND('',#3030,.F.);
#3030 = EDGE_LOOP('',(#3031,#3032,#3033,#3052));
#3031 = ORIENTED_EDGE('',*,*,#2904,.F.);
#3032 = ORIENTED_EDGE('',*,*,#2368,.T.);
#3033 = ORIENTED_EDGE('',*,*,#3034,.T.);
#3034 = EDGE_CURVE('',#2344,#2026,#3035,.T.);
#3035 = SURFACE_CURVE('',#3036,(#3040,#3046),.PCURVE_S1.);
#3036 = LINE('',#3037,#3038);
#3037 = CARTESIAN_POINT('',(14.25,8.75,-0.8));
#3038 = VECTOR('',#3039,1.);
#3039 = DIRECTION('',(-0.707106781187,-4.329780281177E-17,0.707106781187
    ));
#3040 = PCURVE('',#2074,#3041);
#3041 = DEFINITIONAL_REPRESENTATION('',(#3042),#3045);
#3042 = B_SPLINE_CURVE_WITH_KNOTS('',1,(#3043,#3044),.UNSPECIFIED.,.F.,
  .F.,(2,2),(0.,1.131370849898),.PIECEWISE_BEZIER_KNOTS.);
#3043 = CARTESIAN_POINT('',(1.570796326795,0.));
#3044 = CARTESIAN_POINT('',(1.570796326795,-0.8));
#3045 = ( GEOMETRIC_REPRESENTATION_CONTEXT(2) 
PARAMETRIC_REPRESENTATION_CONTEXT() REPRESENTATION_CONTEXT('2D SPACE',''
  ) );
#3046 = PCURVE('',#2041,#3047);
#3047 = DEFINITIONAL_REPRESENTATION('',(#3048),#3051);
#3048 = B_SPLINE_CURVE_WITH_KNOTS('',1,(#3049,#3050),.UNSPECIFIED.,.F.,
  .F.,(2,2),(0.,1.131370849898),.PIECEWISE_BEZIER_KNOTS.);
#3049 = CARTESIAN_POINT('',(0.,-0.565685424949));
#3050 = CARTESIAN_POINT('',(0.,0.565685424949));
#3051 = ( GEOMETRIC_REPRESENTATION_CONTEXT(2) 
PARAMETRIC_REPRESENTATION_CONTEXT() REPRESENTATION_CONTEXT('2D SPACE',''
  ) );
#3052 = ORIENTED_EDGE('',*,*,#2053,.F.);
#3053 = ADVANCED_FACE('',(#3054),#2041,.T.);
#3054 = FACE_BOUND('',#3055,.F.);
#3055 = EDGE_LOOP('',(#3056,#3057,#3058,#3077));
#3056 = ORIENTED_EDGE('',*,*,#3034,.F.);
#3057 = ORIENTED_EDGE('',*,*,#2396,.T.);
#3058 = ORIENTED_EDGE('',*,*,#3059,.T.);
#3059 = EDGE_CURVE('',#2294,#1993,#3060,.T.);
#3060 = SURFACE_CURVE('',#3061,(#3065,#3071),.PCURVE_S1.);
#3061 = LINE('',#3062,#3063);
#3062 = CARTESIAN_POINT('',(13.85,-32.75,-0.4));
#3063 = VECTOR('',#3064,1.);
#3064 = DIRECTION('',(-0.707106781187,-0.,0.707106781187));
#3065 = PCURVE('',#2041,#3066);
#3066 = DEFINITIONAL_REPRESENTATION('',(#3067),#3070);
#3067 = B_SPLINE_CURVE_WITH_KNOTS('',1,(#3068,#3069),.UNSPECIFIED.,.F.,
  .F.,(2,2),(-0.565685424949,0.565685424949),.PIECEWISE_BEZIER_KNOTS.);
#3068 = CARTESIAN_POINT('',(-41.5,-0.565685424949));
#3069 = CARTESIAN_POINT('',(-41.5,0.565685424949));
#3070 = ( GEOMETRIC_REPRESENTATION_CONTEXT(2) 
PARAMETRIC_REPRESENTATION_CONTEXT() REPRESENTATION_CONTEXT('2D SPACE',''
  ) );
#3071 = PCURVE('',#2013,#3072);
#3072 = DEFINITIONAL_REPRESENTATION('',(#3073),#3076);
#3073 = B_SPLINE_CURVE_WITH_KNOTS('',1,(#3074,#3075),.UNSPECIFIED.,.F.,
  .F.,(2,2),(-0.565685424949,0.565685424949),.PIECEWISE_BEZIER_KNOTS.);
#3074 = CARTESIAN_POINT('',(0.,0.));
#3075 = CARTESIAN_POINT('',(0.,-0.8));
#3076 = ( GEOMETRIC_REPRESENTATION_CONTEXT(2) 
PARAMETRIC_REPRESENTATION_CONTEXT() REPRESENTATION_CONTEXT('2D SPACE',''
  ) );
#3077 = ORIENTED_EDGE('',*,*,#2025,.F.);
#3078 = ADVANCED_FACE('',(#3079),#2013,.T.);
#3079 = FACE_BOUND('',#3080,.F.);
#3080 = EDGE_LOOP('',(#3081,#3082,#3083,#3084));
#3081 = ORIENTED_EDGE('',*,*,#3059,.F.);
#3082 = ORIENTED_EDGE('',*,*,#2318,.T.);
#3083 = ORIENTED_EDGE('',*,*,#2475,.T.);
#3084 = ORIENTED_EDGE('',*,*,#1992,.F.);
#3085 = ADVANCED_FACE('',(#3086),#2460,.F.);
#3086 = FACE_BOUND('',#3087,.F.);
#3087 = EDGE_LOOP('',(#3088));
#3088 = ORIENTED_EDGE('',*,*,#2445,.T.);
#3089 = ADVANCED_FACE('',(#3090),#2539,.F.);
#3090 = FACE_BOUND('',#3091,.F.);
#3091 = EDGE_LOOP('',(#3092,#3093,#3094,#3095));
#3092 = ORIENTED_EDGE('',*,*,#2648,.F.);
#3093 = ORIENTED_EDGE('',*,*,#2675,.T.);
#3094 = ORIENTED_EDGE('',*,*,#2523,.T.);
#3095 = ORIENTED_EDGE('',*,*,#2577,.F.);
#3096 = ADVANCED_FACE('',(#3097),#2740,.F.);
#3097 = FACE_BOUND('',#3098,.F.);
#3098 = EDGE_LOOP('',(#3099,#3100,#3101,#3102));
#3099 = ORIENTED_EDGE('',*,*,#2849,.F.);
#3100 = ORIENTED_EDGE('',*,*,#2876,.T.);
#3101 = ORIENTED_EDGE('',*,*,#2724,.T.);
#3102 = ORIENTED_EDGE('',*,*,#2778,.F.);
#3103 = ADVANCED_FACE('',(#3104),#2938,.F.);
#3104 = FACE_BOUND('',#3105,.F.);
#3105 = EDGE_LOOP('',(#3106,#3107));
#3106 = ORIENTED_EDGE('',*,*,#2924,.T.);
#3107 = ORIENTED_EDGE('',*,*,#3007,.T.);
#3108 = ADVANCED_FACE('',(#3109,#3112,#3143,#3174,#3205,#3236),#2993,.T.
  );
#3109 = FACE_BOUND('',#3110,.T.);
#3110 = EDGE_LOOP('',(#3111));
#3111 = ORIENTED_EDGE('',*,*,#2978,.T.);
#3112 = FACE_BOUND('',#3113,.T.);
#3113 = EDGE_LOOP('',(#3114));
#3114 = ORIENTED_EDGE('',*,*,#3115,.F.);
#3115 = EDGE_CURVE('',#3116,#3116,#3118,.T.);
#3116 = VERTEX_POINT('',#3117);
#3117 = CARTESIAN_POINT('',(-4.556854249492,-5.656854249492,3.));
#3118 = SURFACE_CURVE('',#3119,(#3124,#3131),.PCURVE_S1.);
#3119 = CIRCLE('',#3120,1.1);
#3120 = AXIS2_PLACEMENT_3D('',#3121,#3122,#3123);
#3121 = CARTESIAN_POINT('',(-5.656854249492,-5.656854249492,3.));
#3122 = DIRECTION('',(0.,0.,1.));
#3123 = DIRECTION('',(1.,0.,0.));
#3124 = PCURVE('',#2993,#3125);
#3125 = DEFINITIONAL_REPRESENTATION('',(#3126),#3130);
#3126 = CIRCLE('',#3127,1.1);
#3127 = AXIS2_PLACEMENT_2D('',#3128,#3129);
#3128 = CARTESIAN_POINT('',(-5.656854249492,-5.656854249492));
#3129 = DIRECTION('',(1.,0.));
#3130 = ( GEOMETRIC_REPRESENTATION_CONTEXT(2) 
PARAMETRIC_REPRESENTATION_CONTEXT() REPRESENTATION_CONTEXT('2D SPACE',''
  ) );
#3131 = PCURVE('',#3132,#3137);
#3132 = CYLINDRICAL_SURFACE('',#3133,1.1);
#3133 = AXIS2_PLACEMENT_3D('',#3134,#3135,#3136);
#3134 = CARTESIAN_POINT('',(-5.656854249492,-5.656854249492,0.));
#3135 = DIRECTION('',(-0.,-0.,-1.));
#3136 = DIRECTION('',(1.,0.,0.));
#3137 = DEFINITIONAL_REPRESENTATION('',(#3138),#3142);
#3138 = LINE('',#3139,#3140);
#3139 = CARTESIAN_POINT('',(-0.,-3.));
#3140 = VECTOR('',#3141,1.);
#3141 = DIRECTION('',(-1.,0.));
#3142 = ( GEOMETRIC_REPRESENTATION_CONTEXT(2) 
PARAMETRIC_REPRESENTATION_CONTEXT() REPRESENTATION_CONTEXT('2D SPACE',''
  ) );
#3143 = FACE_BOUND('',#3144,.T.);
#3144 = EDGE_LOOP('',(#3145));
#3145 = ORIENTED_EDGE('',*,*,#3146,.F.);
#3146 = EDGE_CURVE('',#3147,#3147,#3149,.T.);
#3147 = VERTEX_POINT('',#3148);
#3148 = CARTESIAN_POINT('',(6.756854249492,-5.656854249492,3.));
#3149 = SURFACE_CURVE('',#3150,(#3155,#3162),.PCURVE_S1.);
#3150 = CIRCLE('',#3151,1.1);
#3151 = AXIS2_PLACEMENT_3D('',#3152,#3153,#3154);
#3152 = CARTESIAN_POINT('',(5.656854249492,-5.656854249492,3.));
#3153 = DIRECTION('',(0.,0.,1.));
#3154 = DIRECTION('',(1.,0.,0.));
#3155 = PCURVE('',#2993,#3156);
#3156 = DEFINITIONAL_REPRESENTATION('',(#3157),#3161);
#3157 = CIRCLE('',#3158,1.1);
#3158 = AXIS2_PLACEMENT_2D('',#3159,#3160);
#3159 = CARTESIAN_POINT('',(5.656854249492,-5.656854249492));
#3160 = DIRECTION('',(1.,0.));
#3161 = ( GEOMETRIC_REPRESENTATION_CONTEXT(2) 
PARAMETRIC_REPRESENTATION_CONTEXT() REPRESENTATION_CONTEXT('2D SPACE',''
  ) );
#3162 = PCURVE('',#3163,#3168);
#3163 = CYLINDRICAL_SURFACE('',#3164,1.1);
#3164 = AXIS2_PLACEMENT_3D('',#3165,#3166,#3167);
#3165 = CARTESIAN_POINT('',(5.656854249492,-5.656854249492,0.));
#3166 = DIRECTION('',(-0.,-0.,-1.));
#3167 = DIRECTION('',(1.,0.,0.));
#3168 = DEFINITIONAL_REPRESENTATION('',(#3169),#3173);
#3169 = LINE('',#3170,#3171);
#3170 = CARTESIAN_POINT('',(-0.,-3.));
#3171 = VECTOR('',#3172,1.);
#3172 = DIRECTION('',(-1.,0.));
#3173 = ( GEOMETRIC_REPRESENTATION_CONTEXT(2) 
PARAMETRIC_REPRESENTATION_CONTEXT() REPRESENTATION_CONTEXT('2D SPACE',''
  ) );
#3174 = FACE_BOUND('',#3175,.T.);
#3175 = EDGE_LOOP('',(#3176));
#3176 = ORIENTED_EDGE('',*,*,#3177,.F.);
#3177 = EDGE_CURVE('',#3178,#3178,#3180,.T.);
#3178 = VERTEX_POINT('',#3179);
#3179 = CARTESIAN_POINT('',(-4.556854249492,5.656854249492,3.));
#3180 = SURFACE_CURVE('',#3181,(#3186,#3193),.PCURVE_S1.);
#3181 = CIRCLE('',#3182,1.1);
#3182 = AXIS2_PLACEMENT_3D('',#3183,#3184,#3185);
#3183 = CARTESIAN_POINT('',(-5.656854249492,5.656854249492,3.));
#3184 = DIRECTION('',(0.,0.,1.));
#3185 = DIRECTION('',(1.,0.,0.));
#3186 = PCURVE('',#2993,#3187);
#3187 = DEFINITIONAL_REPRESENTATION('',(#3188),#3192);
#3188 = CIRCLE('',#3189,1.1);
#3189 = AXIS2_PLACEMENT_2D('',#3190,#3191);
#3190 = CARTESIAN_POINT('',(-5.656854249492,5.656854249492));
#3191 = DIRECTION('',(1.,0.));
#3192 = ( GEOMETRIC_REPRESENTATION_CONTEXT(2) 
PARAMETRIC_REPRESENTATION_CONTEXT() REPRESENTATION_CONTEXT('2D SPACE',''
  ) );
#3193 = PCURVE('',#3194,#3199);
#3194 = CYLINDRICAL_SURFACE('',#3195,1.1);
#3195 = AXIS2_PLACEMENT_3D('',#3196,#3197,#3198);
#3196 = CARTESIAN_POINT('',(-5.656854249492,5.656854249492,0.));
#3197 = DIRECTION('',(-0.,-0.,-1.));
#3198 = DIRECTION('',(1.,0.,0.));
#3199 = DEFINITIONAL_REPRESENTATION('',(#3200),#3204);
#3200 = LINE('',#3201,#3202);
#3201 = CARTESIAN_POINT('',(-0.,-3.));
#3202 = VECTOR('',#3203,1.);
#3203 = DIRECTION('',(-1.,0.));
#3204 = ( GEOMETRIC_REPRESENTATION_CONTEXT(2) 
PARAMETRIC_REPRESENTATION_CONTEXT() REPRESENTATION_CONTEXT('2D SPACE',''
  ) );
#3205 = FACE_BOUND('',#3206,.T.);
#3206 = EDGE_LOOP('',(#3207));
#3207 = ORIENTED_EDGE('',*,*,#3208,.F.);
#3208 = EDGE_CURVE('',#3209,#3209,#3211,.T.);
#3209 = VERTEX_POINT('',#3210);
#3210 = CARTESIAN_POINT('',(1.2,0.,3.));
#3211 = SURFACE_CURVE('',#3212,(#3217,#3224),.PCURVE_S1.);
#3212 = CIRCLE('',#3213,1.2);
#3213 = AXIS2_PLACEMENT_3D('',#3214,#3215,#3216);
#3214 = CARTESIAN_POINT('',(0.,0.,3.));
#3215 = DIRECTION('',(0.,0.,1.));
#3216 = DIRECTION('',(1.,0.,0.));
#3217 = PCURVE('',#2993,#3218);
#3218 = DEFINITIONAL_REPRESENTATION('',(#3219),#3223);
#3219 = CIRCLE('',#3220,1.2);
#3220 = AXIS2_PLACEMENT_2D('',#3221,#3222);
#3221 = CARTESIAN_POINT('',(7.458764359306E-16,4.490371596874E-16));
#3222 = DIRECTION('',(1.,0.));
#3223 = ( GEOMETRIC_REPRESENTATION_CONTEXT(2) 
PARAMETRIC_REPRESENTATION_CONTEXT() REPRESENTATION_CONTEXT('2D SPACE',''
  ) );
#3224 = PCURVE('',#3225,#3230);
#3225 = CYLINDRICAL_SURFACE('',#3226,1.2);
#3226 = AXIS2_PLACEMENT_3D('',#3227,#3228,#3229);
#3227 = CARTESIAN_POINT('',(0.,0.,0.));
#3228 = DIRECTION('',(-0.,-0.,-1.));
#3229 = DIRECTION('',(1.,0.,0.));
#3230 = DEFINITIONAL_REPRESENTATION('',(#3231),#3235);
#3231 = LINE('',#3232,#3233);
#3232 = CARTESIAN_POINT('',(-0.,-3.));
#3233 = VECTOR('',#3234,1.);
#3234 = DIRECTION('',(-1.,0.));
#3235 = ( GEOMETRIC_REPRESENTATION_CONTEXT(2) 
PARAMETRIC_REPRESENTATION_CONTEXT() REPRESENTATION_CONTEXT('2D SPACE',''
  ) );
#3236 = FACE_BOUND('',#3237,.T.);
#3237 = EDGE_LOOP('',(#3238));
#3238 = ORIENTED_EDGE('',*,*,#3239,.F.);
#3239 = EDGE_CURVE('',#3240,#3240,#3242,.T.);
#3240 = VERTEX_POINT('',#3241);
#3241 = CARTESIAN_POINT('',(6.756854249492,5.656854249492,3.));
#3242 = SURFACE_CURVE('',#3243,(#3248,#3255),.PCURVE_S1.);
#3243 = CIRCLE('',#3244,1.1);
#3244 = AXIS2_PLACEMENT_3D('',#3245,#3246,#3247);
#3245 = CARTESIAN_POINT('',(5.656854249492,5.656854249492,3.));
#3246 = DIRECTION('',(0.,0.,1.));
#3247 = DIRECTION('',(1.,0.,0.));
#3248 = PCURVE('',#2993,#3249);
#3249 = DEFINITIONAL_REPRESENTATION('',(#3250),#3254);
#3250 = CIRCLE('',#3251,1.1);
#3251 = AXIS2_PLACEMENT_2D('',#3252,#3253);
#3252 = CARTESIAN_POINT('',(5.656854249492,5.656854249492));
#3253 = DIRECTION('',(1.,0.));
#3254 = ( GEOMETRIC_REPRESENTATION_CONTEXT(2) 
PARAMETRIC_REPRESENTATION_CONTEXT() REPRESENTATION_CONTEXT('2D SPACE',''
  ) );
#3255 = PCURVE('',#3256,#3261);
#3256 = CYLINDRICAL_SURFACE('',#3257,1.1);
#3257 = AXIS2_PLACEMENT_3D('',#3258,#3259,#3260);
#3258 = CARTESIAN_POINT('',(5.656854249492,5.656854249492,0.));
#3259 = DIRECTION('',(-0.,-0.,-1.));
#3260 = DIRECTION('',(1.,0.,0.));
#3261 = DEFINITIONAL_REPRESENTATION('',(#3262),#3266);
#3262 = LINE('',#3263,#3264);
#3263 = CARTESIAN_POINT('',(-0.,-3.));
#3264 = VECTOR('',#3265,1.);
#3265 = DIRECTION('',(-1.,0.));
#3266 = ( GEOMETRIC_REPRESENTATION_CONTEXT(2) 
PARAMETRIC_REPRESENTATION_CONTEXT() REPRESENTATION_CONTEXT('2D SPACE',''
  ) );
#3267 = ADVANCED_FACE('',(#3268),#3132,.F.);
#3268 = FACE_BOUND('',#3269,.T.);
#3269 = EDGE_LOOP('',(#3270,#3293,#3294,#3295));
#3270 = ORIENTED_EDGE('',*,*,#3271,.T.);
#3271 = EDGE_CURVE('',#3272,#3116,#3274,.T.);
#3272 = VERTEX_POINT('',#3273);
#3273 = CARTESIAN_POINT('',(-4.556854249492,-5.656854249492,0.));
#3274 = SEAM_CURVE('',#3275,(#3279,#3286),.PCURVE_S1.);
#3275 = LINE('',#3276,#3277);
#3276 = CARTESIAN_POINT('',(-4.556854249492,-5.656854249492,0.));
#3277 = VECTOR('',#3278,1.);
#3278 = DIRECTION('',(0.,0.,1.));
#3279 = PCURVE('',#3132,#3280);
#3280 = DEFINITIONAL_REPRESENTATION('',(#3281),#3285);
#3281 = LINE('',#3282,#3283);
#3282 = CARTESIAN_POINT('',(-0.,0.));
#3283 = VECTOR('',#3284,1.);
#3284 = DIRECTION('',(-0.,-1.));
#3285 = ( GEOMETRIC_REPRESENTATION_CONTEXT(2) 
PARAMETRIC_REPRESENTATION_CONTEXT() REPRESENTATION_CONTEXT('2D SPACE',''
  ) );
#3286 = PCURVE('',#3132,#3287);
#3287 = DEFINITIONAL_REPRESENTATION('',(#3288),#3292);
#3288 = LINE('',#3289,#3290);
#3289 = CARTESIAN_POINT('',(-6.28318530718,0.));
#3290 = VECTOR('',#3291,1.);
#3291 = DIRECTION('',(-0.,-1.));
#3292 = ( GEOMETRIC_REPRESENTATION_CONTEXT(2) 
PARAMETRIC_REPRESENTATION_CONTEXT() REPRESENTATION_CONTEXT('2D SPACE',''
  ) );
#3293 = ORIENTED_EDGE('',*,*,#3115,.T.);
#3294 = ORIENTED_EDGE('',*,*,#3271,.F.);
#3295 = ORIENTED_EDGE('',*,*,#3296,.F.);
#3296 = EDGE_CURVE('',#3272,#3272,#3297,.T.);
#3297 = SURFACE_CURVE('',#3298,(#3303,#3310),.PCURVE_S1.);
#3298 = CIRCLE('',#3299,1.1);
#3299 = AXIS2_PLACEMENT_3D('',#3300,#3301,#3302);
#3300 = CARTESIAN_POINT('',(-5.656854249492,-5.656854249492,0.));
#3301 = DIRECTION('',(0.,0.,1.));
#3302 = DIRECTION('',(1.,0.,0.));
#3303 = PCURVE('',#3132,#3304);
#3304 = DEFINITIONAL_REPRESENTATION('',(#3305),#3309);
#3305 = LINE('',#3306,#3307);
#3306 = CARTESIAN_POINT('',(-0.,0.));
#3307 = VECTOR('',#3308,1.);
#3308 = DIRECTION('',(-1.,0.));
#3309 = ( GEOMETRIC_REPRESENTATION_CONTEXT(2) 
PARAMETRIC_REPRESENTATION_CONTEXT() REPRESENTATION_CONTEXT('2D SPACE',''
  ) );
#3310 = PCURVE('',#3311,#3316);
#3311 = PLANE('',#3312);
#3312 = AXIS2_PLACEMENT_3D('',#3313,#3314,#3315);
#3313 = CARTESIAN_POINT('',(-14.25,-35.25,0.));
#3314 = DIRECTION('',(0.,0.,1.));
#3315 = DIRECTION('',(1.,0.,0.));
#3316 = DEFINITIONAL_REPRESENTATION('',(#3317),#3321);
#3317 = CIRCLE('',#3318,1.1);
#3318 = AXIS2_PLACEMENT_2D('',#3319,#3320);
#3319 = CARTESIAN_POINT('',(8.593145750508,29.593145750508));
#3320 = DIRECTION('',(1.,0.));
#3321 = ( GEOMETRIC_REPRESENTATION_CONTEXT(2) 
PARAMETRIC_REPRESENTATION_CONTEXT() REPRESENTATION_CONTEXT('2D SPACE',''
  ) );
#3322 = ADVANCED_FACE('',(#3323),#3163,.F.);
#3323 = FACE_BOUND('',#3324,.T.);
#3324 = EDGE_LOOP('',(#3325,#3348,#3349,#3350));
#3325 = ORIENTED_EDGE('',*,*,#3326,.T.);
#3326 = EDGE_CURVE('',#3327,#3147,#3329,.T.);
#3327 = VERTEX_POINT('',#3328);
#3328 = CARTESIAN_POINT('',(6.756854249492,-5.656854249492,0.));
#3329 = SEAM_CURVE('',#3330,(#3334,#3341),.PCURVE_S1.);
#3330 = LINE('',#3331,#3332);
#3331 = CARTESIAN_POINT('',(6.756854249492,-5.656854249492,0.));
#3332 = VECTOR('',#3333,1.);
#3333 = DIRECTION('',(0.,0.,1.));
#3334 = PCURVE('',#3163,#3335);
#3335 = DEFINITIONAL_REPRESENTATION('',(#3336),#3340);
#3336 = LINE('',#3337,#3338);
#3337 = CARTESIAN_POINT('',(-0.,0.));
#3338 = VECTOR('',#3339,1.);
#3339 = DIRECTION('',(-0.,-1.));
#3340 = ( GEOMETRIC_REPRESENTATION_CONTEXT(2) 
PARAMETRIC_REPRESENTATION_CONTEXT() REPRESENTATION_CONTEXT('2D SPACE',''
  ) );
#3341 = PCURVE('',#3163,#3342);
#3342 = DEFINITIONAL_REPRESENTATION('',(#3343),#3347);
#3343 = LINE('',#3344,#3345);
#3344 = CARTESIAN_POINT('',(-6.28318530718,0.));
#3345 = VECTOR('',#3346,1.);
#3346 = DIRECTION('',(-0.,-1.));
#3347 = ( GEOMETRIC_REPRESENTATION_CONTEXT(2) 
PARAMETRIC_REPRESENTATION_CONTEXT() REPRESENTATION_CONTEXT('2D SPACE',''
  ) );
#3348 = ORIENTED_EDGE('',*,*,#3146,.T.);
#3349 = ORIENTED_EDGE('',*,*,#3326,.F.);
#3350 = ORIENTED_EDGE('',*,*,#3351,.F.);
#3351 = EDGE_CURVE('',#3327,#3327,#3352,.T.);
#3352 = SURFACE_CURVE('',#3353,(#3358,#3365),.PCURVE_S1.);
#3353 = CIRCLE('',#3354,1.1);
#3354 = AXIS2_PLACEMENT_3D('',#3355,#3356,#3357);
#3355 = CARTESIAN_POINT('',(5.656854249492,-5.656854249492,0.));
#3356 = DIRECTION('',(0.,0.,1.));
#3357 = DIRECTION('',(1.,0.,0.));
#3358 = PCURVE('',#3163,#3359);
#3359 = DEFINITIONAL_REPRESENTATION('',(#3360),#3364);
#3360 = LINE('',#3361,#3362);
#3361 = CARTESIAN_POINT('',(-0.,0.));
#3362 = VECTOR('',#3363,1.);
#3363 = DIRECTION('',(-1.,0.));
#3364 = ( GEOMETRIC_REPRESENTATION_CONTEXT(2) 
PARAMETRIC_REPRESENTATION_CONTEXT() REPRESENTATION_CONTEXT('2D SPACE',''
  ) );
#3365 = PCURVE('',#3366,#3371);
#3366 = PLANE('',#3367);
#3367 = AXIS2_PLACEMENT_3D('',#3368,#3369,#3370);
#3368 = CARTESIAN_POINT('',(-14.25,-35.25,0.));
#3369 = DIRECTION('',(0.,0.,1.));
#3370 = DIRECTION('',(1.,0.,0.));
#3371 = DEFINITIONAL_REPRESENTATION('',(#3372),#3376);
#3372 = CIRCLE('',#3373,1.1);
#3373 = AXIS2_PLACEMENT_2D('',#3374,#3375);
#3374 = CARTESIAN_POINT('',(19.906854249492,29.593145750508));
#3375 = DIRECTION('',(1.,0.));
#3376 = ( GEOMETRIC_REPRESENTATION_CONTEXT(2) 
PARAMETRIC_REPRESENTATION_CONTEXT() REPRESENTATION_CONTEXT('2D SPACE',''
  ) );
#3377 = ADVANCED_FACE('',(#3378),#3194,.F.);
#3378 = FACE_BOUND('',#3379,.T.);
#3379 = EDGE_LOOP('',(#3380,#3403,#3404,#3405));
#3380 = ORIENTED_EDGE('',*,*,#3381,.T.);
#3381 = EDGE_CURVE('',#3382,#3178,#3384,.T.);
#3382 = VERTEX_POINT('',#3383);
#3383 = CARTESIAN_POINT('',(-4.556854249492,5.656854249492,0.));
#3384 = SEAM_CURVE('',#3385,(#3389,#3396),.PCURVE_S1.);
#3385 = LINE('',#3386,#3387);
#3386 = CARTESIAN_POINT('',(-4.556854249492,5.656854249492,0.));
#3387 = VECTOR('',#3388,1.);
#3388 = DIRECTION('',(0.,0.,1.));
#3389 = PCURVE('',#3194,#3390);
#3390 = DEFINITIONAL_REPRESENTATION('',(#3391),#3395);
#3391 = LINE('',#3392,#3393);
#3392 = CARTESIAN_POINT('',(-0.,0.));
#3393 = VECTOR('',#3394,1.);
#3394 = DIRECTION('',(-0.,-1.));
#3395 = ( GEOMETRIC_REPRESENTATION_CONTEXT(2) 
PARAMETRIC_REPRESENTATION_CONTEXT() REPRESENTATION_CONTEXT('2D SPACE',''
  ) );
#3396 = PCURVE('',#3194,#3397);
#3397 = DEFINITIONAL_REPRESENTATION('',(#3398),#3402);
#3398 = LINE('',#3399,#3400);
#3399 = CARTESIAN_POINT('',(-6.28318530718,0.));
#3400 = VECTOR('',#3401,1.);
#3401 = DIRECTION('',(-0.,-1.));
#3402 = ( GEOMETRIC_REPRESENTATION_CONTEXT(2) 
PARAMETRIC_REPRESENTATION_CONTEXT() REPRESENTATION_CONTEXT('2D SPACE',''
  ) );
#3403 = ORIENTED_EDGE('',*,*,#3177,.T.);
#3404 = ORIENTED_EDGE('',*,*,#3381,.F.);
#3405 = ORIENTED_EDGE('',*,*,#3406,.F.);
#3406 = EDGE_CURVE('',#3382,#3382,#3407,.T.);
#3407 = SURFACE_CURVE('',#3408,(#3413,#3420),.PCURVE_S1.);
#3408 = CIRCLE('',#3409,1.1);
#3409 = AXIS2_PLACEMENT_3D('',#3410,#3411,#3412);
#3410 = CARTESIAN_POINT('',(-5.656854249492,5.656854249492,0.));
#3411 = DIRECTION('',(0.,0.,1.));
#3412 = DIRECTION('',(1.,0.,0.));
#3413 = PCURVE('',#3194,#3414);
#3414 = DEFINITIONAL_REPRESENTATION('',(#3415),#3419);
#3415 = LINE('',#3416,#3417);
#3416 = CARTESIAN_POINT('',(-0.,0.));
#3417 = VECTOR('',#3418,1.);
#3418 = DIRECTION('',(-1.,0.));
#3419 = ( GEOMETRIC_REPRESENTATION_CONTEXT(2) 
PARAMETRIC_REPRESENTATION_CONTEXT() REPRESENTATION_CONTEXT('2D SPACE',''
  ) );
#3420 = PCURVE('',#3421,#3426);
#3421 = PLANE('',#3422);
#3422 = AXIS2_PLACEMENT_3D('',#3423,#3424,#3425);
#3423 = CARTESIAN_POINT('',(-14.25,-35.25,0.));
#3424 = DIRECTION('',(0.,0.,1.));
#3425 = DIRECTION('',(1.,0.,0.));
#3426 = DEFINITIONAL_REPRESENTATION('',(#3427),#3431);
#3427 = CIRCLE('',#3428,1.1);
#3428 = AXIS2_PLACEMENT_2D('',#3429,#3430);
#3429 = CARTESIAN_POINT('',(8.593145750508,40.906854249492));
#3430 = DIRECTION('',(1.,0.));
#3431 = ( GEOMETRIC_REPRESENTATION_CONTEXT(2) 
PARAMETRIC_REPRESENTATION_CONTEXT() REPRESENTATION_CONTEXT('2D SPACE',''
  ) );
#3432 = ADVANCED_FACE('',(#3433),#3225,.F.);
#3433 = FACE_BOUND('',#3434,.T.);
#3434 = EDGE_LOOP('',(#3435,#3458,#3459,#3460));
#3435 = ORIENTED_EDGE('',*,*,#3436,.T.);
#3436 = EDGE_CURVE('',#3437,#3209,#3439,.T.);
#3437 = VERTEX_POINT('',#3438);
#3438 = CARTESIAN_POINT('',(1.2,0.,0.));
#3439 = SEAM_CURVE('',#3440,(#3444,#3451),.PCURVE_S1.);
#3440 = LINE('',#3441,#3442);
#3441 = CARTESIAN_POINT('',(1.2,0.,0.));
#3442 = VECTOR('',#3443,1.);
#3443 = DIRECTION('',(0.,0.,1.));
#3444 = PCURVE('',#3225,#3445);
#3445 = DEFINITIONAL_REPRESENTATION('',(#3446),#3450);
#3446 = LINE('',#3447,#3448);
#3447 = CARTESIAN_POINT('',(-0.,0.));
#3448 = VECTOR('',#3449,1.);
#3449 = DIRECTION('',(-0.,-1.));
#3450 = ( GEOMETRIC_REPRESENTATION_CONTEXT(2) 
PARAMETRIC_REPRESENTATION_CONTEXT() REPRESENTATION_CONTEXT('2D SPACE',''
  ) );
#3451 = PCURVE('',#3225,#3452);
#3452 = DEFINITIONAL_REPRESENTATION('',(#3453),#3457);
#3453 = LINE('',#3454,#3455);
#3454 = CARTESIAN_POINT('',(-6.28318530718,0.));
#3455 = VECTOR('',#3456,1.);
#3456 = DIRECTION('',(-0.,-1.));
#3457 = ( GEOMETRIC_REPRESENTATION_CONTEXT(2) 
PARAMETRIC_REPRESENTATION_CONTEXT() REPRESENTATION_CONTEXT('2D SPACE',''
  ) );
#3458 = ORIENTED_EDGE('',*,*,#3208,.T.);
#3459 = ORIENTED_EDGE('',*,*,#3436,.F.);
#3460 = ORIENTED_EDGE('',*,*,#3461,.F.);
#3461 = EDGE_CURVE('',#3437,#3437,#3462,.T.);
#3462 = SURFACE_CURVE('',#3463,(#3468,#3475),.PCURVE_S1.);
#3463 = CIRCLE('',#3464,1.2);
#3464 = AXIS2_PLACEMENT_3D('',#3465,#3466,#3467);
#3465 = CARTESIAN_POINT('',(0.,0.,0.));
#3466 = DIRECTION('',(0.,0.,1.));
#3467 = DIRECTION('',(1.,0.,0.));
#3468 = PCURVE('',#3225,#3469);
#3469 = DEFINITIONAL_REPRESENTATION('',(#3470),#3474);
#3470 = LINE('',#3471,#3472);
#3471 = CARTESIAN_POINT('',(-0.,0.));
#3472 = VECTOR('',#3473,1.);
#3473 = DIRECTION('',(-1.,0.));
#3474 = ( GEOMETRIC_REPRESENTATION_CONTEXT(2) 
PARAMETRIC_REPRESENTATION_CONTEXT() REPRESENTATION_CONTEXT('2D SPACE',''
  ) );
#3475 = PCURVE('',#3476,#3481);
#3476 = PLANE('',#3477);
#3477 = AXIS2_PLACEMENT_3D('',#3478,#3479,#3480);
#3478 = CARTESIAN_POINT('',(-14.25,-35.25,0.));
#3479 = DIRECTION('',(0.,0.,1.));
#3480 = DIRECTION('',(1.,0.,0.));
#3481 = DEFINITIONAL_REPRESENTATION('',(#3482),#3486);
#3482 = CIRCLE('',#3483,1.2);
#3483 = AXIS2_PLACEMENT_2D('',#3484,#3485);
#3484 = CARTESIAN_POINT('',(14.25,35.25));
#3485 = DIRECTION('',(1.,0.));
#3486 = ( GEOMETRIC_REPRESENTATION_CONTEXT(2) 
PARAMETRIC_REPRESENTATION_CONTEXT() REPRESENTATION_CONTEXT('2D SPACE',''
  ) );
#3487 = ADVANCED_FACE('',(#3488),#3256,.F.);
#3488 = FACE_BOUND('',#3489,.T.);
#3489 = EDGE_LOOP('',(#3490,#3513,#3514,#3515));
#3490 = ORIENTED_EDGE('',*,*,#3491,.T.);
#3491 = EDGE_CURVE('',#3492,#3240,#3494,.T.);
#3492 = VERTEX_POINT('',#3493);
#3493 = CARTESIAN_POINT('',(6.756854249492,5.656854249492,0.));
#3494 = SEAM_CURVE('',#3495,(#3499,#3506),.PCURVE_S1.);
#3495 = LINE('',#3496,#3497);
#3496 = CARTESIAN_POINT('',(6.756854249492,5.656854249492,0.));
#3497 = VECTOR('',#3498,1.);
#3498 = DIRECTION('',(0.,0.,1.));
#3499 = PCURVE('',#3256,#3500);
#3500 = DEFINITIONAL_REPRESENTATION('',(#3501),#3505);
#3501 = LINE('',#3502,#3503);
#3502 = CARTESIAN_POINT('',(-0.,0.));
#3503 = VECTOR('',#3504,1.);
#3504 = DIRECTION('',(-0.,-1.));
#3505 = ( GEOMETRIC_REPRESENTATION_CONTEXT(2) 
PARAMETRIC_REPRESENTATION_CONTEXT() REPRESENTATION_CONTEXT('2D SPACE',''
  ) );
#3506 = PCURVE('',#3256,#3507);
#3507 = DEFINITIONAL_REPRESENTATION('',(#3508),#3512);
#3508 = LINE('',#3509,#3510);
#3509 = CARTESIAN_POINT('',(-6.28318530718,0.));
#3510 = VECTOR('',#3511,1.);
#3511 = DIRECTION('',(-0.,-1.));
#3512 = ( GEOMETRIC_REPRESENTATION_CONTEXT(2) 
PARAMETRIC_REPRESENTATION_CONTEXT() REPRESENTATION_CONTEXT('2D SPACE',''
  ) );
#3513 = ORIENTED_EDGE('',*,*,#3239,.T.);
#3514 = ORIENTED_EDGE('',*,*,#3491,.F.);
#3515 = ORIENTED_EDGE('',*,*,#3516,.F.);
#3516 = EDGE_CURVE('',#3492,#3492,#3517,.T.);
#3517 = SURFACE_CURVE('',#3518,(#3523,#3530),.PCURVE_S1.);
#3518 = CIRCLE('',#3519,1.1);
#3519 = AXIS2_PLACEMENT_3D('',#3520,#3521,#3522);
#3520 = CARTESIAN_POINT('',(5.656854249492,5.656854249492,0.));
#3521 = DIRECTION('',(0.,0.,1.));
#3522 = DIRECTION('',(1.,0.,0.));
#3523 = PCURVE('',#3256,#3524);
#3524 = DEFINITIONAL_REPRESENTATION('',(#3525),#3529);
#3525 = LINE('',#3526,#3527);
#3526 = CARTESIAN_POINT('',(-0.,0.));
#3527 = VECTOR('',#3528,1.);
#3528 = DIRECTION('',(-1.,0.));
#3529 = ( GEOMETRIC_REPRESENTATION_CONTEXT(2) 
PARAMETRIC_REPRESENTATION_CONTEXT() REPRESENTATION_CONTEXT('2D SPACE',''
  ) );
#3530 = PCURVE('',#3531,#3536);
#3531 = PLANE('',#3532);
#3532 = AXIS2_PLACEMENT_3D('',#3533,#3534,#3535);
#3533 = CARTESIAN_POINT('',(-14.25,-35.25,0.));
#3534 = DIRECTION('',(0.,0.,1.));
#3535 = DIRECTION('',(1.,0.,0.));
#3536 = DEFINITIONAL_REPRESENTATION('',(#3537),#3541);
#3537 = CIRCLE('',#3538,1.1);
#3538 = AXIS2_PLACEMENT_2D('',#3539,#3540);
#3539 = CARTESIAN_POINT('',(19.906854249492,40.906854249492));
#3540 = DIRECTION('',(1.,0.));
#3541 = ( GEOMETRIC_REPRESENTATION_CONTEXT(2) 
PARAMETRIC_REPRESENTATION_CONTEXT() REPRESENTATION_CONTEXT('2D SPACE',''
  ) );
#3542 = ADVANCED_FACE('',(#3543),#3311,.T.);
#3543 = FACE_BOUND('',#3544,.T.);
#3544 = EDGE_LOOP('',(#3545));
#3545 = ORIENTED_EDGE('',*,*,#3296,.T.);
#3546 = ADVANCED_FACE('',(#3547),#3366,.T.);
#3547 = FACE_BOUND('',#3548,.T.);
#3548 = EDGE_LOOP('',(#3549));
#3549 = ORIENTED_EDGE('',*,*,#3351,.T.);
#3550 = ADVANCED_FACE('',(#3551),#3421,.T.);
#3551 = FACE_BOUND('',#3552,.T.);
#3552 = EDGE_LOOP('',(#3553));
#3553 = ORIENTED_EDGE('',*,*,#3406,.T.);
#3554 = ADVANCED_FACE('',(#3555),#3476,.T.);
#3555 = FACE_BOUND('',#3556,.T.);
#3556 = EDGE_LOOP('',(#3557));
#3557 = ORIENTED_EDGE('',*,*,#3461,.T.);
#3558 = ADVANCED_FACE('',(#3559),#3531,.T.);
#3559 = FACE_BOUND('',#3560,.T.);
#3560 = EDGE_LOOP('',(#3561));
#3561 = ORIENTED_EDGE('',*,*,#3516,.T.);
#3562 = ( GEOMETRIC_REPRESENTATION_CONTEXT(3) 
GLOBAL_UNCERTAINTY_ASSIGNED_CONTEXT((#3566)) 
GLOBAL_UNIT_ASSIGNED_CONTEXT((#3563,#3564,#3565)) REPRESENTATION_CONTEXT
('Context #1','3D Context with UNIT and UNCERTAINTY') );
#3563 = ( LENGTH_UNIT() NAMED_UNIT(*) SI_UNIT(.MILLI.,.METRE.) );
#3564 = ( NAMED_UNIT(*) PLANE_ANGLE_UNIT() SI_UNIT($,.RADIAN.) );
#3565 = ( NAMED_UNIT(*) SI_UNIT($,.STERADIAN.) SOLID_ANGLE_UNIT() );
#3566 = UNCERTAINTY_MEASURE_WITH_UNIT(LENGTH_MEASURE(1.E-07),#3563,
  'distance_accuracy_value','confusion accuracy');
#3567 = CONTEXT_DEPENDENT_SHAPE_REPRESENTATION(#3568,#3570);
#3568 = ( REPRESENTATION_RELATIONSHIP('','',#1109,#10) 
REPRESENTATION_RELATIONSHIP_WITH_TRANSFORMATION(#3569) 
SHAPE_REPRESENTATION_RELATIONSHIP() );
#3569 = ITEM_DEFINED_TRANSFORMATION('','',#11,#19);
#3570 = PRODUCT_DEFINITION_SHAPE('Placement','Placement of an item',
  #3571);
#3571 = NEXT_ASSEMBLY_USAGE_OCCURRENCE('32','Dynamixel_XM430-1','',#5,
  #1104,$);
#3572 = PRODUCT_RELATED_PRODUCT_CATEGORY('part',$,(#1106));
#3573 = SHAPE_DEFINITION_REPRESENTATION(#3574,#3580);
#3574 = PRODUCT_DEFINITION_SHAPE('','',#3575);
#3575 = PRODUCT_DEFINITION('design','',#3576,#3579);
#3576 = PRODUCT_DEFINITION_FORMATION('','',#3577);
#3577 = PRODUCT('OMX_Link2_Bracket-1','OMX_Link2_Bracket-1','',(#3578));
#3578 = PRODUCT_CONTEXT('',#2,'mechanical');
#3579 = PRODUCT_DEFINITION_CONTEXT('part definition',#2,'design');
#3580 = ADVANCED_BREP_SHAPE_REPRESENTATION('',(#11,#3581),#4875);
#3581 = MANIFOLD_SOLID_BREP('',#3582);
#3582 = CLOSED_SHELL('',(#3583,#3703,#4115,#4165,#4219,#4344,#4371,#4398
    ,#4425,#4452,#4459,#4535,#4584,#4633,#4660,#4736,#4785,#4834,#4861,
    #4868));
#3583 = ADVANCED_FACE('',(#3584),#3598,.F.);
#3584 = FACE_BOUND('',#3585,.F.);
#3585 = EDGE_LOOP('',(#3586,#3621,#3649,#3677));
#3586 = ORIENTED_EDGE('',*,*,#3587,.F.);
#3587 = EDGE_CURVE('',#3588,#3590,#3592,.T.);
#3588 = VERTEX_POINT('',#3589);
#3589 = CARTESIAN_POINT('',(-18.,-20.,6.));
#3590 = VERTEX_POINT('',#3591);
#3591 = CARTESIAN_POINT('',(-18.,20.,6.));
#3592 = SURFACE_CURVE('',#3593,(#3597,#3609),.PCURVE_S1.);
#3593 = LINE('',#3594,#3595);
#3594 = CARTESIAN_POINT('',(-18.,-23.,6.));
#3595 = VECTOR('',#3596,1.);
#3596 = DIRECTION('',(0.,1.,0.));
#3597 = PCURVE('',#3598,#3603);
#3598 = PLANE('',#3599);
#3599 = AXIS2_PLACEMENT_3D('',#3600,#3601,#3602);
#3600 = CARTESIAN_POINT('',(-18.,-23.,3.));
#3601 = DIRECTION('',(1.,0.,0.));
#3602 = DIRECTION('',(0.,0.,1.));
#3603 = DEFINITIONAL_REPRESENTATION('',(#3604),#3608);
#3604 = LINE('',#3605,#3606);
#3605 = CARTESIAN_POINT('',(3.,0.));
#3606 = VECTOR('',#3607,1.);
#3607 = DIRECTION('',(0.,-1.));
#3608 = ( GEOMETRIC_REPRESENTATION_CONTEXT(2) 
PARAMETRIC_REPRESENTATION_CONTEXT() REPRESENTATION_CONTEXT('2D SPACE',''
  ) );
#3609 = PCURVE('',#3610,#3615);
#3610 = PLANE('',#3611);
#3611 = AXIS2_PLACEMENT_3D('',#3612,#3613,#3614);
#3612 = CARTESIAN_POINT('',(-18.,-23.,6.));
#3613 = DIRECTION('',(0.,0.,1.));
#3614 = DIRECTION('',(1.,0.,0.));
#3615 = DEFINITIONAL_REPRESENTATION('',(#3616),#3620);
#3616 = LINE('',#3617,#3618);
#3617 = CARTESIAN_POINT('',(0.,0.));
#3618 = VECTOR('',#3619,1.);
#3619 = DIRECTION('',(0.,1.));
#3620 = ( GEOMETRIC_REPRESENTATION_CONTEXT(2) 
PARAMETRIC_REPRESENTATION_CONTEXT() REPRESENTATION_CONTEXT('2D SPACE',''
  ) );
#3621 = ORIENTED_EDGE('',*,*,#3622,.F.);
#3622 = EDGE_CURVE('',#3623,#3588,#3625,.T.);
#3623 = VERTEX_POINT('',#3624);
#3624 = CARTESIAN_POINT('',(-18.,-20.,3.));
#3625 = SURFACE_CURVE('',#3626,(#3630,#3637),.PCURVE_S1.);
#3626 = LINE('',#3627,#3628);
#3627 = CARTESIAN_POINT('',(-18.,-20.,3.));
#3628 = VECTOR('',#3629,1.);
#3629 = DIRECTION('',(0.,0.,1.));
#3630 = PCURVE('',#3598,#3631);
#3631 = DEFINITIONAL_REPRESENTATION('',(#3632),#3636);
#3632 = LINE('',#3633,#3634);
#3633 = CARTESIAN_POINT('',(0.,-3.));
#3634 = VECTOR('',#3635,1.);
#3635 = DIRECTION('',(1.,0.));
#3636 = ( GEOMETRIC_REPRESENTATION_CONTEXT(2) 
PARAMETRIC_REPRESENTATION_CONTEXT() REPRESENTATION_CONTEXT('2D SPACE',''
  ) );
#3637 = PCURVE('',#3638,#3643);
#3638 = CYLINDRICAL_SURFACE('',#3639,3.);
#3639 = AXIS2_PLACEMENT_3D('',#3640,#3641,#3642);
#3640 = CARTESIAN_POINT('',(-15.,-20.,3.));
#3641 = DIRECTION('',(0.,0.,1.));
#3642 = DIRECTION('',(-1.,-0.,0.));
#3643 = DEFINITIONAL_REPRESENTATION('',(#3644),#3648);
#3644 = LINE('',#3645,#3646);
#3645 = CARTESIAN_POINT('',(0.,0.));
#3646 = VECTOR('',#3647,1.);
#3647 = DIRECTION('',(0.,1.));
#3648 = ( GEOMETRIC_REPRESENTATION_CONTEXT(2) 
PARAMETRIC_REPRESENTATION_CONTEXT() REPRESENTATION_CONTEXT('2D SPACE',''
  ) );
#3649 = ORIENTED_EDGE('',*,*,#3650,.T.);
#3650 = EDGE_CURVE('',#3623,#3651,#3653,.T.);
#3651 = VERTEX_POINT('',#3652);
#3652 = CARTESIAN_POINT('',(-18.,20.,3.));
#3653 = SURFACE_CURVE('',#3654,(#3658,#3665),.PCURVE_S1.);
#3654 = LINE('',#3655,#3656);
#3655 = CARTESIAN_POINT('',(-18.,-23.,3.));
#3656 = VECTOR('',#3657,1.);
#3657 = DIRECTION('',(0.,1.,0.));
#3658 = PCURVE('',#3598,#3659);
#3659 = DEFINITIONAL_REPRESENTATION('',(#3660),#3664);
#3660 = LINE('',#3661,#3662);
#3661 = CARTESIAN_POINT('',(0.,0.));
#3662 = VECTOR('',#3663,1.);
#3663 = DIRECTION('',(0.,-1.));
#3664 = ( GEOMETRIC_REPRESENTATION_CONTEXT(2) 
PARAMETRIC_REPRESENTATION_CONTEXT() REPRESENTATION_CONTEXT('2D SPACE',''
  ) );
#3665 = PCURVE('',#3666,#3671);
#3666 = PLANE('',#3667);
#3667 = AXIS2_PLACEMENT_3D('',#3668,#3669,#3670);
#3668 = CARTESIAN_POINT('',(-18.,-23.,3.));
#3669 = DIRECTION('',(0.,0.,1.));
#3670 = DIRECTION('',(1.,0.,0.));
#3671 = DEFINITIONAL_REPRESENTATION('',(#3672),#3676);
#3672 = LINE('',#3673,#3674);
#3673 = CARTESIAN_POINT('',(0.,0.));
#3674 = VECTOR('',#3675,1.);
#3675 = DIRECTION('',(0.,1.));
#3676 = ( GEOMETRIC_REPRESENTATION_CONTEXT(2) 
PARAMETRIC_REPRESENTATION_CONTEXT() REPRESENTATION_CONTEXT('2D SPACE',''
  ) );
#3677 = ORIENTED_EDGE('',*,*,#3678,.T.);
#3678 = EDGE_CURVE('',#3651,#3590,#3679,.T.);
#3679 = SURFACE_CURVE('',#3680,(#3684,#3691),.PCURVE_S1.);
#3680 = LINE('',#3681,#3682);
#3681 = CARTESIAN_POINT('',(-18.,20.,3.));
#3682 = VECTOR('',#3683,1.);
#3683 = DIRECTION('',(0.,0.,1.));
#3684 = PCURVE('',#3598,#3685);
#3685 = DEFINITIONAL_REPRESENTATION('',(#3686),#3690);
#3686 = LINE('',#3687,#3688);
#3687 = CARTESIAN_POINT('',(0.,-43.));
#3688 = VECTOR('',#3689,1.);
#3689 = DIRECTION('',(1.,0.));
#3690 = ( GEOMETRIC_REPRESENTATION_CONTEXT(2) 
PARAMETRIC_REPRESENTATION_CONTEXT() REPRESENTATION_CONTEXT('2D SPACE',''
  ) );
#3691 = PCURVE('',#3692,#3697);
#3692 = CYLINDRICAL_SURFACE('',#3693,3.);
#3693 = AXIS2_PLACEMENT_3D('',#3694,#3695,#3696);
#3694 = CARTESIAN_POINT('',(-15.,20.,3.));
#3695 = DIRECTION('',(0.,0.,1.));
#3696 = DIRECTION('',(-1.,-0.,0.));
#3697 = DEFINITIONAL_REPRESENTATION('',(#3698),#3702);
#3698 = LINE('',#3699,#3700);
#3699 = CARTESIAN_POINT('',(-0.,0.));
#3700 = VECTOR('',#3701,1.);
#3701 = DIRECTION('',(-0.,1.));
#3702 = ( GEOMETRIC_REPRESENTATION_CONTEXT(2) 
PARAMETRIC_REPRESENTATION_CONTEXT() REPRESENTATION_CONTEXT('2D SPACE',''
  ) );
#3703 = ADVANCED_FACE('',(#3704,#3903,#4009),#3610,.T.);
#3704 = FACE_BOUND('',#3705,.T.);
#3705 = EDGE_LOOP('',(#3706,#3707,#3731,#3759,#3792,#3820,#3849,#3877));
#3706 = ORIENTED_EDGE('',*,*,#3587,.F.);
#3707 = ORIENTED_EDGE('',*,*,#3708,.T.);
#3708 = EDGE_CURVE('',#3588,#3709,#3711,.T.);
#3709 = VERTEX_POINT('',#3710);
#3710 = CARTESIAN_POINT('',(-15.,-23.,6.));
#3711 = SURFACE_CURVE('',#3712,(#3717,#3724),.PCURVE_S1.);
#3712 = CIRCLE('',#3713,3.);
#3713 = AXIS2_PLACEMENT_3D('',#3714,#3715,#3716);
#3714 = CARTESIAN_POINT('',(-15.,-20.,6.));
#3715 = DIRECTION('',(0.,0.,1.));
#3716 = DIRECTION('',(0.,-1.,0.));
#3717 = PCURVE('',#3610,#3718);
#3718 = DEFINITIONAL_REPRESENTATION('',(#3719),#3723);
#3719 = CIRCLE('',#3720,3.);
#3720 = AXIS2_PLACEMENT_2D('',#3721,#3722);
#3721 = CARTESIAN_POINT('',(3.,3.));
#3722 = DIRECTION('',(0.,-1.));
#3723 = ( GEOMETRIC_REPRESENTATION_CONTEXT(2) 
PARAMETRIC_REPRESENTATION_CONTEXT() REPRESENTATION_CONTEXT('2D SPACE',''
  ) );
#3724 = PCURVE('',#3638,#3725);
#3725 = DEFINITIONAL_REPRESENTATION('',(#3726),#3730);
#3726 = LINE('',#3727,#3728);
#3727 = CARTESIAN_POINT('',(-4.712388980385,3.));
#3728 = VECTOR('',#3729,1.);
#3729 = DIRECTION('',(1.,0.));
#3730 = ( GEOMETRIC_REPRESENTATION_CONTEXT(2) 
PARAMETRIC_REPRESENTATION_CONTEXT() REPRESENTATION_CONTEXT('2D SPACE',''
  ) );
#3731 = ORIENTED_EDGE('',*,*,#3732,.T.);
#3732 = EDGE_CURVE('',#3709,#3733,#3735,.T.);
#3733 = VERTEX_POINT('',#3734);
#3734 = CARTESIAN_POINT('',(15.,-23.,6.));
#3735 = SURFACE_CURVE('',#3736,(#3740,#3747),.PCURVE_S1.);
#3736 = LINE('',#3737,#3738);
#3737 = CARTESIAN_POINT('',(-18.,-23.,6.));
#3738 = VECTOR('',#3739,1.);
#3739 = DIRECTION('',(1.,0.,0.));
#3740 = PCURVE('',#3610,#3741);
#3741 = DEFINITIONAL_REPRESENTATION('',(#3742),#3746);
#3742 = LINE('',#3743,#3744);
#3743 = CARTESIAN_POINT('',(0.,0.));
#3744 = VECTOR('',#3745,1.);
#3745 = DIRECTION('',(1.,0.));
#3746 = ( GEOMETRIC_REPRESENTATION_CONTEXT(2) 
PARAMETRIC_REPRESENTATION_CONTEXT() REPRESENTATION_CONTEXT('2D SPACE',''
  ) );
#3747 = PCURVE('',#3748,#3753);
#3748 = PLANE('',#3749);
#3749 = AXIS2_PLACEMENT_3D('',#3750,#3751,#3752);
#3750 = CARTESIAN_POINT('',(-18.,-23.,3.));
#3751 = DIRECTION('',(0.,1.,0.));
#3752 = DIRECTION('',(0.,0.,1.));
#3753 = DEFINITIONAL_REPRESENTATION('',(#3754),#3758);
#3754 = LINE('',#3755,#3756);
#3755 = CARTESIAN_POINT('',(3.,0.));
#3756 = VECTOR('',#3757,1.);
#3757 = DIRECTION('',(0.,1.));
#3758 = ( GEOMETRIC_REPRESENTATION_CONTEXT(2) 
PARAMETRIC_REPRESENTATION_CONTEXT() REPRESENTATION_CONTEXT('2D SPACE',''
  ) );
#3759 = ORIENTED_EDGE('',*,*,#3760,.F.);
#3760 = EDGE_CURVE('',#3761,#3733,#3763,.T.);
#3761 = VERTEX_POINT('',#3762);
#3762 = CARTESIAN_POINT('',(18.,-20.,6.));
#3763 = SURFACE_CURVE('',#3764,(#3769,#3780),.PCURVE_S1.);
#3764 = CIRCLE('',#3765,3.);
#3765 = AXIS2_PLACEMENT_3D('',#3766,#3767,#3768);
#3766 = CARTESIAN_POINT('',(15.,-20.,6.));
#3767 = DIRECTION('',(-0.,-0.,-1.));
#3768 = DIRECTION('',(0.,-1.,0.));
#3769 = PCURVE('',#3610,#3770);
#3770 = DEFINITIONAL_REPRESENTATION('',(#3771),#3779);
#3771 = ( BOUNDED_CURVE() B_SPLINE_CURVE(2,(#3772,#3773,#3774,#3775,
#3776,#3777,#3778),.UNSPECIFIED.,.T.,.F.) B_SPLINE_CURVE_WITH_KNOTS((1,2
    ,2,2,2,1),(-2.094395102393,0.,2.094395102393,4.188790204786,
6.28318530718,8.377580409573),.UNSPECIFIED.) CURVE() 
GEOMETRIC_REPRESENTATION_ITEM() RATIONAL_B_SPLINE_CURVE((1.,0.5,1.,0.5,
1.,0.5,1.)) REPRESENTATION_ITEM('') );
#3772 = CARTESIAN_POINT('',(33.,0.));
#3773 = CARTESIAN_POINT('',(27.803847577293,0.));
#3774 = CARTESIAN_POINT('',(30.401923788647,4.5));
#3775 = CARTESIAN_POINT('',(33.,9.));
#3776 = CARTESIAN_POINT('',(35.598076211353,4.5));
#3777 = CARTESIAN_POINT('',(38.196152422707,4.440892098501E-15));
#3778 = CARTESIAN_POINT('',(33.,0.));
#3779 = ( GEOMETRIC_REPRESENTATION_CONTEXT(2) 
PARAMETRIC_REPRESENTATION_CONTEXT() REPRESENTATION_CONTEXT('2D SPACE',''
  ) );
#3780 = PCURVE('',#3781,#3786);
#3781 = CYLINDRICAL_SURFACE('',#3782,3.);
#3782 = AXIS2_PLACEMENT_3D('',#3783,#3784,#3785);
#3783 = CARTESIAN_POINT('',(15.,-20.,3.));
#3784 = DIRECTION('',(0.,0.,1.));
#3785 = DIRECTION('',(1.,0.,-0.));
#3786 = DEFINITIONAL_REPRESENTATION('',(#3787),#3791);
#3787 = LINE('',#3788,#3789);
#3788 = CARTESIAN_POINT('',(4.712388980385,3.));
#3789 = VECTOR('',#3790,1.);
#3790 = DIRECTION('',(-1.,0.));
#3791 = ( GEOMETRIC_REPRESENTATION_CONTEXT(2) 
PARAMETRIC_REPRESENTATION_CONTEXT() REPRESENTATION_CONTEXT('2D SPACE',''
  ) );
#3792 = ORIENTED_EDGE('',*,*,#3793,.T.);
#3793 = EDGE_CURVE('',#3761,#3794,#3796,.T.);
#3794 = VERTEX_POINT('',#3795);
#3795 = CARTESIAN_POINT('',(18.,20.,6.));
#3796 = SURFACE_CURVE('',#3797,(#3801,#3808),.PCURVE_S1.);
#3797 = LINE('',#3798,#3799);
#3798 = CARTESIAN_POINT('',(18.,-23.,6.));
#3799 = VECTOR('',#3800,1.);
#3800 = DIRECTION('',(0.,1.,0.));
#3801 = PCURVE('',#3610,#3802);
#3802 = DEFINITIONAL_REPRESENTATION('',(#3803),#3807);
#3803 = LINE('',#3804,#3805);
#3804 = CARTESIAN_POINT('',(36.,0.));
#3805 = VECTOR('',#3806,1.);
#3806 = DIRECTION('',(0.,1.));
#3807 = ( GEOMETRIC_REPRESENTATION_CONTEXT(2) 
PARAMETRIC_REPRESENTATION_CONTEXT() REPRESENTATION_CONTEXT('2D SPACE',''
  ) );
#3808 = PCURVE('',#3809,#3814);
#3809 = PLANE('',#3810);
#3810 = AXIS2_PLACEMENT_3D('',#3811,#3812,#3813);
#3811 = CARTESIAN_POINT('',(18.,-23.,3.));
#3812 = DIRECTION('',(1.,0.,0.));
#3813 = DIRECTION('',(0.,0.,1.));
#3814 = DEFINITIONAL_REPRESENTATION('',(#3815),#3819);
#3815 = LINE('',#3816,#3817);
#3816 = CARTESIAN_POINT('',(3.,0.));
#3817 = VECTOR('',#3818,1.);
#3818 = DIRECTION('',(0.,-1.));
#3819 = ( GEOMETRIC_REPRESENTATION_CONTEXT(2) 
PARAMETRIC_REPRESENTATION_CONTEXT() REPRESENTATION_CONTEXT('2D SPACE',''
  ) );
#3820 = ORIENTED_EDGE('',*,*,#3821,.T.);
#3821 = EDGE_CURVE('',#3794,#3822,#3824,.T.);
#3822 = VERTEX_POINT('',#3823);
#3823 = CARTESIAN_POINT('',(15.,23.,6.));
#3824 = SURFACE_CURVE('',#3825,(#3830,#3837),.PCURVE_S1.);
#3825 = CIRCLE('',#3826,3.);
#3826 = AXIS2_PLACEMENT_3D('',#3827,#3828,#3829);
#3827 = CARTESIAN_POINT('',(15.,20.,6.));
#3828 = DIRECTION('',(0.,0.,1.));
#3829 = DIRECTION('',(0.,-1.,0.));
#3830 = PCURVE('',#3610,#3831);
#3831 = DEFINITIONAL_REPRESENTATION('',(#3832),#3836);
#3832 = CIRCLE('',#3833,3.);
#3833 = AXIS2_PLACEMENT_2D('',#3834,#3835);
#3834 = CARTESIAN_POINT('',(33.,43.));
#3835 = DIRECTION('',(0.,-1.));
#3836 = ( GEOMETRIC_REPRESENTATION_CONTEXT(2) 
PARAMETRIC_REPRESENTATION_CONTEXT() REPRESENTATION_CONTEXT('2D SPACE',''
  ) );
#3837 = PCURVE('',#3838,#3843);
#3838 = CYLINDRICAL_SURFACE('',#3839,3.);
#3839 = AXIS2_PLACEMENT_3D('',#3840,#3841,#3842);
#3840 = CARTESIAN_POINT('',(15.,20.,3.));
#3841 = DIRECTION('',(0.,0.,1.));
#3842 = DIRECTION('',(1.,0.,-0.));
#3843 = DEFINITIONAL_REPRESENTATION('',(#3844),#3848);
#3844 = LINE('',#3845,#3846);
#3845 = CARTESIAN_POINT('',(-1.570796326795,3.));
#3846 = VECTOR('',#3847,1.);
#3847 = DIRECTION('',(1.,0.));
#3848 = ( GEOMETRIC_REPRESENTATION_CONTEXT(2) 
PARAMETRIC_REPRESENTATION_CONTEXT() REPRESENTATION_CONTEXT('2D SPACE',''
  ) );
#3849 = ORIENTED_EDGE('',*,*,#3850,.F.);
#3850 = EDGE_CURVE('',#3851,#3822,#3853,.T.);
#3851 = VERTEX_POINT('',#3852);
#3852 = CARTESIAN_POINT('',(-15.,23.,6.));
#3853 = SURFACE_CURVE('',#3854,(#3858,#3865),.PCURVE_S1.);
#3854 = LINE('',#3855,#3856);
#3855 = CARTESIAN_POINT('',(-18.,23.,6.));
#3856 = VECTOR('',#3857,1.);
#3857 = DIRECTION('',(1.,0.,0.));
#3858 = PCURVE('',#3610,#3859);
#3859 = DEFINITIONAL_REPRESENTATION('',(#3860),#3864);
#3860 = LINE('',#3861,#3862);
#3861 = CARTESIAN_POINT('',(0.,46.));
#3862 = VECTOR('',#3863,1.);
#3863 = DIRECTION('',(1.,0.));
#3864 = ( GEOMETRIC_REPRESENTATION_CONTEXT(2) 
PARAMETRIC_REPRESENTATION_CONTEXT() REPRESENTATION_CONTEXT('2D SPACE',''
  ) );
#3865 = PCURVE('',#3866,#3871);
#3866 = PLANE('',#3867);
#3867 = AXIS2_PLACEMENT_3D('',#3868,#3869,#3870);
#3868 = CARTESIAN_POINT('',(-18.,23.,3.));
#3869 = DIRECTION('',(0.,1.,0.));
#3870 = DIRECTION('',(0.,0.,1.));
#3871 = DEFINITIONAL_REPRESENTATION('',(#3872),#3876);
#3872 = LINE('',#3873,#3874);
#3873 = CARTESIAN_POINT('',(3.,0.));
#3874 = VECTOR('',#3875,1.);
#3875 = DIRECTION('',(0.,1.));
#3876 = ( GEOMETRIC_REPRESENTATION_CONTEXT(2) 
PARAMETRIC_REPRESENTATION_CONTEXT() REPRESENTATION_CONTEXT('2D SPACE',''
  ) );
#3877 = ORIENTED_EDGE('',*,*,#3878,.F.);
#3878 = EDGE_CURVE('',#3590,#3851,#3879,.T.);
#3879 = SURFACE_CURVE('',#3880,(#3885,#3896),.PCURVE_S1.);
#3880 = CIRCLE('',#3881,3.);
#3881 = AXIS2_PLACEMENT_3D('',#3882,#3883,#3884);
#3882 = CARTESIAN_POINT('',(-15.,20.,6.));
#3883 = DIRECTION('',(-0.,-0.,-1.));
#3884 = DIRECTION('',(0.,-1.,0.));
#3885 = PCURVE('',#3610,#3886);
#3886 = DEFINITIONAL_REPRESENTATION('',(#3887),#3895);
#3887 = ( BOUNDED_CURVE() B_SPLINE_CURVE(2,(#3888,#3889,#3890,#3891,
#3892,#3893,#3894),.UNSPECIFIED.,.T.,.F.) B_SPLINE_CURVE_WITH_KNOTS((1,2
    ,2,2,2,1),(-2.094395102393,0.,2.094395102393,4.188790204786,
6.28318530718,8.377580409573),.UNSPECIFIED.) CURVE() 
GEOMETRIC_REPRESENTATION_ITEM() RATIONAL_B_SPLINE_CURVE((1.,0.5,1.,0.5,
1.,0.5,1.)) REPRESENTATION_ITEM('') );
#3888 = CARTESIAN_POINT('',(3.,40.));
#3889 = CARTESIAN_POINT('',(-2.196152422707,40.));
#3890 = CARTESIAN_POINT('',(0.401923788647,44.5));
#3891 = CARTESIAN_POINT('',(3.,49.));
#3892 = CARTESIAN_POINT('',(5.598076211353,44.5));
#3893 = CARTESIAN_POINT('',(8.196152422707,40.));
#3894 = CARTESIAN_POINT('',(3.,40.));
#3895 = ( GEOMETRIC_REPRESENTATION_CONTEXT(2) 
PARAMETRIC_REPRESENTATION_CONTEXT() REPRESENTATION_CONTEXT('2D SPACE',''
  ) );
#3896 = PCURVE('',#3692,#3897);
#3897 = DEFINITIONAL_REPRESENTATION('',(#3898),#3902);
#3898 = LINE('',#3899,#3900);
#3899 = CARTESIAN_POINT('',(1.570796326795,3.));
#3900 = VECTOR('',#3901,1.);
#3901 = DIRECTION('',(-1.,0.));
#3902 = ( GEOMETRIC_REPRESENTATION_CONTEXT(2) 
PARAMETRIC_REPRESENTATION_CONTEXT() REPRESENTATION_CONTEXT('2D SPACE',''
  ) );
#3903 = FACE_BOUND('',#3904,.T.);
#3904 = EDGE_LOOP('',(#3905,#3933,#3959,#3985));
#3905 = ORIENTED_EDGE('',*,*,#3906,.T.);
#3906 = EDGE_CURVE('',#3907,#3909,#3911,.T.);
#3907 = VERTEX_POINT('',#3908);
#3908 = CARTESIAN_POINT('',(14.,-22.5,6.));
#3909 = VERTEX_POINT('',#3910);
#3910 = CARTESIAN_POINT('',(-14.,-22.5,6.));
#3911 = SURFACE_CURVE('',#3912,(#3916,#3922),.PCURVE_S1.);
#3912 = LINE('',#3913,#3914);
#3913 = CARTESIAN_POINT('',(-16.,-22.5,6.));
#3914 = VECTOR('',#3915,1.);
#3915 = DIRECTION('',(-1.,0.,0.));
#3916 = PCURVE('',#3610,#3917);
#3917 = DEFINITIONAL_REPRESENTATION('',(#3918),#3921);
#3918 = B_SPLINE_CURVE_WITH_KNOTS('',1,(#3919,#3920),.UNSPECIFIED.,.F.,
  .F.,(2,2),(-30.,-2.),.PIECEWISE_BEZIER_KNOTS.);
#3919 = CARTESIAN_POINT('',(32.,0.5));
#3920 = CARTESIAN_POINT('',(4.,0.5));
#3921 = ( GEOMETRIC_REPRESENTATION_CONTEXT(2) 
PARAMETRIC_REPRESENTATION_CONTEXT() REPRESENTATION_CONTEXT('2D SPACE',''
  ) );
#3922 = PCURVE('',#3923,#3928);
#3923 = PLANE('',#3924);
#3924 = AXIS2_PLACEMENT_3D('',#3925,#3926,#3927);
#3925 = CARTESIAN_POINT('',(-14.,-22.5,3.));
#3926 = DIRECTION('',(0.,1.,0.));
#3927 = DIRECTION('',(0.,0.,1.));
#3928 = DEFINITIONAL_REPRESENTATION('',(#3929),#3932);
#3929 = B_SPLINE_CURVE_WITH_KNOTS('',1,(#3930,#3931),.UNSPECIFIED.,.F.,
  .F.,(2,2),(-30.,-2.),.PIECEWISE_BEZIER_KNOTS.);
#3930 = CARTESIAN_POINT('',(3.,28.));
#3931 = CARTESIAN_POINT('',(3.,0.));
#3932 = ( GEOMETRIC_REPRESENTATION_CONTEXT(2) 
PARAMETRIC_REPRESENTATION_CONTEXT() REPRESENTATION_CONTEXT('2D SPACE',''
  ) );
#3933 = ORIENTED_EDGE('',*,*,#3934,.T.);
#3934 = EDGE_CURVE('',#3909,#3935,#3937,.T.);
#3935 = VERTEX_POINT('',#3936);
#3936 = CARTESIAN_POINT('',(-14.,-20.,6.));
#3937 = SURFACE_CURVE('',#3938,(#3942,#3948),.PCURVE_S1.);
#3938 = LINE('',#3939,#3940);
#3939 = CARTESIAN_POINT('',(-14.,-22.75,6.));
#3940 = VECTOR('',#3941,1.);
#3941 = DIRECTION('',(0.,1.,0.));
#3942 = PCURVE('',#3610,#3943);
#3943 = DEFINITIONAL_REPRESENTATION('',(#3944),#3947);
#3944 = B_SPLINE_CURVE_WITH_KNOTS('',1,(#3945,#3946),.UNSPECIFIED.,.F.,
  .F.,(2,2),(0.25,2.75),.PIECEWISE_BEZIER_KNOTS.);
#3945 = CARTESIAN_POINT('',(4.,0.5));
#3946 = CARTESIAN_POINT('',(4.,3.));
#3947 = ( GEOMETRIC_REPRESENTATION_CONTEXT(2) 
PARAMETRIC_REPRESENTATION_CONTEXT() REPRESENTATION_CONTEXT('2D SPACE',''
  ) );
#3948 = PCURVE('',#3949,#3954);
#3949 = PLANE('',#3950);
#3950 = AXIS2_PLACEMENT_3D('',#3951,#3952,#3953);
#3951 = CARTESIAN_POINT('',(-14.,-22.5,3.));
#3952 = DIRECTION('',(1.,0.,0.));
#3953 = DIRECTION('',(0.,0.,1.));
#3954 = DEFINITIONAL_REPRESENTATION('',(#3955),#3958);
#3955 = B_SPLINE_CURVE_WITH_KNOTS('',1,(#3956,#3957),.UNSPECIFIED.,.F.,
  .F.,(2,2),(0.25,2.75),.PIECEWISE_BEZIER_KNOTS.);
#3956 = CARTESIAN_POINT('',(3.,0.));
#3957 = CARTESIAN_POINT('',(3.,-2.5));
#3958 = ( GEOMETRIC_REPRESENTATION_CONTEXT(2) 
PARAMETRIC_REPRESENTATION_CONTEXT() REPRESENTATION_CONTEXT('2D SPACE',''
  ) );
#3959 = ORIENTED_EDGE('',*,*,#3960,.F.);
#3960 = EDGE_CURVE('',#3961,#3935,#3963,.T.);
#3961 = VERTEX_POINT('',#3962);
#3962 = CARTESIAN_POINT('',(14.,-20.,6.));
#3963 = SURFACE_CURVE('',#3964,(#3968,#3974),.PCURVE_S1.);
#3964 = LINE('',#3965,#3966);
#3965 = CARTESIAN_POINT('',(-16.,-20.,6.));
#3966 = VECTOR('',#3967,1.);
#3967 = DIRECTION('',(-1.,0.,0.));
#3968 = PCURVE('',#3610,#3969);
#3969 = DEFINITIONAL_REPRESENTATION('',(#3970),#3973);
#3970 = B_SPLINE_CURVE_WITH_KNOTS('',1,(#3971,#3972),.UNSPECIFIED.,.F.,
  .F.,(2,2),(-30.,-2.),.PIECEWISE_BEZIER_KNOTS.);
#3971 = CARTESIAN_POINT('',(32.,3.));
#3972 = CARTESIAN_POINT('',(4.,3.));
#3973 = ( GEOMETRIC_REPRESENTATION_CONTEXT(2) 
PARAMETRIC_REPRESENTATION_CONTEXT() REPRESENTATION_CONTEXT('2D SPACE',''
  ) );
#3974 = PCURVE('',#3975,#3980);
#3975 = PLANE('',#3976);
#3976 = AXIS2_PLACEMENT_3D('',#3977,#3978,#3979);
#3977 = CARTESIAN_POINT('',(-14.,-20.,3.));
#3978 = DIRECTION('',(0.,1.,0.));
#3979 = DIRECTION('',(0.,0.,1.));
#3980 = DEFINITIONAL_REPRESENTATION('',(#3981),#3984);
#3981 = B_SPLINE_CURVE_WITH_KNOTS('',1,(#3982,#3983),.UNSPECIFIED.,.F.,
  .F.,(2,2),(-30.,-2.),.PIECEWISE_BEZIER_KNOTS.);
#3982 = CARTESIAN_POINT('',(3.,28.));
#3983 = CARTESIAN_POINT('',(3.,0.));
#3984 = ( GEOMETRIC_REPRESENTATION_CONTEXT(2) 
PARAMETRIC_REPRESENTATION_CONTEXT() REPRESENTATION_CONTEXT('2D SPACE',''
  ) );
#3985 = ORIENTED_EDGE('',*,*,#3986,.F.);
#3986 = EDGE_CURVE('',#3907,#3961,#3987,.T.);
#3987 = SURFACE_CURVE('',#3988,(#3992,#3998),.PCURVE_S1.);
#3988 = LINE('',#3989,#3990);
#3989 = CARTESIAN_POINT('',(14.,-22.75,6.));
#3990 = VECTOR('',#3991,1.);
#3991 = DIRECTION('',(0.,1.,0.));
#3992 = PCURVE('',#3610,#3993);
#3993 = DEFINITIONAL_REPRESENTATION('',(#3994),#3997);
#3994 = B_SPLINE_CURVE_WITH_KNOTS('',1,(#3995,#3996),.UNSPECIFIED.,.F.,
  .F.,(2,2),(0.25,2.75),.PIECEWISE_BEZIER_KNOTS.);
#3995 = CARTESIAN_POINT('',(32.,0.5));
#3996 = CARTESIAN_POINT('',(32.,3.));
#3997 = ( GEOMETRIC_REPRESENTATION_CONTEXT(2) 
PARAMETRIC_REPRESENTATION_CONTEXT() REPRESENTATION_CONTEXT('2D SPACE',''
  ) );
#3998 = PCURVE('',#3999,#4004);
#3999 = PLANE('',#4000);
#4000 = AXIS2_PLACEMENT_3D('',#4001,#4002,#4003);
#4001 = CARTESIAN_POINT('',(14.,-22.5,3.));
#4002 = DIRECTION('',(1.,0.,0.));
#4003 = DIRECTION('',(0.,0.,1.));
#4004 = DEFINITIONAL_REPRESENTATION('',(#4005),#4008);
#4005 = B_SPLINE_CURVE_WITH_KNOTS('',1,(#4006,#4007),.UNSPECIFIED.,.F.,
  .F.,(2,2),(0.25,2.75),.PIECEWISE_BEZIER_KNOTS.);
#4006 = CARTESIAN_POINT('',(3.,0.));
#4007 = CARTESIAN_POINT('',(3.,-2.5));
#4008 = ( GEOMETRIC_REPRESENTATION_CONTEXT(2) 
PARAMETRIC_REPRESENTATION_CONTEXT() REPRESENTATION_CONTEXT('2D SPACE',''
  ) );
#4009 = FACE_BOUND('',#4010,.T.);
#4010 = EDGE_LOOP('',(#4011,#4039,#4065,#4091));
#4011 = ORIENTED_EDGE('',*,*,#4012,.T.);
#4012 = EDGE_CURVE('',#4013,#4015,#4017,.T.);
#4013 = VERTEX_POINT('',#4014);
#4014 = CARTESIAN_POINT('',(14.,20.,6.));
#4015 = VERTEX_POINT('',#4016);
#4016 = CARTESIAN_POINT('',(-14.,20.,6.));
#4017 = SURFACE_CURVE('',#4018,(#4022,#4028),.PCURVE_S1.);
#4018 = LINE('',#4019,#4020);
#4019 = CARTESIAN_POINT('',(-16.,20.,6.));
#4020 = VECTOR('',#4021,1.);
#4021 = DIRECTION('',(-1.,0.,0.));
#4022 = PCURVE('',#3610,#4023);
#4023 = DEFINITIONAL_REPRESENTATION('',(#4024),#4027);
#4024 = B_SPLINE_CURVE_WITH_KNOTS('',1,(#4025,#4026),.UNSPECIFIED.,.F.,
  .F.,(2,2),(-30.,-2.),.PIECEWISE_BEZIER_KNOTS.);
#4025 = CARTESIAN_POINT('',(32.,43.));
#4026 = CARTESIAN_POINT('',(4.,43.));
#4027 = ( GEOMETRIC_REPRESENTATION_CONTEXT(2) 
PARAMETRIC_REPRESENTATION_CONTEXT() REPRESENTATION_CONTEXT('2D SPACE',''
  ) );
#4028 = PCURVE('',#4029,#4034);
#4029 = PLANE('',#4030);
#4030 = AXIS2_PLACEMENT_3D('',#4031,#4032,#4033);
#4031 = CARTESIAN_POINT('',(-14.,20.,3.));
#4032 = DIRECTION('',(0.,1.,0.));
#4033 = DIRECTION('',(0.,0.,1.));
#4034 = DEFINITIONAL_REPRESENTATION('',(#4035),#4038);
#4035 = B_SPLINE_CURVE_WITH_KNOTS('',1,(#4036,#4037),.UNSPECIFIED.,.F.,
  .F.,(2,2),(-30.,-2.),.PIECEWISE_BEZIER_KNOTS.);
#4036 = CARTESIAN_POINT('',(3.,28.));
#4037 = CARTESIAN_POINT('',(3.,0.));
#4038 = ( GEOMETRIC_REPRESENTATION_CONTEXT(2) 
PARAMETRIC_REPRESENTATION_CONTEXT() REPRESENTATION_CONTEXT('2D SPACE',''
  ) );
#4039 = ORIENTED_EDGE('',*,*,#4040,.T.);
#4040 = EDGE_CURVE('',#4015,#4041,#4043,.T.);
#4041 = VERTEX_POINT('',#4042);
#4042 = CARTESIAN_POINT('',(-14.,22.5,6.));
#4043 = SURFACE_CURVE('',#4044,(#4048,#4054),.PCURVE_S1.);
#4044 = LINE('',#4045,#4046);
#4045 = CARTESIAN_POINT('',(-14.,-1.5,6.));
#4046 = VECTOR('',#4047,1.);
#4047 = DIRECTION('',(0.,1.,0.));
#4048 = PCURVE('',#3610,#4049);
#4049 = DEFINITIONAL_REPRESENTATION('',(#4050),#4053);
#4050 = B_SPLINE_CURVE_WITH_KNOTS('',1,(#4051,#4052),.UNSPECIFIED.,.F.,
  .F.,(2,2),(21.5,24.),.PIECEWISE_BEZIER_KNOTS.);
#4051 = CARTESIAN_POINT('',(4.,43.));
#4052 = CARTESIAN_POINT('',(4.,45.5));
#4053 = ( GEOMETRIC_REPRESENTATION_CONTEXT(2) 
PARAMETRIC_REPRESENTATION_CONTEXT() REPRESENTATION_CONTEXT('2D SPACE',''
  ) );
#4054 = PCURVE('',#4055,#4060);
#4055 = PLANE('',#4056);
#4056 = AXIS2_PLACEMENT_3D('',#4057,#4058,#4059);
#4057 = CARTESIAN_POINT('',(-14.,20.,3.));
#4058 = DIRECTION('',(1.,0.,0.));
#4059 = DIRECTION('',(0.,0.,1.));
#4060 = DEFINITIONAL_REPRESENTATION('',(#4061),#4064);
#4061 = B_SPLINE_CURVE_WITH_KNOTS('',1,(#4062,#4063),.UNSPECIFIED.,.F.,
  .F.,(2,2),(21.5,24.),.PIECEWISE_BEZIER_KNOTS.);
#4062 = CARTESIAN_POINT('',(3.,0.));
#4063 = CARTESIAN_POINT('',(3.,-2.5));
#4064 = ( GEOMETRIC_REPRESENTATION_CONTEXT(2) 
PARAMETRIC_REPRESENTATION_CONTEXT() REPRESENTATION_CONTEXT('2D SPACE',''
  ) );
#4065 = ORIENTED_EDGE('',*,*,#4066,.F.);
#4066 = EDGE_CURVE('',#4067,#4041,#4069,.T.);
#4067 = VERTEX_POINT('',#4068);
#4068 = CARTESIAN_POINT('',(14.,22.5,6.));
#4069 = SURFACE_CURVE('',#4070,(#4074,#4080),.PCURVE_S1.);
#4070 = LINE('',#4071,#4072);
#4071 = CARTESIAN_POINT('',(-16.,22.5,6.));
#4072 = VECTOR('',#4073,1.);
#4073 = DIRECTION('',(-1.,0.,0.));
#4074 = PCURVE('',#3610,#4075);
#4075 = DEFINITIONAL_REPRESENTATION('',(#4076),#4079);
#4076 = B_SPLINE_CURVE_WITH_KNOTS('',1,(#4077,#4078),.UNSPECIFIED.,.F.,
  .F.,(2,2),(-30.,-2.),.PIECEWISE_BEZIER_KNOTS.);
#4077 = CARTESIAN_POINT('',(32.,45.5));
#4078 = CARTESIAN_POINT('',(4.,45.5));
#4079 = ( GEOMETRIC_REPRESENTATION_CONTEXT(2) 
PARAMETRIC_REPRESENTATION_CONTEXT() REPRESENTATION_CONTEXT('2D SPACE',''
  ) );
#4080 = PCURVE('',#4081,#4086);
#4081 = PLANE('',#4082);
#4082 = AXIS2_PLACEMENT_3D('',#4083,#4084,#4085);
#4083 = CARTESIAN_POINT('',(-14.,22.5,3.));
#4084 = DIRECTION('',(0.,1.,0.));
#4085 = DIRECTION('',(0.,0.,1.));
#4086 = DEFINITIONAL_REPRESENTATION('',(#4087),#4090);
#4087 = B_SPLINE_CURVE_WITH_KNOTS('',1,(#4088,#4089),.UNSPECIFIED.,.F.,
  .F.,(2,2),(-30.,-2.),.PIECEWISE_BEZIER_KNOTS.);
#4088 = CARTESIAN_POINT('',(3.,28.));
#4089 = CARTESIAN_POINT('',(3.,0.));
#4090 = ( GEOMETRIC_REPRESENTATION_CONTEXT(2) 
PARAMETRIC_REPRESENTATION_CONTEXT() REPRESENTATION_CONTEXT('2D SPACE',''
  ) );
#4091 = ORIENTED_EDGE('',*,*,#4092,.F.);
#4092 = EDGE_CURVE('',#4013,#4067,#4093,.T.);
#4093 = SURFACE_CURVE('',#4094,(#4098,#4104),.PCURVE_S1.);
#4094 = LINE('',#4095,#4096);
#4095 = CARTESIAN_POINT('',(14.,-1.5,6.));
#4096 = VECTOR('',#4097,1.);
#4097 = DIRECTION('',(0.,1.,0.));
#4098 = PCURVE('',#3610,#4099);
#4099 = DEFINITIONAL_REPRESENTATION('',(#4100),#4103);
#4100 = B_SPLINE_CURVE_WITH_KNOTS('',1,(#4101,#4102),.UNSPECIFIED.,.F.,
  .F.,(2,2),(21.5,24.),.PIECEWISE_BEZIER_KNOTS.);
#4101 = CARTESIAN_POINT('',(32.,43.));
#4102 = CARTESIAN_POINT('',(32.,45.5));
#4103 = ( GEOMETRIC_REPRESENTATION_CONTEXT(2) 
PARAMETRIC_REPRESENTATION_CONTEXT() REPRESENTATION_CONTEXT('2D SPACE',''
  ) );
#4104 = PCURVE('',#4105,#4110);
#4105 = PLANE('',#4106);
#4106 = AXIS2_PLACEMENT_3D('',#4107,#4108,#4109);
#4107 = CARTESIAN_POINT('',(14.,20.,3.));
#4108 = DIRECTION('',(1.,0.,0.));
#4109 = DIRECTION('',(0.,0.,1.));
#4110 = DEFINITIONAL_REPRESENTATION('',(#4111),#4114);
#4111 = B_SPLINE_CURVE_WITH_KNOTS('',1,(#4112,#4113),.UNSPECIFIED.,.F.,
  .F.,(2,2),(21.5,24.),.PIECEWISE_BEZIER_KNOTS.);
#4112 = CARTESIAN_POINT('',(3.,0.));
#4113 = CARTESIAN_POINT('',(3.,-2.5));
#4114 = ( GEOMETRIC_REPRESENTATION_CONTEXT(2) 
PARAMETRIC_REPRESENTATION_CONTEXT() REPRESENTATION_CONTEXT('2D SPACE',''
  ) );
#4115 = ADVANCED_FACE('',(#4116),#3638,.T.);
#4116 = FACE_BOUND('',#4117,.T.);
#4117 = EDGE_LOOP('',(#4118,#4142,#4163,#4164));
#4118 = ORIENTED_EDGE('',*,*,#4119,.T.);
#4119 = EDGE_CURVE('',#3623,#4120,#4122,.T.);
#4120 = VERTEX_POINT('',#4121);
#4121 = CARTESIAN_POINT('',(-15.,-23.,3.));
#4122 = SURFACE_CURVE('',#4123,(#4128,#4135),.PCURVE_S1.);
#4123 = CIRCLE('',#4124,3.);
#4124 = AXIS2_PLACEMENT_3D('',#4125,#4126,#4127);
#4125 = CARTESIAN_POINT('',(-15.,-20.,3.));
#4126 = DIRECTION('',(0.,0.,1.));
#4127 = DIRECTION('',(0.,-1.,0.));
#4128 = PCURVE('',#3638,#4129);
#4129 = DEFINITIONAL_REPRESENTATION('',(#4130),#4134);
#4130 = LINE('',#4131,#4132);
#4131 = CARTESIAN_POINT('',(-4.712388980385,0.));
#4132 = VECTOR('',#4133,1.);
#4133 = DIRECTION('',(1.,0.));
#4134 = ( GEOMETRIC_REPRESENTATION_CONTEXT(2) 
PARAMETRIC_REPRESENTATION_CONTEXT() REPRESENTATION_CONTEXT('2D SPACE',''
  ) );
#4135 = PCURVE('',#3666,#4136);
#4136 = DEFINITIONAL_REPRESENTATION('',(#4137),#4141);
#4137 = CIRCLE('',#4138,3.);
#4138 = AXIS2_PLACEMENT_2D('',#4139,#4140);
#4139 = CARTESIAN_POINT('',(3.,3.));
#4140 = DIRECTION('',(0.,-1.));
#4141 = ( GEOMETRIC_REPRESENTATION_CONTEXT(2) 
PARAMETRIC_REPRESENTATION_CONTEXT() REPRESENTATION_CONTEXT('2D SPACE',''
  ) );
#4142 = ORIENTED_EDGE('',*,*,#4143,.T.);
#4143 = EDGE_CURVE('',#4120,#3709,#4144,.T.);
#4144 = SURFACE_CURVE('',#4145,(#4149,#4156),.PCURVE_S1.);
#4145 = LINE('',#4146,#4147);
#4146 = CARTESIAN_POINT('',(-15.,-23.,3.));
#4147 = VECTOR('',#4148,1.);
#4148 = DIRECTION('',(0.,0.,1.));
#4149 = PCURVE('',#3638,#4150);
#4150 = DEFINITIONAL_REPRESENTATION('',(#4151),#4155);
#4151 = LINE('',#4152,#4153);
#4152 = CARTESIAN_POINT('',(1.570796326795,0.));
#4153 = VECTOR('',#4154,1.);
#4154 = DIRECTION('',(0.,1.));
#4155 = ( GEOMETRIC_REPRESENTATION_CONTEXT(2) 
PARAMETRIC_REPRESENTATION_CONTEXT() REPRESENTATION_CONTEXT('2D SPACE',''
  ) );
#4156 = PCURVE('',#3748,#4157);
#4157 = DEFINITIONAL_REPRESENTATION('',(#4158),#4162);
#4158 = LINE('',#4159,#4160);
#4159 = CARTESIAN_POINT('',(0.,3.));
#4160 = VECTOR('',#4161,1.);
#4161 = DIRECTION('',(1.,0.));
#4162 = ( GEOMETRIC_REPRESENTATION_CONTEXT(2) 
PARAMETRIC_REPRESENTATION_CONTEXT() REPRESENTATION_CONTEXT('2D SPACE',''
  ) );
#4163 = ORIENTED_EDGE('',*,*,#3708,.F.);
#4164 = ORIENTED_EDGE('',*,*,#3622,.F.);
#4165 = ADVANCED_FACE('',(#4166),#3692,.T.);
#4166 = FACE_BOUND('',#4167,.F.);
#4167 = EDGE_LOOP('',(#4168,#4196,#4217,#4218));
#4168 = ORIENTED_EDGE('',*,*,#4169,.T.);
#4169 = EDGE_CURVE('',#3651,#4170,#4172,.T.);
#4170 = VERTEX_POINT('',#4171);
#4171 = CARTESIAN_POINT('',(-15.,23.,3.));
#4172 = SURFACE_CURVE('',#4173,(#4178,#4185),.PCURVE_S1.);
#4173 = CIRCLE('',#4174,3.);
#4174 = AXIS2_PLACEMENT_3D('',#4175,#4176,#4177);
#4175 = CARTESIAN_POINT('',(-15.,20.,3.));
#4176 = DIRECTION('',(-0.,-0.,-1.));
#4177 = DIRECTION('',(0.,-1.,0.));
#4178 = PCURVE('',#3692,#4179);
#4179 = DEFINITIONAL_REPRESENTATION('',(#4180),#4184);
#4180 = LINE('',#4181,#4182);
#4181 = CARTESIAN_POINT('',(1.570796326795,-0.));
#4182 = VECTOR('',#4183,1.);
#4183 = DIRECTION('',(-1.,0.));
#4184 = ( GEOMETRIC_REPRESENTATION_CONTEXT(2) 
PARAMETRIC_REPRESENTATION_CONTEXT() REPRESENTATION_CONTEXT('2D SPACE',''
  ) );
#4185 = PCURVE('',#3666,#4186);
#4186 = DEFINITIONAL_REPRESENTATION('',(#4187),#4195);
#4187 = ( BOUNDED_CURVE() B_SPLINE_CURVE(2,(#4188,#4189,#4190,#4191,
#4192,#4193,#4194),.UNSPECIFIED.,.T.,.F.) B_SPLINE_CURVE_WITH_KNOTS((1,2
    ,2,2,2,1),(-2.094395102393,0.,2.094395102393,4.188790204786,
6.28318530718,8.377580409573),.UNSPECIFIED.) CURVE() 
GEOMETRIC_REPRESENTATION_ITEM() RATIONAL_B_SPLINE_CURVE((1.,0.5,1.,0.5,
1.,0.5,1.)) REPRESENTATION_ITEM('') );
#4188 = CARTESIAN_POINT('',(3.,40.));
#4189 = CARTESIAN_POINT('',(-2.196152422707,40.));
#4190 = CARTESIAN_POINT('',(0.401923788647,44.5));
#4191 = CARTESIAN_POINT('',(3.,49.));
#4192 = CARTESIAN_POINT('',(5.598076211353,44.5));
#4193 = CARTESIAN_POINT('',(8.196152422707,40.));
#4194 = CARTESIAN_POINT('',(3.,40.));
#4195 = ( GEOMETRIC_REPRESENTATION_CONTEXT(2) 
PARAMETRIC_REPRESENTATION_CONTEXT() REPRESENTATION_CONTEXT('2D SPACE',''
  ) );
#4196 = ORIENTED_EDGE('',*,*,#4197,.T.);
#4197 = EDGE_CURVE('',#4170,#3851,#4198,.T.);
#4198 = SURFACE_CURVE('',#4199,(#4203,#4210),.PCURVE_S1.);
#4199 = LINE('',#4200,#4201);
#4200 = CARTESIAN_POINT('',(-15.,23.,3.));
#4201 = VECTOR('',#4202,1.);
#4202 = DIRECTION('',(0.,0.,1.));
#4203 = PCURVE('',#3692,#4204);
#4204 = DEFINITIONAL_REPRESENTATION('',(#4205),#4209);
#4205 = LINE('',#4206,#4207);
#4206 = CARTESIAN_POINT('',(-1.570796326795,0.));
#4207 = VECTOR('',#4208,1.);
#4208 = DIRECTION('',(-0.,1.));
#4209 = ( GEOMETRIC_REPRESENTATION_CONTEXT(2) 
PARAMETRIC_REPRESENTATION_CONTEXT() REPRESENTATION_CONTEXT('2D SPACE',''
  ) );
#4210 = PCURVE('',#3866,#4211);
#4211 = DEFINITIONAL_REPRESENTATION('',(#4212),#4216);
#4212 = LINE('',#4213,#4214);
#4213 = CARTESIAN_POINT('',(0.,3.));
#4214 = VECTOR('',#4215,1.);
#4215 = DIRECTION('',(1.,0.));
#4216 = ( GEOMETRIC_REPRESENTATION_CONTEXT(2) 
PARAMETRIC_REPRESENTATION_CONTEXT() REPRESENTATION_CONTEXT('2D SPACE',''
  ) );
#4217 = ORIENTED_EDGE('',*,*,#3878,.F.);
#4218 = ORIENTED_EDGE('',*,*,#3678,.F.);
#4219 = ADVANCED_FACE('',(#4220),#3666,.F.);
#4220 = FACE_BOUND('',#4221,.F.);
#4221 = EDGE_LOOP('',(#4222,#4223,#4224,#4247,#4275,#4298,#4322,#4343));
#4222 = ORIENTED_EDGE('',*,*,#3650,.F.);
#4223 = ORIENTED_EDGE('',*,*,#4119,.T.);
#4224 = ORIENTED_EDGE('',*,*,#4225,.T.);
#4225 = EDGE_CURVE('',#4120,#4226,#4228,.T.);
#4226 = VERTEX_POINT('',#4227);
#4227 = CARTESIAN_POINT('',(15.,-23.,3.));
#4228 = SURFACE_CURVE('',#4229,(#4233,#4240),.PCURVE_S1.);
#4229 = LINE('',#4230,#4231);
#4230 = CARTESIAN_POINT('',(-18.,-23.,3.));
#4231 = VECTOR('',#4232,1.);
#4232 = DIRECTION('',(1.,0.,0.));
#4233 = PCURVE('',#3666,#4234);
#4234 = DEFINITIONAL_REPRESENTATION('',(#4235),#4239);
#4235 = LINE('',#4236,#4237);
#4236 = CARTESIAN_POINT('',(0.,0.));
#4237 = VECTOR('',#4238,1.);
#4238 = DIRECTION('',(1.,0.));
#4239 = ( GEOMETRIC_REPRESENTATION_CONTEXT(2) 
PARAMETRIC_REPRESENTATION_CONTEXT() REPRESENTATION_CONTEXT('2D SPACE',''
  ) );
#4240 = PCURVE('',#3748,#4241);
#4241 = DEFINITIONAL_REPRESENTATION('',(#4242),#4246);
#4242 = LINE('',#4243,#4244);
#4243 = CARTESIAN_POINT('',(0.,0.));
#4244 = VECTOR('',#4245,1.);
#4245 = DIRECTION('',(0.,1.));
#4246 = ( GEOMETRIC_REPRESENTATION_CONTEXT(2) 
PARAMETRIC_REPRESENTATION_CONTEXT() REPRESENTATION_CONTEXT('2D SPACE',''
  ) );
#4247 = ORIENTED_EDGE('',*,*,#4248,.F.);
#4248 = EDGE_CURVE('',#4249,#4226,#4251,.T.);
#4249 = VERTEX_POINT('',#4250);
#4250 = CARTESIAN_POINT('',(18.,-20.,3.));
#4251 = SURFACE_CURVE('',#4252,(#4257,#4268),.PCURVE_S1.);
#4252 = CIRCLE('',#4253,3.);
#4253 = AXIS2_PLACEMENT_3D('',#4254,#4255,#4256);
#4254 = CARTESIAN_POINT('',(15.,-20.,3.));
#4255 = DIRECTION('',(-0.,-0.,-1.));
#4256 = DIRECTION('',(0.,-1.,0.));
#4257 = PCURVE('',#3666,#4258);
#4258 = DEFINITIONAL_REPRESENTATION('',(#4259),#4267);
#4259 = ( BOUNDED_CURVE() B_SPLINE_CURVE(2,(#4260,#4261,#4262,#4263,
#4264,#4265,#4266),.UNSPECIFIED.,.T.,.F.) B_SPLINE_CURVE_WITH_KNOTS((1,2
    ,2,2,2,1),(-2.094395102393,0.,2.094395102393,4.188790204786,
6.28318530718,8.377580409573),.UNSPECIFIED.) CURVE() 
GEOMETRIC_REPRESENTATION_ITEM() RATIONAL_B_SPLINE_CURVE((1.,0.5,1.,0.5,
1.,0.5,1.)) REPRESENTATION_ITEM('') );
#4260 = CARTESIAN_POINT('',(33.,0.));
#4261 = CARTESIAN_POINT('',(27.803847577293,0.));
#4262 = CARTESIAN_POINT('',(30.401923788647,4.5));
#4263 = CARTESIAN_POINT('',(33.,9.));
#4264 = CARTESIAN_POINT('',(35.598076211353,4.5));
#4265 = CARTESIAN_POINT('',(38.196152422707,4.440892098501E-15));
#4266 = CARTESIAN_POINT('',(33.,0.));
#4267 = ( GEOMETRIC_REPRESENTATION_CONTEXT(2) 
PARAMETRIC_REPRESENTATION_CONTEXT() REPRESENTATION_CONTEXT('2D SPACE',''
  ) );
#4268 = PCURVE('',#3781,#4269);
#4269 = DEFINITIONAL_REPRESENTATION('',(#4270),#4274);
#4270 = LINE('',#4271,#4272);
#4271 = CARTESIAN_POINT('',(4.712388980385,-0.));
#4272 = VECTOR('',#4273,1.);
#4273 = DIRECTION('',(-1.,0.));
#4274 = ( GEOMETRIC_REPRESENTATION_CONTEXT(2) 
PARAMETRIC_REPRESENTATION_CONTEXT() REPRESENTATION_CONTEXT('2D SPACE',''
  ) );
#4275 = ORIENTED_EDGE('',*,*,#4276,.T.);
#4276 = EDGE_CURVE('',#4249,#4277,#4279,.T.);
#4277 = VERTEX_POINT('',#4278);
#4278 = CARTESIAN_POINT('',(18.,20.,3.));
#4279 = SURFACE_CURVE('',#4280,(#4284,#4291),.PCURVE_S1.);
#4280 = LINE('',#4281,#4282);
#4281 = CARTESIAN_POINT('',(18.,-23.,3.));
#4282 = VECTOR('',#4283,1.);
#4283 = DIRECTION('',(0.,1.,0.));
#4284 = PCURVE('',#3666,#4285);
#4285 = DEFINITIONAL_REPRESENTATION('',(#4286),#4290);
#4286 = LINE('',#4287,#4288);
#4287 = CARTESIAN_POINT('',(36.,0.));
#4288 = VECTOR('',#4289,1.);
#4289 = DIRECTION('',(0.,1.));
#4290 = ( GEOMETRIC_REPRESENTATION_CONTEXT(2) 
PARAMETRIC_REPRESENTATION_CONTEXT() REPRESENTATION_CONTEXT('2D SPACE',''
  ) );
#4291 = PCURVE('',#3809,#4292);
#4292 = DEFINITIONAL_REPRESENTATION('',(#4293),#4297);
#4293 = LINE('',#4294,#4295);
#4294 = CARTESIAN_POINT('',(0.,0.));
#4295 = VECTOR('',#4296,1.);
#4296 = DIRECTION('',(0.,-1.));
#4297 = ( GEOMETRIC_REPRESENTATION_CONTEXT(2) 
PARAMETRIC_REPRESENTATION_CONTEXT() REPRESENTATION_CONTEXT('2D SPACE',''
  ) );
#4298 = ORIENTED_EDGE('',*,*,#4299,.T.);
#4299 = EDGE_CURVE('',#4277,#4300,#4302,.T.);
#4300 = VERTEX_POINT('',#4301);
#4301 = CARTESIAN_POINT('',(15.,23.,3.));
#4302 = SURFACE_CURVE('',#4303,(#4308,#4315),.PCURVE_S1.);
#4303 = CIRCLE('',#4304,3.);
#4304 = AXIS2_PLACEMENT_3D('',#4305,#4306,#4307);
#4305 = CARTESIAN_POINT('',(15.,20.,3.));
#4306 = DIRECTION('',(0.,0.,1.));
#4307 = DIRECTION('',(0.,-1.,0.));
#4308 = PCURVE('',#3666,#4309);
#4309 = DEFINITIONAL_REPRESENTATION('',(#4310),#4314);
#4310 = CIRCLE('',#4311,3.);
#4311 = AXIS2_PLACEMENT_2D('',#4312,#4313);
#4312 = CARTESIAN_POINT('',(33.,43.));
#4313 = DIRECTION('',(0.,-1.));
#4314 = ( GEOMETRIC_REPRESENTATION_CONTEXT(2) 
PARAMETRIC_REPRESENTATION_CONTEXT() REPRESENTATION_CONTEXT('2D SPACE',''
  ) );
#4315 = PCURVE('',#3838,#4316);
#4316 = DEFINITIONAL_REPRESENTATION('',(#4317),#4321);
#4317 = LINE('',#4318,#4319);
#4318 = CARTESIAN_POINT('',(-1.570796326795,0.));
#4319 = VECTOR('',#4320,1.);
#4320 = DIRECTION('',(1.,0.));
#4321 = ( GEOMETRIC_REPRESENTATION_CONTEXT(2) 
PARAMETRIC_REPRESENTATION_CONTEXT() REPRESENTATION_CONTEXT('2D SPACE',''
  ) );
#4322 = ORIENTED_EDGE('',*,*,#4323,.F.);
#4323 = EDGE_CURVE('',#4170,#4300,#4324,.T.);
#4324 = SURFACE_CURVE('',#4325,(#4329,#4336),.PCURVE_S1.);
#4325 = LINE('',#4326,#4327);
#4326 = CARTESIAN_POINT('',(-18.,23.,3.));
#4327 = VECTOR('',#4328,1.);
#4328 = DIRECTION('',(1.,0.,0.));
#4329 = PCURVE('',#3666,#4330);
#4330 = DEFINITIONAL_REPRESENTATION('',(#4331),#4335);
#4331 = LINE('',#4332,#4333);
#4332 = CARTESIAN_POINT('',(0.,46.));
#4333 = VECTOR('',#4334,1.);
#4334 = DIRECTION('',(1.,0.));
#4335 = ( GEOMETRIC_REPRESENTATION_CONTEXT(2) 
PARAMETRIC_REPRESENTATION_CONTEXT() REPRESENTATION_CONTEXT('2D SPACE',''
  ) );
#4336 = PCURVE('',#3866,#4337);
#4337 = DEFINITIONAL_REPRESENTATION('',(#4338),#4342);
#4338 = LINE('',#4339,#4340);
#4339 = CARTESIAN_POINT('',(0.,0.));
#4340 = VECTOR('',#4341,1.);
#4341 = DIRECTION('',(0.,1.));
#4342 = ( GEOMETRIC_REPRESENTATION_CONTEXT(2) 
PARAMETRIC_REPRESENTATION_CONTEXT() REPRESENTATION_CONTEXT('2D SPACE',''
  ) );
#4343 = ORIENTED_EDGE('',*,*,#4169,.F.);
#4344 = ADVANCED_FACE('',(#4345),#3748,.F.);
#4345 = FACE_BOUND('',#4346,.F.);
#4346 = EDGE_LOOP('',(#4347,#4348,#4349,#4350));
#4347 = ORIENTED_EDGE('',*,*,#4225,.F.);
#4348 = ORIENTED_EDGE('',*,*,#4143,.T.);
#4349 = ORIENTED_EDGE('',*,*,#3732,.T.);
#4350 = ORIENTED_EDGE('',*,*,#4351,.F.);
#4351 = EDGE_CURVE('',#4226,#3733,#4352,.T.);
#4352 = SURFACE_CURVE('',#4353,(#4357,#4364),.PCURVE_S1.);
#4353 = LINE('',#4354,#4355);
#4354 = CARTESIAN_POINT('',(15.,-23.,3.));
#4355 = VECTOR('',#4356,1.);
#4356 = DIRECTION('',(0.,0.,1.));
#4357 = PCURVE('',#3748,#4358);
#4358 = DEFINITIONAL_REPRESENTATION('',(#4359),#4363);
#4359 = LINE('',#4360,#4361);
#4360 = CARTESIAN_POINT('',(0.,33.));
#4361 = VECTOR('',#4362,1.);
#4362 = DIRECTION('',(1.,0.));
#4363 = ( GEOMETRIC_REPRESENTATION_CONTEXT(2) 
PARAMETRIC_REPRESENTATION_CONTEXT() REPRESENTATION_CONTEXT('2D SPACE',''
  ) );
#4364 = PCURVE('',#3781,#4365);
#4365 = DEFINITIONAL_REPRESENTATION('',(#4366),#4370);
#4366 = LINE('',#4367,#4368);
#4367 = CARTESIAN_POINT('',(-1.570796326795,0.));
#4368 = VECTOR('',#4369,1.);
#4369 = DIRECTION('',(-0.,1.));
#4370 = ( GEOMETRIC_REPRESENTATION_CONTEXT(2) 
PARAMETRIC_REPRESENTATION_CONTEXT() REPRESENTATION_CONTEXT('2D SPACE',''
  ) );
#4371 = ADVANCED_FACE('',(#4372),#3866,.T.);
#4372 = FACE_BOUND('',#4373,.T.);
#4373 = EDGE_LOOP('',(#4374,#4375,#4376,#4377));
#4374 = ORIENTED_EDGE('',*,*,#4323,.F.);
#4375 = ORIENTED_EDGE('',*,*,#4197,.T.);
#4376 = ORIENTED_EDGE('',*,*,#3850,.T.);
#4377 = ORIENTED_EDGE('',*,*,#4378,.F.);
#4378 = EDGE_CURVE('',#4300,#3822,#4379,.T.);
#4379 = SURFACE_CURVE('',#4380,(#4384,#4391),.PCURVE_S1.);
#4380 = LINE('',#4381,#4382);
#4381 = CARTESIAN_POINT('',(15.,23.,3.));
#4382 = VECTOR('',#4383,1.);
#4383 = DIRECTION('',(0.,0.,1.));
#4384 = PCURVE('',#3866,#4385);
#4385 = DEFINITIONAL_REPRESENTATION('',(#4386),#4390);
#4386 = LINE('',#4387,#4388);
#4387 = CARTESIAN_POINT('',(0.,33.));
#4388 = VECTOR('',#4389,1.);
#4389 = DIRECTION('',(1.,0.));
#4390 = ( GEOMETRIC_REPRESENTATION_CONTEXT(2) 
PARAMETRIC_REPRESENTATION_CONTEXT() REPRESENTATION_CONTEXT('2D SPACE',''
  ) );
#4391 = PCURVE('',#3838,#4392);
#4392 = DEFINITIONAL_REPRESENTATION('',(#4393),#4397);
#4393 = LINE('',#4394,#4395);
#4394 = CARTESIAN_POINT('',(1.570796326795,0.));
#4395 = VECTOR('',#4396,1.);
#4396 = DIRECTION('',(0.,1.));
#4397 = ( GEOMETRIC_REPRESENTATION_CONTEXT(2) 
PARAMETRIC_REPRESENTATION_CONTEXT() REPRESENTATION_CONTEXT('2D SPACE',''
  ) );
#4398 = ADVANCED_FACE('',(#4399),#3781,.T.);
#4399 = FACE_BOUND('',#4400,.F.);
#4400 = EDGE_LOOP('',(#4401,#4402,#4403,#4404));
#4401 = ORIENTED_EDGE('',*,*,#4248,.T.);
#4402 = ORIENTED_EDGE('',*,*,#4351,.T.);
#4403 = ORIENTED_EDGE('',*,*,#3760,.F.);
#4404 = ORIENTED_EDGE('',*,*,#4405,.F.);
#4405 = EDGE_CURVE('',#4249,#3761,#4406,.T.);
#4406 = SURFACE_CURVE('',#4407,(#4411,#4418),.PCURVE_S1.);
#4407 = LINE('',#4408,#4409);
#4408 = CARTESIAN_POINT('',(18.,-20.,3.));
#4409 = VECTOR('',#4410,1.);
#4410 = DIRECTION('',(0.,0.,1.));
#4411 = PCURVE('',#3781,#4412);
#4412 = DEFINITIONAL_REPRESENTATION('',(#4413),#4417);
#4413 = LINE('',#4414,#4415);
#4414 = CARTESIAN_POINT('',(-0.,0.));
#4415 = VECTOR('',#4416,1.);
#4416 = DIRECTION('',(-0.,1.));
#4417 = ( GEOMETRIC_REPRESENTATION_CONTEXT(2) 
PARAMETRIC_REPRESENTATION_CONTEXT() REPRESENTATION_CONTEXT('2D SPACE',''
  ) );
#4418 = PCURVE('',#3809,#4419);
#4419 = DEFINITIONAL_REPRESENTATION('',(#4420),#4424);
#4420 = LINE('',#4421,#4422);
#4421 = CARTESIAN_POINT('',(0.,-3.));
#4422 = VECTOR('',#4423,1.);
#4423 = DIRECTION('',(1.,0.));
#4424 = ( GEOMETRIC_REPRESENTATION_CONTEXT(2) 
PARAMETRIC_REPRESENTATION_CONTEXT() REPRESENTATION_CONTEXT('2D SPACE',''
  ) );
#4425 = ADVANCED_FACE('',(#4426),#3838,.T.);
#4426 = FACE_BOUND('',#4427,.T.);
#4427 = EDGE_LOOP('',(#4428,#4429,#4430,#4431));
#4428 = ORIENTED_EDGE('',*,*,#4299,.T.);
#4429 = ORIENTED_EDGE('',*,*,#4378,.T.);
#4430 = ORIENTED_EDGE('',*,*,#3821,.F.);
#4431 = ORIENTED_EDGE('',*,*,#4432,.F.);
#4432 = EDGE_CURVE('',#4277,#3794,#4433,.T.);
#4433 = SURFACE_CURVE('',#4434,(#4438,#4445),.PCURVE_S1.);
#4434 = LINE('',#4435,#4436);
#4435 = CARTESIAN_POINT('',(18.,20.,3.));
#4436 = VECTOR('',#4437,1.);
#4437 = DIRECTION('',(0.,0.,1.));
#4438 = PCURVE('',#3838,#4439);
#4439 = DEFINITIONAL_REPRESENTATION('',(#4440),#4444);
#4440 = LINE('',#4441,#4442);
#4441 = CARTESIAN_POINT('',(0.,0.));
#4442 = VECTOR('',#4443,1.);
#4443 = DIRECTION('',(0.,1.));
#4444 = ( GEOMETRIC_REPRESENTATION_CONTEXT(2) 
PARAMETRIC_REPRESENTATION_CONTEXT() REPRESENTATION_CONTEXT('2D SPACE',''
  ) );
#4445 = PCURVE('',#3809,#4446);
#4446 = DEFINITIONAL_REPRESENTATION('',(#4447),#4451);
#4447 = LINE('',#4448,#4449);
#4448 = CARTESIAN_POINT('',(0.,-43.));
#4449 = VECTOR('',#4450,1.);
#4450 = DIRECTION('',(1.,0.));
#4451 = ( GEOMETRIC_REPRESENTATION_CONTEXT(2) 
PARAMETRIC_REPRESENTATION_CONTEXT() REPRESENTATION_CONTEXT('2D SPACE',''
  ) );
#4452 = ADVANCED_FACE('',(#4453),#3809,.T.);
#4453 = FACE_BOUND('',#4454,.T.);
#4454 = EDGE_LOOP('',(#4455,#4456,#4457,#4458));
#4455 = ORIENTED_EDGE('',*,*,#3793,.F.);
#4456 = ORIENTED_EDGE('',*,*,#4405,.F.);
#4457 = ORIENTED_EDGE('',*,*,#4276,.T.);
#4458 = ORIENTED_EDGE('',*,*,#4432,.T.);
#4459 = ADVANCED_FACE('',(#4460),#3923,.F.);
#4460 = FACE_BOUND('',#4461,.F.);
#4461 = EDGE_LOOP('',(#4462,#4485,#4486,#4509));
#4462 = ORIENTED_EDGE('',*,*,#4463,.F.);
#4463 = EDGE_CURVE('',#3907,#4464,#4466,.T.);
#4464 = VERTEX_POINT('',#4465);
#4465 = CARTESIAN_POINT('',(14.,-22.5,54.5));
#4466 = SURFACE_CURVE('',#4467,(#4471,#4478),.PCURVE_S1.);
#4467 = LINE('',#4468,#4469);
#4468 = CARTESIAN_POINT('',(14.,-22.5,3.));
#4469 = VECTOR('',#4470,1.);
#4470 = DIRECTION('',(0.,0.,1.));
#4471 = PCURVE('',#3923,#4472);
#4472 = DEFINITIONAL_REPRESENTATION('',(#4473),#4477);
#4473 = LINE('',#4474,#4475);
#4474 = CARTESIAN_POINT('',(0.,28.));
#4475 = VECTOR('',#4476,1.);
#4476 = DIRECTION('',(1.,0.));
#4477 = ( GEOMETRIC_REPRESENTATION_CONTEXT(2) 
PARAMETRIC_REPRESENTATION_CONTEXT() REPRESENTATION_CONTEXT('2D SPACE',''
  ) );
#4478 = PCURVE('',#3999,#4479);
#4479 = DEFINITIONAL_REPRESENTATION('',(#4480),#4484);
#4480 = LINE('',#4481,#4482);
#4481 = CARTESIAN_POINT('',(0.,0.));
#4482 = VECTOR('',#4483,1.);
#4483 = DIRECTION('',(1.,0.));
#4484 = ( GEOMETRIC_REPRESENTATION_CONTEXT(2) 
PARAMETRIC_REPRESENTATION_CONTEXT() REPRESENTATION_CONTEXT('2D SPACE',''
  ) );
#4485 = ORIENTED_EDGE('',*,*,#3906,.T.);
#4486 = ORIENTED_EDGE('',*,*,#4487,.T.);
#4487 = EDGE_CURVE('',#3909,#4488,#4490,.T.);
#4488 = VERTEX_POINT('',#4489);
#4489 = CARTESIAN_POINT('',(-14.,-22.5,54.5));
#4490 = SURFACE_CURVE('',#4491,(#4495,#4502),.PCURVE_S1.);
#4491 = LINE('',#4492,#4493);
#4492 = CARTESIAN_POINT('',(-14.,-22.5,3.));
#4493 = VECTOR('',#4494,1.);
#4494 = DIRECTION('',(0.,0.,1.));
#4495 = PCURVE('',#3923,#4496);
#4496 = DEFINITIONAL_REPRESENTATION('',(#4497),#4501);
#4497 = LINE('',#4498,#4499);
#4498 = CARTESIAN_POINT('',(0.,0.));
#4499 = VECTOR('',#4500,1.);
#4500 = DIRECTION('',(1.,0.));
#4501 = ( GEOMETRIC_REPRESENTATION_CONTEXT(2) 
PARAMETRIC_REPRESENTATION_CONTEXT() REPRESENTATION_CONTEXT('2D SPACE',''
  ) );
#4502 = PCURVE('',#3949,#4503);
#4503 = DEFINITIONAL_REPRESENTATION('',(#4504),#4508);
#4504 = LINE('',#4505,#4506);
#4505 = CARTESIAN_POINT('',(0.,0.));
#4506 = VECTOR('',#4507,1.);
#4507 = DIRECTION('',(1.,0.));
#4508 = ( GEOMETRIC_REPRESENTATION_CONTEXT(2) 
PARAMETRIC_REPRESENTATION_CONTEXT() REPRESENTATION_CONTEXT('2D SPACE',''
  ) );
#4509 = ORIENTED_EDGE('',*,*,#4510,.T.);
#4510 = EDGE_CURVE('',#4488,#4464,#4511,.T.);
#4511 = SURFACE_CURVE('',#4512,(#4516,#4523),.PCURVE_S1.);
#4512 = LINE('',#4513,#4514);
#4513 = CARTESIAN_POINT('',(-14.,-22.5,54.5));
#4514 = VECTOR('',#4515,1.);
#4515 = DIRECTION('',(1.,0.,0.));
#4516 = PCURVE('',#3923,#4517);
#4517 = DEFINITIONAL_REPRESENTATION('',(#4518),#4522);
#4518 = LINE('',#4519,#4520);
#4519 = CARTESIAN_POINT('',(51.5,0.));
#4520 = VECTOR('',#4521,1.);
#4521 = DIRECTION('',(0.,1.));
#4522 = ( GEOMETRIC_REPRESENTATION_CONTEXT(2) 
PARAMETRIC_REPRESENTATION_CONTEXT() REPRESENTATION_CONTEXT('2D SPACE',''
  ) );
#4523 = PCURVE('',#4524,#4529);
#4524 = PLANE('',#4525);
#4525 = AXIS2_PLACEMENT_3D('',#4526,#4527,#4528);
#4526 = CARTESIAN_POINT('',(-14.,-22.5,54.5));
#4527 = DIRECTION('',(0.,0.,1.));
#4528 = DIRECTION('',(1.,0.,0.));
#4529 = DEFINITIONAL_REPRESENTATION('',(#4530),#4534);
#4530 = LINE('',#4531,#4532);
#4531 = CARTESIAN_POINT('',(0.,0.));
#4532 = VECTOR('',#4533,1.);
#4533 = DIRECTION('',(1.,0.));
#4534 = ( GEOMETRIC_REPRESENTATION_CONTEXT(2) 
PARAMETRIC_REPRESENTATION_CONTEXT() REPRESENTATION_CONTEXT('2D SPACE',''
  ) );
#4535 = ADVANCED_FACE('',(#4536),#3999,.T.);
#4536 = FACE_BOUND('',#4537,.T.);
#4537 = EDGE_LOOP('',(#4538,#4539,#4540,#4563));
#4538 = ORIENTED_EDGE('',*,*,#4463,.F.);
#4539 = ORIENTED_EDGE('',*,*,#3986,.T.);
#4540 = ORIENTED_EDGE('',*,*,#4541,.T.);
#4541 = EDGE_CURVE('',#3961,#4542,#4544,.T.);
#4542 = VERTEX_POINT('',#4543);
#4543 = CARTESIAN_POINT('',(14.,-20.,54.5));
#4544 = SURFACE_CURVE('',#4545,(#4549,#4556),.PCURVE_S1.);
#4545 = LINE('',#4546,#4547);
#4546 = CARTESIAN_POINT('',(14.,-20.,3.));
#4547 = VECTOR('',#4548,1.);
#4548 = DIRECTION('',(0.,0.,1.));
#4549 = PCURVE('',#3999,#4550);
#4550 = DEFINITIONAL_REPRESENTATION('',(#4551),#4555);
#4551 = LINE('',#4552,#4553);
#4552 = CARTESIAN_POINT('',(0.,-2.5));
#4553 = VECTOR('',#4554,1.);
#4554 = DIRECTION('',(1.,0.));
#4555 = ( GEOMETRIC_REPRESENTATION_CONTEXT(2) 
PARAMETRIC_REPRESENTATION_CONTEXT() REPRESENTATION_CONTEXT('2D SPACE',''
  ) );
#4556 = PCURVE('',#3975,#4557);
#4557 = DEFINITIONAL_REPRESENTATION('',(#4558),#4562);
#4558 = LINE('',#4559,#4560);
#4559 = CARTESIAN_POINT('',(0.,28.));
#4560 = VECTOR('',#4561,1.);
#4561 = DIRECTION('',(1.,0.));
#4562 = ( GEOMETRIC_REPRESENTATION_CONTEXT(2) 
PARAMETRIC_REPRESENTATION_CONTEXT() REPRESENTATION_CONTEXT('2D SPACE',''
  ) );
#4563 = ORIENTED_EDGE('',*,*,#4564,.F.);
#4564 = EDGE_CURVE('',#4464,#4542,#4565,.T.);
#4565 = SURFACE_CURVE('',#4566,(#4570,#4577),.PCURVE_S1.);
#4566 = LINE('',#4567,#4568);
#4567 = CARTESIAN_POINT('',(14.,-22.5,54.5));
#4568 = VECTOR('',#4569,1.);
#4569 = DIRECTION('',(0.,1.,0.));
#4570 = PCURVE('',#3999,#4571);
#4571 = DEFINITIONAL_REPRESENTATION('',(#4572),#4576);
#4572 = LINE('',#4573,#4574);
#4573 = CARTESIAN_POINT('',(51.5,0.));
#4574 = VECTOR('',#4575,1.);
#4575 = DIRECTION('',(0.,-1.));
#4576 = ( GEOMETRIC_REPRESENTATION_CONTEXT(2) 
PARAMETRIC_REPRESENTATION_CONTEXT() REPRESENTATION_CONTEXT('2D SPACE',''
  ) );
#4577 = PCURVE('',#4524,#4578);
#4578 = DEFINITIONAL_REPRESENTATION('',(#4579),#4583);
#4579 = LINE('',#4580,#4581);
#4580 = CARTESIAN_POINT('',(28.,0.));
#4581 = VECTOR('',#4582,1.);
#4582 = DIRECTION('',(0.,1.));
#4583 = ( GEOMETRIC_REPRESENTATION_CONTEXT(2) 
PARAMETRIC_REPRESENTATION_CONTEXT() REPRESENTATION_CONTEXT('2D SPACE',''
  ) );
#4584 = ADVANCED_FACE('',(#4585),#3975,.T.);
#4585 = FACE_BOUND('',#4586,.T.);
#4586 = EDGE_LOOP('',(#4587,#4588,#4589,#4612));
#4587 = ORIENTED_EDGE('',*,*,#4541,.F.);
#4588 = ORIENTED_EDGE('',*,*,#3960,.T.);
#4589 = ORIENTED_EDGE('',*,*,#4590,.T.);
#4590 = EDGE_CURVE('',#3935,#4591,#4593,.T.);
#4591 = VERTEX_POINT('',#4592);
#4592 = CARTESIAN_POINT('',(-14.,-20.,54.5));
#4593 = SURFACE_CURVE('',#4594,(#4598,#4605),.PCURVE_S1.);
#4594 = LINE('',#4595,#4596);
#4595 = CARTESIAN_POINT('',(-14.,-20.,3.));
#4596 = VECTOR('',#4597,1.);
#4597 = DIRECTION('',(0.,0.,1.));
#4598 = PCURVE('',#3975,#4599);
#4599 = DEFINITIONAL_REPRESENTATION('',(#4600),#4604);
#4600 = LINE('',#4601,#4602);
#4601 = CARTESIAN_POINT('',(0.,0.));
#4602 = VECTOR('',#4603,1.);
#4603 = DIRECTION('',(1.,0.));
#4604 = ( GEOMETRIC_REPRESENTATION_CONTEXT(2) 
PARAMETRIC_REPRESENTATION_CONTEXT() REPRESENTATION_CONTEXT('2D SPACE',''
  ) );
#4605 = PCURVE('',#3949,#4606);
#4606 = DEFINITIONAL_REPRESENTATION('',(#4607),#4611);
#4607 = LINE('',#4608,#4609);
#4608 = CARTESIAN_POINT('',(0.,-2.5));
#4609 = VECTOR('',#4610,1.);
#4610 = DIRECTION('',(1.,0.));
#4611 = ( GEOMETRIC_REPRESENTATION_CONTEXT(2) 
PARAMETRIC_REPRESENTATION_CONTEXT() REPRESENTATION_CONTEXT('2D SPACE',''
  ) );
#4612 = ORIENTED_EDGE('',*,*,#4613,.T.);
#4613 = EDGE_CURVE('',#4591,#4542,#4614,.T.);
#4614 = SURFACE_CURVE('',#4615,(#4619,#4626),.PCURVE_S1.);
#4615 = LINE('',#4616,#4617);
#4616 = CARTESIAN_POINT('',(-14.,-20.,54.5));
#4617 = VECTOR('',#4618,1.);
#4618 = DIRECTION('',(1.,0.,0.));
#4619 = PCURVE('',#3975,#4620);
#4620 = DEFINITIONAL_REPRESENTATION('',(#4621),#4625);
#4621 = LINE('',#4622,#4623);
#4622 = CARTESIAN_POINT('',(51.5,0.));
#4623 = VECTOR('',#4624,1.);
#4624 = DIRECTION('',(0.,1.));
#4625 = ( GEOMETRIC_REPRESENTATION_CONTEXT(2) 
PARAMETRIC_REPRESENTATION_CONTEXT() REPRESENTATION_CONTEXT('2D SPACE',''
  ) );
#4626 = PCURVE('',#4524,#4627);
#4627 = DEFINITIONAL_REPRESENTATION('',(#4628),#4632);
#4628 = LINE('',#4629,#4630);
#4629 = CARTESIAN_POINT('',(0.,2.5));
#4630 = VECTOR('',#4631,1.);
#4631 = DIRECTION('',(1.,0.));
#4632 = ( GEOMETRIC_REPRESENTATION_CONTEXT(2) 
PARAMETRIC_REPRESENTATION_CONTEXT() REPRESENTATION_CONTEXT('2D SPACE',''
  ) );
#4633 = ADVANCED_FACE('',(#4634),#3949,.F.);
#4634 = FACE_BOUND('',#4635,.F.);
#4635 = EDGE_LOOP('',(#4636,#4637,#4638,#4639));
#4636 = ORIENTED_EDGE('',*,*,#4487,.F.);
#4637 = ORIENTED_EDGE('',*,*,#3934,.T.);
#4638 = ORIENTED_EDGE('',*,*,#4590,.T.);
#4639 = ORIENTED_EDGE('',*,*,#4640,.F.);
#4640 = EDGE_CURVE('',#4488,#4591,#4641,.T.);
#4641 = SURFACE_CURVE('',#4642,(#4646,#4653),.PCURVE_S1.);
#4642 = LINE('',#4643,#4644);
#4643 = CARTESIAN_POINT('',(-14.,-22.5,54.5));
#4644 = VECTOR('',#4645,1.);
#4645 = DIRECTION('',(0.,1.,0.));
#4646 = PCURVE('',#3949,#4647);
#4647 = DEFINITIONAL_REPRESENTATION('',(#4648),#4652);
#4648 = LINE('',#4649,#4650);
#4649 = CARTESIAN_POINT('',(51.5,0.));
#4650 = VECTOR('',#4651,1.);
#4651 = DIRECTION('',(0.,-1.));
#4652 = ( GEOMETRIC_REPRESENTATION_CONTEXT(2) 
PARAMETRIC_REPRESENTATION_CONTEXT() REPRESENTATION_CONTEXT('2D SPACE',''
  ) );
#4653 = PCURVE('',#4524,#4654);
#4654 = DEFINITIONAL_REPRESENTATION('',(#4655),#4659);
#4655 = LINE('',#4656,#4657);
#4656 = CARTESIAN_POINT('',(0.,0.));
#4657 = VECTOR('',#4658,1.);
#4658 = DIRECTION('',(0.,1.));
#4659 = ( GEOMETRIC_REPRESENTATION_CONTEXT(2) 
PARAMETRIC_REPRESENTATION_CONTEXT() REPRESENTATION_CONTEXT('2D SPACE',''
  ) );
#4660 = ADVANCED_FACE('',(#4661),#4029,.F.);
#4661 = FACE_BOUND('',#4662,.F.);
#4662 = EDGE_LOOP('',(#4663,#4686,#4687,#4710));
#4663 = ORIENTED_EDGE('',*,*,#4664,.F.);
#4664 = EDGE_CURVE('',#4013,#4665,#4667,.T.);
#4665 = VERTEX_POINT('',#4666);
#4666 = CARTESIAN_POINT('',(14.,20.,54.5));
#4667 = SURFACE_CURVE('',#4668,(#4672,#4679),.PCURVE_S1.);
#4668 = LINE('',#4669,#4670);
#4669 = CARTESIAN_POINT('',(14.,20.,3.));
#4670 = VECTOR('',#4671,1.);
#4671 = DIRECTION('',(0.,0.,1.));
#4672 = PCURVE('',#4029,#4673);
#4673 = DEFINITIONAL_REPRESENTATION('',(#4674),#4678);
#4674 = LINE('',#4675,#4676);
#4675 = CARTESIAN_POINT('',(0.,28.));
#4676 = VECTOR('',#4677,1.);
#4677 = DIRECTION('',(1.,0.));
#4678 = ( GEOMETRIC_REPRESENTATION_CONTEXT(2) 
PARAMETRIC_REPRESENTATION_CONTEXT() REPRESENTATION_CONTEXT('2D SPACE',''
  ) );
#4679 = PCURVE('',#4105,#4680);
#4680 = DEFINITIONAL_REPRESENTATION('',(#4681),#4685);
#4681 = LINE('',#4682,#4683);
#4682 = CARTESIAN_POINT('',(0.,0.));
#4683 = VECTOR('',#4684,1.);
#4684 = DIRECTION('',(1.,0.));
#4685 = ( GEOMETRIC_REPRESENTATION_CONTEXT(2) 
PARAMETRIC_REPRESENTATION_CONTEXT() REPRESENTATION_CONTEXT('2D SPACE',''
  ) );
#4686 = ORIENTED_EDGE('',*,*,#4012,.T.);
#4687 = ORIENTED_EDGE('',*,*,#4688,.T.);
#4688 = EDGE_CURVE('',#4015,#4689,#4691,.T.);
#4689 = VERTEX_POINT('',#4690);
#4690 = CARTESIAN_POINT('',(-14.,20.,54.5));
#4691 = SURFACE_CURVE('',#4692,(#4696,#4703),.PCURVE_S1.);
#4692 = LINE('',#4693,#4694);
#4693 = CARTESIAN_POINT('',(-14.,20.,3.));
#4694 = VECTOR('',#4695,1.);
#4695 = DIRECTION('',(0.,0.,1.));
#4696 = PCURVE('',#4029,#4697);
#4697 = DEFINITIONAL_REPRESENTATION('',(#4698),#4702);
#4698 = LINE('',#4699,#4700);
#4699 = CARTESIAN_POINT('',(0.,0.));
#4700 = VECTOR('',#4701,1.);
#4701 = DIRECTION('',(1.,0.));
#4702 = ( GEOMETRIC_REPRESENTATION_CONTEXT(2) 
PARAMETRIC_REPRESENTATION_CONTEXT() REPRESENTATION_CONTEXT('2D SPACE',''
  ) );
#4703 = PCURVE('',#4055,#4704);
#4704 = DEFINITIONAL_REPRESENTATION('',(#4705),#4709);
#4705 = LINE('',#4706,#4707);
#4706 = CARTESIAN_POINT('',(0.,0.));
#4707 = VECTOR('',#4708,1.);
#4708 = DIRECTION('',(1.,0.));
#4709 = ( GEOMETRIC_REPRESENTATION_CONTEXT(2) 
PARAMETRIC_REPRESENTATION_CONTEXT() REPRESENTATION_CONTEXT('2D SPACE',''
  ) );
#4710 = ORIENTED_EDGE('',*,*,#4711,.T.);
#4711 = EDGE_CURVE('',#4689,#4665,#4712,.T.);
#4712 = SURFACE_CURVE('',#4713,(#4717,#4724),.PCURVE_S1.);
#4713 = LINE('',#4714,#4715);
#4714 = CARTESIAN_POINT('',(-14.,20.,54.5));
#4715 = VECTOR('',#4716,1.);
#4716 = DIRECTION('',(1.,0.,0.));
#4717 = PCURVE('',#4029,#4718);
#4718 = DEFINITIONAL_REPRESENTATION('',(#4719),#4723);
#4719 = LINE('',#4720,#4721);
#4720 = CARTESIAN_POINT('',(51.5,0.));
#4721 = VECTOR('',#4722,1.);
#4722 = DIRECTION('',(0.,1.));
#4723 = ( GEOMETRIC_REPRESENTATION_CONTEXT(2) 
PARAMETRIC_REPRESENTATION_CONTEXT() REPRESENTATION_CONTEXT('2D SPACE',''
  ) );
#4724 = PCURVE('',#4725,#4730);
#4725 = PLANE('',#4726);
#4726 = AXIS2_PLACEMENT_3D('',#4727,#4728,#4729);
#4727 = CARTESIAN_POINT('',(-14.,20.,54.5));
#4728 = DIRECTION('',(0.,0.,1.));
#4729 = DIRECTION('',(1.,0.,0.));
#4730 = DEFINITIONAL_REPRESENTATION('',(#4731),#4735);
#4731 = LINE('',#4732,#4733);
#4732 = CARTESIAN_POINT('',(0.,0.));
#4733 = VECTOR('',#4734,1.);
#4734 = DIRECTION('',(1.,0.));
#4735 = ( GEOMETRIC_REPRESENTATION_CONTEXT(2) 
PARAMETRIC_REPRESENTATION_CONTEXT() REPRESENTATION_CONTEXT('2D SPACE',''
  ) );
#4736 = ADVANCED_FACE('',(#4737),#4105,.T.);
#4737 = FACE_BOUND('',#4738,.T.);
#4738 = EDGE_LOOP('',(#4739,#4740,#4741,#4764));
#4739 = ORIENTED_EDGE('',*,*,#4664,.F.);
#4740 = ORIENTED_EDGE('',*,*,#4092,.T.);
#4741 = ORIENTED_EDGE('',*,*,#4742,.T.);
#4742 = EDGE_CURVE('',#4067,#4743,#4745,.T.);
#4743 = VERTEX_POINT('',#4744);
#4744 = CARTESIAN_POINT('',(14.,22.5,54.5));
#4745 = SURFACE_CURVE('',#4746,(#4750,#4757),.PCURVE_S1.);
#4746 = LINE('',#4747,#4748);
#4747 = CARTESIAN_POINT('',(14.,22.5,3.));
#4748 = VECTOR('',#4749,1.);
#4749 = DIRECTION('',(0.,0.,1.));
#4750 = PCURVE('',#4105,#4751);
#4751 = DEFINITIONAL_REPRESENTATION('',(#4752),#4756);
#4752 = LINE('',#4753,#4754);
#4753 = CARTESIAN_POINT('',(0.,-2.5));
#4754 = VECTOR('',#4755,1.);
#4755 = DIRECTION('',(1.,0.));
#4756 = ( GEOMETRIC_REPRESENTATION_CONTEXT(2) 
PARAMETRIC_REPRESENTATION_CONTEXT() REPRESENTATION_CONTEXT('2D SPACE',''
  ) );
#4757 = PCURVE('',#4081,#4758);
#4758 = DEFINITIONAL_REPRESENTATION('',(#4759),#4763);
#4759 = LINE('',#4760,#4761);
#4760 = CARTESIAN_POINT('',(0.,28.));
#4761 = VECTOR('',#4762,1.);
#4762 = DIRECTION('',(1.,0.));
#4763 = ( GEOMETRIC_REPRESENTATION_CONTEXT(2) 
PARAMETRIC_REPRESENTATION_CONTEXT() REPRESENTATION_CONTEXT('2D SPACE',''
  ) );
#4764 = ORIENTED_EDGE('',*,*,#4765,.F.);
#4765 = EDGE_CURVE('',#4665,#4743,#4766,.T.);
#4766 = SURFACE_CURVE('',#4767,(#4771,#4778),.PCURVE_S1.);
#4767 = LINE('',#4768,#4769);
#4768 = CARTESIAN_POINT('',(14.,20.,54.5));
#4769 = VECTOR('',#4770,1.);
#4770 = DIRECTION('',(0.,1.,0.));
#4771 = PCURVE('',#4105,#4772);
#4772 = DEFINITIONAL_REPRESENTATION('',(#4773),#4777);
#4773 = LINE('',#4774,#4775);
#4774 = CARTESIAN_POINT('',(51.5,0.));
#4775 = VECTOR('',#4776,1.);
#4776 = DIRECTION('',(0.,-1.));
#4777 = ( GEOMETRIC_REPRESENTATION_CONTEXT(2) 
PARAMETRIC_REPRESENTATION_CONTEXT() REPRESENTATION_CONTEXT('2D SPACE',''
  ) );
#4778 = PCURVE('',#4725,#4779);
#4779 = DEFINITIONAL_REPRESENTATION('',(#4780),#4784);
#4780 = LINE('',#4781,#4782);
#4781 = CARTESIAN_POINT('',(28.,0.));
#4782 = VECTOR('',#4783,1.);
#4783 = DIRECTION('',(0.,1.));
#4784 = ( GEOMETRIC_REPRESENTATION_CONTEXT(2) 
PARAMETRIC_REPRESENTATION_CONTEXT() REPRESENTATION_CONTEXT('2D SPACE',''
  ) );
#4785 = ADVANCED_FACE('',(#4786),#4055,.F.);
#4786 = FACE_BOUND('',#4787,.F.);
#4787 = EDGE_LOOP('',(#4788,#4789,#4790,#4813));
#4788 = ORIENTED_EDGE('',*,*,#4688,.F.);
#4789 = ORIENTED_EDGE('',*,*,#4040,.T.);
#4790 = ORIENTED_EDGE('',*,*,#4791,.T.);
#4791 = EDGE_CURVE('',#4041,#4792,#4794,.T.);
#4792 = VERTEX_POINT('',#4793);
#4793 = CARTESIAN_POINT('',(-14.,22.5,54.5));
#4794 = SURFACE_CURVE('',#4795,(#4799,#4806),.PCURVE_S1.);
#4795 = LINE('',#4796,#4797);
#4796 = CARTESIAN_POINT('',(-14.,22.5,3.));
#4797 = VECTOR('',#4798,1.);
#4798 = DIRECTION('',(0.,0.,1.));
#4799 = PCURVE('',#4055,#4800);
#4800 = DEFINITIONAL_REPRESENTATION('',(#4801),#4805);
#4801 = LINE('',#4802,#4803);
#4802 = CARTESIAN_POINT('',(0.,-2.5));
#4803 = VECTOR('',#4804,1.);
#4804 = DIRECTION('',(1.,0.));
#4805 = ( GEOMETRIC_REPRESENTATION_CONTEXT(2) 
PARAMETRIC_REPRESENTATION_CONTEXT() REPRESENTATION_CONTEXT('2D SPACE',''
  ) );
#4806 = PCURVE('',#4081,#4807);
#4807 = DEFINITIONAL_REPRESENTATION('',(#4808),#4812);
#4808 = LINE('',#4809,#4810);
#4809 = CARTESIAN_POINT('',(0.,0.));
#4810 = VECTOR('',#4811,1.);
#4811 = DIRECTION('',(1.,0.));
#4812 = ( GEOMETRIC_REPRESENTATION_CONTEXT(2) 
PARAMETRIC_REPRESENTATION_CONTEXT() REPRESENTATION_CONTEXT('2D SPACE',''
  ) );
#4813 = ORIENTED_EDGE('',*,*,#4814,.F.);
#4814 = EDGE_CURVE('',#4689,#4792,#4815,.T.);
#4815 = SURFACE_CURVE('',#4816,(#4820,#4827),.PCURVE_S1.);
#4816 = LINE('',#4817,#4818);
#4817 = CARTESIAN_POINT('',(-14.,20.,54.5));
#4818 = VECTOR('',#4819,1.);
#4819 = DIRECTION('',(0.,1.,0.));
#4820 = PCURVE('',#4055,#4821);
#4821 = DEFINITIONAL_REPRESENTATION('',(#4822),#4826);
#4822 = LINE('',#4823,#4824);
#4823 = CARTESIAN_POINT('',(51.5,0.));
#4824 = VECTOR('',#4825,1.);
#4825 = DIRECTION('',(0.,-1.));
#4826 = ( GEOMETRIC_REPRESENTATION_CONTEXT(2) 
PARAMETRIC_REPRESENTATION_CONTEXT() REPRESENTATION_CONTEXT('2D SPACE',''
  ) );
#4827 = PCURVE('',#4725,#4828);
#4828 = DEFINITIONAL_REPRESENTATION('',(#4829),#4833);
#4829 = LINE('',#4830,#4831);
#4830 = CARTESIAN_POINT('',(0.,0.));
#4831 = VECTOR('',#4832,1.);
#4832 = DIRECTION('',(0.,1.));
#4833 = ( GEOMETRIC_REPRESENTATION_CONTEXT(2) 
PARAMETRIC_REPRESENTATION_CONTEXT() REPRESENTATION_CONTEXT('2D SPACE',''
  ) );
#4834 = ADVANCED_FACE('',(#4835),#4081,.T.);
#4835 = FACE_BOUND('',#4836,.T.);
#4836 = EDGE_LOOP('',(#4837,#4838,#4839,#4840));
#4837 = ORIENTED_EDGE('',*,*,#4742,.F.);
#4838 = ORIENTED_EDGE('',*,*,#4066,.T.);
#4839 = ORIENTED_EDGE('',*,*,#4791,.T.);
#4840 = ORIENTED_EDGE('',*,*,#4841,.T.);
#4841 = EDGE_CURVE('',#4792,#4743,#4842,.T.);
#4842 = SURFACE_CURVE('',#4843,(#4847,#4854),.PCURVE_S1.);
#4843 = LINE('',#4844,#4845);
#4844 = CARTESIAN_POINT('',(-14.,22.5,54.5));
#4845 = VECTOR('',#4846,1.);
#4846 = DIRECTION('',(1.,0.,0.));
#4847 = PCURVE('',#4081,#4848);
#4848 = DEFINITIONAL_REPRESENTATION('',(#4849),#4853);
#4849 = LINE('',#4850,#4851);
#4850 = CARTESIAN_POINT('',(51.5,0.));
#4851 = VECTOR('',#4852,1.);
#4852 = DIRECTION('',(0.,1.));
#4853 = ( GEOMETRIC_REPRESENTATION_CONTEXT(2) 
PARAMETRIC_REPRESENTATION_CONTEXT() REPRESENTATION_CONTEXT('2D SPACE',''
  ) );
#4854 = PCURVE('',#4725,#4855);
#4855 = DEFINITIONAL_REPRESENTATION('',(#4856),#4860);
#4856 = LINE('',#4857,#4858);
#4857 = CARTESIAN_POINT('',(0.,2.5));
#4858 = VECTOR('',#4859,1.);
#4859 = DIRECTION('',(1.,0.));
#4860 = ( GEOMETRIC_REPRESENTATION_CONTEXT(2) 
PARAMETRIC_REPRESENTATION_CONTEXT() REPRESENTATION_CONTEXT('2D SPACE',''
  ) );
#4861 = ADVANCED_FACE('',(#4862),#4524,.T.);
#4862 = FACE_BOUND('',#4863,.T.);
#4863 = EDGE_LOOP('',(#4864,#4865,#4866,#4867));
#4864 = ORIENTED_EDGE('',*,*,#4640,.F.);
#4865 = ORIENTED_EDGE('',*,*,#4510,.T.);
#4866 = ORIENTED_EDGE('',*,*,#4564,.T.);
#4867 = ORIENTED_EDGE('',*,*,#4613,.F.);
#4868 = ADVANCED_FACE('',(#4869),#4725,.T.);
#4869 = FACE_BOUND('',#4870,.T.);
#4870 = EDGE_LOOP('',(#4871,#4872,#4873,#4874));
#4871 = ORIENTED_EDGE('',*,*,#4814,.F.);
#4872 = ORIENTED_EDGE('',*,*,#4711,.T.);
#4873 = ORIENTED_EDGE('',*,*,#4765,.T.);
#4874 = ORIENTED_EDGE('',*,*,#4841,.F.);
#4875 = ( GEOMETRIC_REPRESENTATION_CONTEXT(3) 
GLOBAL_UNCERTAINTY_ASSIGNED_CONTEXT((#4879)) 
GLOBAL_UNIT_ASSIGNED_CONTEXT((#4876,#4877,#4878)) REPRESENTATION_CONTEXT
('Context #1','3D Context with UNIT and UNCERTAINTY') );
#4876 = ( LENGTH_UNIT() NAMED_UNIT(*) SI_UNIT(.MILLI.,.METRE.) );
#4877 = ( NAMED_UNIT(*) PLANE_ANGLE_UNIT() SI_UNIT($,.RADIAN.) );
#4878 = ( NAMED_UNIT(*) SI_UNIT($,.STERADIAN.) SOLID_ANGLE_UNIT() );
#4879 = UNCERTAINTY_MEASURE_WITH_UNIT(LENGTH_MEASURE(1.E-07),#4876,
  'distance_accuracy_value','confusion accuracy');
#4880 = CONTEXT_DEPENDENT_SHAPE_REPRESENTATION(#4881,#4883);
#4881 = ( REPRESENTATION_RELATIONSHIP('','',#3580,#10) 
REPRESENTATION_RELATIONSHIP_WITH_TRANSFORMATION(#4882) 
SHAPE_REPRESENTATION_RELATIONSHIP() );
#4882 = ITEM_DEFINED_TRANSFORMATION('','',#11,#23);
#4883 = PRODUCT_DEFINITION_SHAPE('Placement','Placement of an item',
  #4884);
#4884 = NEXT_ASSEMBLY_USAGE_OCCURRENCE('33','OMX_Link2_Bracket-1','',#5,
  #3575,$);
#4885 = PRODUCT_RELATED_PRODUCT_CATEGORY('part',$,(#3577));
#4886 = CONTEXT_DEPENDENT_SHAPE_REPRESENTATION(#4887,#4889);
#4887 = ( REPRESENTATION_RELATIONSHIP('','',#1109,#10) 
REPRESENTATION_RELATIONSHIP_WITH_TRANSFORMATION(#4888) 
SHAPE_REPRESENTATION_RELATIONSHIP() );
#4888 = ITEM_DEFINED_TRANSFORMATION('','',#11,#27);
#4889 = PRODUCT_DEFINITION_SHAPE('Placement','Placement of an item',
  #4890);
#4890 = NEXT_ASSEMBLY_USAGE_OCCURRENCE('34','Dynamixel_XM430-2','',#5,
  #1104,$);
#4891 = SHAPE_DEFINITION_REPRESENTATION(#4892,#4898);
#4892 = PRODUCT_DEFINITION_SHAPE('','',#4893);
#4893 = PRODUCT_DEFINITION('design','',#4894,#4897);
#4894 = PRODUCT_DEFINITION_FORMATION('','',#4895);
#4895 = PRODUCT('OMX_Link3_Frame-1','OMX_Link3_Frame-1','',(#4896));
#4896 = PRODUCT_CONTEXT('',#2,'mechanical');
#4897 = PRODUCT_DEFINITION_CONTEXT('part definition',#2,'design');
#4898 = SHAPE_REPRESENTATION('',(#11,#4899,#5737),#6575);
#4899 = MANIFOLD_SOLID_BREP('',#4900);
#4900 = CLOSED_SHELL('',(#4901,#5021,#5099,#5172,#5385,#5568,#5575,#5602
    ,#5649,#5676,#5703,#5710));
#4901 = ADVANCED_FACE('',(#4902),#4916,.T.);
#4902 = FACE_BOUND('',#4903,.T.);
#4903 = EDGE_LOOP('',(#4904,#4939,#4967,#4995));
#4904 = ORIENTED_EDGE('',*,*,#4905,.T.);
#4905 = EDGE_CURVE('',#4906,#4908,#4910,.T.);
#4906 = VERTEX_POINT('',#4907);
#4907 = CARTESIAN_POINT('',(-11.79446624321,22.5,2.211462420602));
#4908 = VERTEX_POINT('',#4909);
#4909 = CARTESIAN_POINT('',(-11.79446624321,20.,2.211462420602));
#4910 = SURFACE_CURVE('',#4911,(#4915,#4927),.PCURVE_S1.);
#4911 = LINE('',#4912,#4913);
#4912 = CARTESIAN_POINT('',(-11.79446624321,22.5,2.211462420602));
#4913 = VECTOR('',#4914,1.);
#4914 = DIRECTION('',(0.,-1.,1.110223024625E-16));
#4915 = PCURVE('',#4916,#4921);
#4916 = PLANE('',#4917);
#4917 = AXIS2_PLACEMENT_3D('',#4918,#4919,#4920);
#4918 = CARTESIAN_POINT('',(-11.79446624321,22.5,2.211462420602));
#4919 = DIRECTION('',(-0.982872186934,2.046013747872E-17,0.18428853505)
  );
#4920 = DIRECTION('',(0.18428853505,1.091207332198E-16,0.982872186934));
#4921 = DEFINITIONAL_REPRESENTATION('',(#4922),#4926);
#4922 = LINE('',#4923,#4924);
#4923 = CARTESIAN_POINT('',(0.,0.));
#4924 = VECTOR('',#4925,1.);
#4925 = DIRECTION('',(0.,-1.));
#4926 = ( GEOMETRIC_REPRESENTATION_CONTEXT(2) 
PARAMETRIC_REPRESENTATION_CONTEXT() REPRESENTATION_CONTEXT('2D SPACE',''
  ) );
#4927 = PCURVE('',#4928,#4933);
#4928 = CYLINDRICAL_SURFACE('',#4929,12.);
#4929 = AXIS2_PLACEMENT_3D('',#4930,#4931,#4932);
#4930 = CARTESIAN_POINT('',(-1.7763568394E-15,22.5,0.));
#4931 = DIRECTION('',(0.,1.,-1.110223024625E-16));
#4932 = DIRECTION('',(0.982872186934,-2.046013747872E-17,-0.18428853505)
  );
#4933 = DEFINITIONAL_REPRESENTATION('',(#4934),#4938);
#4934 = LINE('',#4935,#4936);
#4935 = CARTESIAN_POINT('',(3.14159265359,0.));
#4936 = VECTOR('',#4937,1.);
#4937 = DIRECTION('',(0.,-1.));
#4938 = ( GEOMETRIC_REPRESENTATION_CONTEXT(2) 
PARAMETRIC_REPRESENTATION_CONTEXT() REPRESENTATION_CONTEXT('2D SPACE',''
  ) );
#4939 = ORIENTED_EDGE('',*,*,#4940,.T.);
#4940 = EDGE_CURVE('',#4908,#4941,#4943,.T.);
#4941 = VERTEX_POINT('',#4942);
#4942 = CARTESIAN_POINT('',(12.205533756788,20.,130.2114624206));
#4943 = SURFACE_CURVE('',#4944,(#4948,#4955),.PCURVE_S1.);
#4944 = LINE('',#4945,#4946);
#4945 = CARTESIAN_POINT('',(-11.79446624321,20.,2.211462420602));
#4946 = VECTOR('',#4947,1.);
#4947 = DIRECTION('',(0.18428853505,1.091207332198E-16,0.982872186934));
#4948 = PCURVE('',#4916,#4949);
#4949 = DEFINITIONAL_REPRESENTATION('',(#4950),#4954);
#4950 = LINE('',#4951,#4952);
#4951 = CARTESIAN_POINT('',(1.636810998297E-16,-2.5));
#4952 = VECTOR('',#4953,1.);
#4953 = DIRECTION('',(1.,0.));
#4954 = ( GEOMETRIC_REPRESENTATION_CONTEXT(2) 
PARAMETRIC_REPRESENTATION_CONTEXT() REPRESENTATION_CONTEXT('2D SPACE',''
  ) );
#4955 = PCURVE('',#4956,#4961);
#4956 = PLANE('',#4957);
#4957 = AXIS2_PLACEMENT_3D('',#4958,#4959,#4960);
#4958 = CARTESIAN_POINT('',(12.,20.,64.));
#4959 = DIRECTION('',(-0.,1.,-1.110223024625E-16));
#4960 = DIRECTION('',(-1.,0.,0.));
#4961 = DEFINITIONAL_REPRESENTATION('',(#4962),#4966);
#4962 = LINE('',#4963,#4964);
#4963 = CARTESIAN_POINT('',(23.794466243212,-61.78853757939));
#4964 = VECTOR('',#4965,1.);
#4965 = DIRECTION('',(-0.18428853505,0.982872186934));
#4966 = ( GEOMETRIC_REPRESENTATION_CONTEXT(2) 
PARAMETRIC_REPRESENTATION_CONTEXT() REPRESENTATION_CONTEXT('2D SPACE',''
  ) );
#4967 = ORIENTED_EDGE('',*,*,#4968,.F.);
#4968 = EDGE_CURVE('',#4969,#4941,#4971,.T.);
#4969 = VERTEX_POINT('',#4970);
#4970 = CARTESIAN_POINT('',(12.205533756788,22.5,130.2114624206));
#4971 = SURFACE_CURVE('',#4972,(#4976,#4983),.PCURVE_S1.);
#4972 = LINE('',#4973,#4974);
#4973 = CARTESIAN_POINT('',(12.205533756788,22.5,130.2114624206));
#4974 = VECTOR('',#4975,1.);
#4975 = DIRECTION('',(0.,-1.,1.110223024625E-16));
#4976 = PCURVE('',#4916,#4977);
#4977 = DEFINITIONAL_REPRESENTATION('',(#4978),#4982);
#4978 = LINE('',#4979,#4980);
#4979 = CARTESIAN_POINT('',(130.23056476879,0.));
#4980 = VECTOR('',#4981,1.);
#4981 = DIRECTION('',(0.,-1.));
#4982 = ( GEOMETRIC_REPRESENTATION_CONTEXT(2) 
PARAMETRIC_REPRESENTATION_CONTEXT() REPRESENTATION_CONTEXT('2D SPACE',''
  ) );
#4983 = PCURVE('',#4984,#4989);
#4984 = CYLINDRICAL_SURFACE('',#4985,12.);
#4985 = AXIS2_PLACEMENT_3D('',#4986,#4987,#4988);
#4986 = CARTESIAN_POINT('',(24.,22.5,128.));
#4987 = DIRECTION('',(0.,1.,-1.110223024625E-16));
#4988 = DIRECTION('',(-0.982872186934,2.046013747872E-17,0.18428853505)
  );
#4989 = DEFINITIONAL_REPRESENTATION('',(#4990),#4994);
#4990 = LINE('',#4991,#4992);
#4991 = CARTESIAN_POINT('',(0.,0.));
#4992 = VECTOR('',#4993,1.);
#4993 = DIRECTION('',(0.,-1.));
#4994 = ( GEOMETRIC_REPRESENTATION_CONTEXT(2) 
PARAMETRIC_REPRESENTATION_CONTEXT() REPRESENTATION_CONTEXT('2D SPACE',''
  ) );
#4995 = ORIENTED_EDGE('',*,*,#4996,.F.);
#4996 = EDGE_CURVE('',#4906,#4969,#4997,.T.);
#4997 = SURFACE_CURVE('',#4998,(#5002,#5009),.PCURVE_S1.);
#4998 = LINE('',#4999,#5000);
#4999 = CARTESIAN_POINT('',(-11.79446624321,22.5,2.211462420602));
#5000 = VECTOR('',#5001,1.);
#5001 = DIRECTION('',(0.18428853505,1.091207332198E-16,0.982872186934));
#5002 = PCURVE('',#4916,#5003);
#5003 = DEFINITIONAL_REPRESENTATION('',(#5004),#5008);
#5004 = LINE('',#5005,#5006);
#5005 = CARTESIAN_POINT('',(0.,0.));
#5006 = VECTOR('',#5007,1.);
#5007 = DIRECTION('',(1.,0.));
#5008 = ( GEOMETRIC_REPRESENTATION_CONTEXT(2) 
PARAMETRIC_REPRESENTATION_CONTEXT() REPRESENTATION_CONTEXT('2D SPACE',''
  ) );
#5009 = PCURVE('',#5010,#5015);
#5010 = PLANE('',#5011);
#5011 = AXIS2_PLACEMENT_3D('',#5012,#5013,#5014);
#5012 = CARTESIAN_POINT('',(12.,22.5,64.));
#5013 = DIRECTION('',(-0.,1.,-1.110223024625E-16));
#5014 = DIRECTION('',(-1.,0.,0.));
#5015 = DEFINITIONAL_REPRESENTATION('',(#5016),#5020);
#5016 = LINE('',#5017,#5018);
#5017 = CARTESIAN_POINT('',(23.794466243212,-61.78853757939));
#5018 = VECTOR('',#5019,1.);
#5019 = DIRECTION('',(-0.18428853505,0.982872186934));
#5020 = ( GEOMETRIC_REPRESENTATION_CONTEXT(2) 
PARAMETRIC_REPRESENTATION_CONTEXT() REPRESENTATION_CONTEXT('2D SPACE',''
  ) );
#5021 = ADVANCED_FACE('',(#5022),#4928,.T.);
#5022 = FACE_BOUND('',#5023,.T.);
#5023 = EDGE_LOOP('',(#5024,#5054,#5076,#5077));
#5024 = ORIENTED_EDGE('',*,*,#5025,.T.);
#5025 = EDGE_CURVE('',#5026,#5028,#5030,.T.);
#5026 = VERTEX_POINT('',#5027);
#5027 = CARTESIAN_POINT('',(11.794466243212,22.5,-2.211462420602));
#5028 = VERTEX_POINT('',#5029);
#5029 = CARTESIAN_POINT('',(11.794466243212,20.,-2.211462420602));
#5030 = SURFACE_CURVE('',#5031,(#5035,#5042),.PCURVE_S1.);
#5031 = LINE('',#5032,#5033);
#5032 = CARTESIAN_POINT('',(11.794466243212,22.5,-2.211462420602));
#5033 = VECTOR('',#5034,1.);
#5034 = DIRECTION('',(0.,-1.,1.110223024625E-16));
#5035 = PCURVE('',#4928,#5036);
#5036 = DEFINITIONAL_REPRESENTATION('',(#5037),#5041);
#5037 = LINE('',#5038,#5039);
#5038 = CARTESIAN_POINT('',(0.,0.));
#5039 = VECTOR('',#5040,1.);
#5040 = DIRECTION('',(0.,-1.));
#5041 = ( GEOMETRIC_REPRESENTATION_CONTEXT(2) 
PARAMETRIC_REPRESENTATION_CONTEXT() REPRESENTATION_CONTEXT('2D SPACE',''
  ) );
#5042 = PCURVE('',#5043,#5048);
#5043 = PLANE('',#5044);
#5044 = AXIS2_PLACEMENT_3D('',#5045,#5046,#5047);
#5045 = CARTESIAN_POINT('',(35.794466243212,22.5,125.78853757939));
#5046 = DIRECTION('',(0.982872186934,-2.046013747872E-17,-0.18428853505)
  );
#5047 = DIRECTION('',(-0.18428853505,-1.091207332198E-16,-0.982872186934
    ));
#5048 = DEFINITIONAL_REPRESENTATION('',(#5049),#5053);
#5049 = LINE('',#5050,#5051);
#5050 = CARTESIAN_POINT('',(130.23056476879,0.));
#5051 = VECTOR('',#5052,1.);
#5052 = DIRECTION('',(0.,-1.));
#5053 = ( GEOMETRIC_REPRESENTATION_CONTEXT(2) 
PARAMETRIC_REPRESENTATION_CONTEXT() REPRESENTATION_CONTEXT('2D SPACE',''
  ) );
#5054 = ORIENTED_EDGE('',*,*,#5055,.T.);
#5055 = EDGE_CURVE('',#5028,#4908,#5056,.T.);
#5056 = SURFACE_CURVE('',#5057,(#5062,#5069),.PCURVE_S1.);
#5057 = CIRCLE('',#5058,12.);
#5058 = AXIS2_PLACEMENT_3D('',#5059,#5060,#5061);
#5059 = CARTESIAN_POINT('',(-1.7763568394E-15,20.,2.775557561563E-16));
#5060 = DIRECTION('',(0.,1.,-1.110223024625E-16));
#5061 = DIRECTION('',(0.982872186934,-2.046013747872E-17,-0.18428853505)
  );
#5062 = PCURVE('',#4928,#5063);
#5063 = DEFINITIONAL_REPRESENTATION('',(#5064),#5068);
#5064 = LINE('',#5065,#5066);
#5065 = CARTESIAN_POINT('',(0.,-2.5));
#5066 = VECTOR('',#5067,1.);
#5067 = DIRECTION('',(1.,0.));
#5068 = ( GEOMETRIC_REPRESENTATION_CONTEXT(2) 
PARAMETRIC_REPRESENTATION_CONTEXT() REPRESENTATION_CONTEXT('2D SPACE',''
  ) );
#5069 = PCURVE('',#4956,#5070);
#5070 = DEFINITIONAL_REPRESENTATION('',(#5071),#5075);
#5071 = CIRCLE('',#5072,12.);
#5072 = AXIS2_PLACEMENT_2D('',#5073,#5074);
#5073 = CARTESIAN_POINT('',(12.,-64.));
#5074 = DIRECTION('',(-0.982872186934,-0.18428853505));
#5075 = ( GEOMETRIC_REPRESENTATION_CONTEXT(2) 
PARAMETRIC_REPRESENTATION_CONTEXT() REPRESENTATION_CONTEXT('2D SPACE',''
  ) );
#5076 = ORIENTED_EDGE('',*,*,#4905,.F.);
#5077 = ORIENTED_EDGE('',*,*,#5078,.F.);
#5078 = EDGE_CURVE('',#5026,#4906,#5079,.T.);
#5079 = SURFACE_CURVE('',#5080,(#5085,#5092),.PCURVE_S1.);
#5080 = CIRCLE('',#5081,12.);
#5081 = AXIS2_PLACEMENT_3D('',#5082,#5083,#5084);
#5082 = CARTESIAN_POINT('',(-1.7763568394E-15,22.5,0.));
#5083 = DIRECTION('',(0.,1.,-1.110223024625E-16));
#5084 = DIRECTION('',(0.982872186934,-2.046013747872E-17,-0.18428853505)
  );
#5085 = PCURVE('',#4928,#5086);
#5086 = DEFINITIONAL_REPRESENTATION('',(#5087),#5091);
#5087 = LINE('',#5088,#5089);
#5088 = CARTESIAN_POINT('',(0.,0.));
#5089 = VECTOR('',#5090,1.);
#5090 = DIRECTION('',(1.,0.));
#5091 = ( GEOMETRIC_REPRESENTATION_CONTEXT(2) 
PARAMETRIC_REPRESENTATION_CONTEXT() REPRESENTATION_CONTEXT('2D SPACE',''
  ) );
#5092 = PCURVE('',#5010,#5093);
#5093 = DEFINITIONAL_REPRESENTATION('',(#5094),#5098);
#5094 = CIRCLE('',#5095,12.);
#5095 = AXIS2_PLACEMENT_2D('',#5096,#5097);
#5096 = CARTESIAN_POINT('',(12.,-64.));
#5097 = DIRECTION('',(-0.982872186934,-0.18428853505));
#5098 = ( GEOMETRIC_REPRESENTATION_CONTEXT(2) 
PARAMETRIC_REPRESENTATION_CONTEXT() REPRESENTATION_CONTEXT('2D SPACE',''
  ) );
#5099 = ADVANCED_FACE('',(#5100),#4984,.T.);
#5100 = FACE_BOUND('',#5101,.T.);
#5101 = EDGE_LOOP('',(#5102,#5103,#5127,#5150));
#5102 = ORIENTED_EDGE('',*,*,#4968,.T.);
#5103 = ORIENTED_EDGE('',*,*,#5104,.T.);
#5104 = EDGE_CURVE('',#4941,#5105,#5107,.T.);
#5105 = VERTEX_POINT('',#5106);
#5106 = CARTESIAN_POINT('',(35.794466243212,20.,125.78853757939));
#5107 = SURFACE_CURVE('',#5108,(#5113,#5120),.PCURVE_S1.);
#5108 = CIRCLE('',#5109,12.);
#5109 = AXIS2_PLACEMENT_3D('',#5110,#5111,#5112);
#5110 = CARTESIAN_POINT('',(24.,20.,128.));
#5111 = DIRECTION('',(0.,1.,-1.110223024625E-16));
#5112 = DIRECTION('',(-0.982872186934,2.046013747872E-17,0.18428853505)
  );
#5113 = PCURVE('',#4984,#5114);
#5114 = DEFINITIONAL_REPRESENTATION('',(#5115),#5119);
#5115 = LINE('',#5116,#5117);
#5116 = CARTESIAN_POINT('',(0.,-2.5));
#5117 = VECTOR('',#5118,1.);
#5118 = DIRECTION('',(1.,0.));
#5119 = ( GEOMETRIC_REPRESENTATION_CONTEXT(2) 
PARAMETRIC_REPRESENTATION_CONTEXT() REPRESENTATION_CONTEXT('2D SPACE',''
  ) );
#5120 = PCURVE('',#4956,#5121);
#5121 = DEFINITIONAL_REPRESENTATION('',(#5122),#5126);
#5122 = CIRCLE('',#5123,12.);
#5123 = AXIS2_PLACEMENT_2D('',#5124,#5125);
#5124 = CARTESIAN_POINT('',(-12.,64.));
#5125 = DIRECTION('',(0.982872186934,0.18428853505));
#5126 = ( GEOMETRIC_REPRESENTATION_CONTEXT(2) 
PARAMETRIC_REPRESENTATION_CONTEXT() REPRESENTATION_CONTEXT('2D SPACE',''
  ) );
#5127 = ORIENTED_EDGE('',*,*,#5128,.F.);
#5128 = EDGE_CURVE('',#5129,#5105,#5131,.T.);
#5129 = VERTEX_POINT('',#5130);
#5130 = CARTESIAN_POINT('',(35.794466243212,22.5,125.78853757939));
#5131 = SURFACE_CURVE('',#5132,(#5136,#5143),.PCURVE_S1.);
#5132 = LINE('',#5133,#5134);
#5133 = CARTESIAN_POINT('',(35.794466243212,22.5,125.78853757939));
#5134 = VECTOR('',#5135,1.);
#5135 = DIRECTION('',(0.,-1.,1.110223024625E-16));
#5136 = PCURVE('',#4984,#5137);
#5137 = DEFINITIONAL_REPRESENTATION('',(#5138),#5142);
#5138 = LINE('',#5139,#5140);
#5139 = CARTESIAN_POINT('',(3.14159265359,0.));
#5140 = VECTOR('',#5141,1.);
#5141 = DIRECTION('',(0.,-1.));
#5142 = ( GEOMETRIC_REPRESENTATION_CONTEXT(2) 
PARAMETRIC_REPRESENTATION_CONTEXT() REPRESENTATION_CONTEXT('2D SPACE',''
  ) );
#5143 = PCURVE('',#5043,#5144);
#5144 = DEFINITIONAL_REPRESENTATION('',(#5145),#5149);
#5145 = LINE('',#5146,#5147);
#5146 = CARTESIAN_POINT('',(-0.,0.));
#5147 = VECTOR('',#5148,1.);
#5148 = DIRECTION('',(0.,-1.));
#5149 = ( GEOMETRIC_REPRESENTATION_CONTEXT(2) 
PARAMETRIC_REPRESENTATION_CONTEXT() REPRESENTATION_CONTEXT('2D SPACE',''
  ) );
#5150 = ORIENTED_EDGE('',*,*,#5151,.F.);
#5151 = EDGE_CURVE('',#4969,#5129,#5152,.T.);
#5152 = SURFACE_CURVE('',#5153,(#5158,#5165),.PCURVE_S1.);
#5153 = CIRCLE('',#5154,12.);
#5154 = AXIS2_PLACEMENT_3D('',#5155,#5156,#5157);
#5155 = CARTESIAN_POINT('',(24.,22.5,128.));
#5156 = DIRECTION('',(0.,1.,-1.110223024625E-16));
#5157 = DIRECTION('',(-0.982872186934,2.046013747872E-17,0.18428853505)
  );
#5158 = PCURVE('',#4984,#5159);
#5159 = DEFINITIONAL_REPRESENTATION('',(#5160),#5164);
#5160 = LINE('',#5161,#5162);
#5161 = CARTESIAN_POINT('',(0.,0.));
#5162 = VECTOR('',#5163,1.);
#5163 = DIRECTION('',(1.,0.));
#5164 = ( GEOMETRIC_REPRESENTATION_CONTEXT(2) 
PARAMETRIC_REPRESENTATION_CONTEXT() REPRESENTATION_CONTEXT('2D SPACE',''
  ) );
#5165 = PCURVE('',#5010,#5166);
#5166 = DEFINITIONAL_REPRESENTATION('',(#5167),#5171);
#5167 = CIRCLE('',#5168,12.);
#5168 = AXIS2_PLACEMENT_2D('',#5169,#5170);
#5169 = CARTESIAN_POINT('',(-12.,64.));
#5170 = DIRECTION('',(0.982872186934,0.18428853505));
#5171 = ( GEOMETRIC_REPRESENTATION_CONTEXT(2) 
PARAMETRIC_REPRESENTATION_CONTEXT() REPRESENTATION_CONTEXT('2D SPACE',''
  ) );
#5172 = ADVANCED_FACE('',(#5173,#5199,#5234,#5350),#5010,.T.);
#5173 = FACE_BOUND('',#5174,.T.);
#5174 = EDGE_LOOP('',(#5175,#5176,#5177,#5198));
#5175 = ORIENTED_EDGE('',*,*,#4996,.T.);
#5176 = ORIENTED_EDGE('',*,*,#5151,.T.);
#5177 = ORIENTED_EDGE('',*,*,#5178,.T.);
#5178 = EDGE_CURVE('',#5129,#5026,#5179,.T.);
#5179 = SURFACE_CURVE('',#5180,(#5184,#5191),.PCURVE_S1.);
#5180 = LINE('',#5181,#5182);
#5181 = CARTESIAN_POINT('',(35.794466243212,22.5,125.78853757939));
#5182 = VECTOR('',#5183,1.);
#5183 = DIRECTION('',(-0.18428853505,-1.091207332198E-16,-0.982872186934
    ));
#5184 = PCURVE('',#5010,#5185);
#5185 = DEFINITIONAL_REPRESENTATION('',(#5186),#5190);
#5186 = LINE('',#5187,#5188);
#5187 = CARTESIAN_POINT('',(-23.79446624321,61.788537579398));
#5188 = VECTOR('',#5189,1.);
#5189 = DIRECTION('',(0.18428853505,-0.982872186934));
#5190 = ( GEOMETRIC_REPRESENTATION_CONTEXT(2) 
PARAMETRIC_REPRESENTATION_CONTEXT() REPRESENTATION_CONTEXT('2D SPACE',''
  ) );
#5191 = PCURVE('',#5043,#5192);
#5192 = DEFINITIONAL_REPRESENTATION('',(#5193),#5197);
#5193 = LINE('',#5194,#5195);
#5194 = CARTESIAN_POINT('',(-0.,0.));
#5195 = VECTOR('',#5196,1.);
#5196 = DIRECTION('',(1.,0.));
#5197 = ( GEOMETRIC_REPRESENTATION_CONTEXT(2) 
PARAMETRIC_REPRESENTATION_CONTEXT() REPRESENTATION_CONTEXT('2D SPACE',''
  ) );
#5198 = ORIENTED_EDGE('',*,*,#5078,.T.);
#5199 = FACE_BOUND('',#5200,.T.);
#5200 = EDGE_LOOP('',(#5201));
#5201 = ORIENTED_EDGE('',*,*,#5202,.T.);
#5202 = EDGE_CURVE('',#5203,#5203,#5205,.T.);
#5203 = VERTEX_POINT('',#5204);
#5204 = CARTESIAN_POINT('',(3.,22.5,0.));
#5205 = SURFACE_CURVE('',#5206,(#5211,#5222),.PCURVE_S1.);
#5206 = CIRCLE('',#5207,3.);
#5207 = AXIS2_PLACEMENT_3D('',#5208,#5209,#5210);
#5208 = CARTESIAN_POINT('',(0.,22.5,0.));
#5209 = DIRECTION('',(0.,-1.,1.110223024625E-16));
#5210 = DIRECTION('',(1.,0.,0.));
#5211 = PCURVE('',#5010,#5212);
#5212 = DEFINITIONAL_REPRESENTATION('',(#5213),#5221);
#5213 = ( BOUNDED_CURVE() B_SPLINE_CURVE(2,(#5214,#5215,#5216,#5217,
#5218,#5219,#5220),.UNSPECIFIED.,.T.,.F.) B_SPLINE_CURVE_WITH_KNOTS((1,2
    ,2,2,2,1),(-2.094395102393,0.,2.094395102393,4.188790204786,
6.28318530718,8.377580409573),.UNSPECIFIED.) CURVE() 
GEOMETRIC_REPRESENTATION_ITEM() RATIONAL_B_SPLINE_CURVE((1.,0.5,1.,0.5,
1.,0.5,1.)) REPRESENTATION_ITEM('') );
#5214 = CARTESIAN_POINT('',(9.,-64.));
#5215 = CARTESIAN_POINT('',(9.,-58.80384757729));
#5216 = CARTESIAN_POINT('',(13.5,-61.40192378864));
#5217 = CARTESIAN_POINT('',(18.,-64.));
#5218 = CARTESIAN_POINT('',(13.5,-66.59807621135));
#5219 = CARTESIAN_POINT('',(9.,-69.1961524227));
#5220 = CARTESIAN_POINT('',(9.,-64.));
#5221 = ( GEOMETRIC_REPRESENTATION_CONTEXT(2) 
PARAMETRIC_REPRESENTATION_CONTEXT() REPRESENTATION_CONTEXT('2D SPACE',''
  ) );
#5222 = PCURVE('',#5223,#5228);
#5223 = CYLINDRICAL_SURFACE('',#5224,3.);
#5224 = AXIS2_PLACEMENT_3D('',#5225,#5226,#5227);
#5225 = CARTESIAN_POINT('',(0.,22.5,0.));
#5226 = DIRECTION('',(-0.,1.,-1.110223024625E-16));
#5227 = DIRECTION('',(1.,0.,0.));
#5228 = DEFINITIONAL_REPRESENTATION('',(#5229),#5233);
#5229 = LINE('',#5230,#5231);
#5230 = CARTESIAN_POINT('',(-0.,0.));
#5231 = VECTOR('',#5232,1.);
#5232 = DIRECTION('',(-1.,0.));
#5233 = ( GEOMETRIC_REPRESENTATION_CONTEXT(2) 
PARAMETRIC_REPRESENTATION_CONTEXT() REPRESENTATION_CONTEXT('2D SPACE',''
  ) );
#5234 = FACE_BOUND('',#5235,.T.);
#5235 = EDGE_LOOP('',(#5236,#5266,#5295,#5323));
#5236 = ORIENTED_EDGE('',*,*,#5237,.F.);
#5237 = EDGE_CURVE('',#5238,#5240,#5242,.T.);
#5238 = VERTEX_POINT('',#5239);
#5239 = CARTESIAN_POINT('',(-1.216304331331,22.5,22.814920639213));
#5240 = VERTEX_POINT('',#5241);
#5241 = CARTESIAN_POINT('',(14.601284712441,22.5,107.17539553932));
#5242 = SURFACE_CURVE('',#5243,(#5247,#5254),.PCURVE_S1.);
#5243 = LINE('',#5244,#5245);
#5244 = CARTESIAN_POINT('',(-1.216304331331,22.5,22.814920639213));
#5245 = VECTOR('',#5246,1.);
#5246 = DIRECTION('',(0.18428853505,1.091207332198E-16,0.982872186934));
#5247 = PCURVE('',#5010,#5248);
#5248 = DEFINITIONAL_REPRESENTATION('',(#5249),#5253);
#5249 = LINE('',#5250,#5251);
#5250 = CARTESIAN_POINT('',(13.216304331331,-41.18507936078));
#5251 = VECTOR('',#5252,1.);
#5252 = DIRECTION('',(-0.18428853505,0.982872186934));
#5253 = ( GEOMETRIC_REPRESENTATION_CONTEXT(2) 
PARAMETRIC_REPRESENTATION_CONTEXT() REPRESENTATION_CONTEXT('2D SPACE',''
  ) );
#5254 = PCURVE('',#5255,#5260);
#5255 = PLANE('',#5256);
#5256 = AXIS2_PLACEMENT_3D('',#5257,#5258,#5259);
#5257 = CARTESIAN_POINT('',(-1.216304331331,22.5,22.814920639213));
#5258 = DIRECTION('',(-0.982872186934,2.046013747872E-17,0.18428853505)
  );
#5259 = DIRECTION('',(0.18428853505,1.091207332198E-16,0.982872186934));
#5260 = DEFINITIONAL_REPRESENTATION('',(#5261),#5265);
#5261 = LINE('',#5262,#5263);
#5262 = CARTESIAN_POINT('',(0.,0.));
#5263 = VECTOR('',#5264,1.);
#5264 = DIRECTION('',(1.,0.));
#5265 = ( GEOMETRIC_REPRESENTATION_CONTEXT(2) 
PARAMETRIC_REPRESENTATION_CONTEXT() REPRESENTATION_CONTEXT('2D SPACE',''
  ) );
#5266 = ORIENTED_EDGE('',*,*,#5267,.F.);
#5267 = EDGE_CURVE('',#5268,#5238,#5270,.T.);
#5268 = VERTEX_POINT('',#5269);
#5269 = CARTESIAN_POINT('',(9.398715287559,22.5,20.824604460671));
#5270 = SURFACE_CURVE('',#5271,(#5276,#5283),.PCURVE_S1.);
#5271 = CIRCLE('',#5272,5.4);
#5272 = AXIS2_PLACEMENT_3D('',#5273,#5274,#5275);
#5273 = CARTESIAN_POINT('',(4.091205478114,22.5,21.819762549942));
#5274 = DIRECTION('',(0.,1.,-1.110223024625E-16));
#5275 = DIRECTION('',(0.982872186934,-2.046013747872E-17,-0.18428853505)
  );
#5276 = PCURVE('',#5010,#5277);
#5277 = DEFINITIONAL_REPRESENTATION('',(#5278),#5282);
#5278 = CIRCLE('',#5279,5.4);
#5279 = AXIS2_PLACEMENT_2D('',#5280,#5281);
#5280 = CARTESIAN_POINT('',(7.908794521886,-42.18023745005));
#5281 = DIRECTION('',(-0.982872186934,-0.18428853505));
#5282 = ( GEOMETRIC_REPRESENTATION_CONTEXT(2) 
PARAMETRIC_REPRESENTATION_CONTEXT() REPRESENTATION_CONTEXT('2D SPACE',''
  ) );
#5283 = PCURVE('',#5284,#5289);
#5284 = CYLINDRICAL_SURFACE('',#5285,5.4);
#5285 = AXIS2_PLACEMENT_3D('',#5286,#5287,#5288);
#5286 = CARTESIAN_POINT('',(4.091205478114,22.5,21.819762549942));
#5287 = DIRECTION('',(0.,1.,-1.110223024625E-16));
#5288 = DIRECTION('',(0.982872186934,-2.046013747872E-17,-0.18428853505)
  );
#5289 = DEFINITIONAL_REPRESENTATION('',(#5290),#5294);
#5290 = LINE('',#5291,#5292);
#5291 = CARTESIAN_POINT('',(0.,0.));
#5292 = VECTOR('',#5293,1.);
#5293 = DIRECTION('',(1.,0.));
#5294 = ( GEOMETRIC_REPRESENTATION_CONTEXT(2) 
PARAMETRIC_REPRESENTATION_CONTEXT() REPRESENTATION_CONTEXT('2D SPACE',''
  ) );
#5295 = ORIENTED_EDGE('',*,*,#5296,.F.);
#5296 = EDGE_CURVE('',#5297,#5268,#5299,.T.);
#5297 = VERTEX_POINT('',#5298);
#5298 = CARTESIAN_POINT('',(25.216304331331,22.5,105.18507936078));
#5299 = SURFACE_CURVE('',#5300,(#5304,#5311),.PCURVE_S1.);
#5300 = LINE('',#5301,#5302);
#5301 = CARTESIAN_POINT('',(25.216304331331,22.5,105.18507936078));
#5302 = VECTOR('',#5303,1.);
#5303 = DIRECTION('',(-0.18428853505,-1.091207332198E-16,-0.982872186934
    ));
#5304 = PCURVE('',#5010,#5305);
#5305 = DEFINITIONAL_REPRESENTATION('',(#5306),#5310);
#5306 = LINE('',#5307,#5308);
#5307 = CARTESIAN_POINT('',(-13.21630433133,41.185079360787));
#5308 = VECTOR('',#5309,1.);
#5309 = DIRECTION('',(0.18428853505,-0.982872186934));
#5310 = ( GEOMETRIC_REPRESENTATION_CONTEXT(2) 
PARAMETRIC_REPRESENTATION_CONTEXT() REPRESENTATION_CONTEXT('2D SPACE',''
  ) );
#5311 = PCURVE('',#5312,#5317);
#5312 = PLANE('',#5313);
#5313 = AXIS2_PLACEMENT_3D('',#5314,#5315,#5316);
#5314 = CARTESIAN_POINT('',(25.216304331331,22.5,105.18507936078));
#5315 = DIRECTION('',(0.982872186934,-2.046013747872E-17,-0.18428853505)
  );
#5316 = DIRECTION('',(-0.18428853505,-1.091207332198E-16,-0.982872186934
    ));
#5317 = DEFINITIONAL_REPRESENTATION('',(#5318),#5322);
#5318 = LINE('',#5319,#5320);
#5319 = CARTESIAN_POINT('',(-0.,0.));
#5320 = VECTOR('',#5321,1.);
#5321 = DIRECTION('',(1.,0.));
#5322 = ( GEOMETRIC_REPRESENTATION_CONTEXT(2) 
PARAMETRIC_REPRESENTATION_CONTEXT() REPRESENTATION_CONTEXT('2D SPACE',''
  ) );
#5323 = ORIENTED_EDGE('',*,*,#5324,.F.);
#5324 = EDGE_CURVE('',#5240,#5297,#5325,.T.);
#5325 = SURFACE_CURVE('',#5326,(#5331,#5338),.PCURVE_S1.);
#5326 = CIRCLE('',#5327,5.4);
#5327 = AXIS2_PLACEMENT_3D('',#5328,#5329,#5330);
#5328 = CARTESIAN_POINT('',(19.908794521886,22.5,106.18023745005));
#5329 = DIRECTION('',(0.,1.,-1.110223024625E-16));
#5330 = DIRECTION('',(-0.982872186934,2.046013747872E-17,0.18428853505)
  );
#5331 = PCURVE('',#5010,#5332);
#5332 = DEFINITIONAL_REPRESENTATION('',(#5333),#5337);
#5333 = CIRCLE('',#5334,5.4);
#5334 = AXIS2_PLACEMENT_2D('',#5335,#5336);
#5335 = CARTESIAN_POINT('',(-7.908794521886,42.180237450058));
#5336 = DIRECTION('',(0.982872186934,0.18428853505));
#5337 = ( GEOMETRIC_REPRESENTATION_CONTEXT(2) 
PARAMETRIC_REPRESENTATION_CONTEXT() REPRESENTATION_CONTEXT('2D SPACE',''
  ) );
#5338 = PCURVE('',#5339,#5344);
#5339 = CYLINDRICAL_SURFACE('',#5340,5.4);
#5340 = AXIS2_PLACEMENT_3D('',#5341,#5342,#5343);
#5341 = CARTESIAN_POINT('',(19.908794521886,22.5,106.18023745005));
#5342 = DIRECTION('',(0.,1.,-1.110223024625E-16));
#5343 = DIRECTION('',(-0.982872186934,2.046013747872E-17,0.18428853505)
  );
#5344 = DEFINITIONAL_REPRESENTATION('',(#5345),#5349);
#5345 = LINE('',#5346,#5347);
#5346 = CARTESIAN_POINT('',(0.,0.));
#5347 = VECTOR('',#5348,1.);
#5348 = DIRECTION('',(1.,0.));
#5349 = ( GEOMETRIC_REPRESENTATION_CONTEXT(2) 
PARAMETRIC_REPRESENTATION_CONTEXT() REPRESENTATION_CONTEXT('2D SPACE',''
  ) );
#5350 = FACE_BOUND('',#5351,.T.);
#5351 = EDGE_LOOP('',(#5352));
#5352 = ORIENTED_EDGE('',*,*,#5353,.T.);
#5353 = EDGE_CURVE('',#5354,#5354,#5356,.T.);
#5354 = VERTEX_POINT('',#5355);
#5355 = CARTESIAN_POINT('',(27.,22.5,128.));
#5356 = SURFACE_CURVE('',#5357,(#5362,#5373),.PCURVE_S1.);
#5357 = CIRCLE('',#5358,3.);
#5358 = AXIS2_PLACEMENT_3D('',#5359,#5360,#5361);
#5359 = CARTESIAN_POINT('',(24.,22.5,128.));
#5360 = DIRECTION('',(0.,-1.,1.110223024625E-16));
#5361 = DIRECTION('',(1.,0.,0.));
#5362 = PCURVE('',#5010,#5363);
#5363 = DEFINITIONAL_REPRESENTATION('',(#5364),#5372);
#5364 = ( BOUNDED_CURVE() B_SPLINE_CURVE(2,(#5365,#5366,#5367,#5368,
#5369,#5370,#5371),.UNSPECIFIED.,.T.,.F.) B_SPLINE_CURVE_WITH_KNOTS((1,2
    ,2,2,2,1),(-2.094395102393,0.,2.094395102393,4.188790204786,
6.28318530718,8.377580409573),.UNSPECIFIED.) CURVE() 
GEOMETRIC_REPRESENTATION_ITEM() RATIONAL_B_SPLINE_CURVE((1.,0.5,1.,0.5,
1.,0.5,1.)) REPRESENTATION_ITEM('') );
#5365 = CARTESIAN_POINT('',(-15.,64.));
#5366 = CARTESIAN_POINT('',(-15.,69.196152422707));
#5367 = CARTESIAN_POINT('',(-10.5,66.598076211353));
#5368 = CARTESIAN_POINT('',(-6.,64.));
#5369 = CARTESIAN_POINT('',(-10.5,61.401923788647));
#5370 = CARTESIAN_POINT('',(-15.,58.803847577293));
#5371 = CARTESIAN_POINT('',(-15.,64.));
#5372 = ( GEOMETRIC_REPRESENTATION_CONTEXT(2) 
PARAMETRIC_REPRESENTATION_CONTEXT() REPRESENTATION_CONTEXT('2D SPACE',''
  ) );
#5373 = PCURVE('',#5374,#5379);
#5374 = CYLINDRICAL_SURFACE('',#5375,3.);
#5375 = AXIS2_PLACEMENT_3D('',#5376,#5377,#5378);
#5376 = CARTESIAN_POINT('',(24.,22.5,128.));
#5377 = DIRECTION('',(-0.,1.,-1.110223024625E-16));
#5378 = DIRECTION('',(1.,0.,0.));
#5379 = DEFINITIONAL_REPRESENTATION('',(#5380),#5384);
#5380 = LINE('',#5381,#5382);
#5381 = CARTESIAN_POINT('',(-0.,0.));
#5382 = VECTOR('',#5383,1.);
#5383 = DIRECTION('',(-1.,0.));
#5384 = ( GEOMETRIC_REPRESENTATION_CONTEXT(2) 
PARAMETRIC_REPRESENTATION_CONTEXT() REPRESENTATION_CONTEXT('2D SPACE',''
  ) );
#5385 = ADVANCED_FACE('',(#5386,#5412,#5442,#5538),#4956,.F.);
#5386 = FACE_BOUND('',#5387,.F.);
#5387 = EDGE_LOOP('',(#5388,#5389,#5390,#5411));
#5388 = ORIENTED_EDGE('',*,*,#4940,.T.);
#5389 = ORIENTED_EDGE('',*,*,#5104,.T.);
#5390 = ORIENTED_EDGE('',*,*,#5391,.T.);
#5391 = EDGE_CURVE('',#5105,#5028,#5392,.T.);
#5392 = SURFACE_CURVE('',#5393,(#5397,#5404),.PCURVE_S1.);
#5393 = LINE('',#5394,#5395);
#5394 = CARTESIAN_POINT('',(35.794466243212,20.,125.78853757939));
#5395 = VECTOR('',#5396,1.);
#5396 = DIRECTION('',(-0.18428853505,-1.091207332198E-16,-0.982872186934
    ));
#5397 = PCURVE('',#4956,#5398);
#5398 = DEFINITIONAL_REPRESENTATION('',(#5399),#5403);
#5399 = LINE('',#5400,#5401);
#5400 = CARTESIAN_POINT('',(-23.79446624321,61.788537579398));
#5401 = VECTOR('',#5402,1.);
#5402 = DIRECTION('',(0.18428853505,-0.982872186934));
#5403 = ( GEOMETRIC_REPRESENTATION_CONTEXT(2) 
PARAMETRIC_REPRESENTATION_CONTEXT() REPRESENTATION_CONTEXT('2D SPACE',''
  ) );
#5404 = PCURVE('',#5043,#5405);
#5405 = DEFINITIONAL_REPRESENTATION('',(#5406),#5410);
#5406 = LINE('',#5407,#5408);
#5407 = CARTESIAN_POINT('',(2.728018330495E-16,-2.5));
#5408 = VECTOR('',#5409,1.);
#5409 = DIRECTION('',(1.,0.));
#5410 = ( GEOMETRIC_REPRESENTATION_CONTEXT(2) 
PARAMETRIC_REPRESENTATION_CONTEXT() REPRESENTATION_CONTEXT('2D SPACE',''
  ) );
#5411 = ORIENTED_EDGE('',*,*,#5055,.T.);
#5412 = FACE_BOUND('',#5413,.F.);
#5413 = EDGE_LOOP('',(#5414));
#5414 = ORIENTED_EDGE('',*,*,#5415,.T.);
#5415 = EDGE_CURVE('',#5416,#5416,#5418,.T.);
#5416 = VERTEX_POINT('',#5417);
#5417 = CARTESIAN_POINT('',(3.,20.,2.775557561563E-16));
#5418 = SURFACE_CURVE('',#5419,(#5424,#5435),.PCURVE_S1.);
#5419 = CIRCLE('',#5420,3.);
#5420 = AXIS2_PLACEMENT_3D('',#5421,#5422,#5423);
#5421 = CARTESIAN_POINT('',(0.,20.,2.775557561563E-16));
#5422 = DIRECTION('',(0.,-1.,1.110223024625E-16));
#5423 = DIRECTION('',(1.,0.,0.));
#5424 = PCURVE('',#4956,#5425);
#5425 = DEFINITIONAL_REPRESENTATION('',(#5426),#5434);
#5426 = ( BOUNDED_CURVE() B_SPLINE_CURVE(2,(#5427,#5428,#5429,#5430,
#5431,#5432,#5433),.UNSPECIFIED.,.T.,.F.) B_SPLINE_CURVE_WITH_KNOTS((1,2
    ,2,2,2,1),(-2.094395102393,0.,2.094395102393,4.188790204786,
6.28318530718,8.377580409573),.UNSPECIFIED.) CURVE() 
GEOMETRIC_REPRESENTATION_ITEM() RATIONAL_B_SPLINE_CURVE((1.,0.5,1.,0.5,
1.,0.5,1.)) REPRESENTATION_ITEM('') );
#5427 = CARTESIAN_POINT('',(9.,-64.));
#5428 = CARTESIAN_POINT('',(9.,-58.80384757729));
#5429 = CARTESIAN_POINT('',(13.5,-61.40192378864));
#5430 = CARTESIAN_POINT('',(18.,-64.));
#5431 = CARTESIAN_POINT('',(13.5,-66.59807621135));
#5432 = CARTESIAN_POINT('',(9.,-69.1961524227));
#5433 = CARTESIAN_POINT('',(9.,-64.));
#5434 = ( GEOMETRIC_REPRESENTATION_CONTEXT(2) 
PARAMETRIC_REPRESENTATION_CONTEXT() REPRESENTATION_CONTEXT('2D SPACE',''
  ) );
#5435 = PCURVE('',#5223,#5436);
#5436 = DEFINITIONAL_REPRESENTATION('',(#5437),#5441);
#5437 = LINE('',#5438,#5439);
#5438 = CARTESIAN_POINT('',(-0.,-2.5));
#5439 = VECTOR('',#5440,1.);
#5440 = DIRECTION('',(-1.,0.));
#5441 = ( GEOMETRIC_REPRESENTATION_CONTEXT(2) 
PARAMETRIC_REPRESENTATION_CONTEXT() REPRESENTATION_CONTEXT('2D SPACE',''
  ) );
#5442 = FACE_BOUND('',#5443,.F.);
#5443 = EDGE_LOOP('',(#5444,#5469,#5493,#5516));
#5444 = ORIENTED_EDGE('',*,*,#5445,.F.);
#5445 = EDGE_CURVE('',#5446,#5448,#5450,.T.);
#5446 = VERTEX_POINT('',#5447);
#5447 = CARTESIAN_POINT('',(-1.216304331331,20.,22.814920639213));
#5448 = VERTEX_POINT('',#5449);
#5449 = CARTESIAN_POINT('',(14.601284712441,20.,107.17539553932));
#5450 = SURFACE_CURVE('',#5451,(#5455,#5462),.PCURVE_S1.);
#5451 = LINE('',#5452,#5453);
#5452 = CARTESIAN_POINT('',(-1.216304331331,20.,22.814920639213));
#5453 = VECTOR('',#5454,1.);
#5454 = DIRECTION('',(0.18428853505,1.091207332198E-16,0.982872186934));
#5455 = PCURVE('',#4956,#5456);
#5456 = DEFINITIONAL_REPRESENTATION('',(#5457),#5461);
#5457 = LINE('',#5458,#5459);
#5458 = CARTESIAN_POINT('',(13.216304331331,-41.18507936078));
#5459 = VECTOR('',#5460,1.);
#5460 = DIRECTION('',(-0.18428853505,0.982872186934));
#5461 = ( GEOMETRIC_REPRESENTATION_CONTEXT(2) 
PARAMETRIC_REPRESENTATION_CONTEXT() REPRESENTATION_CONTEXT('2D SPACE',''
  ) );
#5462 = PCURVE('',#5255,#5463);
#5463 = DEFINITIONAL_REPRESENTATION('',(#5464),#5468);
#5464 = LINE('',#5465,#5466);
#5465 = CARTESIAN_POINT('',(-2.728018330495E-16,-2.5));
#5466 = VECTOR('',#5467,1.);
#5467 = DIRECTION('',(1.,0.));
#5468 = ( GEOMETRIC_REPRESENTATION_CONTEXT(2) 
PARAMETRIC_REPRESENTATION_CONTEXT() REPRESENTATION_CONTEXT('2D SPACE',''
  ) );
#5469 = ORIENTED_EDGE('',*,*,#5470,.F.);
#5470 = EDGE_CURVE('',#5471,#5446,#5473,.T.);
#5471 = VERTEX_POINT('',#5472);
#5472 = CARTESIAN_POINT('',(9.398715287559,20.,20.824604460671));
#5473 = SURFACE_CURVE('',#5474,(#5479,#5486),.PCURVE_S1.);
#5474 = CIRCLE('',#5475,5.4);
#5475 = AXIS2_PLACEMENT_3D('',#5476,#5477,#5478);
#5476 = CARTESIAN_POINT('',(4.091205478114,20.,21.819762549942));
#5477 = DIRECTION('',(0.,1.,-1.110223024625E-16));
#5478 = DIRECTION('',(0.982872186934,-2.046013747872E-17,-0.18428853505)
  );
#5479 = PCURVE('',#4956,#5480);
#5480 = DEFINITIONAL_REPRESENTATION('',(#5481),#5485);
#5481 = CIRCLE('',#5482,5.4);
#5482 = AXIS2_PLACEMENT_2D('',#5483,#5484);
#5483 = CARTESIAN_POINT('',(7.908794521886,-42.18023745005));
#5484 = DIRECTION('',(-0.982872186934,-0.18428853505));
#5485 = ( GEOMETRIC_REPRESENTATION_CONTEXT(2) 
PARAMETRIC_REPRESENTATION_CONTEXT() REPRESENTATION_CONTEXT('2D SPACE',''
  ) );
#5486 = PCURVE('',#5284,#5487);
#5487 = DEFINITIONAL_REPRESENTATION('',(#5488),#5492);
#5488 = LINE('',#5489,#5490);
#5489 = CARTESIAN_POINT('',(0.,-2.5));
#5490 = VECTOR('',#5491,1.);
#5491 = DIRECTION('',(1.,0.));
#5492 = ( GEOMETRIC_REPRESENTATION_CONTEXT(2) 
PARAMETRIC_REPRESENTATION_CONTEXT() REPRESENTATION_CONTEXT('2D SPACE',''
  ) );
#5493 = ORIENTED_EDGE('',*,*,#5494,.F.);
#5494 = EDGE_CURVE('',#5495,#5471,#5497,.T.);
#5495 = VERTEX_POINT('',#5496);
#5496 = CARTESIAN_POINT('',(25.216304331331,20.,105.18507936078));
#5497 = SURFACE_CURVE('',#5498,(#5502,#5509),.PCURVE_S1.);
#5498 = LINE('',#5499,#5500);
#5499 = CARTESIAN_POINT('',(25.216304331331,20.,105.18507936078));
#5500 = VECTOR('',#5501,1.);
#5501 = DIRECTION('',(-0.18428853505,-1.091207332198E-16,-0.982872186934
    ));
#5502 = PCURVE('',#4956,#5503);
#5503 = DEFINITIONAL_REPRESENTATION('',(#5504),#5508);
#5504 = LINE('',#5505,#5506);
#5505 = CARTESIAN_POINT('',(-13.21630433133,41.185079360787));
#5506 = VECTOR('',#5507,1.);
#5507 = DIRECTION('',(0.18428853505,-0.982872186934));
#5508 = ( GEOMETRIC_REPRESENTATION_CONTEXT(2) 
PARAMETRIC_REPRESENTATION_CONTEXT() REPRESENTATION_CONTEXT('2D SPACE',''
  ) );
#5509 = PCURVE('',#5312,#5510);
#5510 = DEFINITIONAL_REPRESENTATION('',(#5511),#5515);
#5511 = LINE('',#5512,#5513);
#5512 = CARTESIAN_POINT('',(2.728018330495E-16,-2.5));
#5513 = VECTOR('',#5514,1.);
#5514 = DIRECTION('',(1.,0.));
#5515 = ( GEOMETRIC_REPRESENTATION_CONTEXT(2) 
PARAMETRIC_REPRESENTATION_CONTEXT() REPRESENTATION_CONTEXT('2D SPACE',''
  ) );
#5516 = ORIENTED_EDGE('',*,*,#5517,.F.);
#5517 = EDGE_CURVE('',#5448,#5495,#5518,.T.);
#5518 = SURFACE_CURVE('',#5519,(#5524,#5531),.PCURVE_S1.);
#5519 = CIRCLE('',#5520,5.4);
#5520 = AXIS2_PLACEMENT_3D('',#5521,#5522,#5523);
#5521 = CARTESIAN_POINT('',(19.908794521886,20.,106.18023745005));
#5522 = DIRECTION('',(0.,1.,-1.110223024625E-16));
#5523 = DIRECTION('',(-0.982872186934,2.046013747872E-17,0.18428853505)
  );
#5524 = PCURVE('',#4956,#5525);
#5525 = DEFINITIONAL_REPRESENTATION('',(#5526),#5530);
#5526 = CIRCLE('',#5527,5.4);
#5527 = AXIS2_PLACEMENT_2D('',#5528,#5529);
#5528 = CARTESIAN_POINT('',(-7.908794521886,42.180237450058));
#5529 = DIRECTION('',(0.982872186934,0.18428853505));
#5530 = ( GEOMETRIC_REPRESENTATION_CONTEXT(2) 
PARAMETRIC_REPRESENTATION_CONTEXT() REPRESENTATION_CONTEXT('2D SPACE',''
  ) );
#5531 = PCURVE('',#5339,#5532);
#5532 = DEFINITIONAL_REPRESENTATION('',(#5533),#5537);
#5533 = LINE('',#5534,#5535);
#5534 = CARTESIAN_POINT('',(0.,-2.5));
#5535 = VECTOR('',#5536,1.);
#5536 = DIRECTION('',(1.,0.));
#5537 = ( GEOMETRIC_REPRESENTATION_CONTEXT(2) 
PARAMETRIC_REPRESENTATION_CONTEXT() REPRESENTATION_CONTEXT('2D SPACE',''
  ) );
#5538 = FACE_BOUND('',#5539,.F.);
#5539 = EDGE_LOOP('',(#5540));
#5540 = ORIENTED_EDGE('',*,*,#5541,.T.);
#5541 = EDGE_CURVE('',#5542,#5542,#5544,.T.);
#5542 = VERTEX_POINT('',#5543);
#5543 = CARTESIAN_POINT('',(27.,20.,128.));
#5544 = SURFACE_CURVE('',#5545,(#5550,#5561),.PCURVE_S1.);
#5545 = CIRCLE('',#5546,3.);
#5546 = AXIS2_PLACEMENT_3D('',#5547,#5548,#5549);
#5547 = CARTESIAN_POINT('',(24.,20.,128.));
#5548 = DIRECTION('',(0.,-1.,1.110223024625E-16));
#5549 = DIRECTION('',(1.,0.,0.));
#5550 = PCURVE('',#4956,#5551);
#5551 = DEFINITIONAL_REPRESENTATION('',(#5552),#5560);
#5552 = ( BOUNDED_CURVE() B_SPLINE_CURVE(2,(#5553,#5554,#5555,#5556,
#5557,#5558,#5559),.UNSPECIFIED.,.T.,.F.) B_SPLINE_CURVE_WITH_KNOTS((1,2
    ,2,2,2,1),(-2.094395102393,0.,2.094395102393,4.188790204786,
6.28318530718,8.377580409573),.UNSPECIFIED.) CURVE() 
GEOMETRIC_REPRESENTATION_ITEM() RATIONAL_B_SPLINE_CURVE((1.,0.5,1.,0.5,
1.,0.5,1.)) REPRESENTATION_ITEM('') );
#5553 = CARTESIAN_POINT('',(-15.,64.));
#5554 = CARTESIAN_POINT('',(-15.,69.196152422707));
#5555 = CARTESIAN_POINT('',(-10.5,66.598076211353));
#5556 = CARTESIAN_POINT('',(-6.,64.));
#5557 = CARTESIAN_POINT('',(-10.5,61.401923788647));
#5558 = CARTESIAN_POINT('',(-15.,58.803847577293));
#5559 = CARTESIAN_POINT('',(-15.,64.));
#5560 = ( GEOMETRIC_REPRESENTATION_CONTEXT(2) 
PARAMETRIC_REPRESENTATION_CONTEXT() REPRESENTATION_CONTEXT('2D SPACE',''
  ) );
#5561 = PCURVE('',#5374,#5562);
#5562 = DEFINITIONAL_REPRESENTATION('',(#5563),#5567);
#5563 = LINE('',#5564,#5565);
#5564 = CARTESIAN_POINT('',(-0.,-2.5));
#5565 = VECTOR('',#5566,1.);
#5566 = DIRECTION('',(-1.,0.));
#5567 = ( GEOMETRIC_REPRESENTATION_CONTEXT(2) 
PARAMETRIC_REPRESENTATION_CONTEXT() REPRESENTATION_CONTEXT('2D SPACE',''
  ) );
#5568 = ADVANCED_FACE('',(#5569),#5043,.T.);
#5569 = FACE_BOUND('',#5570,.T.);
#5570 = EDGE_LOOP('',(#5571,#5572,#5573,#5574));
#5571 = ORIENTED_EDGE('',*,*,#5128,.T.);
#5572 = ORIENTED_EDGE('',*,*,#5391,.T.);
#5573 = ORIENTED_EDGE('',*,*,#5025,.F.);
#5574 = ORIENTED_EDGE('',*,*,#5178,.F.);
#5575 = ADVANCED_FACE('',(#5576),#5223,.F.);
#5576 = FACE_BOUND('',#5577,.T.);
#5577 = EDGE_LOOP('',(#5578,#5599,#5600,#5601));
#5578 = ORIENTED_EDGE('',*,*,#5579,.T.);
#5579 = EDGE_CURVE('',#5203,#5416,#5580,.T.);
#5580 = SEAM_CURVE('',#5581,(#5585,#5592),.PCURVE_S1.);
#5581 = LINE('',#5582,#5583);
#5582 = CARTESIAN_POINT('',(3.,22.5,0.));
#5583 = VECTOR('',#5584,1.);
#5584 = DIRECTION('',(0.,-1.,1.110223024625E-16));
#5585 = PCURVE('',#5223,#5586);
#5586 = DEFINITIONAL_REPRESENTATION('',(#5587),#5591);
#5587 = LINE('',#5588,#5589);
#5588 = CARTESIAN_POINT('',(-0.,0.));
#5589 = VECTOR('',#5590,1.);
#5590 = DIRECTION('',(-0.,-1.));
#5591 = ( GEOMETRIC_REPRESENTATION_CONTEXT(2) 
PARAMETRIC_REPRESENTATION_CONTEXT() REPRESENTATION_CONTEXT('2D SPACE',''
  ) );
#5592 = PCURVE('',#5223,#5593);
#5593 = DEFINITIONAL_REPRESENTATION('',(#5594),#5598);
#5594 = LINE('',#5595,#5596);
#5595 = CARTESIAN_POINT('',(-6.28318530718,0.));
#5596 = VECTOR('',#5597,1.);
#5597 = DIRECTION('',(-0.,-1.));
#5598 = ( GEOMETRIC_REPRESENTATION_CONTEXT(2) 
PARAMETRIC_REPRESENTATION_CONTEXT() REPRESENTATION_CONTEXT('2D SPACE',''
  ) );
#5599 = ORIENTED_EDGE('',*,*,#5415,.T.);
#5600 = ORIENTED_EDGE('',*,*,#5579,.F.);
#5601 = ORIENTED_EDGE('',*,*,#5202,.F.);
#5602 = ADVANCED_FACE('',(#5603),#5255,.F.);
#5603 = FACE_BOUND('',#5604,.F.);
#5604 = EDGE_LOOP('',(#5605,#5626,#5627,#5648));
#5605 = ORIENTED_EDGE('',*,*,#5606,.T.);
#5606 = EDGE_CURVE('',#5238,#5446,#5607,.T.);
#5607 = SURFACE_CURVE('',#5608,(#5612,#5619),.PCURVE_S1.);
#5608 = LINE('',#5609,#5610);
#5609 = CARTESIAN_POINT('',(-1.216304331331,22.5,22.814920639213));
#5610 = VECTOR('',#5611,1.);
#5611 = DIRECTION('',(0.,-1.,1.110223024625E-16));
#5612 = PCURVE('',#5255,#5613);
#5613 = DEFINITIONAL_REPRESENTATION('',(#5614),#5618);
#5614 = LINE('',#5615,#5616);
#5615 = CARTESIAN_POINT('',(0.,0.));
#5616 = VECTOR('',#5617,1.);
#5617 = DIRECTION('',(0.,-1.));
#5618 = ( GEOMETRIC_REPRESENTATION_CONTEXT(2) 
PARAMETRIC_REPRESENTATION_CONTEXT() REPRESENTATION_CONTEXT('2D SPACE',''
  ) );
#5619 = PCURVE('',#5284,#5620);
#5620 = DEFINITIONAL_REPRESENTATION('',(#5621),#5625);
#5621 = LINE('',#5622,#5623);
#5622 = CARTESIAN_POINT('',(3.14159265359,0.));
#5623 = VECTOR('',#5624,1.);
#5624 = DIRECTION('',(0.,-1.));
#5625 = ( GEOMETRIC_REPRESENTATION_CONTEXT(2) 
PARAMETRIC_REPRESENTATION_CONTEXT() REPRESENTATION_CONTEXT('2D SPACE',''
  ) );
#5626 = ORIENTED_EDGE('',*,*,#5445,.T.);
#5627 = ORIENTED_EDGE('',*,*,#5628,.F.);
#5628 = EDGE_CURVE('',#5240,#5448,#5629,.T.);
#5629 = SURFACE_CURVE('',#5630,(#5634,#5641),.PCURVE_S1.);
#5630 = LINE('',#5631,#5632);
#5631 = CARTESIAN_POINT('',(14.601284712441,22.5,107.17539553932));
#5632 = VECTOR('',#5633,1.);
#5633 = DIRECTION('',(0.,-1.,1.110223024625E-16));
#5634 = PCURVE('',#5255,#5635);
#5635 = DEFINITIONAL_REPRESENTATION('',(#5636),#5640);
#5636 = LINE('',#5637,#5638);
#5637 = CARTESIAN_POINT('',(85.830564768798,-2.260466802641E-15));
#5638 = VECTOR('',#5639,1.);
#5639 = DIRECTION('',(0.,-1.));
#5640 = ( GEOMETRIC_REPRESENTATION_CONTEXT(2) 
PARAMETRIC_REPRESENTATION_CONTEXT() REPRESENTATION_CONTEXT('2D SPACE',''
  ) );
#5641 = PCURVE('',#5339,#5642);
#5642 = DEFINITIONAL_REPRESENTATION('',(#5643),#5647);
#5643 = LINE('',#5644,#5645);
#5644 = CARTESIAN_POINT('',(0.,0.));
#5645 = VECTOR('',#5646,1.);
#5646 = DIRECTION('',(0.,-1.));
#5647 = ( GEOMETRIC_REPRESENTATION_CONTEXT(2) 
PARAMETRIC_REPRESENTATION_CONTEXT() REPRESENTATION_CONTEXT('2D SPACE',''
  ) );
#5648 = ORIENTED_EDGE('',*,*,#5237,.F.);
#5649 = ADVANCED_FACE('',(#5650),#5284,.F.);
#5650 = FACE_BOUND('',#5651,.F.);
#5651 = EDGE_LOOP('',(#5652,#5673,#5674,#5675));
#5652 = ORIENTED_EDGE('',*,*,#5653,.T.);
#5653 = EDGE_CURVE('',#5268,#5471,#5654,.T.);
#5654 = SURFACE_CURVE('',#5655,(#5659,#5666),.PCURVE_S1.);
#5655 = LINE('',#5656,#5657);
#5656 = CARTESIAN_POINT('',(9.398715287559,22.5,20.824604460671));
#5657 = VECTOR('',#5658,1.);
#5658 = DIRECTION('',(0.,-1.,1.110223024625E-16));
#5659 = PCURVE('',#5284,#5660);
#5660 = DEFINITIONAL_REPRESENTATION('',(#5661),#5665);
#5661 = LINE('',#5662,#5663);
#5662 = CARTESIAN_POINT('',(0.,0.));
#5663 = VECTOR('',#5664,1.);
#5664 = DIRECTION('',(0.,-1.));
#5665 = ( GEOMETRIC_REPRESENTATION_CONTEXT(2) 
PARAMETRIC_REPRESENTATION_CONTEXT() REPRESENTATION_CONTEXT('2D SPACE',''
  ) );
#5666 = PCURVE('',#5312,#5667);
#5667 = DEFINITIONAL_REPRESENTATION('',(#5668),#5672);
#5668 = LINE('',#5669,#5670);
#5669 = CARTESIAN_POINT('',(85.830564768798,2.260466802641E-15));
#5670 = VECTOR('',#5671,1.);
#5671 = DIRECTION('',(0.,-1.));
#5672 = ( GEOMETRIC_REPRESENTATION_CONTEXT(2) 
PARAMETRIC_REPRESENTATION_CONTEXT() REPRESENTATION_CONTEXT('2D SPACE',''
  ) );
#5673 = ORIENTED_EDGE('',*,*,#5470,.T.);
#5674 = ORIENTED_EDGE('',*,*,#5606,.F.);
#5675 = ORIENTED_EDGE('',*,*,#5267,.F.);
#5676 = ADVANCED_FACE('',(#5677),#5339,.F.);
#5677 = FACE_BOUND('',#5678,.F.);
#5678 = EDGE_LOOP('',(#5679,#5680,#5681,#5702));
#5679 = ORIENTED_EDGE('',*,*,#5628,.T.);
#5680 = ORIENTED_EDGE('',*,*,#5517,.T.);
#5681 = ORIENTED_EDGE('',*,*,#5682,.F.);
#5682 = EDGE_CURVE('',#5297,#5495,#5683,.T.);
#5683 = SURFACE_CURVE('',#5684,(#5688,#5695),.PCURVE_S1.);
#5684 = LINE('',#5685,#5686);
#5685 = CARTESIAN_POINT('',(25.216304331331,22.5,105.18507936078));
#5686 = VECTOR('',#5687,1.);
#5687 = DIRECTION('',(0.,-1.,1.110223024625E-16));
#5688 = PCURVE('',#5339,#5689);
#5689 = DEFINITIONAL_REPRESENTATION('',(#5690),#5694);
#5690 = LINE('',#5691,#5692);
#5691 = CARTESIAN_POINT('',(3.14159265359,0.));
#5692 = VECTOR('',#5693,1.);
#5693 = DIRECTION('',(0.,-1.));
#5694 = ( GEOMETRIC_REPRESENTATION_CONTEXT(2) 
PARAMETRIC_REPRESENTATION_CONTEXT() REPRESENTATION_CONTEXT('2D SPACE',''
  ) );
#5695 = PCURVE('',#5312,#5696);
#5696 = DEFINITIONAL_REPRESENTATION('',(#5697),#5701);
#5697 = LINE('',#5698,#5699);
#5698 = CARTESIAN_POINT('',(-0.,0.));
#5699 = VECTOR('',#5700,1.);
#5700 = DIRECTION('',(0.,-1.));
#5701 = ( GEOMETRIC_REPRESENTATION_CONTEXT(2) 
PARAMETRIC_REPRESENTATION_CONTEXT() REPRESENTATION_CONTEXT('2D SPACE',''
  ) );
#5702 = ORIENTED_EDGE('',*,*,#5324,.F.);
#5703 = ADVANCED_FACE('',(#5704),#5312,.F.);
#5704 = FACE_BOUND('',#5705,.F.);
#5705 = EDGE_LOOP('',(#5706,#5707,#5708,#5709));
#5706 = ORIENTED_EDGE('',*,*,#5682,.T.);
#5707 = ORIENTED_EDGE('',*,*,#5494,.T.);
#5708 = ORIENTED_EDGE('',*,*,#5653,.F.);
#5709 = ORIENTED_EDGE('',*,*,#5296,.F.);
#5710 = ADVANCED_FACE('',(#5711),#5374,.F.);
#5711 = FACE_BOUND('',#5712,.T.);
#5712 = EDGE_LOOP('',(#5713,#5734,#5735,#5736));
#5713 = ORIENTED_EDGE('',*,*,#5714,.T.);
#5714 = EDGE_CURVE('',#5354,#5542,#5715,.T.);
#5715 = SEAM_CURVE('',#5716,(#5720,#5727),.PCURVE_S1.);
#5716 = LINE('',#5717,#5718);
#5717 = CARTESIAN_POINT('',(27.,22.5,128.));
#5718 = VECTOR('',#5719,1.);
#5719 = DIRECTION('',(0.,-1.,1.110223024625E-16));
#5720 = PCURVE('',#5374,#5721);
#5721 = DEFINITIONAL_REPRESENTATION('',(#5722),#5726);
#5722 = LINE('',#5723,#5724);
#5723 = CARTESIAN_POINT('',(-0.,0.));
#5724 = VECTOR('',#5725,1.);
#5725 = DIRECTION('',(-0.,-1.));
#5726 = ( GEOMETRIC_REPRESENTATION_CONTEXT(2) 
PARAMETRIC_REPRESENTATION_CONTEXT() REPRESENTATION_CONTEXT('2D SPACE',''
  ) );
#5727 = PCURVE('',#5374,#5728);
#5728 = DEFINITIONAL_REPRESENTATION('',(#5729),#5733);
#5729 = LINE('',#5730,#5731);
#5730 = CARTESIAN_POINT('',(-6.28318530718,0.));
#5731 = VECTOR('',#5732,1.);
#5732 = DIRECTION('',(-0.,-1.));
#5733 = ( GEOMETRIC_REPRESENTATION_CONTEXT(2) 
PARAMETRIC_REPRESENTATION_CONTEXT() REPRESENTATION_CONTEXT('2D SPACE',''
  ) );
#5734 = ORIENTED_EDGE('',*,*,#5541,.T.);
#5735 = ORIENTED_EDGE('',*,*,#5714,.F.);
#5736 = ORIENTED_EDGE('',*,*,#5353,.F.);
#5737 = MANIFOLD_SOLID_BREP('',#5738);
#5738 = CLOSED_SHELL('',(#5739,#5859,#5937,#6010,#6223,#6406,#6413,#6440
    ,#6487,#6514,#6541,#6548));
#5739 = ADVANCED_FACE('',(#5740),#5754,.T.);
#5740 = FACE_BOUND('',#5741,.T.);
#5741 = EDGE_LOOP('',(#5742,#5777,#5805,#5833));
#5742 = ORIENTED_EDGE('',*,*,#5743,.T.);
#5743 = EDGE_CURVE('',#5744,#5746,#5748,.T.);
#5744 = VERTEX_POINT('',#5745);
#5745 = CARTESIAN_POINT('',(-11.79446624321,-20.,2.211462420602));
#5746 = VERTEX_POINT('',#5747);
#5747 = CARTESIAN_POINT('',(-11.79446624321,-22.5,2.211462420602));
#5748 = SURFACE_CURVE('',#5749,(#5753,#5765),.PCURVE_S1.);
#5749 = LINE('',#5750,#5751);
#5750 = CARTESIAN_POINT('',(-11.79446624321,-20.,2.211462420602));
#5751 = VECTOR('',#5752,1.);
#5752 = DIRECTION('',(0.,-1.,1.110223024625E-16));
#5753 = PCURVE('',#5754,#5759);
#5754 = PLANE('',#5755);
#5755 = AXIS2_PLACEMENT_3D('',#5756,#5757,#5758);
#5756 = CARTESIAN_POINT('',(-11.79446624321,-20.,2.211462420602));
#5757 = DIRECTION('',(-0.982872186934,2.046013747872E-17,0.18428853505)
  );
#5758 = DIRECTION('',(0.18428853505,1.091207332198E-16,0.982872186934));
#5759 = DEFINITIONAL_REPRESENTATION('',(#5760),#5764);
#5760 = LINE('',#5761,#5762);
#5761 = CARTESIAN_POINT('',(0.,0.));
#5762 = VECTOR('',#5763,1.);
#5763 = DIRECTION('',(0.,-1.));
#5764 = ( GEOMETRIC_REPRESENTATION_CONTEXT(2) 
PARAMETRIC_REPRESENTATION_CONTEXT() REPRESENTATION_CONTEXT('2D SPACE',''
  ) );
#5765 = PCURVE('',#5766,#5771);
#5766 = CYLINDRICAL_SURFACE('',#5767,12.);
#5767 = AXIS2_PLACEMENT_3D('',#5768,#5769,#5770);
#5768 = CARTESIAN_POINT('',(-1.7763568394E-15,-20.,0.));
#5769 = DIRECTION('',(0.,1.,-1.110223024625E-16));
#5770 = DIRECTION('',(0.982872186934,-2.046013747872E-17,-0.18428853505)
  );
#5771 = DEFINITIONAL_REPRESENTATION('',(#5772),#5776);
#5772 = LINE('',#5773,#5774);
#5773 = CARTESIAN_POINT('',(3.14159265359,0.));
#5774 = VECTOR('',#5775,1.);
#5775 = DIRECTION('',(0.,-1.));
#5776 = ( GEOMETRIC_REPRESENTATION_CONTEXT(2) 
PARAMETRIC_REPRESENTATION_CONTEXT() REPRESENTATION_CONTEXT('2D SPACE',''
  ) );
#5777 = ORIENTED_EDGE('',*,*,#5778,.T.);
#5778 = EDGE_CURVE('',#5746,#5779,#5781,.T.);
#5779 = VERTEX_POINT('',#5780);
#5780 = CARTESIAN_POINT('',(12.205533756788,-22.5,130.2114624206));
#5781 = SURFACE_CURVE('',#5782,(#5786,#5793),.PCURVE_S1.);
#5782 = LINE('',#5783,#5784);
#5783 = CARTESIAN_POINT('',(-11.79446624321,-22.5,2.211462420602));
#5784 = VECTOR('',#5785,1.);
#5785 = DIRECTION('',(0.18428853505,1.091207332198E-16,0.982872186934));
#5786 = PCURVE('',#5754,#5787);
#5787 = DEFINITIONAL_REPRESENTATION('',(#5788),#5792);
#5788 = LINE('',#5789,#5790);
#5789 = CARTESIAN_POINT('',(1.636810998297E-16,-2.5));
#5790 = VECTOR('',#5791,1.);
#5791 = DIRECTION('',(1.,0.));
#5792 = ( GEOMETRIC_REPRESENTATION_CONTEXT(2) 
PARAMETRIC_REPRESENTATION_CONTEXT() REPRESENTATION_CONTEXT('2D SPACE',''
  ) );
#5793 = PCURVE('',#5794,#5799);
#5794 = PLANE('',#5795);
#5795 = AXIS2_PLACEMENT_3D('',#5796,#5797,#5798);
#5796 = CARTESIAN_POINT('',(12.,-22.5,64.));
#5797 = DIRECTION('',(-0.,1.,-1.110223024625E-16));
#5798 = DIRECTION('',(-1.,0.,0.));
#5799 = DEFINITIONAL_REPRESENTATION('',(#5800),#5804);
#5800 = LINE('',#5801,#5802);
#5801 = CARTESIAN_POINT('',(23.794466243212,-61.78853757939));
#5802 = VECTOR('',#5803,1.);
#5803 = DIRECTION('',(-0.18428853505,0.982872186934));
#5804 = ( GEOMETRIC_REPRESENTATION_CONTEXT(2) 
PARAMETRIC_REPRESENTATION_CONTEXT() REPRESENTATION_CONTEXT('2D SPACE',''
  ) );
#5805 = ORIENTED_EDGE('',*,*,#5806,.F.);
#5806 = EDGE_CURVE('',#5807,#5779,#5809,.T.);
#5807 = VERTEX_POINT('',#5808);
#5808 = CARTESIAN_POINT('',(12.205533756788,-20.,130.2114624206));
#5809 = SURFACE_CURVE('',#5810,(#5814,#5821),.PCURVE_S1.);
#5810 = LINE('',#5811,#5812);
#5811 = CARTESIAN_POINT('',(12.205533756788,-20.,130.2114624206));
#5812 = VECTOR('',#5813,1.);
#5813 = DIRECTION('',(0.,-1.,1.110223024625E-16));
#5814 = PCURVE('',#5754,#5815);
#5815 = DEFINITIONAL_REPRESENTATION('',(#5816),#5820);
#5816 = LINE('',#5817,#5818);
#5817 = CARTESIAN_POINT('',(130.23056476879,0.));
#5818 = VECTOR('',#5819,1.);
#5819 = DIRECTION('',(0.,-1.));
#5820 = ( GEOMETRIC_REPRESENTATION_CONTEXT(2) 
PARAMETRIC_REPRESENTATION_CONTEXT() REPRESENTATION_CONTEXT('2D SPACE',''
  ) );
#5821 = PCURVE('',#5822,#5827);
#5822 = CYLINDRICAL_SURFACE('',#5823,12.);
#5823 = AXIS2_PLACEMENT_3D('',#5824,#5825,#5826);
#5824 = CARTESIAN_POINT('',(24.,-20.,128.));
#5825 = DIRECTION('',(0.,1.,-1.110223024625E-16));
#5826 = DIRECTION('',(-0.982872186934,2.046013747872E-17,0.18428853505)
  );
#5827 = DEFINITIONAL_REPRESENTATION('',(#5828),#5832);
#5828 = LINE('',#5829,#5830);
#5829 = CARTESIAN_POINT('',(0.,0.));
#5830 = VECTOR('',#5831,1.);
#5831 = DIRECTION('',(0.,-1.));
#5832 = ( GEOMETRIC_REPRESENTATION_CONTEXT(2) 
PARAMETRIC_REPRESENTATION_CONTEXT() REPRESENTATION_CONTEXT('2D SPACE',''
  ) );
#5833 = ORIENTED_EDGE('',*,*,#5834,.F.);
#5834 = EDGE_CURVE('',#5744,#5807,#5835,.T.);
#5835 = SURFACE_CURVE('',#5836,(#5840,#5847),.PCURVE_S1.);
#5836 = LINE('',#5837,#5838);
#5837 = CARTESIAN_POINT('',(-11.79446624321,-20.,2.211462420602));
#5838 = VECTOR('',#5839,1.);
#5839 = DIRECTION('',(0.18428853505,1.091207332198E-16,0.982872186934));
#5840 = PCURVE('',#5754,#5841);
#5841 = DEFINITIONAL_REPRESENTATION('',(#5842),#5846);
#5842 = LINE('',#5843,#5844);
#5843 = CARTESIAN_POINT('',(0.,0.));
#5844 = VECTOR('',#5845,1.);
#5845 = DIRECTION('',(1.,0.));
#5846 = ( GEOMETRIC_REPRESENTATION_CONTEXT(2) 
PARAMETRIC_REPRESENTATION_CONTEXT() REPRESENTATION_CONTEXT('2D SPACE',''
  ) );
#5847 = PCURVE('',#5848,#5853);
#5848 = PLANE('',#5849);
#5849 = AXIS2_PLACEMENT_3D('',#5850,#5851,#5852);
#5850 = CARTESIAN_POINT('',(12.,-20.,64.));
#5851 = DIRECTION('',(-0.,1.,-1.110223024625E-16));
#5852 = DIRECTION('',(-1.,0.,0.));
#5853 = DEFINITIONAL_REPRESENTATION('',(#5854),#5858);
#5854 = LINE('',#5855,#5856);
#5855 = CARTESIAN_POINT('',(23.794466243212,-61.78853757939));
#5856 = VECTOR('',#5857,1.);
#5857 = DIRECTION('',(-0.18428853505,0.982872186934));
#5858 = ( GEOMETRIC_REPRESENTATION_CONTEXT(2) 
PARAMETRIC_REPRESENTATION_CONTEXT() REPRESENTATION_CONTEXT('2D SPACE',''
  ) );
#5859 = ADVANCED_FACE('',(#5860),#5766,.T.);
#5860 = FACE_BOUND('',#5861,.T.);
#5861 = EDGE_LOOP('',(#5862,#5892,#5914,#5915));
#5862 = ORIENTED_EDGE('',*,*,#5863,.T.);
#5863 = EDGE_CURVE('',#5864,#5866,#5868,.T.);
#5864 = VERTEX_POINT('',#5865);
#5865 = CARTESIAN_POINT('',(11.794466243212,-20.,-2.211462420602));
#5866 = VERTEX_POINT('',#5867);
#5867 = CARTESIAN_POINT('',(11.794466243212,-22.5,-2.211462420602));
#5868 = SURFACE_CURVE('',#5869,(#5873,#5880),.PCURVE_S1.);
#5869 = LINE('',#5870,#5871);
#5870 = CARTESIAN_POINT('',(11.794466243212,-20.,-2.211462420602));
#5871 = VECTOR('',#5872,1.);
#5872 = DIRECTION('',(0.,-1.,1.110223024625E-16));
#5873 = PCURVE('',#5766,#5874);
#5874 = DEFINITIONAL_REPRESENTATION('',(#5875),#5879);
#5875 = LINE('',#5876,#5877);
#5876 = CARTESIAN_POINT('',(0.,0.));
#5877 = VECTOR('',#5878,1.);
#5878 = DIRECTION('',(0.,-1.));
#5879 = ( GEOMETRIC_REPRESENTATION_CONTEXT(2) 
PARAMETRIC_REPRESENTATION_CONTEXT() REPRESENTATION_CONTEXT('2D SPACE',''
  ) );
#5880 = PCURVE('',#5881,#5886);
#5881 = PLANE('',#5882);
#5882 = AXIS2_PLACEMENT_3D('',#5883,#5884,#5885);
#5883 = CARTESIAN_POINT('',(35.794466243212,-20.,125.78853757939));
#5884 = DIRECTION('',(0.982872186934,-2.046013747872E-17,-0.18428853505)
  );
#5885 = DIRECTION('',(-0.18428853505,-1.091207332198E-16,-0.982872186934
    ));
#5886 = DEFINITIONAL_REPRESENTATION('',(#5887),#5891);
#5887 = LINE('',#5888,#5889);
#5888 = CARTESIAN_POINT('',(130.23056476879,0.));
#5889 = VECTOR('',#5890,1.);
#5890 = DIRECTION('',(0.,-1.));
#5891 = ( GEOMETRIC_REPRESENTATION_CONTEXT(2) 
PARAMETRIC_REPRESENTATION_CONTEXT() REPRESENTATION_CONTEXT('2D SPACE',''
  ) );
#5892 = ORIENTED_EDGE('',*,*,#5893,.T.);
#5893 = EDGE_CURVE('',#5866,#5746,#5894,.T.);
#5894 = SURFACE_CURVE('',#5895,(#5900,#5907),.PCURVE_S1.);
#5895 = CIRCLE('',#5896,12.);
#5896 = AXIS2_PLACEMENT_3D('',#5897,#5898,#5899);
#5897 = CARTESIAN_POINT('',(-1.7763568394E-15,-22.5,2.775557561563E-16)
  );
#5898 = DIRECTION('',(0.,1.,-1.110223024625E-16));
#5899 = DIRECTION('',(0.982872186934,-2.046013747872E-17,-0.18428853505)
  );
#5900 = PCURVE('',#5766,#5901);
#5901 = DEFINITIONAL_REPRESENTATION('',(#5902),#5906);
#5902 = LINE('',#5903,#5904);
#5903 = CARTESIAN_POINT('',(0.,-2.5));
#5904 = VECTOR('',#5905,1.);
#5905 = DIRECTION('',(1.,0.));
#5906 = ( GEOMETRIC_REPRESENTATION_CONTEXT(2) 
PARAMETRIC_REPRESENTATION_CONTEXT() REPRESENTATION_CONTEXT('2D SPACE',''
  ) );
#5907 = PCURVE('',#5794,#5908);
#5908 = DEFINITIONAL_REPRESENTATION('',(#5909),#5913);
#5909 = CIRCLE('',#5910,12.);
#5910 = AXIS2_PLACEMENT_2D('',#5911,#5912);
#5911 = CARTESIAN_POINT('',(12.,-64.));
#5912 = DIRECTION('',(-0.982872186934,-0.18428853505));
#5913 = ( GEOMETRIC_REPRESENTATION_CONTEXT(2) 
PARAMETRIC_REPRESENTATION_CONTEXT() REPRESENTATION_CONTEXT('2D SPACE',''
  ) );
#5914 = ORIENTED_EDGE('',*,*,#5743,.F.);
#5915 = ORIENTED_EDGE('',*,*,#5916,.F.);
#5916 = EDGE_CURVE('',#5864,#5744,#5917,.T.);
#5917 = SURFACE_CURVE('',#5918,(#5923,#5930),.PCURVE_S1.);
#5918 = CIRCLE('',#5919,12.);
#5919 = AXIS2_PLACEMENT_3D('',#5920,#5921,#5922);
#5920 = CARTESIAN_POINT('',(-1.7763568394E-15,-20.,0.));
#5921 = DIRECTION('',(0.,1.,-1.110223024625E-16));
#5922 = DIRECTION('',(0.982872186934,-2.046013747872E-17,-0.18428853505)
  );
#5923 = PCURVE('',#5766,#5924);
#5924 = DEFINITIONAL_REPRESENTATION('',(#5925),#5929);
#5925 = LINE('',#5926,#5927);
#5926 = CARTESIAN_POINT('',(0.,0.));
#5927 = VECTOR('',#5928,1.);
#5928 = DIRECTION('',(1.,0.));
#5929 = ( GEOMETRIC_REPRESENTATION_CONTEXT(2) 
PARAMETRIC_REPRESENTATION_CONTEXT() REPRESENTATION_CONTEXT('2D SPACE',''
  ) );
#5930 = PCURVE('',#5848,#5931);
#5931 = DEFINITIONAL_REPRESENTATION('',(#5932),#5936);
#5932 = CIRCLE('',#5933,12.);
#5933 = AXIS2_PLACEMENT_2D('',#5934,#5935);
#5934 = CARTESIAN_POINT('',(12.,-64.));
#5935 = DIRECTION('',(-0.982872186934,-0.18428853505));
#5936 = ( GEOMETRIC_REPRESENTATION_CONTEXT(2) 
PARAMETRIC_REPRESENTATION_CONTEXT() REPRESENTATION_CONTEXT('2D SPACE',''
  ) );
#5937 = ADVANCED_FACE('',(#5938),#5822,.T.);
#5938 = FACE_BOUND('',#5939,.T.);
#5939 = EDGE_LOOP('',(#5940,#5941,#5965,#5988));
#5940 = ORIENTED_EDGE('',*,*,#5806,.T.);
#5941 = ORIENTED_EDGE('',*,*,#5942,.T.);
#5942 = EDGE_CURVE('',#5779,#5943,#5945,.T.);
#5943 = VERTEX_POINT('',#5944);
#5944 = CARTESIAN_POINT('',(35.794466243212,-22.5,125.78853757939));
#5945 = SURFACE_CURVE('',#5946,(#5951,#5958),.PCURVE_S1.);
#5946 = CIRCLE('',#5947,12.);
#5947 = AXIS2_PLACEMENT_3D('',#5948,#5949,#5950);
#5948 = CARTESIAN_POINT('',(24.,-22.5,128.));
#5949 = DIRECTION('',(0.,1.,-1.110223024625E-16));
#5950 = DIRECTION('',(-0.982872186934,2.046013747872E-17,0.18428853505)
  );
#5951 = PCURVE('',#5822,#5952);
#5952 = DEFINITIONAL_REPRESENTATION('',(#5953),#5957);
#5953 = LINE('',#5954,#5955);
#5954 = CARTESIAN_POINT('',(0.,-2.5));
#5955 = VECTOR('',#5956,1.);
#5956 = DIRECTION('',(1.,0.));
#5957 = ( GEOMETRIC_REPRESENTATION_CONTEXT(2) 
PARAMETRIC_REPRESENTATION_CONTEXT() REPRESENTATION_CONTEXT('2D SPACE',''
  ) );
#5958 = PCURVE('',#5794,#5959);
#5959 = DEFINITIONAL_REPRESENTATION('',(#5960),#5964);
#5960 = CIRCLE('',#5961,12.);
#5961 = AXIS2_PLACEMENT_2D('',#5962,#5963);
#5962 = CARTESIAN_POINT('',(-12.,64.));
#5963 = DIRECTION('',(0.982872186934,0.18428853505));
#5964 = ( GEOMETRIC_REPRESENTATION_CONTEXT(2) 
PARAMETRIC_REPRESENTATION_CONTEXT() REPRESENTATION_CONTEXT('2D SPACE',''
  ) );
#5965 = ORIENTED_EDGE('',*,*,#5966,.F.);
#5966 = EDGE_CURVE('',#5967,#5943,#5969,.T.);
#5967 = VERTEX_POINT('',#5968);
#5968 = CARTESIAN_POINT('',(35.794466243212,-20.,125.78853757939));
#5969 = SURFACE_CURVE('',#5970,(#5974,#5981),.PCURVE_S1.);
#5970 = LINE('',#5971,#5972);
#5971 = CARTESIAN_POINT('',(35.794466243212,-20.,125.78853757939));
#5972 = VECTOR('',#5973,1.);
#5973 = DIRECTION('',(0.,-1.,1.110223024625E-16));
#5974 = PCURVE('',#5822,#5975);
#5975 = DEFINITIONAL_REPRESENTATION('',(#5976),#5980);
#5976 = LINE('',#5977,#5978);
#5977 = CARTESIAN_POINT('',(3.14159265359,0.));
#5978 = VECTOR('',#5979,1.);
#5979 = DIRECTION('',(0.,-1.));
#5980 = ( GEOMETRIC_REPRESENTATION_CONTEXT(2) 
PARAMETRIC_REPRESENTATION_CONTEXT() REPRESENTATION_CONTEXT('2D SPACE',''
  ) );
#5981 = PCURVE('',#5881,#5982);
#5982 = DEFINITIONAL_REPRESENTATION('',(#5983),#5987);
#5983 = LINE('',#5984,#5985);
#5984 = CARTESIAN_POINT('',(-0.,0.));
#5985 = VECTOR('',#5986,1.);
#5986 = DIRECTION('',(0.,-1.));
#5987 = ( GEOMETRIC_REPRESENTATION_CONTEXT(2) 
PARAMETRIC_REPRESENTATION_CONTEXT() REPRESENTATION_CONTEXT('2D SPACE',''
  ) );
#5988 = ORIENTED_EDGE('',*,*,#5989,.F.);
#5989 = EDGE_CURVE('',#5807,#5967,#5990,.T.);
#5990 = SURFACE_CURVE('',#5991,(#5996,#6003),.PCURVE_S1.);
#5991 = CIRCLE('',#5992,12.);
#5992 = AXIS2_PLACEMENT_3D('',#5993,#5994,#5995);
#5993 = CARTESIAN_POINT('',(24.,-20.,128.));
#5994 = DIRECTION('',(0.,1.,-1.110223024625E-16));
#5995 = DIRECTION('',(-0.982872186934,2.046013747872E-17,0.18428853505)
  );
#5996 = PCURVE('',#5822,#5997);
#5997 = DEFINITIONAL_REPRESENTATION('',(#5998),#6002);
#5998 = LINE('',#5999,#6000);
#5999 = CARTESIAN_POINT('',(0.,0.));
#6000 = VECTOR('',#6001,1.);
#6001 = DIRECTION('',(1.,0.));
#6002 = ( GEOMETRIC_REPRESENTATION_CONTEXT(2) 
PARAMETRIC_REPRESENTATION_CONTEXT() REPRESENTATION_CONTEXT('2D SPACE',''
  ) );
#6003 = PCURVE('',#5848,#6004);
#6004 = DEFINITIONAL_REPRESENTATION('',(#6005),#6009);
#6005 = CIRCLE('',#6006,12.);
#6006 = AXIS2_PLACEMENT_2D('',#6007,#6008);
#6007 = CARTESIAN_POINT('',(-12.,64.));
#6008 = DIRECTION('',(0.982872186934,0.18428853505));
#6009 = ( GEOMETRIC_REPRESENTATION_CONTEXT(2) 
PARAMETRIC_REPRESENTATION_CONTEXT() REPRESENTATION_CONTEXT('2D SPACE',''
  ) );
#6010 = ADVANCED_FACE('',(#6011,#6037,#6072,#6188),#5848,.T.);
#6011 = FACE_BOUND('',#6012,.T.);
#6012 = EDGE_LOOP('',(#6013,#6014,#6015,#6036));
#6013 = ORIENTED_EDGE('',*,*,#5834,.T.);
#6014 = ORIENTED_EDGE('',*,*,#5989,.T.);
#6015 = ORIENTED_EDGE('',*,*,#6016,.T.);
#6016 = EDGE_CURVE('',#5967,#5864,#6017,.T.);
#6017 = SURFACE_CURVE('',#6018,(#6022,#6029),.PCURVE_S1.);
#6018 = LINE('',#6019,#6020);
#6019 = CARTESIAN_POINT('',(35.794466243212,-20.,125.78853757939));
#6020 = VECTOR('',#6021,1.);
#6021 = DIRECTION('',(-0.18428853505,-1.091207332198E-16,-0.982872186934
    ));
#6022 = PCURVE('',#5848,#6023);
#6023 = DEFINITIONAL_REPRESENTATION('',(#6024),#6028);
#6024 = LINE('',#6025,#6026);
#6025 = CARTESIAN_POINT('',(-23.79446624321,61.788537579398));
#6026 = VECTOR('',#6027,1.);
#6027 = DIRECTION('',(0.18428853505,-0.982872186934));
#6028 = ( GEOMETRIC_REPRESENTATION_CONTEXT(2) 
PARAMETRIC_REPRESENTATION_CONTEXT() REPRESENTATION_CONTEXT('2D SPACE',''
  ) );
#6029 = PCURVE('',#5881,#6030);
#6030 = DEFINITIONAL_REPRESENTATION('',(#6031),#6035);
#6031 = LINE('',#6032,#6033);
#6032 = CARTESIAN_POINT('',(-0.,0.));
#6033 = VECTOR('',#6034,1.);
#6034 = DIRECTION('',(1.,0.));
#6035 = ( GEOMETRIC_REPRESENTATION_CONTEXT(2) 
PARAMETRIC_REPRESENTATION_CONTEXT() REPRESENTATION_CONTEXT('2D SPACE',''
  ) );
#6036 = ORIENTED_EDGE('',*,*,#5916,.T.);
#6037 = FACE_BOUND('',#6038,.T.);
#6038 = EDGE_LOOP('',(#6039));
#6039 = ORIENTED_EDGE('',*,*,#6040,.T.);
#6040 = EDGE_CURVE('',#6041,#6041,#6043,.T.);
#6041 = VERTEX_POINT('',#6042);
#6042 = CARTESIAN_POINT('',(3.,-20.,0.));
#6043 = SURFACE_CURVE('',#6044,(#6049,#6060),.PCURVE_S1.);
#6044 = CIRCLE('',#6045,3.);
#6045 = AXIS2_PLACEMENT_3D('',#6046,#6047,#6048);
#6046 = CARTESIAN_POINT('',(0.,-20.,0.));
#6047 = DIRECTION('',(0.,-1.,1.110223024625E-16));
#6048 = DIRECTION('',(1.,0.,0.));
#6049 = PCURVE('',#5848,#6050);
#6050 = DEFINITIONAL_REPRESENTATION('',(#6051),#6059);
#6051 = ( BOUNDED_CURVE() B_SPLINE_CURVE(2,(#6052,#6053,#6054,#6055,
#6056,#6057,#6058),.UNSPECIFIED.,.T.,.F.) B_SPLINE_CURVE_WITH_KNOTS((1,2
    ,2,2,2,1),(-2.094395102393,0.,2.094395102393,4.188790204786,
6.28318530718,8.377580409573),.UNSPECIFIED.) CURVE() 
GEOMETRIC_REPRESENTATION_ITEM() RATIONAL_B_SPLINE_CURVE((1.,0.5,1.,0.5,
1.,0.5,1.)) REPRESENTATION_ITEM('') );
#6052 = CARTESIAN_POINT('',(9.,-64.));
#6053 = CARTESIAN_POINT('',(9.,-58.80384757729));
#6054 = CARTESIAN_POINT('',(13.5,-61.40192378864));
#6055 = CARTESIAN_POINT('',(18.,-64.));
#6056 = CARTESIAN_POINT('',(13.5,-66.59807621135));
#6057 = CARTESIAN_POINT('',(9.,-69.1961524227));
#6058 = CARTESIAN_POINT('',(9.,-64.));
#6059 = ( GEOMETRIC_REPRESENTATION_CONTEXT(2) 
PARAMETRIC_REPRESENTATION_CONTEXT() REPRESENTATION_CONTEXT('2D SPACE',''
  ) );
#6060 = PCURVE('',#6061,#6066);
#6061 = CYLINDRICAL_SURFACE('',#6062,3.);
#6062 = AXIS2_PLACEMENT_3D('',#6063,#6064,#6065);
#6063 = CARTESIAN_POINT('',(0.,-20.,0.));
#6064 = DIRECTION('',(-0.,1.,-1.110223024625E-16));
#6065 = DIRECTION('',(1.,0.,0.));
#6066 = DEFINITIONAL_REPRESENTATION('',(#6067),#6071);
#6067 = LINE('',#6068,#6069);
#6068 = CARTESIAN_POINT('',(-0.,0.));
#6069 = VECTOR('',#6070,1.);
#6070 = DIRECTION('',(-1.,0.));
#6071 = ( GEOMETRIC_REPRESENTATION_CONTEXT(2) 
PARAMETRIC_REPRESENTATION_CONTEXT() REPRESENTATION_CONTEXT('2D SPACE',''
  ) );
#6072 = FACE_BOUND('',#6073,.T.);
#6073 = EDGE_LOOP('',(#6074,#6104,#6133,#6161));
#6074 = ORIENTED_EDGE('',*,*,#6075,.F.);
#6075 = EDGE_CURVE('',#6076,#6078,#6080,.T.);
#6076 = VERTEX_POINT('',#6077);
#6077 = CARTESIAN_POINT('',(-1.216304331331,-20.,22.814920639213));
#6078 = VERTEX_POINT('',#6079);
#6079 = CARTESIAN_POINT('',(14.601284712441,-20.,107.17539553932));
#6080 = SURFACE_CURVE('',#6081,(#6085,#6092),.PCURVE_S1.);
#6081 = LINE('',#6082,#6083);
#6082 = CARTESIAN_POINT('',(-1.216304331331,-20.,22.814920639213));
#6083 = VECTOR('',#6084,1.);
#6084 = DIRECTION('',(0.18428853505,1.091207332198E-16,0.982872186934));
#6085 = PCURVE('',#5848,#6086);
#6086 = DEFINITIONAL_REPRESENTATION('',(#6087),#6091);
#6087 = LINE('',#6088,#6089);
#6088 = CARTESIAN_POINT('',(13.216304331331,-41.18507936078));
#6089 = VECTOR('',#6090,1.);
#6090 = DIRECTION('',(-0.18428853505,0.982872186934));
#6091 = ( GEOMETRIC_REPRESENTATION_CONTEXT(2) 
PARAMETRIC_REPRESENTATION_CONTEXT() REPRESENTATION_CONTEXT('2D SPACE',''
  ) );
#6092 = PCURVE('',#6093,#6098);
#6093 = PLANE('',#6094);
#6094 = AXIS2_PLACEMENT_3D('',#6095,#6096,#6097);
#6095 = CARTESIAN_POINT('',(-1.216304331331,-20.,22.814920639213));
#6096 = DIRECTION('',(-0.982872186934,2.046013747872E-17,0.18428853505)
  );
#6097 = DIRECTION('',(0.18428853505,1.091207332198E-16,0.982872186934));
#6098 = DEFINITIONAL_REPRESENTATION('',(#6099),#6103);
#6099 = LINE('',#6100,#6101);
#6100 = CARTESIAN_POINT('',(0.,0.));
#6101 = VECTOR('',#6102,1.);
#6102 = DIRECTION('',(1.,0.));
#6103 = ( GEOMETRIC_REPRESENTATION_CONTEXT(2) 
PARAMETRIC_REPRESENTATION_CONTEXT() REPRESENTATION_CONTEXT('2D SPACE',''
  ) );
#6104 = ORIENTED_EDGE('',*,*,#6105,.F.);
#6105 = EDGE_CURVE('',#6106,#6076,#6108,.T.);
#6106 = VERTEX_POINT('',#6107);
#6107 = CARTESIAN_POINT('',(9.398715287559,-20.,20.824604460671));
#6108 = SURFACE_CURVE('',#6109,(#6114,#6121),.PCURVE_S1.);
#6109 = CIRCLE('',#6110,5.4);
#6110 = AXIS2_PLACEMENT_3D('',#6111,#6112,#6113);
#6111 = CARTESIAN_POINT('',(4.091205478114,-20.,21.819762549942));
#6112 = DIRECTION('',(0.,1.,-1.110223024625E-16));
#6113 = DIRECTION('',(0.982872186934,-2.046013747872E-17,-0.18428853505)
  );
#6114 = PCURVE('',#5848,#6115);
#6115 = DEFINITIONAL_REPRESENTATION('',(#6116),#6120);
#6116 = CIRCLE('',#6117,5.4);
#6117 = AXIS2_PLACEMENT_2D('',#6118,#6119);
#6118 = CARTESIAN_POINT('',(7.908794521886,-42.18023745005));
#6119 = DIRECTION('',(-0.982872186934,-0.18428853505));
#6120 = ( GEOMETRIC_REPRESENTATION_CONTEXT(2) 
PARAMETRIC_REPRESENTATION_CONTEXT() REPRESENTATION_CONTEXT('2D SPACE',''
  ) );
#6121 = PCURVE('',#6122,#6127);
#6122 = CYLINDRICAL_SURFACE('',#6123,5.4);
#6123 = AXIS2_PLACEMENT_3D('',#6124,#6125,#6126);
#6124 = CARTESIAN_POINT('',(4.091205478114,-20.,21.819762549942));
#6125 = DIRECTION('',(0.,1.,-1.110223024625E-16));
#6126 = DIRECTION('',(0.982872186934,-2.046013747872E-17,-0.18428853505)
  );
#6127 = DEFINITIONAL_REPRESENTATION('',(#6128),#6132);
#6128 = LINE('',#6129,#6130);
#6129 = CARTESIAN_POINT('',(0.,0.));
#6130 = VECTOR('',#6131,1.);
#6131 = DIRECTION('',(1.,0.));
#6132 = ( GEOMETRIC_REPRESENTATION_CONTEXT(2) 
PARAMETRIC_REPRESENTATION_CONTEXT() REPRESENTATION_CONTEXT('2D SPACE',''
  ) );
#6133 = ORIENTED_EDGE('',*,*,#6134,.F.);
#6134 = EDGE_CURVE('',#6135,#6106,#6137,.T.);
#6135 = VERTEX_POINT('',#6136);
#6136 = CARTESIAN_POINT('',(25.216304331331,-20.,105.18507936078));
#6137 = SURFACE_CURVE('',#6138,(#6142,#6149),.PCURVE_S1.);
#6138 = LINE('',#6139,#6140);
#6139 = CARTESIAN_POINT('',(25.216304331331,-20.,105.18507936078));
#6140 = VECTOR('',#6141,1.);
#6141 = DIRECTION('',(-0.18428853505,-1.091207332198E-16,-0.982872186934
    ));
#6142 = PCURVE('',#5848,#6143);
#6143 = DEFINITIONAL_REPRESENTATION('',(#6144),#6148);
#6144 = LINE('',#6145,#6146);
#6145 = CARTESIAN_POINT('',(-13.21630433133,41.185079360787));
#6146 = VECTOR('',#6147,1.);
#6147 = DIRECTION('',(0.18428853505,-0.982872186934));
#6148 = ( GEOMETRIC_REPRESENTATION_CONTEXT(2) 
PARAMETRIC_REPRESENTATION_CONTEXT() REPRESENTATION_CONTEXT('2D SPACE',''
  ) );
#6149 = PCURVE('',#6150,#6155);
#6150 = PLANE('',#6151);
#6151 = AXIS2_PLACEMENT_3D('',#6152,#6153,#6154);
#6152 = CARTESIAN_POINT('',(25.216304331331,-20.,105.18507936078));
#6153 = DIRECTION('',(0.982872186934,-2.046013747872E-17,-0.18428853505)
  );
#6154 = DIRECTION('',(-0.18428853505,-1.091207332198E-16,-0.982872186934
    ));
#6155 = DEFINITIONAL_REPRESENTATION('',(#6156),#6160);
#6156 = LINE('',#6157,#6158);
#6157 = CARTESIAN_POINT('',(-0.,0.));
#6158 = VECTOR('',#6159,1.);
#6159 = DIRECTION('',(1.,0.));
#6160 = ( GEOMETRIC_REPRESENTATION_CONTEXT(2) 
PARAMETRIC_REPRESENTATION_CONTEXT() REPRESENTATION_CONTEXT('2D SPACE',''
  ) );
#6161 = ORIENTED_EDGE('',*,*,#6162,.F.);
#6162 = EDGE_CURVE('',#6078,#6135,#6163,.T.);
#6163 = SURFACE_CURVE('',#6164,(#6169,#6176),.PCURVE_S1.);
#6164 = CIRCLE('',#6165,5.4);
#6165 = AXIS2_PLACEMENT_3D('',#6166,#6167,#6168);
#6166 = CARTESIAN_POINT('',(19.908794521886,-20.,106.18023745005));
#6167 = DIRECTION('',(0.,1.,-1.110223024625E-16));
#6168 = DIRECTION('',(-0.982872186934,2.046013747872E-17,0.18428853505)
  );
#6169 = PCURVE('',#5848,#6170);
#6170 = DEFINITIONAL_REPRESENTATION('',(#6171),#6175);
#6171 = CIRCLE('',#6172,5.4);
#6172 = AXIS2_PLACEMENT_2D('',#6173,#6174);
#6173 = CARTESIAN_POINT('',(-7.908794521886,42.180237450058));
#6174 = DIRECTION('',(0.982872186934,0.18428853505));
#6175 = ( GEOMETRIC_REPRESENTATION_CONTEXT(2) 
PARAMETRIC_REPRESENTATION_CONTEXT() REPRESENTATION_CONTEXT('2D SPACE',''
  ) );
#6176 = PCURVE('',#6177,#6182);
#6177 = CYLINDRICAL_SURFACE('',#6178,5.4);
#6178 = AXIS2_PLACEMENT_3D('',#6179,#6180,#6181);
#6179 = CARTESIAN_POINT('',(19.908794521886,-20.,106.18023745005));
#6180 = DIRECTION('',(0.,1.,-1.110223024625E-16));
#6181 = DIRECTION('',(-0.982872186934,2.046013747872E-17,0.18428853505)
  );
#6182 = DEFINITIONAL_REPRESENTATION('',(#6183),#6187);
#6183 = LINE('',#6184,#6185);
#6184 = CARTESIAN_POINT('',(0.,0.));
#6185 = VECTOR('',#6186,1.);
#6186 = DIRECTION('',(1.,0.));
#6187 = ( GEOMETRIC_REPRESENTATION_CONTEXT(2) 
PARAMETRIC_REPRESENTATION_CONTEXT() REPRESENTATION_CONTEXT('2D SPACE',''
  ) );
#6188 = FACE_BOUND('',#6189,.T.);
#6189 = EDGE_LOOP('',(#6190));
#6190 = ORIENTED_EDGE('',*,*,#6191,.T.);
#6191 = EDGE_CURVE('',#6192,#6192,#6194,.T.);
#6192 = VERTEX_POINT('',#6193);
#6193 = CARTESIAN_POINT('',(27.,-20.,128.));
#6194 = SURFACE_CURVE('',#6195,(#6200,#6211),.PCURVE_S1.);
#6195 = CIRCLE('',#6196,3.);
#6196 = AXIS2_PLACEMENT_3D('',#6197,#6198,#6199);
#6197 = CARTESIAN_POINT('',(24.,-20.,128.));
#6198 = DIRECTION('',(0.,-1.,1.110223024625E-16));
#6199 = DIRECTION('',(1.,0.,0.));
#6200 = PCURVE('',#5848,#6201);
#6201 = DEFINITIONAL_REPRESENTATION('',(#6202),#6210);
#6202 = ( BOUNDED_CURVE() B_SPLINE_CURVE(2,(#6203,#6204,#6205,#6206,
#6207,#6208,#6209),.UNSPECIFIED.,.T.,.F.) B_SPLINE_CURVE_WITH_KNOTS((1,2
    ,2,2,2,1),(-2.094395102393,0.,2.094395102393,4.188790204786,
6.28318530718,8.377580409573),.UNSPECIFIED.) CURVE() 
GEOMETRIC_REPRESENTATION_ITEM() RATIONAL_B_SPLINE_CURVE((1.,0.5,1.,0.5,
1.,0.5,1.)) REPRESENTATION_ITEM('') );
#6203 = CARTESIAN_POINT('',(-15.,64.));
#6204 = CARTESIAN_POINT('',(-15.,69.196152422707));
#6205 = CARTESIAN_POINT('',(-10.5,66.598076211353));
#6206 = CARTESIAN_POINT('',(-6.,64.));
#6207 = CARTESIAN_POINT('',(-10.5,61.401923788647));
#6208 = CARTESIAN_POINT('',(-15.,58.803847577293));
#6209 = CARTESIAN_POINT('',(-15.,64.));
#6210 = ( GEOMETRIC_REPRESENTATION_CONTEXT(2) 
PARAMETRIC_REPRESENTATION_CONTEXT() REPRESENTATION_CONTEXT('2D SPACE',''
  ) );
#6211 = PCURVE('',#6212,#6217);
#6212 = CYLINDRICAL_SURFACE('',#6213,3.);
#6213 = AXIS2_PLACEMENT_3D('',#6214,#6215,#6216);
#6214 = CARTESIAN_POINT('',(24.,-20.,128.));
#6215 = DIRECTION('',(-0.,1.,-1.110223024625E-16));
#6216 = DIRECTION('',(1.,0.,0.));
#6217 = DEFINITIONAL_REPRESENTATION('',(#6218),#6222);
#6218 = LINE('',#6219,#6220);
#6219 = CARTESIAN_POINT('',(-0.,0.));
#6220 = VECTOR('',#6221,1.);
#6221 = DIRECTION('',(-1.,0.));
#6222 = ( GEOMETRIC_REPRESENTATION_CONTEXT(2) 
PARAMETRIC_REPRESENTATION_CONTEXT() REPRESENTATION_CONTEXT('2D SPACE',''
  ) );
#6223 = ADVANCED_FACE('',(#6224,#6250,#6280,#6376),#5794,.F.);
#6224 = FACE_BOUND('',#6225,.F.);
#6225 = EDGE_LOOP('',(#6226,#6227,#6228,#6249));
#6226 = ORIENTED_EDGE('',*,*,#5778,.T.);
#6227 = ORIENTED_EDGE('',*,*,#5942,.T.);
#6228 = ORIENTED_EDGE('',*,*,#6229,.T.);
#6229 = EDGE_CURVE('',#5943,#5866,#6230,.T.);
#6230 = SURFACE_CURVE('',#6231,(#6235,#6242),.PCURVE_S1.);
#6231 = LINE('',#6232,#6233);
#6232 = CARTESIAN_POINT('',(35.794466243212,-22.5,125.78853757939));
#6233 = VECTOR('',#6234,1.);
#6234 = DIRECTION('',(-0.18428853505,-1.091207332198E-16,-0.982872186934
    ));
#6235 = PCURVE('',#5794,#6236);
#6236 = DEFINITIONAL_REPRESENTATION('',(#6237),#6241);
#6237 = LINE('',#6238,#6239);
#6238 = CARTESIAN_POINT('',(-23.79446624321,61.788537579398));
#6239 = VECTOR('',#6240,1.);
#6240 = DIRECTION('',(0.18428853505,-0.982872186934));
#6241 = ( GEOMETRIC_REPRESENTATION_CONTEXT(2) 
PARAMETRIC_REPRESENTATION_CONTEXT() REPRESENTATION_CONTEXT('2D SPACE',''
  ) );
#6242 = PCURVE('',#5881,#6243);
#6243 = DEFINITIONAL_REPRESENTATION('',(#6244),#6248);
#6244 = LINE('',#6245,#6246);
#6245 = CARTESIAN_POINT('',(2.728018330495E-16,-2.5));
#6246 = VECTOR('',#6247,1.);
#6247 = DIRECTION('',(1.,0.));
#6248 = ( GEOMETRIC_REPRESENTATION_CONTEXT(2) 
PARAMETRIC_REPRESENTATION_CONTEXT() REPRESENTATION_CONTEXT('2D SPACE',''
  ) );
#6249 = ORIENTED_EDGE('',*,*,#5893,.T.);
#6250 = FACE_BOUND('',#6251,.F.);
#6251 = EDGE_LOOP('',(#6252));
#6252 = ORIENTED_EDGE('',*,*,#6253,.T.);
#6253 = EDGE_CURVE('',#6254,#6254,#6256,.T.);
#6254 = VERTEX_POINT('',#6255);
#6255 = CARTESIAN_POINT('',(3.,-22.5,2.775557561563E-16));
#6256 = SURFACE_CURVE('',#6257,(#6262,#6273),.PCURVE_S1.);
#6257 = CIRCLE('',#6258,3.);
#6258 = AXIS2_PLACEMENT_3D('',#6259,#6260,#6261);
#6259 = CARTESIAN_POINT('',(0.,-22.5,2.775557561563E-16));
#6260 = DIRECTION('',(0.,-1.,1.110223024625E-16));
#6261 = DIRECTION('',(1.,0.,0.));
#6262 = PCURVE('',#5794,#6263);
#6263 = DEFINITIONAL_REPRESENTATION('',(#6264),#6272);
#6264 = ( BOUNDED_CURVE() B_SPLINE_CURVE(2,(#6265,#6266,#6267,#6268,
#6269,#6270,#6271),.UNSPECIFIED.,.T.,.F.) B_SPLINE_CURVE_WITH_KNOTS((1,2
    ,2,2,2,1),(-2.094395102393,0.,2.094395102393,4.188790204786,
6.28318530718,8.377580409573),.UNSPECIFIED.) CURVE() 
GEOMETRIC_REPRESENTATION_ITEM() RATIONAL_B_SPLINE_CURVE((1.,0.5,1.,0.5,
1.,0.5,1.)) REPRESENTATION_ITEM('') );
#6265 = CARTESIAN_POINT('',(9.,-64.));
#6266 = CARTESIAN_POINT('',(9.,-58.80384757729));
#6267 = CARTESIAN_POINT('',(13.5,-61.40192378864));
#6268 = CARTESIAN_POINT('',(18.,-64.));
#6269 = CARTESIAN_POINT('',(13.5,-66.59807621135));
#6270 = CARTESIAN_POINT('',(9.,-69.1961524227));
#6271 = CARTESIAN_POINT('',(9.,-64.));
#6272 = ( GEOMETRIC_REPRESENTATION_CONTEXT(2) 
PARAMETRIC_REPRESENTATION_CONTEXT() REPRESENTATION_CONTEXT('2D SPACE',''
  ) );
#6273 = PCURVE('',#6061,#6274);
#6274 = DEFINITIONAL_REPRESENTATION('',(#6275),#6279);
#6275 = LINE('',#6276,#6277);
#6276 = CARTESIAN_POINT('',(-0.,-2.5));
#6277 = VECTOR('',#6278,1.);
#6278 = DIRECTION('',(-1.,0.));
#6279 = ( GEOMETRIC_REPRESENTATION_CONTEXT(2) 
PARAMETRIC_REPRESENTATION_CONTEXT() REPRESENTATION_CONTEXT('2D SPACE',''
  ) );
#6280 = FACE_BOUND('',#6281,.F.);
#6281 = EDGE_LOOP('',(#6282,#6307,#6331,#6354));
#6282 = ORIENTED_EDGE('',*,*,#6283,.F.);
#6283 = EDGE_CURVE('',#6284,#6286,#6288,.T.);
#6284 = VERTEX_POINT('',#6285);
#6285 = CARTESIAN_POINT('',(-1.216304331331,-22.5,22.814920639213));
#6286 = VERTEX_POINT('',#6287);
#6287 = CARTESIAN_POINT('',(14.601284712441,-22.5,107.17539553932));
#6288 = SURFACE_CURVE('',#6289,(#6293,#6300),.PCURVE_S1.);
#6289 = LINE('',#6290,#6291);
#6290 = CARTESIAN_POINT('',(-1.216304331331,-22.5,22.814920639213));
#6291 = VECTOR('',#6292,1.);
#6292 = DIRECTION('',(0.18428853505,1.091207332198E-16,0.982872186934));
#6293 = PCURVE('',#5794,#6294);
#6294 = DEFINITIONAL_REPRESENTATION('',(#6295),#6299);
#6295 = LINE('',#6296,#6297);
#6296 = CARTESIAN_POINT('',(13.216304331331,-41.18507936078));
#6297 = VECTOR('',#6298,1.);
#6298 = DIRECTION('',(-0.18428853505,0.982872186934));
#6299 = ( GEOMETRIC_REPRESENTATION_CONTEXT(2) 
PARAMETRIC_REPRESENTATION_CONTEXT() REPRESENTATION_CONTEXT('2D SPACE',''
  ) );
#6300 = PCURVE('',#6093,#6301);
#6301 = DEFINITIONAL_REPRESENTATION('',(#6302),#6306);
#6302 = LINE('',#6303,#6304);
#6303 = CARTESIAN_POINT('',(-2.728018330495E-16,-2.5));
#6304 = VECTOR('',#6305,1.);
#6305 = DIRECTION('',(1.,0.));
#6306 = ( GEOMETRIC_REPRESENTATION_CONTEXT(2) 
PARAMETRIC_REPRESENTATION_CONTEXT() REPRESENTATION_CONTEXT('2D SPACE',''
  ) );
#6307 = ORIENTED_EDGE('',*,*,#6308,.F.);
#6308 = EDGE_CURVE('',#6309,#6284,#6311,.T.);
#6309 = VERTEX_POINT('',#6310);
#6310 = CARTESIAN_POINT('',(9.398715287559,-22.5,20.824604460671));
#6311 = SURFACE_CURVE('',#6312,(#6317,#6324),.PCURVE_S1.);
#6312 = CIRCLE('',#6313,5.4);
#6313 = AXIS2_PLACEMENT_3D('',#6314,#6315,#6316);
#6314 = CARTESIAN_POINT('',(4.091205478114,-22.5,21.819762549942));
#6315 = DIRECTION('',(0.,1.,-1.110223024625E-16));
#6316 = DIRECTION('',(0.982872186934,-2.046013747872E-17,-0.18428853505)
  );
#6317 = PCURVE('',#5794,#6318);
#6318 = DEFINITIONAL_REPRESENTATION('',(#6319),#6323);
#6319 = CIRCLE('',#6320,5.4);
#6320 = AXIS2_PLACEMENT_2D('',#6321,#6322);
#6321 = CARTESIAN_POINT('',(7.908794521886,-42.18023745005));
#6322 = DIRECTION('',(-0.982872186934,-0.18428853505));
#6323 = ( GEOMETRIC_REPRESENTATION_CONTEXT(2) 
PARAMETRIC_REPRESENTATION_CONTEXT() REPRESENTATION_CONTEXT('2D SPACE',''
  ) );
#6324 = PCURVE('',#6122,#6325);
#6325 = DEFINITIONAL_REPRESENTATION('',(#6326),#6330);
#6326 = LINE('',#6327,#6328);
#6327 = CARTESIAN_POINT('',(0.,-2.5));
#6328 = VECTOR('',#6329,1.);
#6329 = DIRECTION('',(1.,0.));
#6330 = ( GEOMETRIC_REPRESENTATION_CONTEXT(2) 
PARAMETRIC_REPRESENTATION_CONTEXT() REPRESENTATION_CONTEXT('2D SPACE',''
  ) );
#6331 = ORIENTED_EDGE('',*,*,#6332,.F.);
#6332 = EDGE_CURVE('',#6333,#6309,#6335,.T.);
#6333 = VERTEX_POINT('',#6334);
#6334 = CARTESIAN_POINT('',(25.216304331331,-22.5,105.18507936078));
#6335 = SURFACE_CURVE('',#6336,(#6340,#6347),.PCURVE_S1.);
#6336 = LINE('',#6337,#6338);
#6337 = CARTESIAN_POINT('',(25.216304331331,-22.5,105.18507936078));
#6338 = VECTOR('',#6339,1.);
#6339 = DIRECTION('',(-0.18428853505,-1.091207332198E-16,-0.982872186934
    ));
#6340 = PCURVE('',#5794,#6341);
#6341 = DEFINITIONAL_REPRESENTATION('',(#6342),#6346);
#6342 = LINE('',#6343,#6344);
#6343 = CARTESIAN_POINT('',(-13.21630433133,41.185079360787));
#6344 = VECTOR('',#6345,1.);
#6345 = DIRECTION('',(0.18428853505,-0.982872186934));
#6346 = ( GEOMETRIC_REPRESENTATION_CONTEXT(2) 
PARAMETRIC_REPRESENTATION_CONTEXT() REPRESENTATION_CONTEXT('2D SPACE',''
  ) );
#6347 = PCURVE('',#6150,#6348);
#6348 = DEFINITIONAL_REPRESENTATION('',(#6349),#6353);
#6349 = LINE('',#6350,#6351);
#6350 = CARTESIAN_POINT('',(2.728018330495E-16,-2.5));
#6351 = VECTOR('',#6352,1.);
#6352 = DIRECTION('',(1.,0.));
#6353 = ( GEOMETRIC_REPRESENTATION_CONTEXT(2) 
PARAMETRIC_REPRESENTATION_CONTEXT() REPRESENTATION_CONTEXT('2D SPACE',''
  ) );
#6354 = ORIENTED_EDGE('',*,*,#6355,.F.);
#6355 = EDGE_CURVE('',#6286,#6333,#6356,.T.);
#6356 = SURFACE_CURVE('',#6357,(#6362,#6369),.PCURVE_S1.);
#6357 = CIRCLE('',#6358,5.4);
#6358 = AXIS2_PLACEMENT_3D('',#6359,#6360,#6361);
#6359 = CARTESIAN_POINT('',(19.908794521886,-22.5,106.18023745005));
#6360 = DIRECTION('',(0.,1.,-1.110223024625E-16));
#6361 = DIRECTION('',(-0.982872186934,2.046013747872E-17,0.18428853505)
  );
#6362 = PCURVE('',#5794,#6363);
#6363 = DEFINITIONAL_REPRESENTATION('',(#6364),#6368);
#6364 = CIRCLE('',#6365,5.4);
#6365 = AXIS2_PLACEMENT_2D('',#6366,#6367);
#6366 = CARTESIAN_POINT('',(-7.908794521886,42.180237450058));
#6367 = DIRECTION('',(0.982872186934,0.18428853505));
#6368 = ( GEOMETRIC_REPRESENTATION_CONTEXT(2) 
PARAMETRIC_REPRESENTATION_CONTEXT() REPRESENTATION_CONTEXT('2D SPACE',''
  ) );
#6369 = PCURVE('',#6177,#6370);
#6370 = DEFINITIONAL_REPRESENTATION('',(#6371),#6375);
#6371 = LINE('',#6372,#6373);
#6372 = CARTESIAN_POINT('',(0.,-2.5));
#6373 = VECTOR('',#6374,1.);
#6374 = DIRECTION('',(1.,0.));
#6375 = ( GEOMETRIC_REPRESENTATION_CONTEXT(2) 
PARAMETRIC_REPRESENTATION_CONTEXT() REPRESENTATION_CONTEXT('2D SPACE',''
  ) );
#6376 = FACE_BOUND('',#6377,.F.);
#6377 = EDGE_LOOP('',(#6378));
#6378 = ORIENTED_EDGE('',*,*,#6379,.T.);
#6379 = EDGE_CURVE('',#6380,#6380,#6382,.T.);
#6380 = VERTEX_POINT('',#6381);
#6381 = CARTESIAN_POINT('',(27.,-22.5,128.));
#6382 = SURFACE_CURVE('',#6383,(#6388,#6399),.PCURVE_S1.);
#6383 = CIRCLE('',#6384,3.);
#6384 = AXIS2_PLACEMENT_3D('',#6385,#6386,#6387);
#6385 = CARTESIAN_POINT('',(24.,-22.5,128.));
#6386 = DIRECTION('',(0.,-1.,1.110223024625E-16));
#6387 = DIRECTION('',(1.,0.,0.));
#6388 = PCURVE('',#5794,#6389);
#6389 = DEFINITIONAL_REPRESENTATION('',(#6390),#6398);
#6390 = ( BOUNDED_CURVE() B_SPLINE_CURVE(2,(#6391,#6392,#6393,#6394,
#6395,#6396,#6397),.UNSPECIFIED.,.T.,.F.) B_SPLINE_CURVE_WITH_KNOTS((1,2
    ,2,2,2,1),(-2.094395102393,0.,2.094395102393,4.188790204786,
6.28318530718,8.377580409573),.UNSPECIFIED.) CURVE() 
GEOMETRIC_REPRESENTATION_ITEM() RATIONAL_B_SPLINE_CURVE((1.,0.5,1.,0.5,
1.,0.5,1.)) REPRESENTATION_ITEM('') );
#6391 = CARTESIAN_POINT('',(-15.,64.));
#6392 = CARTESIAN_POINT('',(-15.,69.196152422707));
#6393 = CARTESIAN_POINT('',(-10.5,66.598076211353));
#6394 = CARTESIAN_POINT('',(-6.,64.));
#6395 = CARTESIAN_POINT('',(-10.5,61.401923788647));
#6396 = CARTESIAN_POINT('',(-15.,58.803847577293));
#6397 = CARTESIAN_POINT('',(-15.,64.));
#6398 = ( GEOMETRIC_REPRESENTATION_CONTEXT(2) 
PARAMETRIC_REPRESENTATION_CONTEXT() REPRESENTATION_CONTEXT('2D SPACE',''
  ) );
#6399 = PCURVE('',#6212,#6400);
#6400 = DEFINITIONAL_REPRESENTATION('',(#6401),#6405);
#6401 = LINE('',#6402,#6403);
#6402 = CARTESIAN_POINT('',(-0.,-2.5));
#6403 = VECTOR('',#6404,1.);
#6404 = DIRECTION('',(-1.,0.));
#6405 = ( GEOMETRIC_REPRESENTATION_CONTEXT(2) 
PARAMETRIC_REPRESENTATION_CONTEXT() REPRESENTATION_CONTEXT('2D SPACE',''
  ) );
#6406 = ADVANCED_FACE('',(#6407),#5881,.T.);
#6407 = FACE_BOUND('',#6408,.T.);
#6408 = EDGE_LOOP('',(#6409,#6410,#6411,#6412));
#6409 = ORIENTED_EDGE('',*,*,#5966,.T.);
#6410 = ORIENTED_EDGE('',*,*,#6229,.T.);
#6411 = ORIENTED_EDGE('',*,*,#5863,.F.);
#6412 = ORIENTED_EDGE('',*,*,#6016,.F.);
#6413 = ADVANCED_FACE('',(#6414),#6061,.F.);
#6414 = FACE_BOUND('',#6415,.T.);
#6415 = EDGE_LOOP('',(#6416,#6437,#6438,#6439));
#6416 = ORIENTED_EDGE('',*,*,#6417,.T.);
#6417 = EDGE_CURVE('',#6041,#6254,#6418,.T.);
#6418 = SEAM_CURVE('',#6419,(#6423,#6430),.PCURVE_S1.);
#6419 = LINE('',#6420,#6421);
#6420 = CARTESIAN_POINT('',(3.,-20.,0.));
#6421 = VECTOR('',#6422,1.);
#6422 = DIRECTION('',(0.,-1.,1.110223024625E-16));
#6423 = PCURVE('',#6061,#6424);
#6424 = DEFINITIONAL_REPRESENTATION('',(#6425),#6429);
#6425 = LINE('',#6426,#6427);
#6426 = CARTESIAN_POINT('',(-0.,0.));
#6427 = VECTOR('',#6428,1.);
#6428 = DIRECTION('',(-0.,-1.));
#6429 = ( GEOMETRIC_REPRESENTATION_CONTEXT(2) 
PARAMETRIC_REPRESENTATION_CONTEXT() REPRESENTATION_CONTEXT('2D SPACE',''
  ) );
#6430 = PCURVE('',#6061,#6431);
#6431 = DEFINITIONAL_REPRESENTATION('',(#6432),#6436);
#6432 = LINE('',#6433,#6434);
#6433 = CARTESIAN_POINT('',(-6.28318530718,0.));
#6434 = VECTOR('',#6435,1.);
#6435 = DIRECTION('',(-0.,-1.));
#6436 = ( GEOMETRIC_REPRESENTATION_CONTEXT(2) 
PARAMETRIC_REPRESENTATION_CONTEXT() REPRESENTATION_CONTEXT('2D SPACE',''
  ) );
#6437 = ORIENTED_EDGE('',*,*,#6253,.T.);
#6438 = ORIENTED_EDGE('',*,*,#6417,.F.);
#6439 = ORIENTED_EDGE('',*,*,#6040,.F.);
#6440 = ADVANCED_FACE('',(#6441),#6093,.F.);
#6441 = FACE_BOUND('',#6442,.F.);
#6442 = EDGE_LOOP('',(#6443,#6464,#6465,#6486));
#6443 = ORIENTED_EDGE('',*,*,#6444,.T.);
#6444 = EDGE_CURVE('',#6076,#6284,#6445,.T.);
#6445 = SURFACE_CURVE('',#6446,(#6450,#6457),.PCURVE_S1.);
#6446 = LINE('',#6447,#6448);
#6447 = CARTESIAN_POINT('',(-1.216304331331,-20.,22.814920639213));
#6448 = VECTOR('',#6449,1.);
#6449 = DIRECTION('',(0.,-1.,1.110223024625E-16));
#6450 = PCURVE('',#6093,#6451);
#6451 = DEFINITIONAL_REPRESENTATION('',(#6452),#6456);
#6452 = LINE('',#6453,#6454);
#6453 = CARTESIAN_POINT('',(0.,0.));
#6454 = VECTOR('',#6455,1.);
#6455 = DIRECTION('',(0.,-1.));
#6456 = ( GEOMETRIC_REPRESENTATION_CONTEXT(2) 
PARAMETRIC_REPRESENTATION_CONTEXT() REPRESENTATION_CONTEXT('2D SPACE',''
  ) );
#6457 = PCURVE('',#6122,#6458);
#6458 = DEFINITIONAL_REPRESENTATION('',(#6459),#6463);
#6459 = LINE('',#6460,#6461);
#6460 = CARTESIAN_POINT('',(3.14159265359,0.));
#6461 = VECTOR('',#6462,1.);
#6462 = DIRECTION('',(0.,-1.));
#6463 = ( GEOMETRIC_REPRESENTATION_CONTEXT(2) 
PARAMETRIC_REPRESENTATION_CONTEXT() REPRESENTATION_CONTEXT('2D SPACE',''
  ) );
#6464 = ORIENTED_EDGE('',*,*,#6283,.T.);
#6465 = ORIENTED_EDGE('',*,*,#6466,.F.);
#6466 = EDGE_CURVE('',#6078,#6286,#6467,.T.);
#6467 = SURFACE_CURVE('',#6468,(#6472,#6479),.PCURVE_S1.);
#6468 = LINE('',#6469,#6470);
#6469 = CARTESIAN_POINT('',(14.601284712441,-20.,107.17539553932));
#6470 = VECTOR('',#6471,1.);
#6471 = DIRECTION('',(0.,-1.,1.110223024625E-16));
#6472 = PCURVE('',#6093,#6473);
#6473 = DEFINITIONAL_REPRESENTATION('',(#6474),#6478);
#6474 = LINE('',#6475,#6476);
#6475 = CARTESIAN_POINT('',(85.830564768798,-2.260466802641E-15));
#6476 = VECTOR('',#6477,1.);
#6477 = DIRECTION('',(0.,-1.));
#6478 = ( GEOMETRIC_REPRESENTATION_CONTEXT(2) 
PARAMETRIC_REPRESENTATION_CONTEXT() REPRESENTATION_CONTEXT('2D SPACE',''
  ) );
#6479 = PCURVE('',#6177,#6480);
#6480 = DEFINITIONAL_REPRESENTATION('',(#6481),#6485);
#6481 = LINE('',#6482,#6483);
#6482 = CARTESIAN_POINT('',(0.,0.));
#6483 = VECTOR('',#6484,1.);
#6484 = DIRECTION('',(0.,-1.));
#6485 = ( GEOMETRIC_REPRESENTATION_CONTEXT(2) 
PARAMETRIC_REPRESENTATION_CONTEXT() REPRESENTATION_CONTEXT('2D SPACE',''
  ) );
#6486 = ORIENTED_EDGE('',*,*,#6075,.F.);
#6487 = ADVANCED_FACE('',(#6488),#6122,.F.);
#6488 = FACE_BOUND('',#6489,.F.);
#6489 = EDGE_LOOP('',(#6490,#6511,#6512,#6513));
#6490 = ORIENTED_EDGE('',*,*,#6491,.T.);
#6491 = EDGE_CURVE('',#6106,#6309,#6492,.T.);
#6492 = SURFACE_CURVE('',#6493,(#6497,#6504),.PCURVE_S1.);
#6493 = LINE('',#6494,#6495);
#6494 = CARTESIAN_POINT('',(9.398715287559,-20.,20.824604460671));
#6495 = VECTOR('',#6496,1.);
#6496 = DIRECTION('',(0.,-1.,1.110223024625E-16));
#6497 = PCURVE('',#6122,#6498);
#6498 = DEFINITIONAL_REPRESENTATION('',(#6499),#6503);
#6499 = LINE('',#6500,#6501);
#6500 = CARTESIAN_POINT('',(0.,0.));
#6501 = VECTOR('',#6502,1.);
#6502 = DIRECTION('',(0.,-1.));
#6503 = ( GEOMETRIC_REPRESENTATION_CONTEXT(2) 
PARAMETRIC_REPRESENTATION_CONTEXT() REPRESENTATION_CONTEXT('2D SPACE',''
  ) );
#6504 = PCURVE('',#6150,#6505);
#6505 = DEFINITIONAL_REPRESENTATION('',(#6506),#6510);
#6506 = LINE('',#6507,#6508);
#6507 = CARTESIAN_POINT('',(85.830564768798,2.260466802641E-15));
#6508 = VECTOR('',#6509,1.);
#6509 = DIRECTION('',(0.,-1.));
#6510 = ( GEOMETRIC_REPRESENTATION_CONTEXT(2) 
PARAMETRIC_REPRESENTATION_CONTEXT() REPRESENTATION_CONTEXT('2D SPACE',''
  ) );
#6511 = ORIENTED_EDGE('',*,*,#6308,.T.);
#6512 = ORIENTED_EDGE('',*,*,#6444,.F.);
#6513 = ORIENTED_EDGE('',*,*,#6105,.F.);
#6514 = ADVANCED_FACE('',(#6515),#6177,.F.);
#6515 = FACE_BOUND('',#6516,.F.);
#6516 = EDGE_LOOP('',(#6517,#6518,#6519,#6540));
#6517 = ORIENTED_EDGE('',*,*,#6466,.T.);
#6518 = ORIENTED_EDGE('',*,*,#6355,.T.);
#6519 = ORIENTED_EDGE('',*,*,#6520,.F.);
#6520 = EDGE_CURVE('',#6135,#6333,#6521,.T.);
#6521 = SURFACE_CURVE('',#6522,(#6526,#6533),.PCURVE_S1.);
#6522 = LINE('',#6523,#6524);
#6523 = CARTESIAN_POINT('',(25.216304331331,-20.,105.18507936078));
#6524 = VECTOR('',#6525,1.);
#6525 = DIRECTION('',(0.,-1.,1.110223024625E-16));
#6526 = PCURVE('',#6177,#6527);
#6527 = DEFINITIONAL_REPRESENTATION('',(#6528),#6532);
#6528 = LINE('',#6529,#6530);
#6529 = CARTESIAN_POINT('',(3.14159265359,0.));
#6530 = VECTOR('',#6531,1.);
#6531 = DIRECTION('',(0.,-1.));
#6532 = ( GEOMETRIC_REPRESENTATION_CONTEXT(2) 
PARAMETRIC_REPRESENTATION_CONTEXT() REPRESENTATION_CONTEXT('2D SPACE',''
  ) );
#6533 = PCURVE('',#6150,#6534);
#6534 = DEFINITIONAL_REPRESENTATION('',(#6535),#6539);
#6535 = LINE('',#6536,#6537);
#6536 = CARTESIAN_POINT('',(-0.,0.));
#6537 = VECTOR('',#6538,1.);
#6538 = DIRECTION('',(0.,-1.));
#6539 = ( GEOMETRIC_REPRESENTATION_CONTEXT(2) 
PARAMETRIC_REPRESENTATION_CONTEXT() REPRESENTATION_CONTEXT('2D SPACE',''
  ) );
#6540 = ORIENTED_EDGE('',*,*,#6162,.F.);
#6541 = ADVANCED_FACE('',(#6542),#6150,.F.);
#6542 = FACE_BOUND('',#6543,.F.);
#6543 = EDGE_LOOP('',(#6544,#6545,#6546,#6547));
#6544 = ORIENTED_EDGE('',*,*,#6520,.T.);
#6545 = ORIENTED_EDGE('',*,*,#6332,.T.);
#6546 = ORIENTED_EDGE('',*,*,#6491,.F.);
#6547 = ORIENTED_EDGE('',*,*,#6134,.F.);
#6548 = ADVANCED_FACE('',(#6549),#6212,.F.);
#6549 = FACE_BOUND('',#6550,.T.);
#6550 = EDGE_LOOP('',(#6551,#6572,#6573,#6574));
#6551 = ORIENTED_EDGE('',*,*,#6552,.T.);
#6552 = EDGE_CURVE('',#6192,#6380,#6553,.T.);
#6553 = SEAM_CURVE('',#6554,(#6558,#6565),.PCURVE_S1.);
#6554 = LINE('',#6555,#6556);
#6555 = CARTESIAN_POINT('',(27.,-20.,128.));
#6556 = VECTOR('',#6557,1.);
#6557 = DIRECTION('',(0.,-1.,1.110223024625E-16));
#6558 = PCURVE('',#6212,#6559);
#6559 = DEFINITIONAL_REPRESENTATION('',(#6560),#6564);
#6560 = LINE('',#6561,#6562);
#6561 = CARTESIAN_POINT('',(-0.,0.));
#6562 = VECTOR('',#6563,1.);
#6563 = DIRECTION('',(-0.,-1.));
#6564 = ( GEOMETRIC_REPRESENTATION_CONTEXT(2) 
PARAMETRIC_REPRESENTATION_CONTEXT() REPRESENTATION_CONTEXT('2D SPACE',''
  ) );
#6565 = PCURVE('',#6212,#6566);
#6566 = DEFINITIONAL_REPRESENTATION('',(#6567),#6571);
#6567 = LINE('',#6568,#6569);
#6568 = CARTESIAN_POINT('',(-6.28318530718,0.));
#6569 = VECTOR('',#6570,1.);
#6570 = DIRECTION('',(-0.,-1.));
#6571 = ( GEOMETRIC_REPRESENTATION_CONTEXT(2) 
PARAMETRIC_REPRESENTATION_CONTEXT() REPRESENTATION_CONTEXT('2D SPACE',''
  ) );
#6572 = ORIENTED_EDGE('',*,*,#6379,.T.);
#6573 = ORIENTED_EDGE('',*,*,#6552,.F.);
#6574 = ORIENTED_EDGE('',*,*,#6191,.F.);
#6575 = ( GEOMETRIC_REPRESENTATION_CONTEXT(3) 
GLOBAL_UNCERTAINTY_ASSIGNED_CONTEXT((#6579)) 
GLOBAL_UNIT_ASSIGNED_CONTEXT((#6576,#6577,#6578)) REPRESENTATION_CONTEXT
('Context #1','3D Context with UNIT and UNCERTAINTY') );
#6576 = ( LENGTH_UNIT() NAMED_UNIT(*) SI_UNIT(.MILLI.,.METRE.) );
#6577 = ( NAMED_UNIT(*) PLANE_ANGLE_UNIT() SI_UNIT($,.RADIAN.) );
#6578 = ( NAMED_UNIT(*) SI_UNIT($,.STERADIAN.) SOLID_ANGLE_UNIT() );
#6579 = UNCERTAINTY_MEASURE_WITH_UNIT(LENGTH_MEASURE(1.E-07),#6576,
  'distance_accuracy_value','confusion accuracy');
#6580 = CONTEXT_DEPENDENT_SHAPE_REPRESENTATION(#6581,#6583);
#6581 = ( REPRESENTATION_RELATIONSHIP('','',#4898,#10) 
REPRESENTATION_RELATIONSHIP_WITH_TRANSFORMATION(#6582) 
SHAPE_REPRESENTATION_RELATIONSHIP() );
#6582 = ITEM_DEFINED_TRANSFORMATION('','',#11,#31);
#6583 = PRODUCT_DEFINITION_SHAPE('Placement','Placement of an item',
  #6584);
#6584 = NEXT_ASSEMBLY_USAGE_OCCURRENCE('35','OMX_Link3_Frame-1','',#5,
  #4893,$);
#6585 = PRODUCT_RELATED_PRODUCT_CATEGORY('part',$,(#4895));
#6586 = CONTEXT_DEPENDENT_SHAPE_REPRESENTATION(#6587,#6589);
#6587 = ( REPRESENTATION_RELATIONSHIP('','',#1109,#10) 
REPRESENTATION_RELATIONSHIP_WITH_TRANSFORMATION(#6588) 
SHAPE_REPRESENTATION_RELATIONSHIP() );
#6588 = ITEM_DEFINED_TRANSFORMATION('','',#11,#35);
#6589 = PRODUCT_DEFINITION_SHAPE('Placement','Placement of an item',
  #6590);
#6590 = NEXT_ASSEMBLY_USAGE_OCCURRENCE('36','Dynamixel_XM430-3','',#5,
  #1104,$);
#6591 = SHAPE_DEFINITION_REPRESENTATION(#6592,#6598);
#6592 = PRODUCT_DEFINITION_SHAPE('','',#6593);
#6593 = PRODUCT_DEFINITION('design','',#6594,#6597);
#6594 = PRODUCT_DEFINITION_FORMATION('','',#6595);
#6595 = PRODUCT('OMX_Link4_Frame-1','OMX_Link4_Frame-1','',(#6596));
#6596 = PRODUCT_CONTEXT('',#2,'mechanical');
#6597 = PRODUCT_DEFINITION_CONTEXT('part definition',#2,'design');
#6598 = SHAPE_REPRESENTATION('',(#11,#6599,#7437),#8275);
#6599 = MANIFOLD_SOLID_BREP('',#6600);
#6600 = CLOSED_SHELL('',(#6601,#6721,#6799,#6872,#7085,#7268,#7275,#7302
    ,#7349,#7376,#7403,#7410));
#6601 = ADVANCED_FACE('',(#6602),#6616,.T.);
#6602 = FACE_BOUND('',#6603,.T.);
#6603 = EDGE_LOOP('',(#6604,#6639,#6667,#6695));
#6604 = ORIENTED_EDGE('',*,*,#6605,.T.);
#6605 = EDGE_CURVE('',#6606,#6608,#6610,.T.);
#6606 = VERTEX_POINT('',#6607);
#6607 = CARTESIAN_POINT('',(0.,22.5,12.));
#6608 = VERTEX_POINT('',#6609);
#6609 = CARTESIAN_POINT('',(0.,20.,12.));
#6610 = SURFACE_CURVE('',#6611,(#6615,#6627),.PCURVE_S1.);
#6611 = LINE('',#6612,#6613);
#6612 = CARTESIAN_POINT('',(0.,22.5,12.));
#6613 = VECTOR('',#6614,1.);
#6614 = DIRECTION('',(0.,-1.,1.110223024625E-16));
#6615 = PCURVE('',#6616,#6621);
#6616 = PLANE('',#6617);
#6617 = AXIS2_PLACEMENT_3D('',#6618,#6619,#6620);
#6618 = CARTESIAN_POINT('',(0.,22.5,12.));
#6619 = DIRECTION('',(0.,1.110223024625E-16,1.));
#6620 = DIRECTION('',(1.,0.,0.));
#6621 = DEFINITIONAL_REPRESENTATION('',(#6622),#6626);
#6622 = LINE('',#6623,#6624);
#6623 = CARTESIAN_POINT('',(0.,0.));
#6624 = VECTOR('',#6625,1.);
#6625 = DIRECTION('',(0.,-1.));
#6626 = ( GEOMETRIC_REPRESENTATION_CONTEXT(2) 
PARAMETRIC_REPRESENTATION_CONTEXT() REPRESENTATION_CONTEXT('2D SPACE',''
  ) );
#6627 = PCURVE('',#6628,#6633);
#6628 = CYLINDRICAL_SURFACE('',#6629,12.);
#6629 = AXIS2_PLACEMENT_3D('',#6630,#6631,#6632);
#6630 = CARTESIAN_POINT('',(0.,22.5,0.));
#6631 = DIRECTION('',(0.,1.,-1.110223024625E-16));
#6632 = DIRECTION('',(0.,-1.110223024625E-16,-1.));
#6633 = DEFINITIONAL_REPRESENTATION('',(#6634),#6638);
#6634 = LINE('',#6635,#6636);
#6635 = CARTESIAN_POINT('',(3.14159265359,0.));
#6636 = VECTOR('',#6637,1.);
#6637 = DIRECTION('',(0.,-1.));
#6638 = ( GEOMETRIC_REPRESENTATION_CONTEXT(2) 
PARAMETRIC_REPRESENTATION_CONTEXT() REPRESENTATION_CONTEXT('2D SPACE',''
  ) );
#6639 = ORIENTED_EDGE('',*,*,#6640,.T.);
#6640 = EDGE_CURVE('',#6608,#6641,#6643,.T.);
#6641 = VERTEX_POINT('',#6642);
#6642 = CARTESIAN_POINT('',(124.,20.,12.));
#6643 = SURFACE_CURVE('',#6644,(#6648,#6655),.PCURVE_S1.);
#6644 = LINE('',#6645,#6646);
#6645 = CARTESIAN_POINT('',(0.,20.,12.));
#6646 = VECTOR('',#6647,1.);
#6647 = DIRECTION('',(1.,0.,0.));
#6648 = PCURVE('',#6616,#6649);
#6649 = DEFINITIONAL_REPRESENTATION('',(#6650),#6654);
#6650 = LINE('',#6651,#6652);
#6651 = CARTESIAN_POINT('',(0.,-2.5));
#6652 = VECTOR('',#6653,1.);
#6653 = DIRECTION('',(1.,0.));
#6654 = ( GEOMETRIC_REPRESENTATION_CONTEXT(2) 
PARAMETRIC_REPRESENTATION_CONTEXT() REPRESENTATION_CONTEXT('2D SPACE',''
  ) );
#6655 = PCURVE('',#6656,#6661);
#6656 = PLANE('',#6657);
#6657 = AXIS2_PLACEMENT_3D('',#6658,#6659,#6660);
#6658 = CARTESIAN_POINT('',(62.,20.,2.331468351713E-16));
#6659 = DIRECTION('',(-0.,1.,-1.110223024625E-16));
#6660 = DIRECTION('',(-1.,0.,0.));
#6661 = DEFINITIONAL_REPRESENTATION('',(#6662),#6666);
#6662 = LINE('',#6663,#6664);
#6663 = CARTESIAN_POINT('',(62.,12.));
#6664 = VECTOR('',#6665,1.);
#6665 = DIRECTION('',(-1.,0.));
#6666 = ( GEOMETRIC_REPRESENTATION_CONTEXT(2) 
PARAMETRIC_REPRESENTATION_CONTEXT() REPRESENTATION_CONTEXT('2D SPACE',''
  ) );
#6667 = ORIENTED_EDGE('',*,*,#6668,.F.);
#6668 = EDGE_CURVE('',#6669,#6641,#6671,.T.);
#6669 = VERTEX_POINT('',#6670);
#6670 = CARTESIAN_POINT('',(124.,22.5,12.));
#6671 = SURFACE_CURVE('',#6672,(#6676,#6683),.PCURVE_S1.);
#6672 = LINE('',#6673,#6674);
#6673 = CARTESIAN_POINT('',(124.,22.5,12.));
#6674 = VECTOR('',#6675,1.);
#6675 = DIRECTION('',(0.,-1.,1.110223024625E-16));
#6676 = PCURVE('',#6616,#6677);
#6677 = DEFINITIONAL_REPRESENTATION('',(#6678),#6682);
#6678 = LINE('',#6679,#6680);
#6679 = CARTESIAN_POINT('',(124.,0.));
#6680 = VECTOR('',#6681,1.);
#6681 = DIRECTION('',(0.,-1.));
#6682 = ( GEOMETRIC_REPRESENTATION_CONTEXT(2) 
PARAMETRIC_REPRESENTATION_CONTEXT() REPRESENTATION_CONTEXT('2D SPACE',''
  ) );
#6683 = PCURVE('',#6684,#6689);
#6684 = CYLINDRICAL_SURFACE('',#6685,12.);
#6685 = AXIS2_PLACEMENT_3D('',#6686,#6687,#6688);
#6686 = CARTESIAN_POINT('',(124.,22.5,0.));
#6687 = DIRECTION('',(0.,1.,-1.110223024625E-16));
#6688 = DIRECTION('',(0.,1.110223024625E-16,1.));
#6689 = DEFINITIONAL_REPRESENTATION('',(#6690),#6694);
#6690 = LINE('',#6691,#6692);
#6691 = CARTESIAN_POINT('',(0.,0.));
#6692 = VECTOR('',#6693,1.);
#6693 = DIRECTION('',(0.,-1.));
#6694 = ( GEOMETRIC_REPRESENTATION_CONTEXT(2) 
PARAMETRIC_REPRESENTATION_CONTEXT() REPRESENTATION_CONTEXT('2D SPACE',''
  ) );
#6695 = ORIENTED_EDGE('',*,*,#6696,.F.);
#6696 = EDGE_CURVE('',#6606,#6669,#6697,.T.);
#6697 = SURFACE_CURVE('',#6698,(#6702,#6709),.PCURVE_S1.);
#6698 = LINE('',#6699,#6700);
#6699 = CARTESIAN_POINT('',(0.,22.5,12.));
#6700 = VECTOR('',#6701,1.);
#6701 = DIRECTION('',(1.,0.,0.));
#6702 = PCURVE('',#6616,#6703);
#6703 = DEFINITIONAL_REPRESENTATION('',(#6704),#6708);
#6704 = LINE('',#6705,#6706);
#6705 = CARTESIAN_POINT('',(0.,0.));
#6706 = VECTOR('',#6707,1.);
#6707 = DIRECTION('',(1.,0.));
#6708 = ( GEOMETRIC_REPRESENTATION_CONTEXT(2) 
PARAMETRIC_REPRESENTATION_CONTEXT() REPRESENTATION_CONTEXT('2D SPACE',''
  ) );
#6709 = PCURVE('',#6710,#6715);
#6710 = PLANE('',#6711);
#6711 = AXIS2_PLACEMENT_3D('',#6712,#6713,#6714);
#6712 = CARTESIAN_POINT('',(62.,22.5,-4.440892098501E-17));
#6713 = DIRECTION('',(-0.,1.,-1.110223024625E-16));
#6714 = DIRECTION('',(-1.,0.,0.));
#6715 = DEFINITIONAL_REPRESENTATION('',(#6716),#6720);
#6716 = LINE('',#6717,#6718);
#6717 = CARTESIAN_POINT('',(62.,12.));
#6718 = VECTOR('',#6719,1.);
#6719 = DIRECTION('',(-1.,0.));
#6720 = ( GEOMETRIC_REPRESENTATION_CONTEXT(2) 
PARAMETRIC_REPRESENTATION_CONTEXT() REPRESENTATION_CONTEXT('2D SPACE',''
  ) );
#6721 = ADVANCED_FACE('',(#6722),#6628,.T.);
#6722 = FACE_BOUND('',#6723,.T.);
#6723 = EDGE_LOOP('',(#6724,#6754,#6776,#6777));
#6724 = ORIENTED_EDGE('',*,*,#6725,.T.);
#6725 = EDGE_CURVE('',#6726,#6728,#6730,.T.);
#6726 = VERTEX_POINT('',#6727);
#6727 = CARTESIAN_POINT('',(0.,22.5,-12.));
#6728 = VERTEX_POINT('',#6729);
#6729 = CARTESIAN_POINT('',(0.,20.,-12.));
#6730 = SURFACE_CURVE('',#6731,(#6735,#6742),.PCURVE_S1.);
#6731 = LINE('',#6732,#6733);
#6732 = CARTESIAN_POINT('',(0.,22.5,-12.));
#6733 = VECTOR('',#6734,1.);
#6734 = DIRECTION('',(0.,-1.,1.110223024625E-16));
#6735 = PCURVE('',#6628,#6736);
#6736 = DEFINITIONAL_REPRESENTATION('',(#6737),#6741);
#6737 = LINE('',#6738,#6739);
#6738 = CARTESIAN_POINT('',(0.,0.));
#6739 = VECTOR('',#6740,1.);
#6740 = DIRECTION('',(0.,-1.));
#6741 = ( GEOMETRIC_REPRESENTATION_CONTEXT(2) 
PARAMETRIC_REPRESENTATION_CONTEXT() REPRESENTATION_CONTEXT('2D SPACE',''
  ) );
#6742 = PCURVE('',#6743,#6748);
#6743 = PLANE('',#6744);
#6744 = AXIS2_PLACEMENT_3D('',#6745,#6746,#6747);
#6745 = CARTESIAN_POINT('',(124.,22.5,-12.));
#6746 = DIRECTION('',(0.,-1.110223024625E-16,-1.));
#6747 = DIRECTION('',(-1.,0.,0.));
#6748 = DEFINITIONAL_REPRESENTATION('',(#6749),#6753);
#6749 = LINE('',#6750,#6751);
#6750 = CARTESIAN_POINT('',(124.,0.));
#6751 = VECTOR('',#6752,1.);
#6752 = DIRECTION('',(0.,-1.));
#6753 = ( GEOMETRIC_REPRESENTATION_CONTEXT(2) 
PARAMETRIC_REPRESENTATION_CONTEXT() REPRESENTATION_CONTEXT('2D SPACE',''
  ) );
#6754 = ORIENTED_EDGE('',*,*,#6755,.T.);
#6755 = EDGE_CURVE('',#6728,#6608,#6756,.T.);
#6756 = SURFACE_CURVE('',#6757,(#6762,#6769),.PCURVE_S1.);
#6757 = CIRCLE('',#6758,12.);
#6758 = AXIS2_PLACEMENT_3D('',#6759,#6760,#6761);
#6759 = CARTESIAN_POINT('',(0.,20.,2.775557561563E-16));
#6760 = DIRECTION('',(-0.,1.,-1.110223024625E-16));
#6761 = DIRECTION('',(0.,-1.110223024625E-16,-1.));
#6762 = PCURVE('',#6628,#6763);
#6763 = DEFINITIONAL_REPRESENTATION('',(#6764),#6768);
#6764 = LINE('',#6765,#6766);
#6765 = CARTESIAN_POINT('',(0.,-2.5));
#6766 = VECTOR('',#6767,1.);
#6767 = DIRECTION('',(1.,0.));
#6768 = ( GEOMETRIC_REPRESENTATION_CONTEXT(2) 
PARAMETRIC_REPRESENTATION_CONTEXT() REPRESENTATION_CONTEXT('2D SPACE',''
  ) );
#6769 = PCURVE('',#6656,#6770);
#6770 = DEFINITIONAL_REPRESENTATION('',(#6771),#6775);
#6771 = CIRCLE('',#6772,12.);
#6772 = AXIS2_PLACEMENT_2D('',#6773,#6774);
#6773 = CARTESIAN_POINT('',(62.,4.440892098501E-17));
#6774 = DIRECTION('',(-0.,-1.));
#6775 = ( GEOMETRIC_REPRESENTATION_CONTEXT(2) 
PARAMETRIC_REPRESENTATION_CONTEXT() REPRESENTATION_CONTEXT('2D SPACE',''
  ) );
#6776 = ORIENTED_EDGE('',*,*,#6605,.F.);
#6777 = ORIENTED_EDGE('',*,*,#6778,.F.);
#6778 = EDGE_CURVE('',#6726,#6606,#6779,.T.);
#6779 = SURFACE_CURVE('',#6780,(#6785,#6792),.PCURVE_S1.);
#6780 = CIRCLE('',#6781,12.);
#6781 = AXIS2_PLACEMENT_3D('',#6782,#6783,#6784);
#6782 = CARTESIAN_POINT('',(0.,22.5,0.));
#6783 = DIRECTION('',(-0.,1.,-1.110223024625E-16));
#6784 = DIRECTION('',(0.,-1.110223024625E-16,-1.));
#6785 = PCURVE('',#6628,#6786);
#6786 = DEFINITIONAL_REPRESENTATION('',(#6787),#6791);
#6787 = LINE('',#6788,#6789);
#6788 = CARTESIAN_POINT('',(0.,0.));
#6789 = VECTOR('',#6790,1.);
#6790 = DIRECTION('',(1.,0.));
#6791 = ( GEOMETRIC_REPRESENTATION_CONTEXT(2) 
PARAMETRIC_REPRESENTATION_CONTEXT() REPRESENTATION_CONTEXT('2D SPACE',''
  ) );
#6792 = PCURVE('',#6710,#6793);
#6793 = DEFINITIONAL_REPRESENTATION('',(#6794),#6798);
#6794 = CIRCLE('',#6795,12.);
#6795 = AXIS2_PLACEMENT_2D('',#6796,#6797);
#6796 = CARTESIAN_POINT('',(62.,4.440892098501E-17));
#6797 = DIRECTION('',(-0.,-1.));
#6798 = ( GEOMETRIC_REPRESENTATION_CONTEXT(2) 
PARAMETRIC_REPRESENTATION_CONTEXT() REPRESENTATION_CONTEXT('2D SPACE',''
  ) );
#6799 = ADVANCED_FACE('',(#6800),#6684,.T.);
#6800 = FACE_BOUND('',#6801,.T.);
#6801 = EDGE_LOOP('',(#6802,#6803,#6827,#6850));
#6802 = ORIENTED_EDGE('',*,*,#6668,.T.);
#6803 = ORIENTED_EDGE('',*,*,#6804,.T.);
#6804 = EDGE_CURVE('',#6641,#6805,#6807,.T.);
#6805 = VERTEX_POINT('',#6806);
#6806 = CARTESIAN_POINT('',(124.,20.,-12.));
#6807 = SURFACE_CURVE('',#6808,(#6813,#6820),.PCURVE_S1.);
#6808 = CIRCLE('',#6809,12.);
#6809 = AXIS2_PLACEMENT_3D('',#6810,#6811,#6812);
#6810 = CARTESIAN_POINT('',(124.,20.,2.775557561563E-16));
#6811 = DIRECTION('',(0.,1.,-1.110223024625E-16));
#6812 = DIRECTION('',(0.,1.110223024625E-16,1.));
#6813 = PCURVE('',#6684,#6814);
#6814 = DEFINITIONAL_REPRESENTATION('',(#6815),#6819);
#6815 = LINE('',#6816,#6817);
#6816 = CARTESIAN_POINT('',(0.,-2.5));
#6817 = VECTOR('',#6818,1.);
#6818 = DIRECTION('',(1.,0.));
#6819 = ( GEOMETRIC_REPRESENTATION_CONTEXT(2) 
PARAMETRIC_REPRESENTATION_CONTEXT() REPRESENTATION_CONTEXT('2D SPACE',''
  ) );
#6820 = PCURVE('',#6656,#6821);
#6821 = DEFINITIONAL_REPRESENTATION('',(#6822),#6826);
#6822 = CIRCLE('',#6823,12.);
#6823 = AXIS2_PLACEMENT_2D('',#6824,#6825);
#6824 = CARTESIAN_POINT('',(-62.,4.440892098501E-17));
#6825 = DIRECTION('',(0.,1.));
#6826 = ( GEOMETRIC_REPRESENTATION_CONTEXT(2) 
PARAMETRIC_REPRESENTATION_CONTEXT() REPRESENTATION_CONTEXT('2D SPACE',''
  ) );
#6827 = ORIENTED_EDGE('',*,*,#6828,.F.);
#6828 = EDGE_CURVE('',#6829,#6805,#6831,.T.);
#6829 = VERTEX_POINT('',#6830);
#6830 = CARTESIAN_POINT('',(124.,22.5,-12.));
#6831 = SURFACE_CURVE('',#6832,(#6836,#6843),.PCURVE_S1.);
#6832 = LINE('',#6833,#6834);
#6833 = CARTESIAN_POINT('',(124.,22.5,-12.));
#6834 = VECTOR('',#6835,1.);
#6835 = DIRECTION('',(0.,-1.,1.110223024625E-16));
#6836 = PCURVE('',#6684,#6837);
#6837 = DEFINITIONAL_REPRESENTATION('',(#6838),#6842);
#6838 = LINE('',#6839,#6840);
#6839 = CARTESIAN_POINT('',(3.14159265359,0.));
#6840 = VECTOR('',#6841,1.);
#6841 = DIRECTION('',(0.,-1.));
#6842 = ( GEOMETRIC_REPRESENTATION_CONTEXT(2) 
PARAMETRIC_REPRESENTATION_CONTEXT() REPRESENTATION_CONTEXT('2D SPACE',''
  ) );
#6843 = PCURVE('',#6743,#6844);
#6844 = DEFINITIONAL_REPRESENTATION('',(#6845),#6849);
#6845 = LINE('',#6846,#6847);
#6846 = CARTESIAN_POINT('',(0.,0.));
#6847 = VECTOR('',#6848,1.);
#6848 = DIRECTION('',(0.,-1.));
#6849 = ( GEOMETRIC_REPRESENTATION_CONTEXT(2) 
PARAMETRIC_REPRESENTATION_CONTEXT() REPRESENTATION_CONTEXT('2D SPACE',''
  ) );
#6850 = ORIENTED_EDGE('',*,*,#6851,.F.);
#6851 = EDGE_CURVE('',#6669,#6829,#6852,.T.);
#6852 = SURFACE_CURVE('',#6853,(#6858,#6865),.PCURVE_S1.);
#6853 = CIRCLE('',#6854,12.);
#6854 = AXIS2_PLACEMENT_3D('',#6855,#6856,#6857);
#6855 = CARTESIAN_POINT('',(124.,22.5,0.));
#6856 = DIRECTION('',(0.,1.,-1.110223024625E-16));
#6857 = DIRECTION('',(0.,1.110223024625E-16,1.));
#6858 = PCURVE('',#6684,#6859);
#6859 = DEFINITIONAL_REPRESENTATION('',(#6860),#6864);
#6860 = LINE('',#6861,#6862);
#6861 = CARTESIAN_POINT('',(0.,0.));
#6862 = VECTOR('',#6863,1.);
#6863 = DIRECTION('',(1.,0.));
#6864 = ( GEOMETRIC_REPRESENTATION_CONTEXT(2) 
PARAMETRIC_REPRESENTATION_CONTEXT() REPRESENTATION_CONTEXT('2D SPACE',''
  ) );
#6865 = PCURVE('',#6710,#6866);
#6866 = DEFINITIONAL_REPRESENTATION('',(#6867),#6871);
#6867 = CIRCLE('',#6868,12.);
#6868 = AXIS2_PLACEMENT_2D('',#6869,#6870);
#6869 = CARTESIAN_POINT('',(-62.,4.440892098501E-17));
#6870 = DIRECTION('',(0.,1.));
#6871 = ( GEOMETRIC_REPRESENTATION_CONTEXT(2) 
PARAMETRIC_REPRESENTATION_CONTEXT() REPRESENTATION_CONTEXT('2D SPACE',''
  ) );
#6872 = ADVANCED_FACE('',(#6873,#6899,#6934,#7050),#6710,.T.);
#6873 = FACE_BOUND('',#6874,.T.);
#6874 = EDGE_LOOP('',(#6875,#6876,#6877,#6898));
#6875 = ORIENTED_EDGE('',*,*,#6696,.T.);
#6876 = ORIENTED_EDGE('',*,*,#6851,.T.);
#6877 = ORIENTED_EDGE('',*,*,#6878,.T.);
#6878 = EDGE_CURVE('',#6829,#6726,#6879,.T.);
#6879 = SURFACE_CURVE('',#6880,(#6884,#6891),.PCURVE_S1.);
#6880 = LINE('',#6881,#6882);
#6881 = CARTESIAN_POINT('',(124.,22.5,-12.));
#6882 = VECTOR('',#6883,1.);
#6883 = DIRECTION('',(-1.,0.,0.));
#6884 = PCURVE('',#6710,#6885);
#6885 = DEFINITIONAL_REPRESENTATION('',(#6886),#6890);
#6886 = LINE('',#6887,#6888);
#6887 = CARTESIAN_POINT('',(-62.,-12.));
#6888 = VECTOR('',#6889,1.);
#6889 = DIRECTION('',(1.,0.));
#6890 = ( GEOMETRIC_REPRESENTATION_CONTEXT(2) 
PARAMETRIC_REPRESENTATION_CONTEXT() REPRESENTATION_CONTEXT('2D SPACE',''
  ) );
#6891 = PCURVE('',#6743,#6892);
#6892 = DEFINITIONAL_REPRESENTATION('',(#6893),#6897);
#6893 = LINE('',#6894,#6895);
#6894 = CARTESIAN_POINT('',(0.,0.));
#6895 = VECTOR('',#6896,1.);
#6896 = DIRECTION('',(1.,0.));
#6897 = ( GEOMETRIC_REPRESENTATION_CONTEXT(2) 
PARAMETRIC_REPRESENTATION_CONTEXT() REPRESENTATION_CONTEXT('2D SPACE',''
  ) );
#6898 = ORIENTED_EDGE('',*,*,#6778,.T.);
#6899 = FACE_BOUND('',#6900,.T.);
#6900 = EDGE_LOOP('',(#6901));
#6901 = ORIENTED_EDGE('',*,*,#6902,.T.);
#6902 = EDGE_CURVE('',#6903,#6903,#6905,.T.);
#6903 = VERTEX_POINT('',#6904);
#6904 = CARTESIAN_POINT('',(127.,22.5,0.));
#6905 = SURFACE_CURVE('',#6906,(#6911,#6922),.PCURVE_S1.);
#6906 = CIRCLE('',#6907,3.);
#6907 = AXIS2_PLACEMENT_3D('',#6908,#6909,#6910);
#6908 = CARTESIAN_POINT('',(124.,22.5,0.));
#6909 = DIRECTION('',(0.,-1.,1.110223024625E-16));
#6910 = DIRECTION('',(1.,0.,0.));
#6911 = PCURVE('',#6710,#6912);
#6912 = DEFINITIONAL_REPRESENTATION('',(#6913),#6921);
#6913 = ( BOUNDED_CURVE() B_SPLINE_CURVE(2,(#6914,#6915,#6916,#6917,
#6918,#6919,#6920),.UNSPECIFIED.,.T.,.F.) B_SPLINE_CURVE_WITH_KNOTS((1,2
    ,2,2,2,1),(-2.094395102393,0.,2.094395102393,4.188790204786,
6.28318530718,8.377580409573),.UNSPECIFIED.) CURVE() 
GEOMETRIC_REPRESENTATION_ITEM() RATIONAL_B_SPLINE_CURVE((1.,0.5,1.,0.5,
1.,0.5,1.)) REPRESENTATION_ITEM('') );
#6914 = CARTESIAN_POINT('',(-65.,4.440892098501E-17));
#6915 = CARTESIAN_POINT('',(-65.,5.196152422707));
#6916 = CARTESIAN_POINT('',(-60.5,2.598076211353));
#6917 = CARTESIAN_POINT('',(-56.,7.791970004734E-16));
#6918 = CARTESIAN_POINT('',(-60.5,-2.598076211353));
#6919 = CARTESIAN_POINT('',(-65.,-5.196152422707));
#6920 = CARTESIAN_POINT('',(-65.,4.440892098501E-17));
#6921 = ( GEOMETRIC_REPRESENTATION_CONTEXT(2) 
PARAMETRIC_REPRESENTATION_CONTEXT() REPRESENTATION_CONTEXT('2D SPACE',''
  ) );
#6922 = PCURVE('',#6923,#6928);
#6923 = CYLINDRICAL_SURFACE('',#6924,3.);
#6924 = AXIS2_PLACEMENT_3D('',#6925,#6926,#6927);
#6925 = CARTESIAN_POINT('',(124.,22.5,0.));
#6926 = DIRECTION('',(-0.,1.,-1.110223024625E-16));
#6927 = DIRECTION('',(1.,0.,0.));
#6928 = DEFINITIONAL_REPRESENTATION('',(#6929),#6933);
#6929 = LINE('',#6930,#6931);
#6930 = CARTESIAN_POINT('',(-0.,0.));
#6931 = VECTOR('',#6932,1.);
#6932 = DIRECTION('',(-1.,0.));
#6933 = ( GEOMETRIC_REPRESENTATION_CONTEXT(2) 
PARAMETRIC_REPRESENTATION_CONTEXT() REPRESENTATION_CONTEXT('2D SPACE',''
  ) );
#6934 = FACE_BOUND('',#6935,.T.);
#6935 = EDGE_LOOP('',(#6936,#6966,#6995,#7023));
#6936 = ORIENTED_EDGE('',*,*,#6937,.F.);
#6937 = EDGE_CURVE('',#6938,#6940,#6942,.T.);
#6938 = VERTEX_POINT('',#6939);
#6939 = CARTESIAN_POINT('',(22.2,22.5,5.4));
#6940 = VERTEX_POINT('',#6941);
#6941 = CARTESIAN_POINT('',(101.8,22.5,5.4));
#6942 = SURFACE_CURVE('',#6943,(#6947,#6954),.PCURVE_S1.);
#6943 = LINE('',#6944,#6945);
#6944 = CARTESIAN_POINT('',(22.2,22.5,5.4));
#6945 = VECTOR('',#6946,1.);
#6946 = DIRECTION('',(1.,0.,0.));
#6947 = PCURVE('',#6710,#6948);
#6948 = DEFINITIONAL_REPRESENTATION('',(#6949),#6953);
#6949 = LINE('',#6950,#6951);
#6950 = CARTESIAN_POINT('',(39.8,5.4));
#6951 = VECTOR('',#6952,1.);
#6952 = DIRECTION('',(-1.,0.));
#6953 = ( GEOMETRIC_REPRESENTATION_CONTEXT(2) 
PARAMETRIC_REPRESENTATION_CONTEXT() REPRESENTATION_CONTEXT('2D SPACE',''
  ) );
#6954 = PCURVE('',#6955,#6960);
#6955 = PLANE('',#6956);
#6956 = AXIS2_PLACEMENT_3D('',#6957,#6958,#6959);
#6957 = CARTESIAN_POINT('',(22.2,22.5,5.4));
#6958 = DIRECTION('',(0.,1.110223024625E-16,1.));
#6959 = DIRECTION('',(1.,0.,0.));
#6960 = DEFINITIONAL_REPRESENTATION('',(#6961),#6965);
#6961 = LINE('',#6962,#6963);
#6962 = CARTESIAN_POINT('',(0.,0.));
#6963 = VECTOR('',#6964,1.);
#6964 = DIRECTION('',(1.,0.));
#6965 = ( GEOMETRIC_REPRESENTATION_CONTEXT(2) 
PARAMETRIC_REPRESENTATION_CONTEXT() REPRESENTATION_CONTEXT('2D SPACE',''
  ) );
#6966 = ORIENTED_EDGE('',*,*,#6967,.F.);
#6967 = EDGE_CURVE('',#6968,#6938,#6970,.T.);
#6968 = VERTEX_POINT('',#6969);
#6969 = CARTESIAN_POINT('',(22.2,22.5,-5.4));
#6970 = SURFACE_CURVE('',#6971,(#6976,#6983),.PCURVE_S1.);
#6971 = CIRCLE('',#6972,5.4);
#6972 = AXIS2_PLACEMENT_3D('',#6973,#6974,#6975);
#6973 = CARTESIAN_POINT('',(22.2,22.5,0.));
#6974 = DIRECTION('',(0.,1.,-1.110223024625E-16));
#6975 = DIRECTION('',(-1.315819881037E-15,-1.110223024625E-16,-1.));
#6976 = PCURVE('',#6710,#6977);
#6977 = DEFINITIONAL_REPRESENTATION('',(#6978),#6982);
#6978 = CIRCLE('',#6979,5.4);
#6979 = AXIS2_PLACEMENT_2D('',#6980,#6981);
#6980 = CARTESIAN_POINT('',(39.8,4.440892098501E-17));
#6981 = DIRECTION('',(1.315819881037E-15,-1.));
#6982 = ( GEOMETRIC_REPRESENTATION_CONTEXT(2) 
PARAMETRIC_REPRESENTATION_CONTEXT() REPRESENTATION_CONTEXT('2D SPACE',''
  ) );
#6983 = PCURVE('',#6984,#6989);
#6984 = CYLINDRICAL_SURFACE('',#6985,5.4);
#6985 = AXIS2_PLACEMENT_3D('',#6986,#6987,#6988);
#6986 = CARTESIAN_POINT('',(22.2,22.5,0.));
#6987 = DIRECTION('',(0.,1.,-1.110223024625E-16));
#6988 = DIRECTION('',(-1.315819881037E-15,-1.110223024625E-16,-1.));
#6989 = DEFINITIONAL_REPRESENTATION('',(#6990),#6994);
#6990 = LINE('',#6991,#6992);
#6991 = CARTESIAN_POINT('',(0.,0.));
#6992 = VECTOR('',#6993,1.);
#6993 = DIRECTION('',(1.,0.));
#6994 = ( GEOMETRIC_REPRESENTATION_CONTEXT(2) 
PARAMETRIC_REPRESENTATION_CONTEXT() REPRESENTATION_CONTEXT('2D SPACE',''
  ) );
#6995 = ORIENTED_EDGE('',*,*,#6996,.F.);
#6996 = EDGE_CURVE('',#6997,#6968,#6999,.T.);
#6997 = VERTEX_POINT('',#6998);
#6998 = CARTESIAN_POINT('',(101.8,22.5,-5.4));
#6999 = SURFACE_CURVE('',#7000,(#7004,#7011),.PCURVE_S1.);
#7000 = LINE('',#7001,#7002);
#7001 = CARTESIAN_POINT('',(101.8,22.5,-5.4));
#7002 = VECTOR('',#7003,1.);
#7003 = DIRECTION('',(-1.,0.,0.));
#7004 = PCURVE('',#6710,#7005);
#7005 = DEFINITIONAL_REPRESENTATION('',(#7006),#7010);
#7006 = LINE('',#7007,#7008);
#7007 = CARTESIAN_POINT('',(-39.8,-5.4));
#7008 = VECTOR('',#7009,1.);
#7009 = DIRECTION('',(1.,0.));
#7010 = ( GEOMETRIC_REPRESENTATION_CONTEXT(2) 
PARAMETRIC_REPRESENTATION_CONTEXT() REPRESENTATION_CONTEXT('2D SPACE',''
  ) );
#7011 = PCURVE('',#7012,#7017);
#7012 = PLANE('',#7013);
#7013 = AXIS2_PLACEMENT_3D('',#7014,#7015,#7016);
#7014 = CARTESIAN_POINT('',(101.8,22.5,-5.4));
#7015 = DIRECTION('',(0.,-1.110223024625E-16,-1.));
#7016 = DIRECTION('',(-1.,0.,0.));
#7017 = DEFINITIONAL_REPRESENTATION('',(#7018),#7022);
#7018 = LINE('',#7019,#7020);
#7019 = CARTESIAN_POINT('',(0.,0.));
#7020 = VECTOR('',#7021,1.);
#7021 = DIRECTION('',(1.,0.));
#7022 = ( GEOMETRIC_REPRESENTATION_CONTEXT(2) 
PARAMETRIC_REPRESENTATION_CONTEXT() REPRESENTATION_CONTEXT('2D SPACE',''
  ) );
#7023 = ORIENTED_EDGE('',*,*,#7024,.F.);
#7024 = EDGE_CURVE('',#6940,#6997,#7025,.T.);
#7025 = SURFACE_CURVE('',#7026,(#7031,#7038),.PCURVE_S1.);
#7026 = CIRCLE('',#7027,5.4);
#7027 = AXIS2_PLACEMENT_3D('',#7028,#7029,#7030);
#7028 = CARTESIAN_POINT('',(101.8,22.5,0.));
#7029 = DIRECTION('',(0.,1.,-1.110223024625E-16));
#7030 = DIRECTION('',(1.315819881037E-15,1.110223024625E-16,1.));
#7031 = PCURVE('',#6710,#7032);
#7032 = DEFINITIONAL_REPRESENTATION('',(#7033),#7037);
#7033 = CIRCLE('',#7034,5.4);
#7034 = AXIS2_PLACEMENT_2D('',#7035,#7036);
#7035 = CARTESIAN_POINT('',(-39.8,4.440892098501E-17));
#7036 = DIRECTION('',(-1.315819881037E-15,1.));
#7037 = ( GEOMETRIC_REPRESENTATION_CONTEXT(2) 
PARAMETRIC_REPRESENTATION_CONTEXT() REPRESENTATION_CONTEXT('2D SPACE',''
  ) );
#7038 = PCURVE('',#7039,#7044);
#7039 = CYLINDRICAL_SURFACE('',#7040,5.4);
#7040 = AXIS2_PLACEMENT_3D('',#7041,#7042,#7043);
#7041 = CARTESIAN_POINT('',(101.8,22.5,0.));
#7042 = DIRECTION('',(0.,1.,-1.110223024625E-16));
#7043 = DIRECTION('',(1.315819881037E-15,1.110223024625E-16,1.));
#7044 = DEFINITIONAL_REPRESENTATION('',(#7045),#7049);
#7045 = LINE('',#7046,#7047);
#7046 = CARTESIAN_POINT('',(0.,0.));
#7047 = VECTOR('',#7048,1.);
#7048 = DIRECTION('',(1.,0.));
#7049 = ( GEOMETRIC_REPRESENTATION_CONTEXT(2) 
PARAMETRIC_REPRESENTATION_CONTEXT() REPRESENTATION_CONTEXT('2D SPACE',''
  ) );
#7050 = FACE_BOUND('',#7051,.T.);
#7051 = EDGE_LOOP('',(#7052));
#7052 = ORIENTED_EDGE('',*,*,#7053,.T.);
#7053 = EDGE_CURVE('',#7054,#7054,#7056,.T.);
#7054 = VERTEX_POINT('',#7055);
#7055 = CARTESIAN_POINT('',(3.,22.5,0.));
#7056 = SURFACE_CURVE('',#7057,(#7062,#7073),.PCURVE_S1.);
#7057 = CIRCLE('',#7058,3.);
#7058 = AXIS2_PLACEMENT_3D('',#7059,#7060,#7061);
#7059 = CARTESIAN_POINT('',(0.,22.5,0.));
#7060 = DIRECTION('',(0.,-1.,1.110223024625E-16));
#7061 = DIRECTION('',(1.,0.,0.));
#7062 = PCURVE('',#6710,#7063);
#7063 = DEFINITIONAL_REPRESENTATION('',(#7064),#7072);
#7064 = ( BOUNDED_CURVE() B_SPLINE_CURVE(2,(#7065,#7066,#7067,#7068,
#7069,#7070,#7071),.UNSPECIFIED.,.T.,.F.) B_SPLINE_CURVE_WITH_KNOTS((1,2
    ,2,2,2,1),(-2.094395102393,0.,2.094395102393,4.188790204786,
6.28318530718,8.377580409573),.UNSPECIFIED.) CURVE() 
GEOMETRIC_REPRESENTATION_ITEM() RATIONAL_B_SPLINE_CURVE((1.,0.5,1.,0.5,
1.,0.5,1.)) REPRESENTATION_ITEM('') );
#7065 = CARTESIAN_POINT('',(59.,4.440892098501E-17));
#7066 = CARTESIAN_POINT('',(59.,5.196152422707));
#7067 = CARTESIAN_POINT('',(63.5,2.598076211353));
#7068 = CARTESIAN_POINT('',(68.,7.791970004734E-16));
#7069 = CARTESIAN_POINT('',(63.5,-2.598076211353));
#7070 = CARTESIAN_POINT('',(59.,-5.196152422707));
#7071 = CARTESIAN_POINT('',(59.,4.440892098501E-17));
#7072 = ( GEOMETRIC_REPRESENTATION_CONTEXT(2) 
PARAMETRIC_REPRESENTATION_CONTEXT() REPRESENTATION_CONTEXT('2D SPACE',''
  ) );
#7073 = PCURVE('',#7074,#7079);
#7074 = CYLINDRICAL_SURFACE('',#7075,3.);
#7075 = AXIS2_PLACEMENT_3D('',#7076,#7077,#7078);
#7076 = CARTESIAN_POINT('',(0.,22.5,0.));
#7077 = DIRECTION('',(-0.,1.,-1.110223024625E-16));
#7078 = DIRECTION('',(1.,0.,0.));
#7079 = DEFINITIONAL_REPRESENTATION('',(#7080),#7084);
#7080 = LINE('',#7081,#7082);
#7081 = CARTESIAN_POINT('',(-0.,0.));
#7082 = VECTOR('',#7083,1.);
#7083 = DIRECTION('',(-1.,0.));
#7084 = ( GEOMETRIC_REPRESENTATION_CONTEXT(2) 
PARAMETRIC_REPRESENTATION_CONTEXT() REPRESENTATION_CONTEXT('2D SPACE',''
  ) );
#7085 = ADVANCED_FACE('',(#7086,#7112,#7142,#7238),#6656,.F.);
#7086 = FACE_BOUND('',#7087,.F.);
#7087 = EDGE_LOOP('',(#7088,#7089,#7090,#7111));
#7088 = ORIENTED_EDGE('',*,*,#6640,.T.);
#7089 = ORIENTED_EDGE('',*,*,#6804,.T.);
#7090 = ORIENTED_EDGE('',*,*,#7091,.T.);
#7091 = EDGE_CURVE('',#6805,#6728,#7092,.T.);
#7092 = SURFACE_CURVE('',#7093,(#7097,#7104),.PCURVE_S1.);
#7093 = LINE('',#7094,#7095);
#7094 = CARTESIAN_POINT('',(124.,20.,-12.));
#7095 = VECTOR('',#7096,1.);
#7096 = DIRECTION('',(-1.,0.,0.));
#7097 = PCURVE('',#6656,#7098);
#7098 = DEFINITIONAL_REPRESENTATION('',(#7099),#7103);
#7099 = LINE('',#7100,#7101);
#7100 = CARTESIAN_POINT('',(-62.,-12.));
#7101 = VECTOR('',#7102,1.);
#7102 = DIRECTION('',(1.,0.));
#7103 = ( GEOMETRIC_REPRESENTATION_CONTEXT(2) 
PARAMETRIC_REPRESENTATION_CONTEXT() REPRESENTATION_CONTEXT('2D SPACE',''
  ) );
#7104 = PCURVE('',#6743,#7105);
#7105 = DEFINITIONAL_REPRESENTATION('',(#7106),#7110);
#7106 = LINE('',#7107,#7108);
#7107 = CARTESIAN_POINT('',(0.,-2.5));
#7108 = VECTOR('',#7109,1.);
#7109 = DIRECTION('',(1.,0.));
#7110 = ( GEOMETRIC_REPRESENTATION_CONTEXT(2) 
PARAMETRIC_REPRESENTATION_CONTEXT() REPRESENTATION_CONTEXT('2D SPACE',''
  ) );
#7111 = ORIENTED_EDGE('',*,*,#6755,.T.);
#7112 = FACE_BOUND('',#7113,.F.);
#7113 = EDGE_LOOP('',(#7114));
#7114 = ORIENTED_EDGE('',*,*,#7115,.T.);
#7115 = EDGE_CURVE('',#7116,#7116,#7118,.T.);
#7116 = VERTEX_POINT('',#7117);
#7117 = CARTESIAN_POINT('',(127.,20.,2.775557561563E-16));
#7118 = SURFACE_CURVE('',#7119,(#7124,#7135),.PCURVE_S1.);
#7119 = CIRCLE('',#7120,3.);
#7120 = AXIS2_PLACEMENT_3D('',#7121,#7122,#7123);
#7121 = CARTESIAN_POINT('',(124.,20.,2.775557561563E-16));
#7122 = DIRECTION('',(0.,-1.,1.110223024625E-16));
#7123 = DIRECTION('',(1.,0.,0.));
#7124 = PCURVE('',#6656,#7125);
#7125 = DEFINITIONAL_REPRESENTATION('',(#7126),#7134);
#7126 = ( BOUNDED_CURVE() B_SPLINE_CURVE(2,(#7127,#7128,#7129,#7130,
#7131,#7132,#7133),.UNSPECIFIED.,.T.,.F.) B_SPLINE_CURVE_WITH_KNOTS((1,2
    ,2,2,2,1),(-2.094395102393,0.,2.094395102393,4.188790204786,
6.28318530718,8.377580409573),.UNSPECIFIED.) CURVE() 
GEOMETRIC_REPRESENTATION_ITEM() RATIONAL_B_SPLINE_CURVE((1.,0.5,1.,0.5,
1.,0.5,1.)) REPRESENTATION_ITEM('') );
#7127 = CARTESIAN_POINT('',(-65.,4.440892098501E-17));
#7128 = CARTESIAN_POINT('',(-65.,5.196152422707));
#7129 = CARTESIAN_POINT('',(-60.5,2.598076211353));
#7130 = CARTESIAN_POINT('',(-56.,7.791970004734E-16));
#7131 = CARTESIAN_POINT('',(-60.5,-2.598076211353));
#7132 = CARTESIAN_POINT('',(-65.,-5.196152422707));
#7133 = CARTESIAN_POINT('',(-65.,4.440892098501E-17));
#7134 = ( GEOMETRIC_REPRESENTATION_CONTEXT(2) 
PARAMETRIC_REPRESENTATION_CONTEXT() REPRESENTATION_CONTEXT('2D SPACE',''
  ) );
#7135 = PCURVE('',#6923,#7136);
#7136 = DEFINITIONAL_REPRESENTATION('',(#7137),#7141);
#7137 = LINE('',#7138,#7139);
#7138 = CARTESIAN_POINT('',(-0.,-2.5));
#7139 = VECTOR('',#7140,1.);
#7140 = DIRECTION('',(-1.,0.));
#7141 = ( GEOMETRIC_REPRESENTATION_CONTEXT(2) 
PARAMETRIC_REPRESENTATION_CONTEXT() REPRESENTATION_CONTEXT('2D SPACE',''
  ) );
#7142 = FACE_BOUND('',#7143,.F.);
#7143 = EDGE_LOOP('',(#7144,#7169,#7193,#7216));
#7144 = ORIENTED_EDGE('',*,*,#7145,.F.);
#7145 = EDGE_CURVE('',#7146,#7148,#7150,.T.);
#7146 = VERTEX_POINT('',#7147);
#7147 = CARTESIAN_POINT('',(22.2,20.,5.4));
#7148 = VERTEX_POINT('',#7149);
#7149 = CARTESIAN_POINT('',(101.8,20.,5.4));
#7150 = SURFACE_CURVE('',#7151,(#7155,#7162),.PCURVE_S1.);
#7151 = LINE('',#7152,#7153);
#7152 = CARTESIAN_POINT('',(22.2,20.,5.4));
#7153 = VECTOR('',#7154,1.);
#7154 = DIRECTION('',(1.,0.,0.));
#7155 = PCURVE('',#6656,#7156);
#7156 = DEFINITIONAL_REPRESENTATION('',(#7157),#7161);
#7157 = LINE('',#7158,#7159);
#7158 = CARTESIAN_POINT('',(39.8,5.4));
#7159 = VECTOR('',#7160,1.);
#7160 = DIRECTION('',(-1.,0.));
#7161 = ( GEOMETRIC_REPRESENTATION_CONTEXT(2) 
PARAMETRIC_REPRESENTATION_CONTEXT() REPRESENTATION_CONTEXT('2D SPACE',''
  ) );
#7162 = PCURVE('',#6955,#7163);
#7163 = DEFINITIONAL_REPRESENTATION('',(#7164),#7168);
#7164 = LINE('',#7165,#7166);
#7165 = CARTESIAN_POINT('',(0.,-2.5));
#7166 = VECTOR('',#7167,1.);
#7167 = DIRECTION('',(1.,0.));
#7168 = ( GEOMETRIC_REPRESENTATION_CONTEXT(2) 
PARAMETRIC_REPRESENTATION_CONTEXT() REPRESENTATION_CONTEXT('2D SPACE',''
  ) );
#7169 = ORIENTED_EDGE('',*,*,#7170,.F.);
#7170 = EDGE_CURVE('',#7171,#7146,#7173,.T.);
#7171 = VERTEX_POINT('',#7172);
#7172 = CARTESIAN_POINT('',(22.2,20.,-5.4));
#7173 = SURFACE_CURVE('',#7174,(#7179,#7186),.PCURVE_S1.);
#7174 = CIRCLE('',#7175,5.4);
#7175 = AXIS2_PLACEMENT_3D('',#7176,#7177,#7178);
#7176 = CARTESIAN_POINT('',(22.2,20.,2.775557561563E-16));
#7177 = DIRECTION('',(0.,1.,-1.110223024625E-16));
#7178 = DIRECTION('',(-1.315819881037E-15,-1.110223024625E-16,-1.));
#7179 = PCURVE('',#6656,#7180);
#7180 = DEFINITIONAL_REPRESENTATION('',(#7181),#7185);
#7181 = CIRCLE('',#7182,5.4);
#7182 = AXIS2_PLACEMENT_2D('',#7183,#7184);
#7183 = CARTESIAN_POINT('',(39.8,4.440892098501E-17));
#7184 = DIRECTION('',(1.315819881037E-15,-1.));
#7185 = ( GEOMETRIC_REPRESENTATION_CONTEXT(2) 
PARAMETRIC_REPRESENTATION_CONTEXT() REPRESENTATION_CONTEXT('2D SPACE',''
  ) );
#7186 = PCURVE('',#6984,#7187);
#7187 = DEFINITIONAL_REPRESENTATION('',(#7188),#7192);
#7188 = LINE('',#7189,#7190);
#7189 = CARTESIAN_POINT('',(0.,-2.5));
#7190 = VECTOR('',#7191,1.);
#7191 = DIRECTION('',(1.,0.));
#7192 = ( GEOMETRIC_REPRESENTATION_CONTEXT(2) 
PARAMETRIC_REPRESENTATION_CONTEXT() REPRESENTATION_CONTEXT('2D SPACE',''
  ) );
#7193 = ORIENTED_EDGE('',*,*,#7194,.F.);
#7194 = EDGE_CURVE('',#7195,#7171,#7197,.T.);
#7195 = VERTEX_POINT('',#7196);
#7196 = CARTESIAN_POINT('',(101.8,20.,-5.4));
#7197 = SURFACE_CURVE('',#7198,(#7202,#7209),.PCURVE_S1.);
#7198 = LINE('',#7199,#7200);
#7199 = CARTESIAN_POINT('',(101.8,20.,-5.4));
#7200 = VECTOR('',#7201,1.);
#7201 = DIRECTION('',(-1.,0.,0.));
#7202 = PCURVE('',#6656,#7203);
#7203 = DEFINITIONAL_REPRESENTATION('',(#7204),#7208);
#7204 = LINE('',#7205,#7206);
#7205 = CARTESIAN_POINT('',(-39.8,-5.4));
#7206 = VECTOR('',#7207,1.);
#7207 = DIRECTION('',(1.,0.));
#7208 = ( GEOMETRIC_REPRESENTATION_CONTEXT(2) 
PARAMETRIC_REPRESENTATION_CONTEXT() REPRESENTATION_CONTEXT('2D SPACE',''
  ) );
#7209 = PCURVE('',#7012,#7210);
#7210 = DEFINITIONAL_REPRESENTATION('',(#7211),#7215);
#7211 = LINE('',#7212,#7213);
#7212 = CARTESIAN_POINT('',(0.,-2.5));
#7213 = VECTOR('',#7214,1.);
#7214 = DIRECTION('',(1.,0.));
#7215 = ( GEOMETRIC_REPRESENTATION_CONTEXT(2) 
PARAMETRIC_REPRESENTATION_CONTEXT() REPRESENTATION_CONTEXT('2D SPACE',''
  ) );
#7216 = ORIENTED_EDGE('',*,*,#7217,.F.);
#7217 = EDGE_CURVE('',#7148,#7195,#7218,.T.);
#7218 = SURFACE_CURVE('',#7219,(#7224,#7231),.PCURVE_S1.);
#7219 = CIRCLE('',#7220,5.4);
#7220 = AXIS2_PLACEMENT_3D('',#7221,#7222,#7223);
#7221 = CARTESIAN_POINT('',(101.8,20.,2.775557561563E-16));
#7222 = DIRECTION('',(0.,1.,-1.110223024625E-16));
#7223 = DIRECTION('',(1.315819881037E-15,1.110223024625E-16,1.));
#7224 = PCURVE('',#6656,#7225);
#7225 = DEFINITIONAL_REPRESENTATION('',(#7226),#7230);
#7226 = CIRCLE('',#7227,5.4);
#7227 = AXIS2_PLACEMENT_2D('',#7228,#7229);
#7228 = CARTESIAN_POINT('',(-39.8,4.440892098501E-17));
#7229 = DIRECTION('',(-1.315819881037E-15,1.));
#7230 = ( GEOMETRIC_REPRESENTATION_CONTEXT(2) 
PARAMETRIC_REPRESENTATION_CONTEXT() REPRESENTATION_CONTEXT('2D SPACE',''
  ) );
#7231 = PCURVE('',#7039,#7232);
#7232 = DEFINITIONAL_REPRESENTATION('',(#7233),#7237);
#7233 = LINE('',#7234,#7235);
#7234 = CARTESIAN_POINT('',(0.,-2.5));
#7235 = VECTOR('',#7236,1.);
#7236 = DIRECTION('',(1.,0.));
#7237 = ( GEOMETRIC_REPRESENTATION_CONTEXT(2) 
PARAMETRIC_REPRESENTATION_CONTEXT() REPRESENTATION_CONTEXT('2D SPACE',''
  ) );
#7238 = FACE_BOUND('',#7239,.F.);
#7239 = EDGE_LOOP('',(#7240));
#7240 = ORIENTED_EDGE('',*,*,#7241,.T.);
#7241 = EDGE_CURVE('',#7242,#7242,#7244,.T.);
#7242 = VERTEX_POINT('',#7243);
#7243 = CARTESIAN_POINT('',(3.,20.,2.775557561563E-16));
#7244 = SURFACE_CURVE('',#7245,(#7250,#7261),.PCURVE_S1.);
#7245 = CIRCLE('',#7246,3.);
#7246 = AXIS2_PLACEMENT_3D('',#7247,#7248,#7249);
#7247 = CARTESIAN_POINT('',(0.,20.,2.775557561563E-16));
#7248 = DIRECTION('',(0.,-1.,1.110223024625E-16));
#7249 = DIRECTION('',(1.,0.,0.));
#7250 = PCURVE('',#6656,#7251);
#7251 = DEFINITIONAL_REPRESENTATION('',(#7252),#7260);
#7252 = ( BOUNDED_CURVE() B_SPLINE_CURVE(2,(#7253,#7254,#7255,#7256,
#7257,#7258,#7259),.UNSPECIFIED.,.T.,.F.) B_SPLINE_CURVE_WITH_KNOTS((1,2
    ,2,2,2,1),(-2.094395102393,0.,2.094395102393,4.188790204786,
6.28318530718,8.377580409573),.UNSPECIFIED.) CURVE() 
GEOMETRIC_REPRESENTATION_ITEM() RATIONAL_B_SPLINE_CURVE((1.,0.5,1.,0.5,
1.,0.5,1.)) REPRESENTATION_ITEM('') );
#7253 = CARTESIAN_POINT('',(59.,4.440892098501E-17));
#7254 = CARTESIAN_POINT('',(59.,5.196152422707));
#7255 = CARTESIAN_POINT('',(63.5,2.598076211353));
#7256 = CARTESIAN_POINT('',(68.,7.791970004734E-16));
#7257 = CARTESIAN_POINT('',(63.5,-2.598076211353));
#7258 = CARTESIAN_POINT('',(59.,-5.196152422707));
#7259 = CARTESIAN_POINT('',(59.,4.440892098501E-17));
#7260 = ( GEOMETRIC_REPRESENTATION_CONTEXT(2) 
PARAMETRIC_REPRESENTATION_CONTEXT() REPRESENTATION_CONTEXT('2D SPACE',''
  ) );
#7261 = PCURVE('',#7074,#7262);
#7262 = DEFINITIONAL_REPRESENTATION('',(#7263),#7267);
#7263 = LINE('',#7264,#7265);
#7264 = CARTESIAN_POINT('',(-0.,-2.5));
#7265 = VECTOR('',#7266,1.);
#7266 = DIRECTION('',(-1.,0.));
#7267 = ( GEOMETRIC_REPRESENTATION_CONTEXT(2) 
PARAMETRIC_REPRESENTATION_CONTEXT() REPRESENTATION_CONTEXT('2D SPACE',''
  ) );
#7268 = ADVANCED_FACE('',(#7269),#6743,.T.);
#7269 = FACE_BOUND('',#7270,.T.);
#7270 = EDGE_LOOP('',(#7271,#7272,#7273,#7274));
#7271 = ORIENTED_EDGE('',*,*,#6828,.T.);
#7272 = ORIENTED_EDGE('',*,*,#7091,.T.);
#7273 = ORIENTED_EDGE('',*,*,#6725,.F.);
#7274 = ORIENTED_EDGE('',*,*,#6878,.F.);
#7275 = ADVANCED_FACE('',(#7276),#6923,.F.);
#7276 = FACE_BOUND('',#7277,.T.);
#7277 = EDGE_LOOP('',(#7278,#7299,#7300,#7301));
#7278 = ORIENTED_EDGE('',*,*,#7279,.T.);
#7279 = EDGE_CURVE('',#6903,#7116,#7280,.T.);
#7280 = SEAM_CURVE('',#7281,(#7285,#7292),.PCURVE_S1.);
#7281 = LINE('',#7282,#7283);
#7282 = CARTESIAN_POINT('',(127.,22.5,0.));
#7283 = VECTOR('',#7284,1.);
#7284 = DIRECTION('',(0.,-1.,1.110223024625E-16));
#7285 = PCURVE('',#6923,#7286);
#7286 = DEFINITIONAL_REPRESENTATION('',(#7287),#7291);
#7287 = LINE('',#7288,#7289);
#7288 = CARTESIAN_POINT('',(-0.,0.));
#7289 = VECTOR('',#7290,1.);
#7290 = DIRECTION('',(-0.,-1.));
#7291 = ( GEOMETRIC_REPRESENTATION_CONTEXT(2) 
PARAMETRIC_REPRESENTATION_CONTEXT() REPRESENTATION_CONTEXT('2D SPACE',''
  ) );
#7292 = PCURVE('',#6923,#7293);
#7293 = DEFINITIONAL_REPRESENTATION('',(#7294),#7298);
#7294 = LINE('',#7295,#7296);
#7295 = CARTESIAN_POINT('',(-6.28318530718,0.));
#7296 = VECTOR('',#7297,1.);
#7297 = DIRECTION('',(-0.,-1.));
#7298 = ( GEOMETRIC_REPRESENTATION_CONTEXT(2) 
PARAMETRIC_REPRESENTATION_CONTEXT() REPRESENTATION_CONTEXT('2D SPACE',''
  ) );
#7299 = ORIENTED_EDGE('',*,*,#7115,.T.);
#7300 = ORIENTED_EDGE('',*,*,#7279,.F.);
#7301 = ORIENTED_EDGE('',*,*,#6902,.F.);
#7302 = ADVANCED_FACE('',(#7303),#6955,.F.);
#7303 = FACE_BOUND('',#7304,.F.);
#7304 = EDGE_LOOP('',(#7305,#7326,#7327,#7348));
#7305 = ORIENTED_EDGE('',*,*,#7306,.T.);
#7306 = EDGE_CURVE('',#6938,#7146,#7307,.T.);
#7307 = SURFACE_CURVE('',#7308,(#7312,#7319),.PCURVE_S1.);
#7308 = LINE('',#7309,#7310);
#7309 = CARTESIAN_POINT('',(22.2,22.5,5.4));
#7310 = VECTOR('',#7311,1.);
#7311 = DIRECTION('',(0.,-1.,1.110223024625E-16));
#7312 = PCURVE('',#6955,#7313);
#7313 = DEFINITIONAL_REPRESENTATION('',(#7314),#7318);
#7314 = LINE('',#7315,#7316);
#7315 = CARTESIAN_POINT('',(0.,0.));
#7316 = VECTOR('',#7317,1.);
#7317 = DIRECTION('',(0.,-1.));
#7318 = ( GEOMETRIC_REPRESENTATION_CONTEXT(2) 
PARAMETRIC_REPRESENTATION_CONTEXT() REPRESENTATION_CONTEXT('2D SPACE',''
  ) );
#7319 = PCURVE('',#6984,#7320);
#7320 = DEFINITIONAL_REPRESENTATION('',(#7321),#7325);
#7321 = LINE('',#7322,#7323);
#7322 = CARTESIAN_POINT('',(3.14159265359,0.));
#7323 = VECTOR('',#7324,1.);
#7324 = DIRECTION('',(0.,-1.));
#7325 = ( GEOMETRIC_REPRESENTATION_CONTEXT(2) 
PARAMETRIC_REPRESENTATION_CONTEXT() REPRESENTATION_CONTEXT('2D SPACE',''
  ) );
#7326 = ORIENTED_EDGE('',*,*,#7145,.T.);
#7327 = ORIENTED_EDGE('',*,*,#7328,.F.);
#7328 = EDGE_CURVE('',#6940,#7148,#7329,.T.);
#7329 = SURFACE_CURVE('',#7330,(#7334,#7341),.PCURVE_S1.);
#7330 = LINE('',#7331,#7332);
#7331 = CARTESIAN_POINT('',(101.8,22.5,5.4));
#7332 = VECTOR('',#7333,1.);
#7333 = DIRECTION('',(0.,-1.,1.110223024625E-16));
#7334 = PCURVE('',#6955,#7335);
#7335 = DEFINITIONAL_REPRESENTATION('',(#7336),#7340);
#7336 = LINE('',#7337,#7338);
#7337 = CARTESIAN_POINT('',(79.6,0.));
#7338 = VECTOR('',#7339,1.);
#7339 = DIRECTION('',(0.,-1.));
#7340 = ( GEOMETRIC_REPRESENTATION_CONTEXT(2) 
PARAMETRIC_REPRESENTATION_CONTEXT() REPRESENTATION_CONTEXT('2D SPACE',''
  ) );
#7341 = PCURVE('',#7039,#7342);
#7342 = DEFINITIONAL_REPRESENTATION('',(#7343),#7347);
#7343 = LINE('',#7344,#7345);
#7344 = CARTESIAN_POINT('',(0.,0.));
#7345 = VECTOR('',#7346,1.);
#7346 = DIRECTION('',(0.,-1.));
#7347 = ( GEOMETRIC_REPRESENTATION_CONTEXT(2) 
PARAMETRIC_REPRESENTATION_CONTEXT() REPRESENTATION_CONTEXT('2D SPACE',''
  ) );
#7348 = ORIENTED_EDGE('',*,*,#6937,.F.);
#7349 = ADVANCED_FACE('',(#7350),#6984,.F.);
#7350 = FACE_BOUND('',#7351,.F.);
#7351 = EDGE_LOOP('',(#7352,#7373,#7374,#7375));
#7352 = ORIENTED_EDGE('',*,*,#7353,.T.);
#7353 = EDGE_CURVE('',#6968,#7171,#7354,.T.);
#7354 = SURFACE_CURVE('',#7355,(#7359,#7366),.PCURVE_S1.);
#7355 = LINE('',#7356,#7357);
#7356 = CARTESIAN_POINT('',(22.2,22.5,-5.4));
#7357 = VECTOR('',#7358,1.);
#7358 = DIRECTION('',(0.,-1.,1.110223024625E-16));
#7359 = PCURVE('',#6984,#7360);
#7360 = DEFINITIONAL_REPRESENTATION('',(#7361),#7365);
#7361 = LINE('',#7362,#7363);
#7362 = CARTESIAN_POINT('',(0.,0.));
#7363 = VECTOR('',#7364,1.);
#7364 = DIRECTION('',(0.,-1.));
#7365 = ( GEOMETRIC_REPRESENTATION_CONTEXT(2) 
PARAMETRIC_REPRESENTATION_CONTEXT() REPRESENTATION_CONTEXT('2D SPACE',''
  ) );
#7366 = PCURVE('',#7012,#7367);
#7367 = DEFINITIONAL_REPRESENTATION('',(#7368),#7372);
#7368 = LINE('',#7369,#7370);
#7369 = CARTESIAN_POINT('',(79.6,0.));
#7370 = VECTOR('',#7371,1.);
#7371 = DIRECTION('',(0.,-1.));
#7372 = ( GEOMETRIC_REPRESENTATION_CONTEXT(2) 
PARAMETRIC_REPRESENTATION_CONTEXT() REPRESENTATION_CONTEXT('2D SPACE',''
  ) );
#7373 = ORIENTED_EDGE('',*,*,#7170,.T.);
#7374 = ORIENTED_EDGE('',*,*,#7306,.F.);
#7375 = ORIENTED_EDGE('',*,*,#6967,.F.);
#7376 = ADVANCED_FACE('',(#7377),#7039,.F.);
#7377 = FACE_BOUND('',#7378,.F.);
#7378 = EDGE_LOOP('',(#7379,#7380,#7381,#7402));
#7379 = ORIENTED_EDGE('',*,*,#7328,.T.);
#7380 = ORIENTED_EDGE('',*,*,#7217,.T.);
#7381 = ORIENTED_EDGE('',*,*,#7382,.F.);
#7382 = EDGE_CURVE('',#6997,#7195,#7383,.T.);
#7383 = SURFACE_CURVE('',#7384,(#7388,#7395),.PCURVE_S1.);
#7384 = LINE('',#7385,#7386);
#7385 = CARTESIAN_POINT('',(101.8,22.5,-5.4));
#7386 = VECTOR('',#7387,1.);
#7387 = DIRECTION('',(0.,-1.,1.110223024625E-16));
#7388 = PCURVE('',#7039,#7389);
#7389 = DEFINITIONAL_REPRESENTATION('',(#7390),#7394);
#7390 = LINE('',#7391,#7392);
#7391 = CARTESIAN_POINT('',(3.14159265359,0.));
#7392 = VECTOR('',#7393,1.);
#7393 = DIRECTION('',(0.,-1.));
#7394 = ( GEOMETRIC_REPRESENTATION_CONTEXT(2) 
PARAMETRIC_REPRESENTATION_CONTEXT() REPRESENTATION_CONTEXT('2D SPACE',''
  ) );
#7395 = PCURVE('',#7012,#7396);
#7396 = DEFINITIONAL_REPRESENTATION('',(#7397),#7401);
#7397 = LINE('',#7398,#7399);
#7398 = CARTESIAN_POINT('',(0.,0.));
#7399 = VECTOR('',#7400,1.);
#7400 = DIRECTION('',(0.,-1.));
#7401 = ( GEOMETRIC_REPRESENTATION_CONTEXT(2) 
PARAMETRIC_REPRESENTATION_CONTEXT() REPRESENTATION_CONTEXT('2D SPACE',''
  ) );
#7402 = ORIENTED_EDGE('',*,*,#7024,.F.);
#7403 = ADVANCED_FACE('',(#7404),#7012,.F.);
#7404 = FACE_BOUND('',#7405,.F.);
#7405 = EDGE_LOOP('',(#7406,#7407,#7408,#7409));
#7406 = ORIENTED_EDGE('',*,*,#7382,.T.);
#7407 = ORIENTED_EDGE('',*,*,#7194,.T.);
#7408 = ORIENTED_EDGE('',*,*,#7353,.F.);
#7409 = ORIENTED_EDGE('',*,*,#6996,.F.);
#7410 = ADVANCED_FACE('',(#7411),#7074,.F.);
#7411 = FACE_BOUND('',#7412,.T.);
#7412 = EDGE_LOOP('',(#7413,#7434,#7435,#7436));
#7413 = ORIENTED_EDGE('',*,*,#7414,.T.);
#7414 = EDGE_CURVE('',#7054,#7242,#7415,.T.);
#7415 = SEAM_CURVE('',#7416,(#7420,#7427),.PCURVE_S1.);
#7416 = LINE('',#7417,#7418);
#7417 = CARTESIAN_POINT('',(3.,22.5,0.));
#7418 = VECTOR('',#7419,1.);
#7419 = DIRECTION('',(0.,-1.,1.110223024625E-16));
#7420 = PCURVE('',#7074,#7421);
#7421 = DEFINITIONAL_REPRESENTATION('',(#7422),#7426);
#7422 = LINE('',#7423,#7424);
#7423 = CARTESIAN_POINT('',(-0.,0.));
#7424 = VECTOR('',#7425,1.);
#7425 = DIRECTION('',(-0.,-1.));
#7426 = ( GEOMETRIC_REPRESENTATION_CONTEXT(2) 
PARAMETRIC_REPRESENTATION_CONTEXT() REPRESENTATION_CONTEXT('2D SPACE',''
  ) );
#7427 = PCURVE('',#7074,#7428);
#7428 = DEFINITIONAL_REPRESENTATION('',(#7429),#7433);
#7429 = LINE('',#7430,#7431);
#7430 = CARTESIAN_POINT('',(-6.28318530718,0.));
#7431 = VECTOR('',#7432,1.);
#7432 = DIRECTION('',(-0.,-1.));
#7433 = ( GEOMETRIC_REPRESENTATION_CONTEXT(2) 
PARAMETRIC_REPRESENTATION_CONTEXT() REPRESENTATION_CONTEXT('2D SPACE',''
  ) );
#7434 = ORIENTED_EDGE('',*,*,#7241,.T.);
#7435 = ORIENTED_EDGE('',*,*,#7414,.F.);
#7436 = ORIENTED_EDGE('',*,*,#7053,.F.);
#7437 = MANIFOLD_SOLID_BREP('',#7438);
#7438 = CLOSED_SHELL('',(#7439,#7559,#7637,#7710,#7923,#8106,#8113,#8140
    ,#8187,#8214,#8241,#8248));
#7439 = ADVANCED_FACE('',(#7440),#7454,.T.);
#7440 = FACE_BOUND('',#7441,.T.);
#7441 = EDGE_LOOP('',(#7442,#7477,#7505,#7533));
#7442 = ORIENTED_EDGE('',*,*,#7443,.T.);
#7443 = EDGE_CURVE('',#7444,#7446,#7448,.T.);
#7444 = VERTEX_POINT('',#7445);
#7445 = CARTESIAN_POINT('',(0.,-20.,12.));
#7446 = VERTEX_POINT('',#7447);
#7447 = CARTESIAN_POINT('',(0.,-22.5,12.));
#7448 = SURFACE_CURVE('',#7449,(#7453,#7465),.PCURVE_S1.);
#7449 = LINE('',#7450,#7451);
#7450 = CARTESIAN_POINT('',(0.,-20.,12.));
#7451 = VECTOR('',#7452,1.);
#7452 = DIRECTION('',(0.,-1.,1.110223024625E-16));
#7453 = PCURVE('',#7454,#7459);
#7454 = PLANE('',#7455);
#7455 = AXIS2_PLACEMENT_3D('',#7456,#7457,#7458);
#7456 = CARTESIAN_POINT('',(0.,-20.,12.));
#7457 = DIRECTION('',(0.,1.110223024625E-16,1.));
#7458 = DIRECTION('',(1.,0.,0.));
#7459 = DEFINITIONAL_REPRESENTATION('',(#7460),#7464);
#7460 = LINE('',#7461,#7462);
#7461 = CARTESIAN_POINT('',(0.,0.));
#7462 = VECTOR('',#7463,1.);
#7463 = DIRECTION('',(0.,-1.));
#7464 = ( GEOMETRIC_REPRESENTATION_CONTEXT(2) 
PARAMETRIC_REPRESENTATION_CONTEXT() REPRESENTATION_CONTEXT('2D SPACE',''
  ) );
#7465 = PCURVE('',#7466,#7471);
#7466 = CYLINDRICAL_SURFACE('',#7467,12.);
#7467 = AXIS2_PLACEMENT_3D('',#7468,#7469,#7470);
#7468 = CARTESIAN_POINT('',(0.,-20.,0.));
#7469 = DIRECTION('',(0.,1.,-1.110223024625E-16));
#7470 = DIRECTION('',(0.,-1.110223024625E-16,-1.));
#7471 = DEFINITIONAL_REPRESENTATION('',(#7472),#7476);
#7472 = LINE('',#7473,#7474);
#7473 = CARTESIAN_POINT('',(3.14159265359,0.));
#7474 = VECTOR('',#7475,1.);
#7475 = DIRECTION('',(0.,-1.));
#7476 = ( GEOMETRIC_REPRESENTATION_CONTEXT(2) 
PARAMETRIC_REPRESENTATION_CONTEXT() REPRESENTATION_CONTEXT('2D SPACE',''
  ) );
#7477 = ORIENTED_EDGE('',*,*,#7478,.T.);
#7478 = EDGE_CURVE('',#7446,#7479,#7481,.T.);
#7479 = VERTEX_POINT('',#7480);
#7480 = CARTESIAN_POINT('',(124.,-22.5,12.));
#7481 = SURFACE_CURVE('',#7482,(#7486,#7493),.PCURVE_S1.);
#7482 = LINE('',#7483,#7484);
#7483 = CARTESIAN_POINT('',(0.,-22.5,12.));
#7484 = VECTOR('',#7485,1.);
#7485 = DIRECTION('',(1.,0.,0.));
#7486 = PCURVE('',#7454,#7487);
#7487 = DEFINITIONAL_REPRESENTATION('',(#7488),#7492);
#7488 = LINE('',#7489,#7490);
#7489 = CARTESIAN_POINT('',(0.,-2.5));
#7490 = VECTOR('',#7491,1.);
#7491 = DIRECTION('',(1.,0.));
#7492 = ( GEOMETRIC_REPRESENTATION_CONTEXT(2) 
PARAMETRIC_REPRESENTATION_CONTEXT() REPRESENTATION_CONTEXT('2D SPACE',''
  ) );
#7493 = PCURVE('',#7494,#7499);
#7494 = PLANE('',#7495);
#7495 = AXIS2_PLACEMENT_3D('',#7496,#7497,#7498);
#7496 = CARTESIAN_POINT('',(62.,-22.5,2.331468351713E-16));
#7497 = DIRECTION('',(-0.,1.,-1.110223024625E-16));
#7498 = DIRECTION('',(-1.,0.,0.));
#7499 = DEFINITIONAL_REPRESENTATION('',(#7500),#7504);
#7500 = LINE('',#7501,#7502);
#7501 = CARTESIAN_POINT('',(62.,12.));
#7502 = VECTOR('',#7503,1.);
#7503 = DIRECTION('',(-1.,0.));
#7504 = ( GEOMETRIC_REPRESENTATION_CONTEXT(2) 
PARAMETRIC_REPRESENTATION_CONTEXT() REPRESENTATION_CONTEXT('2D SPACE',''
  ) );
#7505 = ORIENTED_EDGE('',*,*,#7506,.F.);
#7506 = EDGE_CURVE('',#7507,#7479,#7509,.T.);
#7507 = VERTEX_POINT('',#7508);
#7508 = CARTESIAN_POINT('',(124.,-20.,12.));
#7509 = SURFACE_CURVE('',#7510,(#7514,#7521),.PCURVE_S1.);
#7510 = LINE('',#7511,#7512);
#7511 = CARTESIAN_POINT('',(124.,-20.,12.));
#7512 = VECTOR('',#7513,1.);
#7513 = DIRECTION('',(0.,-1.,1.110223024625E-16));
#7514 = PCURVE('',#7454,#7515);
#7515 = DEFINITIONAL_REPRESENTATION('',(#7516),#7520);
#7516 = LINE('',#7517,#7518);
#7517 = CARTESIAN_POINT('',(124.,0.));
#7518 = VECTOR('',#7519,1.);
#7519 = DIRECTION('',(0.,-1.));
#7520 = ( GEOMETRIC_REPRESENTATION_CONTEXT(2) 
PARAMETRIC_REPRESENTATION_CONTEXT() REPRESENTATION_CONTEXT('2D SPACE',''
  ) );
#7521 = PCURVE('',#7522,#7527);
#7522 = CYLINDRICAL_SURFACE('',#7523,12.);
#7523 = AXIS2_PLACEMENT_3D('',#7524,#7525,#7526);
#7524 = CARTESIAN_POINT('',(124.,-20.,0.));
#7525 = DIRECTION('',(0.,1.,-1.110223024625E-16));
#7526 = DIRECTION('',(0.,1.110223024625E-16,1.));
#7527 = DEFINITIONAL_REPRESENTATION('',(#7528),#7532);
#7528 = LINE('',#7529,#7530);
#7529 = CARTESIAN_POINT('',(0.,0.));
#7530 = VECTOR('',#7531,1.);
#7531 = DIRECTION('',(0.,-1.));
#7532 = ( GEOMETRIC_REPRESENTATION_CONTEXT(2) 
PARAMETRIC_REPRESENTATION_CONTEXT() REPRESENTATION_CONTEXT('2D SPACE',''
  ) );
#7533 = ORIENTED_EDGE('',*,*,#7534,.F.);
#7534 = EDGE_CURVE('',#7444,#7507,#7535,.T.);
#7535 = SURFACE_CURVE('',#7536,(#7540,#7547),.PCURVE_S1.);
#7536 = LINE('',#7537,#7538);
#7537 = CARTESIAN_POINT('',(0.,-20.,12.));
#7538 = VECTOR('',#7539,1.);
#7539 = DIRECTION('',(1.,0.,0.));
#7540 = PCURVE('',#7454,#7541);
#7541 = DEFINITIONAL_REPRESENTATION('',(#7542),#7546);
#7542 = LINE('',#7543,#7544);
#7543 = CARTESIAN_POINT('',(0.,0.));
#7544 = VECTOR('',#7545,1.);
#7545 = DIRECTION('',(1.,0.));
#7546 = ( GEOMETRIC_REPRESENTATION_CONTEXT(2) 
PARAMETRIC_REPRESENTATION_CONTEXT() REPRESENTATION_CONTEXT('2D SPACE',''
  ) );
#7547 = PCURVE('',#7548,#7553);
#7548 = PLANE('',#7549);
#7549 = AXIS2_PLACEMENT_3D('',#7550,#7551,#7552);
#7550 = CARTESIAN_POINT('',(62.,-20.,-4.440892098501E-17));
#7551 = DIRECTION('',(-0.,1.,-1.110223024625E-16));
#7552 = DIRECTION('',(-1.,0.,0.));
#7553 = DEFINITIONAL_REPRESENTATION('',(#7554),#7558);
#7554 = LINE('',#7555,#7556);
#7555 = CARTESIAN_POINT('',(62.,12.));
#7556 = VECTOR('',#7557,1.);
#7557 = DIRECTION('',(-1.,0.));
#7558 = ( GEOMETRIC_REPRESENTATION_CONTEXT(2) 
PARAMETRIC_REPRESENTATION_CONTEXT() REPRESENTATION_CONTEXT('2D SPACE',''
  ) );
#7559 = ADVANCED_FACE('',(#7560),#7466,.T.);
#7560 = FACE_BOUND('',#7561,.T.);
#7561 = EDGE_LOOP('',(#7562,#7592,#7614,#7615));
#7562 = ORIENTED_EDGE('',*,*,#7563,.T.);
#7563 = EDGE_CURVE('',#7564,#7566,#7568,.T.);
#7564 = VERTEX_POINT('',#7565);
#7565 = CARTESIAN_POINT('',(0.,-20.,-12.));
#7566 = VERTEX_POINT('',#7567);
#7567 = CARTESIAN_POINT('',(0.,-22.5,-12.));
#7568 = SURFACE_CURVE('',#7569,(#7573,#7580),.PCURVE_S1.);
#7569 = LINE('',#7570,#7571);
#7570 = CARTESIAN_POINT('',(0.,-20.,-12.));
#7571 = VECTOR('',#7572,1.);
#7572 = DIRECTION('',(0.,-1.,1.110223024625E-16));
#7573 = PCURVE('',#7466,#7574);
#7574 = DEFINITIONAL_REPRESENTATION('',(#7575),#7579);
#7575 = LINE('',#7576,#7577);
#7576 = CARTESIAN_POINT('',(0.,0.));
#7577 = VECTOR('',#7578,1.);
#7578 = DIRECTION('',(0.,-1.));
#7579 = ( GEOMETRIC_REPRESENTATION_CONTEXT(2) 
PARAMETRIC_REPRESENTATION_CONTEXT() REPRESENTATION_CONTEXT('2D SPACE',''
  ) );
#7580 = PCURVE('',#7581,#7586);
#7581 = PLANE('',#7582);
#7582 = AXIS2_PLACEMENT_3D('',#7583,#7584,#7585);
#7583 = CARTESIAN_POINT('',(124.,-20.,-12.));
#7584 = DIRECTION('',(0.,-1.110223024625E-16,-1.));
#7585 = DIRECTION('',(-1.,0.,0.));
#7586 = DEFINITIONAL_REPRESENTATION('',(#7587),#7591);
#7587 = LINE('',#7588,#7589);
#7588 = CARTESIAN_POINT('',(124.,0.));
#7589 = VECTOR('',#7590,1.);
#7590 = DIRECTION('',(0.,-1.));
#7591 = ( GEOMETRIC_REPRESENTATION_CONTEXT(2) 
PARAMETRIC_REPRESENTATION_CONTEXT() REPRESENTATION_CONTEXT('2D SPACE',''
  ) );
#7592 = ORIENTED_EDGE('',*,*,#7593,.T.);
#7593 = EDGE_CURVE('',#7566,#7446,#7594,.T.);
#7594 = SURFACE_CURVE('',#7595,(#7600,#7607),.PCURVE_S1.);
#7595 = CIRCLE('',#7596,12.);
#7596 = AXIS2_PLACEMENT_3D('',#7597,#7598,#7599);
#7597 = CARTESIAN_POINT('',(0.,-22.5,2.775557561563E-16));
#7598 = DIRECTION('',(-0.,1.,-1.110223024625E-16));
#7599 = DIRECTION('',(0.,-1.110223024625E-16,-1.));
#7600 = PCURVE('',#7466,#7601);
#7601 = DEFINITIONAL_REPRESENTATION('',(#7602),#7606);
#7602 = LINE('',#7603,#7604);
#7603 = CARTESIAN_POINT('',(0.,-2.5));
#7604 = VECTOR('',#7605,1.);
#7605 = DIRECTION('',(1.,0.));
#7606 = ( GEOMETRIC_REPRESENTATION_CONTEXT(2) 
PARAMETRIC_REPRESENTATION_CONTEXT() REPRESENTATION_CONTEXT('2D SPACE',''
  ) );
#7607 = PCURVE('',#7494,#7608);
#7608 = DEFINITIONAL_REPRESENTATION('',(#7609),#7613);
#7609 = CIRCLE('',#7610,12.);
#7610 = AXIS2_PLACEMENT_2D('',#7611,#7612);
#7611 = CARTESIAN_POINT('',(62.,4.440892098501E-17));
#7612 = DIRECTION('',(-0.,-1.));
#7613 = ( GEOMETRIC_REPRESENTATION_CONTEXT(2) 
PARAMETRIC_REPRESENTATION_CONTEXT() REPRESENTATION_CONTEXT('2D SPACE',''
  ) );
#7614 = ORIENTED_EDGE('',*,*,#7443,.F.);
#7615 = ORIENTED_EDGE('',*,*,#7616,.F.);
#7616 = EDGE_CURVE('',#7564,#7444,#7617,.T.);
#7617 = SURFACE_CURVE('',#7618,(#7623,#7630),.PCURVE_S1.);
#7618 = CIRCLE('',#7619,12.);
#7619 = AXIS2_PLACEMENT_3D('',#7620,#7621,#7622);
#7620 = CARTESIAN_POINT('',(0.,-20.,0.));
#7621 = DIRECTION('',(-0.,1.,-1.110223024625E-16));
#7622 = DIRECTION('',(0.,-1.110223024625E-16,-1.));
#7623 = PCURVE('',#7466,#7624);
#7624 = DEFINITIONAL_REPRESENTATION('',(#7625),#7629);
#7625 = LINE('',#7626,#7627);
#7626 = CARTESIAN_POINT('',(0.,0.));
#7627 = VECTOR('',#7628,1.);
#7628 = DIRECTION('',(1.,0.));
#7629 = ( GEOMETRIC_REPRESENTATION_CONTEXT(2) 
PARAMETRIC_REPRESENTATION_CONTEXT() REPRESENTATION_CONTEXT('2D SPACE',''
  ) );
#7630 = PCURVE('',#7548,#7631);
#7631 = DEFINITIONAL_REPRESENTATION('',(#7632),#7636);
#7632 = CIRCLE('',#7633,12.);
#7633 = AXIS2_PLACEMENT_2D('',#7634,#7635);
#7634 = CARTESIAN_POINT('',(62.,4.440892098501E-17));
#7635 = DIRECTION('',(-0.,-1.));
#7636 = ( GEOMETRIC_REPRESENTATION_CONTEXT(2) 
PARAMETRIC_REPRESENTATION_CONTEXT() REPRESENTATION_CONTEXT('2D SPACE',''
  ) );
#7637 = ADVANCED_FACE('',(#7638),#7522,.T.);
#7638 = FACE_BOUND('',#7639,.T.);
#7639 = EDGE_LOOP('',(#7640,#7641,#7665,#7688));
#7640 = ORIENTED_EDGE('',*,*,#7506,.T.);
#7641 = ORIENTED_EDGE('',*,*,#7642,.T.);
#7642 = EDGE_CURVE('',#7479,#7643,#7645,.T.);
#7643 = VERTEX_POINT('',#7644);
#7644 = CARTESIAN_POINT('',(124.,-22.5,-12.));
#7645 = SURFACE_CURVE('',#7646,(#7651,#7658),.PCURVE_S1.);
#7646 = CIRCLE('',#7647,12.);
#7647 = AXIS2_PLACEMENT_3D('',#7648,#7649,#7650);
#7648 = CARTESIAN_POINT('',(124.,-22.5,2.775557561563E-16));
#7649 = DIRECTION('',(0.,1.,-1.110223024625E-16));
#7650 = DIRECTION('',(0.,1.110223024625E-16,1.));
#7651 = PCURVE('',#7522,#7652);
#7652 = DEFINITIONAL_REPRESENTATION('',(#7653),#7657);
#7653 = LINE('',#7654,#7655);
#7654 = CARTESIAN_POINT('',(0.,-2.5));
#7655 = VECTOR('',#7656,1.);
#7656 = DIRECTION('',(1.,0.));
#7657 = ( GEOMETRIC_REPRESENTATION_CONTEXT(2) 
PARAMETRIC_REPRESENTATION_CONTEXT() REPRESENTATION_CONTEXT('2D SPACE',''
  ) );
#7658 = PCURVE('',#7494,#7659);
#7659 = DEFINITIONAL_REPRESENTATION('',(#7660),#7664);
#7660 = CIRCLE('',#7661,12.);
#7661 = AXIS2_PLACEMENT_2D('',#7662,#7663);
#7662 = CARTESIAN_POINT('',(-62.,4.440892098501E-17));
#7663 = DIRECTION('',(0.,1.));
#7664 = ( GEOMETRIC_REPRESENTATION_CONTEXT(2) 
PARAMETRIC_REPRESENTATION_CONTEXT() REPRESENTATION_CONTEXT('2D SPACE',''
  ) );
#7665 = ORIENTED_EDGE('',*,*,#7666,.F.);
#7666 = EDGE_CURVE('',#7667,#7643,#7669,.T.);
#7667 = VERTEX_POINT('',#7668);
#7668 = CARTESIAN_POINT('',(124.,-20.,-12.));
#7669 = SURFACE_CURVE('',#7670,(#7674,#7681),.PCURVE_S1.);
#7670 = LINE('',#7671,#7672);
#7671 = CARTESIAN_POINT('',(124.,-20.,-12.));
#7672 = VECTOR('',#7673,1.);
#7673 = DIRECTION('',(0.,-1.,1.110223024625E-16));
#7674 = PCURVE('',#7522,#7675);
#7675 = DEFINITIONAL_REPRESENTATION('',(#7676),#7680);
#7676 = LINE('',#7677,#7678);
#7677 = CARTESIAN_POINT('',(3.14159265359,0.));
#7678 = VECTOR('',#7679,1.);
#7679 = DIRECTION('',(0.,-1.));
#7680 = ( GEOMETRIC_REPRESENTATION_CONTEXT(2) 
PARAMETRIC_REPRESENTATION_CONTEXT() REPRESENTATION_CONTEXT('2D SPACE',''
  ) );
#7681 = PCURVE('',#7581,#7682);
#7682 = DEFINITIONAL_REPRESENTATION('',(#7683),#7687);
#7683 = LINE('',#7684,#7685);
#7684 = CARTESIAN_POINT('',(0.,0.));
#7685 = VECTOR('',#7686,1.);
#7686 = DIRECTION('',(0.,-1.));
#7687 = ( GEOMETRIC_REPRESENTATION_CONTEXT(2) 
PARAMETRIC_REPRESENTATION_CONTEXT() REPRESENTATION_CONTEXT('2D SPACE',''
  ) );
#7688 = ORIENTED_EDGE('',*,*,#7689,.F.);
#7689 = EDGE_CURVE('',#7507,#7667,#7690,.T.);
#7690 = SURFACE_CURVE('',#7691,(#7696,#7703),.PCURVE_S1.);
#7691 = CIRCLE('',#7692,12.);
#7692 = AXIS2_PLACEMENT_3D('',#7693,#7694,#7695);
#7693 = CARTESIAN_POINT('',(124.,-20.,0.));
#7694 = DIRECTION('',(0.,1.,-1.110223024625E-16));
#7695 = DIRECTION('',(0.,1.110223024625E-16,1.));
#7696 = PCURVE('',#7522,#7697);
#7697 = DEFINITIONAL_REPRESENTATION('',(#7698),#7702);
#7698 = LINE('',#7699,#7700);
#7699 = CARTESIAN_POINT('',(0.,0.));
#7700 = VECTOR('',#7701,1.);
#7701 = DIRECTION('',(1.,0.));
#7702 = ( GEOMETRIC_REPRESENTATION_CONTEXT(2) 
PARAMETRIC_REPRESENTATION_CONTEXT() REPRESENTATION_CONTEXT('2D SPACE',''
  ) );
#7703 = PCURVE('',#7548,#7704);
#7704 = DEFINITIONAL_REPRESENTATION('',(#7705),#7709);
#7705 = CIRCLE('',#7706,12.);
#7706 = AXIS2_PLACEMENT_2D('',#7707,#7708);
#7707 = CARTESIAN_POINT('',(-62.,4.440892098501E-17));
#7708 = DIRECTION('',(0.,1.));
#7709 = ( GEOMETRIC_REPRESENTATION_CONTEXT(2) 
PARAMETRIC_REPRESENTATION_CONTEXT() REPRESENTATION_CONTEXT('2D SPACE',''
  ) );
#7710 = ADVANCED_FACE('',(#7711,#7737,#7772,#7888),#7548,.T.);
#7711 = FACE_BOUND('',#7712,.T.);
#7712 = EDGE_LOOP('',(#7713,#7714,#7715,#7736));
#7713 = ORIENTED_EDGE('',*,*,#7534,.T.);
#7714 = ORIENTED_EDGE('',*,*,#7689,.T.);
#7715 = ORIENTED_EDGE('',*,*,#7716,.T.);
#7716 = EDGE_CURVE('',#7667,#7564,#7717,.T.);
#7717 = SURFACE_CURVE('',#7718,(#7722,#7729),.PCURVE_S1.);
#7718 = LINE('',#7719,#7720);
#7719 = CARTESIAN_POINT('',(124.,-20.,-12.));
#7720 = VECTOR('',#7721,1.);
#7721 = DIRECTION('',(-1.,0.,0.));
#7722 = PCURVE('',#7548,#7723);
#7723 = DEFINITIONAL_REPRESENTATION('',(#7724),#7728);
#7724 = LINE('',#7725,#7726);
#7725 = CARTESIAN_POINT('',(-62.,-12.));
#7726 = VECTOR('',#7727,1.);
#7727 = DIRECTION('',(1.,0.));
#7728 = ( GEOMETRIC_REPRESENTATION_CONTEXT(2) 
PARAMETRIC_REPRESENTATION_CONTEXT() REPRESENTATION_CONTEXT('2D SPACE',''
  ) );
#7729 = PCURVE('',#7581,#7730);
#7730 = DEFINITIONAL_REPRESENTATION('',(#7731),#7735);
#7731 = LINE('',#7732,#7733);
#7732 = CARTESIAN_POINT('',(0.,0.));
#7733 = VECTOR('',#7734,1.);
#7734 = DIRECTION('',(1.,0.));
#7735 = ( GEOMETRIC_REPRESENTATION_CONTEXT(2) 
PARAMETRIC_REPRESENTATION_CONTEXT() REPRESENTATION_CONTEXT('2D SPACE',''
  ) );
#7736 = ORIENTED_EDGE('',*,*,#7616,.T.);
#7737 = FACE_BOUND('',#7738,.T.);
#7738 = EDGE_LOOP('',(#7739));
#7739 = ORIENTED_EDGE('',*,*,#7740,.T.);
#7740 = EDGE_CURVE('',#7741,#7741,#7743,.T.);
#7741 = VERTEX_POINT('',#7742);
#7742 = CARTESIAN_POINT('',(127.,-20.,0.));
#7743 = SURFACE_CURVE('',#7744,(#7749,#7760),.PCURVE_S1.);
#7744 = CIRCLE('',#7745,3.);
#7745 = AXIS2_PLACEMENT_3D('',#7746,#7747,#7748);
#7746 = CARTESIAN_POINT('',(124.,-20.,0.));
#7747 = DIRECTION('',(0.,-1.,1.110223024625E-16));
#7748 = DIRECTION('',(1.,0.,0.));
#7749 = PCURVE('',#7548,#7750);
#7750 = DEFINITIONAL_REPRESENTATION('',(#7751),#7759);
#7751 = ( BOUNDED_CURVE() B_SPLINE_CURVE(2,(#7752,#7753,#7754,#7755,
#7756,#7757,#7758),.UNSPECIFIED.,.T.,.F.) B_SPLINE_CURVE_WITH_KNOTS((1,2
    ,2,2,2,1),(-2.094395102393,0.,2.094395102393,4.188790204786,
6.28318530718,8.377580409573),.UNSPECIFIED.) CURVE() 
GEOMETRIC_REPRESENTATION_ITEM() RATIONAL_B_SPLINE_CURVE((1.,0.5,1.,0.5,
1.,0.5,1.)) REPRESENTATION_ITEM('') );
#7752 = CARTESIAN_POINT('',(-65.,4.440892098501E-17));
#7753 = CARTESIAN_POINT('',(-65.,5.196152422707));
#7754 = CARTESIAN_POINT('',(-60.5,2.598076211353));
#7755 = CARTESIAN_POINT('',(-56.,7.791970004734E-16));
#7756 = CARTESIAN_POINT('',(-60.5,-2.598076211353));
#7757 = CARTESIAN_POINT('',(-65.,-5.196152422707));
#7758 = CARTESIAN_POINT('',(-65.,4.440892098501E-17));
#7759 = ( GEOMETRIC_REPRESENTATION_CONTEXT(2) 
PARAMETRIC_REPRESENTATION_CONTEXT() REPRESENTATION_CONTEXT('2D SPACE',''
  ) );
#7760 = PCURVE('',#7761,#7766);
#7761 = CYLINDRICAL_SURFACE('',#7762,3.);
#7762 = AXIS2_PLACEMENT_3D('',#7763,#7764,#7765);
#7763 = CARTESIAN_POINT('',(124.,-20.,0.));
#7764 = DIRECTION('',(-0.,1.,-1.110223024625E-16));
#7765 = DIRECTION('',(1.,0.,0.));
#7766 = DEFINITIONAL_REPRESENTATION('',(#7767),#7771);
#7767 = LINE('',#7768,#7769);
#7768 = CARTESIAN_POINT('',(-0.,0.));
#7769 = VECTOR('',#7770,1.);
#7770 = DIRECTION('',(-1.,0.));
#7771 = ( GEOMETRIC_REPRESENTATION_CONTEXT(2) 
PARAMETRIC_REPRESENTATION_CONTEXT() REPRESENTATION_CONTEXT('2D SPACE',''
  ) );
#7772 = FACE_BOUND('',#7773,.T.);
#7773 = EDGE_LOOP('',(#7774,#7804,#7833,#7861));
#7774 = ORIENTED_EDGE('',*,*,#7775,.F.);
#7775 = EDGE_CURVE('',#7776,#7778,#7780,.T.);
#7776 = VERTEX_POINT('',#7777);
#7777 = CARTESIAN_POINT('',(22.2,-20.,5.4));
#7778 = VERTEX_POINT('',#7779);
#7779 = CARTESIAN_POINT('',(101.8,-20.,5.4));
#7780 = SURFACE_CURVE('',#7781,(#7785,#7792),.PCURVE_S1.);
#7781 = LINE('',#7782,#7783);
#7782 = CARTESIAN_POINT('',(22.2,-20.,5.4));
#7783 = VECTOR('',#7784,1.);
#7784 = DIRECTION('',(1.,0.,0.));
#7785 = PCURVE('',#7548,#7786);
#7786 = DEFINITIONAL_REPRESENTATION('',(#7787),#7791);
#7787 = LINE('',#7788,#7789);
#7788 = CARTESIAN_POINT('',(39.8,5.4));
#7789 = VECTOR('',#7790,1.);
#7790 = DIRECTION('',(-1.,0.));
#7791 = ( GEOMETRIC_REPRESENTATION_CONTEXT(2) 
PARAMETRIC_REPRESENTATION_CONTEXT() REPRESENTATION_CONTEXT('2D SPACE',''
  ) );
#7792 = PCURVE('',#7793,#7798);
#7793 = PLANE('',#7794);
#7794 = AXIS2_PLACEMENT_3D('',#7795,#7796,#7797);
#7795 = CARTESIAN_POINT('',(22.2,-20.,5.4));
#7796 = DIRECTION('',(0.,1.110223024625E-16,1.));
#7797 = DIRECTION('',(1.,0.,0.));
#7798 = DEFINITIONAL_REPRESENTATION('',(#7799),#7803);
#7799 = LINE('',#7800,#7801);
#7800 = CARTESIAN_POINT('',(0.,0.));
#7801 = VECTOR('',#7802,1.);
#7802 = DIRECTION('',(1.,0.));
#7803 = ( GEOMETRIC_REPRESENTATION_CONTEXT(2) 
PARAMETRIC_REPRESENTATION_CONTEXT() REPRESENTATION_CONTEXT('2D SPACE',''
  ) );
#7804 = ORIENTED_EDGE('',*,*,#7805,.F.);
#7805 = EDGE_CURVE('',#7806,#7776,#7808,.T.);
#7806 = VERTEX_POINT('',#7807);
#7807 = CARTESIAN_POINT('',(22.2,-20.,-5.4));
#7808 = SURFACE_CURVE('',#7809,(#7814,#7821),.PCURVE_S1.);
#7809 = CIRCLE('',#7810,5.4);
#7810 = AXIS2_PLACEMENT_3D('',#7811,#7812,#7813);
#7811 = CARTESIAN_POINT('',(22.2,-20.,0.));
#7812 = DIRECTION('',(0.,1.,-1.110223024625E-16));
#7813 = DIRECTION('',(-1.315819881037E-15,-1.110223024625E-16,-1.));
#7814 = PCURVE('',#7548,#7815);
#7815 = DEFINITIONAL_REPRESENTATION('',(#7816),#7820);
#7816 = CIRCLE('',#7817,5.4);
#7817 = AXIS2_PLACEMENT_2D('',#7818,#7819);
#7818 = CARTESIAN_POINT('',(39.8,4.440892098501E-17));
#7819 = DIRECTION('',(1.315819881037E-15,-1.));
#7820 = ( GEOMETRIC_REPRESENTATION_CONTEXT(2) 
PARAMETRIC_REPRESENTATION_CONTEXT() REPRESENTATION_CONTEXT('2D SPACE',''
  ) );
#7821 = PCURVE('',#7822,#7827);
#7822 = CYLINDRICAL_SURFACE('',#7823,5.4);
#7823 = AXIS2_PLACEMENT_3D('',#7824,#7825,#7826);
#7824 = CARTESIAN_POINT('',(22.2,-20.,0.));
#7825 = DIRECTION('',(0.,1.,-1.110223024625E-16));
#7826 = DIRECTION('',(-1.315819881037E-15,-1.110223024625E-16,-1.));
#7827 = DEFINITIONAL_REPRESENTATION('',(#7828),#7832);
#7828 = LINE('',#7829,#7830);
#7829 = CARTESIAN_POINT('',(0.,0.));
#7830 = VECTOR('',#7831,1.);
#7831 = DIRECTION('',(1.,0.));
#7832 = ( GEOMETRIC_REPRESENTATION_CONTEXT(2) 
PARAMETRIC_REPRESENTATION_CONTEXT() REPRESENTATION_CONTEXT('2D SPACE',''
  ) );
#7833 = ORIENTED_EDGE('',*,*,#7834,.F.);
#7834 = EDGE_CURVE('',#7835,#7806,#7837,.T.);
#7835 = VERTEX_POINT('',#7836);
#7836 = CARTESIAN_POINT('',(101.8,-20.,-5.4));
#7837 = SURFACE_CURVE('',#7838,(#7842,#7849),.PCURVE_S1.);
#7838 = LINE('',#7839,#7840);
#7839 = CARTESIAN_POINT('',(101.8,-20.,-5.4));
#7840 = VECTOR('',#7841,1.);
#7841 = DIRECTION('',(-1.,0.,0.));
#7842 = PCURVE('',#7548,#7843);
#7843 = DEFINITIONAL_REPRESENTATION('',(#7844),#7848);
#7844 = LINE('',#7845,#7846);
#7845 = CARTESIAN_POINT('',(-39.8,-5.4));
#7846 = VECTOR('',#7847,1.);
#7847 = DIRECTION('',(1.,0.));
#7848 = ( GEOMETRIC_REPRESENTATION_CONTEXT(2) 
PARAMETRIC_REPRESENTATION_CONTEXT() REPRESENTATION_CONTEXT('2D SPACE',''
  ) );
#7849 = PCURVE('',#7850,#7855);
#7850 = PLANE('',#7851);
#7851 = AXIS2_PLACEMENT_3D('',#7852,#7853,#7854);
#7852 = CARTESIAN_POINT('',(101.8,-20.,-5.4));
#7853 = DIRECTION('',(0.,-1.110223024625E-16,-1.));
#7854 = DIRECTION('',(-1.,0.,0.));
#7855 = DEFINITIONAL_REPRESENTATION('',(#7856),#7860);
#7856 = LINE('',#7857,#7858);
#7857 = CARTESIAN_POINT('',(0.,0.));
#7858 = VECTOR('',#7859,1.);
#7859 = DIRECTION('',(1.,0.));
#7860 = ( GEOMETRIC_REPRESENTATION_CONTEXT(2) 
PARAMETRIC_REPRESENTATION_CONTEXT() REPRESENTATION_CONTEXT('2D SPACE',''
  ) );
#7861 = ORIENTED_EDGE('',*,*,#7862,.F.);
#7862 = EDGE_CURVE('',#7778,#7835,#7863,.T.);
#7863 = SURFACE_CURVE('',#7864,(#7869,#7876),.PCURVE_S1.);
#7864 = CIRCLE('',#7865,5.4);
#7865 = AXIS2_PLACEMENT_3D('',#7866,#7867,#7868);
#7866 = CARTESIAN_POINT('',(101.8,-20.,0.));
#7867 = DIRECTION('',(0.,1.,-1.110223024625E-16));
#7868 = DIRECTION('',(1.315819881037E-15,1.110223024625E-16,1.));
#7869 = PCURVE('',#7548,#7870);
#7870 = DEFINITIONAL_REPRESENTATION('',(#7871),#7875);
#7871 = CIRCLE('',#7872,5.4);
#7872 = AXIS2_PLACEMENT_2D('',#7873,#7874);
#7873 = CARTESIAN_POINT('',(-39.8,4.440892098501E-17));
#7874 = DIRECTION('',(-1.315819881037E-15,1.));
#7875 = ( GEOMETRIC_REPRESENTATION_CONTEXT(2) 
PARAMETRIC_REPRESENTATION_CONTEXT() REPRESENTATION_CONTEXT('2D SPACE',''
  ) );
#7876 = PCURVE('',#7877,#7882);
#7877 = CYLINDRICAL_SURFACE('',#7878,5.4);
#7878 = AXIS2_PLACEMENT_3D('',#7879,#7880,#7881);
#7879 = CARTESIAN_POINT('',(101.8,-20.,0.));
#7880 = DIRECTION('',(0.,1.,-1.110223024625E-16));
#7881 = DIRECTION('',(1.315819881037E-15,1.110223024625E-16,1.));
#7882 = DEFINITIONAL_REPRESENTATION('',(#7883),#7887);
#7883 = LINE('',#7884,#7885);
#7884 = CARTESIAN_POINT('',(0.,0.));
#7885 = VECTOR('',#7886,1.);
#7886 = DIRECTION('',(1.,0.));
#7887 = ( GEOMETRIC_REPRESENTATION_CONTEXT(2) 
PARAMETRIC_REPRESENTATION_CONTEXT() REPRESENTATION_CONTEXT('2D SPACE',''
  ) );
#7888 = FACE_BOUND('',#7889,.T.);
#7889 = EDGE_LOOP('',(#7890));
#7890 = ORIENTED_EDGE('',*,*,#7891,.T.);
#7891 = EDGE_CURVE('',#7892,#7892,#7894,.T.);
#7892 = VERTEX_POINT('',#7893);
#7893 = CARTESIAN_POINT('',(3.,-20.,0.));
#7894 = SURFACE_CURVE('',#7895,(#7900,#7911),.PCURVE_S1.);
#7895 = CIRCLE('',#7896,3.);
#7896 = AXIS2_PLACEMENT_3D('',#7897,#7898,#7899);
#7897 = CARTESIAN_POINT('',(0.,-20.,0.));
#7898 = DIRECTION('',(0.,-1.,1.110223024625E-16));
#7899 = DIRECTION('',(1.,0.,0.));
#7900 = PCURVE('',#7548,#7901);
#7901 = DEFINITIONAL_REPRESENTATION('',(#7902),#7910);
#7902 = ( BOUNDED_CURVE() B_SPLINE_CURVE(2,(#7903,#7904,#7905,#7906,
#7907,#7908,#7909),.UNSPECIFIED.,.T.,.F.) B_SPLINE_CURVE_WITH_KNOTS((1,2
    ,2,2,2,1),(-2.094395102393,0.,2.094395102393,4.188790204786,
6.28318530718,8.377580409573),.UNSPECIFIED.) CURVE() 
GEOMETRIC_REPRESENTATION_ITEM() RATIONAL_B_SPLINE_CURVE((1.,0.5,1.,0.5,
1.,0.5,1.)) REPRESENTATION_ITEM('') );
#7903 = CARTESIAN_POINT('',(59.,4.440892098501E-17));
#7904 = CARTESIAN_POINT('',(59.,5.196152422707));
#7905 = CARTESIAN_POINT('',(63.5,2.598076211353));
#7906 = CARTESIAN_POINT('',(68.,7.791970004734E-16));
#7907 = CARTESIAN_POINT('',(63.5,-2.598076211353));
#7908 = CARTESIAN_POINT('',(59.,-5.196152422707));
#7909 = CARTESIAN_POINT('',(59.,4.440892098501E-17));
#7910 = ( GEOMETRIC_REPRESENTATION_CONTEXT(2) 
PARAMETRIC_REPRESENTATION_CONTEXT() REPRESENTATION_CONTEXT('2D SPACE',''
  ) );
#7911 = PCURVE('',#7912,#7917);
#7912 = CYLINDRICAL_SURFACE('',#7913,3.);
#7913 = AXIS2_PLACEMENT_3D('',#7914,#7915,#7916);
#7914 = CARTESIAN_POINT('',(0.,-20.,0.));
#7915 = DIRECTION('',(-0.,1.,-1.110223024625E-16));
#7916 = DIRECTION('',(1.,0.,0.));
#7917 = DEFINITIONAL_REPRESENTATION('',(#7918),#7922);
#7918 = LINE('',#7919,#7920);
#7919 = CARTESIAN_POINT('',(-0.,0.));
#7920 = VECTOR('',#7921,1.);
#7921 = DIRECTION('',(-1.,0.));
#7922 = ( GEOMETRIC_REPRESENTATION_CONTEXT(2) 
PARAMETRIC_REPRESENTATION_CONTEXT() REPRESENTATION_CONTEXT('2D SPACE',''
  ) );
#7923 = ADVANCED_FACE('',(#7924,#7950,#7980,#8076),#7494,.F.);
#7924 = FACE_BOUND('',#7925,.F.);
#7925 = EDGE_LOOP('',(#7926,#7927,#7928,#7949));
#7926 = ORIENTED_EDGE('',*,*,#7478,.T.);
#7927 = ORIENTED_EDGE('',*,*,#7642,.T.);
#7928 = ORIENTED_EDGE('',*,*,#7929,.T.);
#7929 = EDGE_CURVE('',#7643,#7566,#7930,.T.);
#7930 = SURFACE_CURVE('',#7931,(#7935,#7942),.PCURVE_S1.);
#7931 = LINE('',#7932,#7933);
#7932 = CARTESIAN_POINT('',(124.,-22.5,-12.));
#7933 = VECTOR('',#7934,1.);
#7934 = DIRECTION('',(-1.,0.,0.));
#7935 = PCURVE('',#7494,#7936);
#7936 = DEFINITIONAL_REPRESENTATION('',(#7937),#7941);
#7937 = LINE('',#7938,#7939);
#7938 = CARTESIAN_POINT('',(-62.,-12.));
#7939 = VECTOR('',#7940,1.);
#7940 = DIRECTION('',(1.,0.));
#7941 = ( GEOMETRIC_REPRESENTATION_CONTEXT(2) 
PARAMETRIC_REPRESENTATION_CONTEXT() REPRESENTATION_CONTEXT('2D SPACE',''
  ) );
#7942 = PCURVE('',#7581,#7943);
#7943 = DEFINITIONAL_REPRESENTATION('',(#7944),#7948);
#7944 = LINE('',#7945,#7946);
#7945 = CARTESIAN_POINT('',(0.,-2.5));
#7946 = VECTOR('',#7947,1.);
#7947 = DIRECTION('',(1.,0.));
#7948 = ( GEOMETRIC_REPRESENTATION_CONTEXT(2) 
PARAMETRIC_REPRESENTATION_CONTEXT() REPRESENTATION_CONTEXT('2D SPACE',''
  ) );
#7949 = ORIENTED_EDGE('',*,*,#7593,.T.);
#7950 = FACE_BOUND('',#7951,.F.);
#7951 = EDGE_LOOP('',(#7952));
#7952 = ORIENTED_EDGE('',*,*,#7953,.T.);
#7953 = EDGE_CURVE('',#7954,#7954,#7956,.T.);
#7954 = VERTEX_POINT('',#7955);
#7955 = CARTESIAN_POINT('',(127.,-22.5,2.775557561563E-16));
#7956 = SURFACE_CURVE('',#7957,(#7962,#7973),.PCURVE_S1.);
#7957 = CIRCLE('',#7958,3.);
#7958 = AXIS2_PLACEMENT_3D('',#7959,#7960,#7961);
#7959 = CARTESIAN_POINT('',(124.,-22.5,2.775557561563E-16));
#7960 = DIRECTION('',(0.,-1.,1.110223024625E-16));
#7961 = DIRECTION('',(1.,0.,0.));
#7962 = PCURVE('',#7494,#7963);
#7963 = DEFINITIONAL_REPRESENTATION('',(#7964),#7972);
#7964 = ( BOUNDED_CURVE() B_SPLINE_CURVE(2,(#7965,#7966,#7967,#7968,
#7969,#7970,#7971),.UNSPECIFIED.,.T.,.F.) B_SPLINE_CURVE_WITH_KNOTS((1,2
    ,2,2,2,1),(-2.094395102393,0.,2.094395102393,4.188790204786,
6.28318530718,8.377580409573),.UNSPECIFIED.) CURVE() 
GEOMETRIC_REPRESENTATION_ITEM() RATIONAL_B_SPLINE_CURVE((1.,0.5,1.,0.5,
1.,0.5,1.)) REPRESENTATION_ITEM('') );
#7965 = CARTESIAN_POINT('',(-65.,4.440892098501E-17));
#7966 = CARTESIAN_POINT('',(-65.,5.196152422707));
#7967 = CARTESIAN_POINT('',(-60.5,2.598076211353));
#7968 = CARTESIAN_POINT('',(-56.,7.791970004734E-16));
#7969 = CARTESIAN_POINT('',(-60.5,-2.598076211353));
#7970 = CARTESIAN_POINT('',(-65.,-5.196152422707));
#7971 = CARTESIAN_POINT('',(-65.,4.440892098501E-17));
#7972 = ( GEOMETRIC_REPRESENTATION_CONTEXT(2) 
PARAMETRIC_REPRESENTATION_CONTEXT() REPRESENTATION_CONTEXT('2D SPACE',''
  ) );
#7973 = PCURVE('',#7761,#7974);
#7974 = DEFINITIONAL_REPRESENTATION('',(#7975),#7979);
#7975 = LINE('',#7976,#7977);
#7976 = CARTESIAN_POINT('',(-0.,-2.5));
#7977 = VECTOR('',#7978,1.);
#7978 = DIRECTION('',(-1.,0.));
#7979 = ( GEOMETRIC_REPRESENTATION_CONTEXT(2) 
PARAMETRIC_REPRESENTATION_CONTEXT() REPRESENTATION_CONTEXT('2D SPACE',''
  ) );
#7980 = FACE_BOUND('',#7981,.F.);
#7981 = EDGE_LOOP('',(#7982,#8007,#8031,#8054));
#7982 = ORIENTED_EDGE('',*,*,#7983,.F.);
#7983 = EDGE_CURVE('',#7984,#7986,#7988,.T.);
#7984 = VERTEX_POINT('',#7985);
#7985 = CARTESIAN_POINT('',(22.2,-22.5,5.4));
#7986 = VERTEX_POINT('',#7987);
#7987 = CARTESIAN_POINT('',(101.8,-22.5,5.4));
#7988 = SURFACE_CURVE('',#7989,(#7993,#8000),.PCURVE_S1.);
#7989 = LINE('',#7990,#7991);
#7990 = CARTESIAN_POINT('',(22.2,-22.5,5.4));
#7991 = VECTOR('',#7992,1.);
#7992 = DIRECTION('',(1.,0.,0.));
#7993 = PCURVE('',#7494,#7994);
#7994 = DEFINITIONAL_REPRESENTATION('',(#7995),#7999);
#7995 = LINE('',#7996,#7997);
#7996 = CARTESIAN_POINT('',(39.8,5.4));
#7997 = VECTOR('',#7998,1.);
#7998 = DIRECTION('',(-1.,0.));
#7999 = ( GEOMETRIC_REPRESENTATION_CONTEXT(2) 
PARAMETRIC_REPRESENTATION_CONTEXT() REPRESENTATION_CONTEXT('2D SPACE',''
  ) );
#8000 = PCURVE('',#7793,#8001);
#8001 = DEFINITIONAL_REPRESENTATION('',(#8002),#8006);
#8002 = LINE('',#8003,#8004);
#8003 = CARTESIAN_POINT('',(0.,-2.5));
#8004 = VECTOR('',#8005,1.);
#8005 = DIRECTION('',(1.,0.));
#8006 = ( GEOMETRIC_REPRESENTATION_CONTEXT(2) 
PARAMETRIC_REPRESENTATION_CONTEXT() REPRESENTATION_CONTEXT('2D SPACE',''
  ) );
#8007 = ORIENTED_EDGE('',*,*,#8008,.F.);
#8008 = EDGE_CURVE('',#8009,#7984,#8011,.T.);
#8009 = VERTEX_POINT('',#8010);
#8010 = CARTESIAN_POINT('',(22.2,-22.5,-5.4));
#8011 = SURFACE_CURVE('',#8012,(#8017,#8024),.PCURVE_S1.);
#8012 = CIRCLE('',#8013,5.4);
#8013 = AXIS2_PLACEMENT_3D('',#8014,#8015,#8016);
#8014 = CARTESIAN_POINT('',(22.2,-22.5,2.775557561563E-16));
#8015 = DIRECTION('',(0.,1.,-1.110223024625E-16));
#8016 = DIRECTION('',(-1.315819881037E-15,-1.110223024625E-16,-1.));
#8017 = PCURVE('',#7494,#8018);
#8018 = DEFINITIONAL_REPRESENTATION('',(#8019),#8023);
#8019 = CIRCLE('',#8020,5.4);
#8020 = AXIS2_PLACEMENT_2D('',#8021,#8022);
#8021 = CARTESIAN_POINT('',(39.8,4.440892098501E-17));
#8022 = DIRECTION('',(1.315819881037E-15,-1.));
#8023 = ( GEOMETRIC_REPRESENTATION_CONTEXT(2) 
PARAMETRIC_REPRESENTATION_CONTEXT() REPRESENTATION_CONTEXT('2D SPACE',''
  ) );
#8024 = PCURVE('',#7822,#8025);
#8025 = DEFINITIONAL_REPRESENTATION('',(#8026),#8030);
#8026 = LINE('',#8027,#8028);
#8027 = CARTESIAN_POINT('',(0.,-2.5));
#8028 = VECTOR('',#8029,1.);
#8029 = DIRECTION('',(1.,0.));
#8030 = ( GEOMETRIC_REPRESENTATION_CONTEXT(2) 
PARAMETRIC_REPRESENTATION_CONTEXT() REPRESENTATION_CONTEXT('2D SPACE',''
  ) );
#8031 = ORIENTED_EDGE('',*,*,#8032,.F.);
#8032 = EDGE_CURVE('',#8033,#8009,#8035,.T.);
#8033 = VERTEX_POINT('',#8034);
#8034 = CARTESIAN_POINT('',(101.8,-22.5,-5.4));
#8035 = SURFACE_CURVE('',#8036,(#8040,#8047),.PCURVE_S1.);
#8036 = LINE('',#8037,#8038);
#8037 = CARTESIAN_POINT('',(101.8,-22.5,-5.4));
#8038 = VECTOR('',#8039,1.);
#8039 = DIRECTION('',(-1.,0.,0.));
#8040 = PCURVE('',#7494,#8041);
#8041 = DEFINITIONAL_REPRESENTATION('',(#8042),#8046);
#8042 = LINE('',#8043,#8044);
#8043 = CARTESIAN_POINT('',(-39.8,-5.4));
#8044 = VECTOR('',#8045,1.);
#8045 = DIRECTION('',(1.,0.));
#8046 = ( GEOMETRIC_REPRESENTATION_CONTEXT(2) 
PARAMETRIC_REPRESENTATION_CONTEXT() REPRESENTATION_CONTEXT('2D SPACE',''
  ) );
#8047 = PCURVE('',#7850,#8048);
#8048 = DEFINITIONAL_REPRESENTATION('',(#8049),#8053);
#8049 = LINE('',#8050,#8051);
#8050 = CARTESIAN_POINT('',(0.,-2.5));
#8051 = VECTOR('',#8052,1.);
#8052 = DIRECTION('',(1.,0.));
#8053 = ( GEOMETRIC_REPRESENTATION_CONTEXT(2) 
PARAMETRIC_REPRESENTATION_CONTEXT() REPRESENTATION_CONTEXT('2D SPACE',''
  ) );
#8054 = ORIENTED_EDGE('',*,*,#8055,.F.);
#8055 = EDGE_CURVE('',#7986,#8033,#8056,.T.);
#8056 = SURFACE_CURVE('',#8057,(#8062,#8069),.PCURVE_S1.);
#8057 = CIRCLE('',#8058,5.4);
#8058 = AXIS2_PLACEMENT_3D('',#8059,#8060,#8061);
#8059 = CARTESIAN_POINT('',(101.8,-22.5,2.775557561563E-16));
#8060 = DIRECTION('',(0.,1.,-1.110223024625E-16));
#8061 = DIRECTION('',(1.315819881037E-15,1.110223024625E-16,1.));
#8062 = PCURVE('',#7494,#8063);
#8063 = DEFINITIONAL_REPRESENTATION('',(#8064),#8068);
#8064 = CIRCLE('',#8065,5.4);
#8065 = AXIS2_PLACEMENT_2D('',#8066,#8067);
#8066 = CARTESIAN_POINT('',(-39.8,4.440892098501E-17));
#8067 = DIRECTION('',(-1.315819881037E-15,1.));
#8068 = ( GEOMETRIC_REPRESENTATION_CONTEXT(2) 
PARAMETRIC_REPRESENTATION_CONTEXT() REPRESENTATION_CONTEXT('2D SPACE',''
  ) );
#8069 = PCURVE('',#7877,#8070);
#8070 = DEFINITIONAL_REPRESENTATION('',(#8071),#8075);
#8071 = LINE('',#8072,#8073);
#8072 = CARTESIAN_POINT('',(0.,-2.5));
#8073 = VECTOR('',#8074,1.);
#8074 = DIRECTION('',(1.,0.));
#8075 = ( GEOMETRIC_REPRESENTATION_CONTEXT(2) 
PARAMETRIC_REPRESENTATION_CONTEXT() REPRESENTATION_CONTEXT('2D SPACE',''
  ) );
#8076 = FACE_BOUND('',#8077,.F.);
#8077 = EDGE_LOOP('',(#8078));
#8078 = ORIENTED_EDGE('',*,*,#8079,.T.);
#8079 = EDGE_CURVE('',#8080,#8080,#8082,.T.);
#8080 = VERTEX_POINT('',#8081);
#8081 = CARTESIAN_POINT('',(3.,-22.5,2.775557561563E-16));
#8082 = SURFACE_CURVE('',#8083,(#8088,#8099),.PCURVE_S1.);
#8083 = CIRCLE('',#8084,3.);
#8084 = AXIS2_PLACEMENT_3D('',#8085,#8086,#8087);
#8085 = CARTESIAN_POINT('',(0.,-22.5,2.775557561563E-16));
#8086 = DIRECTION('',(0.,-1.,1.110223024625E-16));
#8087 = DIRECTION('',(1.,0.,0.));
#8088 = PCURVE('',#7494,#8089);
#8089 = DEFINITIONAL_REPRESENTATION('',(#8090),#8098);
#8090 = ( BOUNDED_CURVE() B_SPLINE_CURVE(2,(#8091,#8092,#8093,#8094,
#8095,#8096,#8097),.UNSPECIFIED.,.T.,.F.) B_SPLINE_CURVE_WITH_KNOTS((1,2
    ,2,2,2,1),(-2.094395102393,0.,2.094395102393,4.188790204786,
6.28318530718,8.377580409573),.UNSPECIFIED.) CURVE() 
GEOMETRIC_REPRESENTATION_ITEM() RATIONAL_B_SPLINE_CURVE((1.,0.5,1.,0.5,
1.,0.5,1.)) REPRESENTATION_ITEM('') );
#8091 = CARTESIAN_POINT('',(59.,4.440892098501E-17));
#8092 = CARTESIAN_POINT('',(59.,5.196152422707));
#8093 = CARTESIAN_POINT('',(63.5,2.598076211353));
#8094 = CARTESIAN_POINT('',(68.,7.791970004734E-16));
#8095 = CARTESIAN_POINT('',(63.5,-2.598076211353));
#8096 = CARTESIAN_POINT('',(59.,-5.196152422707));
#8097 = CARTESIAN_POINT('',(59.,4.440892098501E-17));
#8098 = ( GEOMETRIC_REPRESENTATION_CONTEXT(2) 
PARAMETRIC_REPRESENTATION_CONTEXT() REPRESENTATION_CONTEXT('2D SPACE',''
  ) );
#8099 = PCURVE('',#7912,#8100);
#8100 = DEFINITIONAL_REPRESENTATION('',(#8101),#8105);
#8101 = LINE('',#8102,#8103);
#8102 = CARTESIAN_POINT('',(-0.,-2.5));
#8103 = VECTOR('',#8104,1.);
#8104 = DIRECTION('',(-1.,0.));
#8105 = ( GEOMETRIC_REPRESENTATION_CONTEXT(2) 
PARAMETRIC_REPRESENTATION_CONTEXT() REPRESENTATION_CONTEXT('2D SPACE',''
  ) );
#8106 = ADVANCED_FACE('',(#8107),#7581,.T.);
#8107 = FACE_BOUND('',#8108,.T.);
#8108 = EDGE_LOOP('',(#8109,#8110,#8111,#8112));
#8109 = ORIENTED_EDGE('',*,*,#7666,.T.);
#8110 = ORIENTED_EDGE('',*,*,#7929,.T.);
#8111 = ORIENTED_EDGE('',*,*,#7563,.F.);
#8112 = ORIENTED_EDGE('',*,*,#7716,.F.);
#8113 = ADVANCED_FACE('',(#8114),#7761,.F.);
#8114 = FACE_BOUND('',#8115,.T.);
#8115 = EDGE_LOOP('',(#8116,#8137,#8138,#8139));
#8116 = ORIENTED_EDGE('',*,*,#8117,.T.);
#8117 = EDGE_CURVE('',#7741,#7954,#8118,.T.);
#8118 = SEAM_CURVE('',#8119,(#8123,#8130),.PCURVE_S1.);
#8119 = LINE('',#8120,#8121);
#8120 = CARTESIAN_POINT('',(127.,-20.,0.));
#8121 = VECTOR('',#8122,1.);
#8122 = DIRECTION('',(0.,-1.,1.110223024625E-16));
#8123 = PCURVE('',#7761,#8124);
#8124 = DEFINITIONAL_REPRESENTATION('',(#8125),#8129);
#8125 = LINE('',#8126,#8127);
#8126 = CARTESIAN_POINT('',(-0.,0.));
#8127 = VECTOR('',#8128,1.);
#8128 = DIRECTION('',(-0.,-1.));
#8129 = ( GEOMETRIC_REPRESENTATION_CONTEXT(2) 
PARAMETRIC_REPRESENTATION_CONTEXT() REPRESENTATION_CONTEXT('2D SPACE',''
  ) );
#8130 = PCURVE('',#7761,#8131);
#8131 = DEFINITIONAL_REPRESENTATION('',(#8132),#8136);
#8132 = LINE('',#8133,#8134);
#8133 = CARTESIAN_POINT('',(-6.28318530718,0.));
#8134 = VECTOR('',#8135,1.);
#8135 = DIRECTION('',(-0.,-1.));
#8136 = ( GEOMETRIC_REPRESENTATION_CONTEXT(2) 
PARAMETRIC_REPRESENTATION_CONTEXT() REPRESENTATION_CONTEXT('2D SPACE',''
  ) );
#8137 = ORIENTED_EDGE('',*,*,#7953,.T.);
#8138 = ORIENTED_EDGE('',*,*,#8117,.F.);
#8139 = ORIENTED_EDGE('',*,*,#7740,.F.);
#8140 = ADVANCED_FACE('',(#8141),#7793,.F.);
#8141 = FACE_BOUND('',#8142,.F.);
#8142 = EDGE_LOOP('',(#8143,#8164,#8165,#8186));
#8143 = ORIENTED_EDGE('',*,*,#8144,.T.);
#8144 = EDGE_CURVE('',#7776,#7984,#8145,.T.);
#8145 = SURFACE_CURVE('',#8146,(#8150,#8157),.PCURVE_S1.);
#8146 = LINE('',#8147,#8148);
#8147 = CARTESIAN_POINT('',(22.2,-20.,5.4));
#8148 = VECTOR('',#8149,1.);
#8149 = DIRECTION('',(0.,-1.,1.110223024625E-16));
#8150 = PCURVE('',#7793,#8151);
#8151 = DEFINITIONAL_REPRESENTATION('',(#8152),#8156);
#8152 = LINE('',#8153,#8154);
#8153 = CARTESIAN_POINT('',(0.,0.));
#8154 = VECTOR('',#8155,1.);
#8155 = DIRECTION('',(0.,-1.));
#8156 = ( GEOMETRIC_REPRESENTATION_CONTEXT(2) 
PARAMETRIC_REPRESENTATION_CONTEXT() REPRESENTATION_CONTEXT('2D SPACE',''
  ) );
#8157 = PCURVE('',#7822,#8158);
#8158 = DEFINITIONAL_REPRESENTATION('',(#8159),#8163);
#8159 = LINE('',#8160,#8161);
#8160 = CARTESIAN_POINT('',(3.14159265359,0.));
#8161 = VECTOR('',#8162,1.);
#8162 = DIRECTION('',(0.,-1.));
#8163 = ( GEOMETRIC_REPRESENTATION_CONTEXT(2) 
PARAMETRIC_REPRESENTATION_CONTEXT() REPRESENTATION_CONTEXT('2D SPACE',''
  ) );
#8164 = ORIENTED_EDGE('',*,*,#7983,.T.);
#8165 = ORIENTED_EDGE('',*,*,#8166,.F.);
#8166 = EDGE_CURVE('',#7778,#7986,#8167,.T.);
#8167 = SURFACE_CURVE('',#8168,(#8172,#8179),.PCURVE_S1.);
#8168 = LINE('',#8169,#8170);
#8169 = CARTESIAN_POINT('',(101.8,-20.,5.4));
#8170 = VECTOR('',#8171,1.);
#8171 = DIRECTION('',(0.,-1.,1.110223024625E-16));
#8172 = PCURVE('',#7793,#8173);
#8173 = DEFINITIONAL_REPRESENTATION('',(#8174),#8178);
#8174 = LINE('',#8175,#8176);
#8175 = CARTESIAN_POINT('',(79.6,0.));
#8176 = VECTOR('',#8177,1.);
#8177 = DIRECTION('',(0.,-1.));
#8178 = ( GEOMETRIC_REPRESENTATION_CONTEXT(2) 
PARAMETRIC_REPRESENTATION_CONTEXT() REPRESENTATION_CONTEXT('2D SPACE',''
  ) );
#8179 = PCURVE('',#7877,#8180);
#8180 = DEFINITIONAL_REPRESENTATION('',(#8181),#8185);
#8181 = LINE('',#8182,#8183);
#8182 = CARTESIAN_POINT('',(0.,0.));
#8183 = VECTOR('',#8184,1.);
#8184 = DIRECTION('',(0.,-1.));
#8185 = ( GEOMETRIC_REPRESENTATION_CONTEXT(2) 
PARAMETRIC_REPRESENTATION_CONTEXT() REPRESENTATION_CONTEXT('2D SPACE',''
  ) );
#8186 = ORIENTED_EDGE('',*,*,#7775,.F.);
#8187 = ADVANCED_FACE('',(#8188),#7822,.F.);
#8188 = FACE_BOUND('',#8189,.F.);
#8189 = EDGE_LOOP('',(#8190,#8211,#8212,#8213));
#8190 = ORIENTED_EDGE('',*,*,#8191,.T.);
#8191 = EDGE_CURVE('',#7806,#8009,#8192,.T.);
#8192 = SURFACE_CURVE('',#8193,(#8197,#8204),.PCURVE_S1.);
#8193 = LINE('',#8194,#8195);
#8194 = CARTESIAN_POINT('',(22.2,-20.,-5.4));
#8195 = VECTOR('',#8196,1.);
#8196 = DIRECTION('',(0.,-1.,1.110223024625E-16));
#8197 = PCURVE('',#7822,#8198);
#8198 = DEFINITIONAL_REPRESENTATION('',(#8199),#8203);
#8199 = LINE('',#8200,#8201);
#8200 = CARTESIAN_POINT('',(0.,0.));
#8201 = VECTOR('',#8202,1.);
#8202 = DIRECTION('',(0.,-1.));
#8203 = ( GEOMETRIC_REPRESENTATION_CONTEXT(2) 
PARAMETRIC_REPRESENTATION_CONTEXT() REPRESENTATION_CONTEXT('2D SPACE',''
  ) );
#8204 = PCURVE('',#7850,#8205);
#8205 = DEFINITIONAL_REPRESENTATION('',(#8206),#8210);
#8206 = LINE('',#8207,#8208);
#8207 = CARTESIAN_POINT('',(79.6,0.));
#8208 = VECTOR('',#8209,1.);
#8209 = DIRECTION('',(0.,-1.));
#8210 = ( GEOMETRIC_REPRESENTATION_CONTEXT(2) 
PARAMETRIC_REPRESENTATION_CONTEXT() REPRESENTATION_CONTEXT('2D SPACE',''
  ) );
#8211 = ORIENTED_EDGE('',*,*,#8008,.T.);
#8212 = ORIENTED_EDGE('',*,*,#8144,.F.);
#8213 = ORIENTED_EDGE('',*,*,#7805,.F.);
#8214 = ADVANCED_FACE('',(#8215),#7877,.F.);
#8215 = FACE_BOUND('',#8216,.F.);
#8216 = EDGE_LOOP('',(#8217,#8218,#8219,#8240));
#8217 = ORIENTED_EDGE('',*,*,#8166,.T.);
#8218 = ORIENTED_EDGE('',*,*,#8055,.T.);
#8219 = ORIENTED_EDGE('',*,*,#8220,.F.);
#8220 = EDGE_CURVE('',#7835,#8033,#8221,.T.);
#8221 = SURFACE_CURVE('',#8222,(#8226,#8233),.PCURVE_S1.);
#8222 = LINE('',#8223,#8224);
#8223 = CARTESIAN_POINT('',(101.8,-20.,-5.4));
#8224 = VECTOR('',#8225,1.);
#8225 = DIRECTION('',(0.,-1.,1.110223024625E-16));
#8226 = PCURVE('',#7877,#8227);
#8227 = DEFINITIONAL_REPRESENTATION('',(#8228),#8232);
#8228 = LINE('',#8229,#8230);
#8229 = CARTESIAN_POINT('',(3.14159265359,0.));
#8230 = VECTOR('',#8231,1.);
#8231 = DIRECTION('',(0.,-1.));
#8232 = ( GEOMETRIC_REPRESENTATION_CONTEXT(2) 
PARAMETRIC_REPRESENTATION_CONTEXT() REPRESENTATION_CONTEXT('2D SPACE',''
  ) );
#8233 = PCURVE('',#7850,#8234);
#8234 = DEFINITIONAL_REPRESENTATION('',(#8235),#8239);
#8235 = LINE('',#8236,#8237);
#8236 = CARTESIAN_POINT('',(0.,0.));
#8237 = VECTOR('',#8238,1.);
#8238 = DIRECTION('',(0.,-1.));
#8239 = ( GEOMETRIC_REPRESENTATION_CONTEXT(2) 
PARAMETRIC_REPRESENTATION_CONTEXT() REPRESENTATION_CONTEXT('2D SPACE',''
  ) );
#8240 = ORIENTED_EDGE('',*,*,#7862,.F.);
#8241 = ADVANCED_FACE('',(#8242),#7850,.F.);
#8242 = FACE_BOUND('',#8243,.F.);
#8243 = EDGE_LOOP('',(#8244,#8245,#8246,#8247));
#8244 = ORIENTED_EDGE('',*,*,#8220,.T.);
#8245 = ORIENTED_EDGE('',*,*,#8032,.T.);
#8246 = ORIENTED_EDGE('',*,*,#8191,.F.);
#8247 = ORIENTED_EDGE('',*,*,#7834,.F.);
#8248 = ADVANCED_FACE('',(#8249),#7912,.F.);
#8249 = FACE_BOUND('',#8250,.T.);
#8250 = EDGE_LOOP('',(#8251,#8272,#8273,#8274));
#8251 = ORIENTED_EDGE('',*,*,#8252,.T.);
#8252 = EDGE_CURVE('',#7892,#8080,#8253,.T.);
#8253 = SEAM_CURVE('',#8254,(#8258,#8265),.PCURVE_S1.);
#8254 = LINE('',#8255,#8256);
#8255 = CARTESIAN_POINT('',(3.,-20.,0.));
#8256 = VECTOR('',#8257,1.);
#8257 = DIRECTION('',(0.,-1.,1.110223024625E-16));
#8258 = PCURVE('',#7912,#8259);
#8259 = DEFINITIONAL_REPRESENTATION('',(#8260),#8264);
#8260 = LINE('',#8261,#8262);
#8261 = CARTESIAN_POINT('',(-0.,0.));
#8262 = VECTOR('',#8263,1.);
#8263 = DIRECTION('',(-0.,-1.));
#8264 = ( GEOMETRIC_REPRESENTATION_CONTEXT(2) 
PARAMETRIC_REPRESENTATION_CONTEXT() REPRESENTATION_CONTEXT('2D SPACE',''
  ) );
#8265 = PCURVE('',#7912,#8266);
#8266 = DEFINITIONAL_REPRESENTATION('',(#8267),#8271);
#8267 = LINE('',#8268,#8269);
#8268 = CARTESIAN_POINT('',(-6.28318530718,0.));
#8269 = VECTOR('',#8270,1.);
#8270 = DIRECTION('',(-0.,-1.));
#8271 = ( GEOMETRIC_REPRESENTATION_CONTEXT(2) 
PARAMETRIC_REPRESENTATION_CONTEXT() REPRESENTATION_CONTEXT('2D SPACE',''
  ) );
#8272 = ORIENTED_EDGE('',*,*,#8079,.T.);
#8273 = ORIENTED_EDGE('',*,*,#8252,.F.);
#8274 = ORIENTED_EDGE('',*,*,#7891,.F.);
#8275 = ( GEOMETRIC_REPRESENTATION_CONTEXT(3) 
GLOBAL_UNCERTAINTY_ASSIGNED_CONTEXT((#8279)) 
GLOBAL_UNIT_ASSIGNED_CONTEXT((#8276,#8277,#8278)) REPRESENTATION_CONTEXT
('Context #1','3D Context with UNIT and UNCERTAINTY') );
#8276 = ( LENGTH_UNIT() NAMED_UNIT(*) SI_UNIT(.MILLI.,.METRE.) );
#8277 = ( NAMED_UNIT(*) PLANE_ANGLE_UNIT() SI_UNIT($,.RADIAN.) );
#8278 = ( NAMED_UNIT(*) SI_UNIT($,.STERADIAN.) SOLID_ANGLE_UNIT() );
#8279 = UNCERTAINTY_MEASURE_WITH_UNIT(LENGTH_MEASURE(1.E-07),#8276,
  'distance_accuracy_value','confusion accuracy');
#8280 = CONTEXT_DEPENDENT_SHAPE_REPRESENTATION(#8281,#8283);
#8281 = ( REPRESENTATION_RELATIONSHIP('','',#6598,#10) 
REPRESENTATION_RELATIONSHIP_WITH_TRANSFORMATION(#8282) 
SHAPE_REPRESENTATION_RELATIONSHIP() );
#8282 = ITEM_DEFINED_TRANSFORMATION('','',#11,#39);
#8283 = PRODUCT_DEFINITION_SHAPE('Placement','Placement of an item',
  #8284);
#8284 = NEXT_ASSEMBLY_USAGE_OCCURRENCE('37','OMX_Link4_Frame-1','',#5,
  #6593,$);
#8285 = PRODUCT_RELATED_PRODUCT_CATEGORY('part',$,(#6595));
#8286 = CONTEXT_DEPENDENT_SHAPE_REPRESENTATION(#8287,#8289);
#8287 = ( REPRESENTATION_RELATIONSHIP('','',#1109,#10) 
REPRESENTATION_RELATIONSHIP_WITH_TRANSFORMATION(#8288) 
SHAPE_REPRESENTATION_RELATIONSHIP() );
#8288 = ITEM_DEFINED_TRANSFORMATION('','',#11,#43);
#8289 = PRODUCT_DEFINITION_SHAPE('Placement','Placement of an item',
  #8290);
#8290 = NEXT_ASSEMBLY_USAGE_OCCURRENCE('38','Dynamixel_XM430-4','',#5,
  #1104,$);
#8291 = SHAPE_DEFINITION_REPRESENTATION(#8292,#8298);
#8292 = PRODUCT_DEFINITION_SHAPE('','',#8293);
#8293 = PRODUCT_DEFINITION('design','',#8294,#8297);
#8294 = PRODUCT_DEFINITION_FORMATION('','',#8295);
#8295 = PRODUCT('OMX_Gripper_Body-1','OMX_Gripper_Body-1','',(#8296));
#8296 = PRODUCT_CONTEXT('',#2,'mechanical');
#8297 = PRODUCT_DEFINITION_CONTEXT('part definition',#2,'design');
#8298 = ADVANCED_BREP_SHAPE_REPRESENTATION('',(#11,#8299),#10389);
#8299 = MANIFOLD_SOLID_BREP('',#8300);
#8300 = CLOSED_SHELL('',(#8301,#8419,#8529,#8918,#8998,#9025,#9032,#9059
    ,#9241,#9291,#9345,#9394,#9443,#9497,#9547,#9665,#9777,#9826,#9906,
    #9933,#9960,#10094,#10143,#10258,#10267,#10294,#10301,#10328,#10355,
    #10382));
#8301 = ADVANCED_FACE('',(#8302),#8316,.T.);
#8302 = FACE_BOUND('',#8303,.T.);
#8303 = EDGE_LOOP('',(#8304,#8339,#8367,#8395));
#8304 = ORIENTED_EDGE('',*,*,#8305,.F.);
#8305 = EDGE_CURVE('',#8306,#8308,#8310,.T.);
#8306 = VERTEX_POINT('',#8307);
#8307 = CARTESIAN_POINT('',(0.,22.5,12.));
#8308 = VERTEX_POINT('',#8309);
#8309 = CARTESIAN_POINT('',(15.,22.5,12.));
#8310 = SURFACE_CURVE('',#8311,(#8315,#8327),.PCURVE_S1.);
#8311 = LINE('',#8312,#8313);
#8312 = CARTESIAN_POINT('',(0.,22.5,12.));
#8313 = VECTOR('',#8314,1.);
#8314 = DIRECTION('',(1.,0.,0.));
#8315 = PCURVE('',#8316,#8321);
#8316 = PLANE('',#8317);
#8317 = AXIS2_PLACEMENT_3D('',#8318,#8319,#8320);
#8318 = CARTESIAN_POINT('',(0.,22.5,12.));
#8319 = DIRECTION('',(0.,1.110223024625E-16,1.));
#8320 = DIRECTION('',(1.,0.,0.));
#8321 = DEFINITIONAL_REPRESENTATION('',(#8322),#8326);
#8322 = LINE('',#8323,#8324);
#8323 = CARTESIAN_POINT('',(0.,0.));
#8324 = VECTOR('',#8325,1.);
#8325 = DIRECTION('',(1.,0.));
#8326 = ( GEOMETRIC_REPRESENTATION_CONTEXT(2) 
PARAMETRIC_REPRESENTATION_CONTEXT() REPRESENTATION_CONTEXT('2D SPACE',''
  ) );
#8327 = PCURVE('',#8328,#8333);
#8328 = PLANE('',#8329);
#8329 = AXIS2_PLACEMENT_3D('',#8330,#8331,#8332);
#8330 = CARTESIAN_POINT('',(11.,22.5,-2.45014736469E-16));
#8331 = DIRECTION('',(-0.,1.,-1.110223024625E-16));
#8332 = DIRECTION('',(-1.,0.,0.));
#8333 = DEFINITIONAL_REPRESENTATION('',(#8334),#8338);
#8334 = LINE('',#8335,#8336);
#8335 = CARTESIAN_POINT('',(11.,12.));
#8336 = VECTOR('',#8337,1.);
#8337 = DIRECTION('',(-1.,0.));
#8338 = ( GEOMETRIC_REPRESENTATION_CONTEXT(2) 
PARAMETRIC_REPRESENTATION_CONTEXT() REPRESENTATION_CONTEXT('2D SPACE',''
  ) );
#8339 = ORIENTED_EDGE('',*,*,#8340,.T.);
#8340 = EDGE_CURVE('',#8306,#8341,#8343,.T.);
#8341 = VERTEX_POINT('',#8342);
#8342 = CARTESIAN_POINT('',(0.,20.,12.));
#8343 = SURFACE_CURVE('',#8344,(#8348,#8355),.PCURVE_S1.);
#8344 = LINE('',#8345,#8346);
#8345 = CARTESIAN_POINT('',(0.,22.5,12.));
#8346 = VECTOR('',#8347,1.);
#8347 = DIRECTION('',(0.,-1.,1.110223024625E-16));
#8348 = PCURVE('',#8316,#8349);
#8349 = DEFINITIONAL_REPRESENTATION('',(#8350),#8354);
#8350 = LINE('',#8351,#8352);
#8351 = CARTESIAN_POINT('',(0.,0.));
#8352 = VECTOR('',#8353,1.);
#8353 = DIRECTION('',(0.,-1.));
#8354 = ( GEOMETRIC_REPRESENTATION_CONTEXT(2) 
PARAMETRIC_REPRESENTATION_CONTEXT() REPRESENTATION_CONTEXT('2D SPACE',''
  ) );
#8355 = PCURVE('',#8356,#8361);
#8356 = CYLINDRICAL_SURFACE('',#8357,12.);
#8357 = AXIS2_PLACEMENT_3D('',#8358,#8359,#8360);
#8358 = CARTESIAN_POINT('',(0.,22.5,0.));
#8359 = DIRECTION('',(0.,1.,-1.110223024625E-16));
#8360 = DIRECTION('',(0.,-1.110223024625E-16,-1.));
#8361 = DEFINITIONAL_REPRESENTATION('',(#8362),#8366);
#8362 = LINE('',#8363,#8364);
#8363 = CARTESIAN_POINT('',(3.14159265359,0.));
#8364 = VECTOR('',#8365,1.);
#8365 = DIRECTION('',(0.,-1.));
#8366 = ( GEOMETRIC_REPRESENTATION_CONTEXT(2) 
PARAMETRIC_REPRESENTATION_CONTEXT() REPRESENTATION_CONTEXT('2D SPACE',''
  ) );
#8367 = ORIENTED_EDGE('',*,*,#8368,.T.);
#8368 = EDGE_CURVE('',#8341,#8369,#8371,.T.);
#8369 = VERTEX_POINT('',#8370);
#8370 = CARTESIAN_POINT('',(15.,20.,12.));
#8371 = SURFACE_CURVE('',#8372,(#8376,#8383),.PCURVE_S1.);
#8372 = LINE('',#8373,#8374);
#8373 = CARTESIAN_POINT('',(0.,20.,12.));
#8374 = VECTOR('',#8375,1.);
#8375 = DIRECTION('',(1.,0.,0.));
#8376 = PCURVE('',#8316,#8377);
#8377 = DEFINITIONAL_REPRESENTATION('',(#8378),#8382);
#8378 = LINE('',#8379,#8380);
#8379 = CARTESIAN_POINT('',(0.,-2.5));
#8380 = VECTOR('',#8381,1.);
#8381 = DIRECTION('',(1.,0.));
#8382 = ( GEOMETRIC_REPRESENTATION_CONTEXT(2) 
PARAMETRIC_REPRESENTATION_CONTEXT() REPRESENTATION_CONTEXT('2D SPACE',''
  ) );
#8383 = PCURVE('',#8384,#8389);
#8384 = PLANE('',#8385);
#8385 = AXIS2_PLACEMENT_3D('',#8386,#8387,#8388);
#8386 = CARTESIAN_POINT('',(11.,20.,3.254101968729E-17));
#8387 = DIRECTION('',(-0.,1.,-1.110223024625E-16));
#8388 = DIRECTION('',(-1.,0.,0.));
#8389 = DEFINITIONAL_REPRESENTATION('',(#8390),#8394);
#8390 = LINE('',#8391,#8392);
#8391 = CARTESIAN_POINT('',(11.,12.));
#8392 = VECTOR('',#8393,1.);
#8393 = DIRECTION('',(-1.,0.));
#8394 = ( GEOMETRIC_REPRESENTATION_CONTEXT(2) 
PARAMETRIC_REPRESENTATION_CONTEXT() REPRESENTATION_CONTEXT('2D SPACE',''
  ) );
#8395 = ORIENTED_EDGE('',*,*,#8396,.T.);
#8396 = EDGE_CURVE('',#8369,#8308,#8397,.T.);
#8397 = SURFACE_CURVE('',#8398,(#8402,#8408),.PCURVE_S1.);
#8398 = LINE('',#8399,#8400);
#8399 = CARTESIAN_POINT('',(15.,-2.75,12.));
#8400 = VECTOR('',#8401,1.);
#8401 = DIRECTION('',(0.,1.,-1.110223024625E-16));
#8402 = PCURVE('',#8316,#8403);
#8403 = DEFINITIONAL_REPRESENTATION('',(#8404),#8407);
#8404 = B_SPLINE_CURVE_WITH_KNOTS('',1,(#8405,#8406),.UNSPECIFIED.,.F.,
  .F.,(2,2),(22.75,25.25),.PIECEWISE_BEZIER_KNOTS.);
#8405 = CARTESIAN_POINT('',(15.,-2.5));
#8406 = CARTESIAN_POINT('',(15.,0.));
#8407 = ( GEOMETRIC_REPRESENTATION_CONTEXT(2) 
PARAMETRIC_REPRESENTATION_CONTEXT() REPRESENTATION_CONTEXT('2D SPACE',''
  ) );
#8408 = PCURVE('',#8409,#8414);
#8409 = PLANE('',#8410);
#8410 = AXIS2_PLACEMENT_3D('',#8411,#8412,#8413);
#8411 = CARTESIAN_POINT('',(15.,-28.,-15.));
#8412 = DIRECTION('',(1.,0.,0.));
#8413 = DIRECTION('',(0.,0.,1.));
#8414 = DEFINITIONAL_REPRESENTATION('',(#8415),#8418);
#8415 = B_SPLINE_CURVE_WITH_KNOTS('',1,(#8416,#8417),.UNSPECIFIED.,.F.,
  .F.,(2,2),(22.75,25.25),.PIECEWISE_BEZIER_KNOTS.);
#8416 = CARTESIAN_POINT('',(27.,-48.));
#8417 = CARTESIAN_POINT('',(27.,-50.5));
#8418 = ( GEOMETRIC_REPRESENTATION_CONTEXT(2) 
PARAMETRIC_REPRESENTATION_CONTEXT() REPRESENTATION_CONTEXT('2D SPACE',''
  ) );
#8419 = ADVANCED_FACE('',(#8420,#8494),#8328,.T.);
#8420 = FACE_BOUND('',#8421,.T.);
#8421 = EDGE_LOOP('',(#8422,#8446,#8447,#8468));
#8422 = ORIENTED_EDGE('',*,*,#8423,.T.);
#8423 = EDGE_CURVE('',#8424,#8306,#8426,.T.);
#8424 = VERTEX_POINT('',#8425);
#8425 = CARTESIAN_POINT('',(0.,22.5,-12.));
#8426 = SURFACE_CURVE('',#8427,(#8432,#8439),.PCURVE_S1.);
#8427 = CIRCLE('',#8428,12.);
#8428 = AXIS2_PLACEMENT_3D('',#8429,#8430,#8431);
#8429 = CARTESIAN_POINT('',(0.,22.5,0.));
#8430 = DIRECTION('',(-0.,1.,-1.110223024625E-16));
#8431 = DIRECTION('',(0.,-1.110223024625E-16,-1.));
#8432 = PCURVE('',#8328,#8433);
#8433 = DEFINITIONAL_REPRESENTATION('',(#8434),#8438);
#8434 = CIRCLE('',#8435,12.);
#8435 = AXIS2_PLACEMENT_2D('',#8436,#8437);
#8436 = CARTESIAN_POINT('',(11.,2.45014736469E-16));
#8437 = DIRECTION('',(-0.,-1.));
#8438 = ( GEOMETRIC_REPRESENTATION_CONTEXT(2) 
PARAMETRIC_REPRESENTATION_CONTEXT() REPRESENTATION_CONTEXT('2D SPACE',''
  ) );
#8439 = PCURVE('',#8356,#8440);
#8440 = DEFINITIONAL_REPRESENTATION('',(#8441),#8445);
#8441 = LINE('',#8442,#8443);
#8442 = CARTESIAN_POINT('',(0.,0.));
#8443 = VECTOR('',#8444,1.);
#8444 = DIRECTION('',(1.,0.));
#8445 = ( GEOMETRIC_REPRESENTATION_CONTEXT(2) 
PARAMETRIC_REPRESENTATION_CONTEXT() REPRESENTATION_CONTEXT('2D SPACE',''
  ) );
#8446 = ORIENTED_EDGE('',*,*,#8305,.T.);
#8447 = ORIENTED_EDGE('',*,*,#8448,.T.);
#8448 = EDGE_CURVE('',#8308,#8449,#8451,.T.);
#8449 = VERTEX_POINT('',#8450);
#8450 = CARTESIAN_POINT('',(15.,22.5,-12.));
#8451 = SURFACE_CURVE('',#8452,(#8456,#8462),.PCURVE_S1.);
#8452 = LINE('',#8453,#8454);
#8453 = CARTESIAN_POINT('',(15.,22.5,-7.5));
#8454 = VECTOR('',#8455,1.);
#8455 = DIRECTION('',(0.,-1.110223024625E-16,-1.));
#8456 = PCURVE('',#8328,#8457);
#8457 = DEFINITIONAL_REPRESENTATION('',(#8458),#8461);
#8458 = B_SPLINE_CURVE_WITH_KNOTS('',1,(#8459,#8460),.UNSPECIFIED.,.F.,
  .F.,(2,2),(-19.5,4.5),.PIECEWISE_BEZIER_KNOTS.);
#8459 = CARTESIAN_POINT('',(-4.,12.));
#8460 = CARTESIAN_POINT('',(-4.,-12.));
#8461 = ( GEOMETRIC_REPRESENTATION_CONTEXT(2) 
PARAMETRIC_REPRESENTATION_CONTEXT() REPRESENTATION_CONTEXT('2D SPACE',''
  ) );
#8462 = PCURVE('',#8409,#8463);
#8463 = DEFINITIONAL_REPRESENTATION('',(#8464),#8467);
#8464 = B_SPLINE_CURVE_WITH_KNOTS('',1,(#8465,#8466),.UNSPECIFIED.,.F.,
  .F.,(2,2),(-19.5,4.5),.PIECEWISE_BEZIER_KNOTS.);
#8465 = CARTESIAN_POINT('',(27.,-50.5));
#8466 = CARTESIAN_POINT('',(3.,-50.5));
#8467 = ( GEOMETRIC_REPRESENTATION_CONTEXT(2) 
PARAMETRIC_REPRESENTATION_CONTEXT() REPRESENTATION_CONTEXT('2D SPACE',''
  ) );
#8468 = ORIENTED_EDGE('',*,*,#8469,.T.);
#8469 = EDGE_CURVE('',#8449,#8424,#8470,.T.);
#8470 = SURFACE_CURVE('',#8471,(#8475,#8482),.PCURVE_S1.);
#8471 = LINE('',#8472,#8473);
#8472 = CARTESIAN_POINT('',(22.,22.5,-12.));
#8473 = VECTOR('',#8474,1.);
#8474 = DIRECTION('',(-1.,0.,0.));
#8475 = PCURVE('',#8328,#8476);
#8476 = DEFINITIONAL_REPRESENTATION('',(#8477),#8481);
#8477 = LINE('',#8478,#8479);
#8478 = CARTESIAN_POINT('',(-11.,-12.));
#8479 = VECTOR('',#8480,1.);
#8480 = DIRECTION('',(1.,0.));
#8481 = ( GEOMETRIC_REPRESENTATION_CONTEXT(2) 
PARAMETRIC_REPRESENTATION_CONTEXT() REPRESENTATION_CONTEXT('2D SPACE',''
  ) );
#8482 = PCURVE('',#8483,#8488);
#8483 = PLANE('',#8484);
#8484 = AXIS2_PLACEMENT_3D('',#8485,#8486,#8487);
#8485 = CARTESIAN_POINT('',(22.,22.5,-12.));
#8486 = DIRECTION('',(0.,-1.110223024625E-16,-1.));
#8487 = DIRECTION('',(-1.,0.,0.));
#8488 = DEFINITIONAL_REPRESENTATION('',(#8489),#8493);
#8489 = LINE('',#8490,#8491);
#8490 = CARTESIAN_POINT('',(0.,0.));
#8491 = VECTOR('',#8492,1.);
#8492 = DIRECTION('',(1.,0.));
#8493 = ( GEOMETRIC_REPRESENTATION_CONTEXT(2) 
PARAMETRIC_REPRESENTATION_CONTEXT() REPRESENTATION_CONTEXT('2D SPACE',''
  ) );
#8494 = FACE_BOUND('',#8495,.T.);
#8495 = EDGE_LOOP('',(#8496));
#8496 = ORIENTED_EDGE('',*,*,#8497,.T.);
#8497 = EDGE_CURVE('',#8498,#8498,#8500,.T.);
#8498 = VERTEX_POINT('',#8499);
#8499 = CARTESIAN_POINT('',(3.,22.5,0.));
#8500 = SURFACE_CURVE('',#8501,(#8506,#8517),.PCURVE_S1.);
#8501 = CIRCLE('',#8502,3.);
#8502 = AXIS2_PLACEMENT_3D('',#8503,#8504,#8505);
#8503 = CARTESIAN_POINT('',(0.,22.5,0.));
#8504 = DIRECTION('',(0.,-1.,1.110223024625E-16));
#8505 = DIRECTION('',(1.,0.,0.));
#8506 = PCURVE('',#8328,#8507);
#8507 = DEFINITIONAL_REPRESENTATION('',(#8508),#8516);
#8508 = ( BOUNDED_CURVE() B_SPLINE_CURVE(2,(#8509,#8510,#8511,#8512,
#8513,#8514,#8515),.UNSPECIFIED.,.T.,.F.) B_SPLINE_CURVE_WITH_KNOTS((1,2
    ,2,2,2,1),(-2.094395102393,0.,2.094395102393,4.188790204786,
6.28318530718,8.377580409573),.UNSPECIFIED.) CURVE() 
GEOMETRIC_REPRESENTATION_ITEM() RATIONAL_B_SPLINE_CURVE((1.,0.5,1.,0.5,
1.,0.5,1.)) REPRESENTATION_ITEM('') );
#8509 = CARTESIAN_POINT('',(8.,2.45014736469E-16));
#8510 = CARTESIAN_POINT('',(8.,5.196152422707));
#8511 = CARTESIAN_POINT('',(12.5,2.598076211353));
#8512 = CARTESIAN_POINT('',(17.,9.798028159574E-16));
#8513 = CARTESIAN_POINT('',(12.5,-2.598076211353));
#8514 = CARTESIAN_POINT('',(8.,-5.196152422707));
#8515 = CARTESIAN_POINT('',(8.,2.45014736469E-16));
#8516 = ( GEOMETRIC_REPRESENTATION_CONTEXT(2) 
PARAMETRIC_REPRESENTATION_CONTEXT() REPRESENTATION_CONTEXT('2D SPACE',''
  ) );
#8517 = PCURVE('',#8518,#8523);
#8518 = CYLINDRICAL_SURFACE('',#8519,3.);
#8519 = AXIS2_PLACEMENT_3D('',#8520,#8521,#8522);
#8520 = CARTESIAN_POINT('',(0.,22.5,0.));
#8521 = DIRECTION('',(-0.,1.,-1.110223024625E-16));
#8522 = DIRECTION('',(1.,0.,0.));
#8523 = DEFINITIONAL_REPRESENTATION('',(#8524),#8528);
#8524 = LINE('',#8525,#8526);
#8525 = CARTESIAN_POINT('',(-0.,0.));
#8526 = VECTOR('',#8527,1.);
#8527 = DIRECTION('',(-1.,0.));
#8528 = ( GEOMETRIC_REPRESENTATION_CONTEXT(2) 
PARAMETRIC_REPRESENTATION_CONTEXT() REPRESENTATION_CONTEXT('2D SPACE',''
  ) );
#8529 = ADVANCED_FACE('',(#8530,#8768,#8812),#8409,.F.);
#8530 = FACE_BOUND('',#8531,.F.);
#8531 = EDGE_LOOP('',(#8532,#8562,#8591,#8619,#8652,#8680,#8709,#8737));
#8532 = ORIENTED_EDGE('',*,*,#8533,.F.);
#8533 = EDGE_CURVE('',#8534,#8536,#8538,.T.);
#8534 = VERTEX_POINT('',#8535);
#8535 = CARTESIAN_POINT('',(15.,-28.,-11.));
#8536 = VERTEX_POINT('',#8537);
#8537 = CARTESIAN_POINT('',(15.,-28.,11.));
#8538 = SURFACE_CURVE('',#8539,(#8543,#8550),.PCURVE_S1.);
#8539 = LINE('',#8540,#8541);
#8540 = CARTESIAN_POINT('',(15.,-28.,-15.));
#8541 = VECTOR('',#8542,1.);
#8542 = DIRECTION('',(0.,0.,1.));
#8543 = PCURVE('',#8409,#8544);
#8544 = DEFINITIONAL_REPRESENTATION('',(#8545),#8549);
#8545 = LINE('',#8546,#8547);
#8546 = CARTESIAN_POINT('',(0.,0.));
#8547 = VECTOR('',#8548,1.);
#8548 = DIRECTION('',(1.,0.));
#8549 = ( GEOMETRIC_REPRESENTATION_CONTEXT(2) 
PARAMETRIC_REPRESENTATION_CONTEXT() REPRESENTATION_CONTEXT('2D SPACE',''
  ) );
#8550 = PCURVE('',#8551,#8556);
#8551 = PLANE('',#8552);
#8552 = AXIS2_PLACEMENT_3D('',#8553,#8554,#8555);
#8553 = CARTESIAN_POINT('',(15.,-28.,-15.));
#8554 = DIRECTION('',(0.,1.,0.));
#8555 = DIRECTION('',(0.,0.,1.));
#8556 = DEFINITIONAL_REPRESENTATION('',(#8557),#8561);
#8557 = LINE('',#8558,#8559);
#8558 = CARTESIAN_POINT('',(0.,0.));
#8559 = VECTOR('',#8560,1.);
#8560 = DIRECTION('',(1.,0.));
#8561 = ( GEOMETRIC_REPRESENTATION_CONTEXT(2) 
PARAMETRIC_REPRESENTATION_CONTEXT() REPRESENTATION_CONTEXT('2D SPACE',''
  ) );
#8562 = ORIENTED_EDGE('',*,*,#8563,.T.);
#8563 = EDGE_CURVE('',#8534,#8564,#8566,.T.);
#8564 = VERTEX_POINT('',#8565);
#8565 = CARTESIAN_POINT('',(15.,-24.,-15.));
#8566 = SURFACE_CURVE('',#8567,(#8572,#8579),.PCURVE_S1.);
#8567 = CIRCLE('',#8568,4.);
#8568 = AXIS2_PLACEMENT_3D('',#8569,#8570,#8571);
#8569 = CARTESIAN_POINT('',(15.,-24.,-11.));
#8570 = DIRECTION('',(1.,0.,0.));
#8571 = DIRECTION('',(-0.,0.,1.));
#8572 = PCURVE('',#8409,#8573);
#8573 = DEFINITIONAL_REPRESENTATION('',(#8574),#8578);
#8574 = CIRCLE('',#8575,4.);
#8575 = AXIS2_PLACEMENT_2D('',#8576,#8577);
#8576 = CARTESIAN_POINT('',(4.,-4.));
#8577 = DIRECTION('',(1.,0.));
#8578 = ( GEOMETRIC_REPRESENTATION_CONTEXT(2) 
PARAMETRIC_REPRESENTATION_CONTEXT() REPRESENTATION_CONTEXT('2D SPACE',''
  ) );
#8579 = PCURVE('',#8580,#8585);
#8580 = CYLINDRICAL_SURFACE('',#8581,4.);
#8581 = AXIS2_PLACEMENT_3D('',#8582,#8583,#8584);
#8582 = CARTESIAN_POINT('',(15.,-24.,-11.));
#8583 = DIRECTION('',(1.,0.,0.));
#8584 = DIRECTION('',(0.,-1.,0.));
#8585 = DEFINITIONAL_REPRESENTATION('',(#8586),#8590);
#8586 = LINE('',#8587,#8588);
#8587 = CARTESIAN_POINT('',(-1.570796326795,0.));
#8588 = VECTOR('',#8589,1.);
#8589 = DIRECTION('',(1.,0.));
#8590 = ( GEOMETRIC_REPRESENTATION_CONTEXT(2) 
PARAMETRIC_REPRESENTATION_CONTEXT() REPRESENTATION_CONTEXT('2D SPACE',''
  ) );
#8591 = ORIENTED_EDGE('',*,*,#8592,.T.);
#8592 = EDGE_CURVE('',#8564,#8593,#8595,.T.);
#8593 = VERTEX_POINT('',#8594);
#8594 = CARTESIAN_POINT('',(15.,24.,-15.));
#8595 = SURFACE_CURVE('',#8596,(#8600,#8607),.PCURVE_S1.);
#8596 = LINE('',#8597,#8598);
#8597 = CARTESIAN_POINT('',(15.,-28.,-15.));
#8598 = VECTOR('',#8599,1.);
#8599 = DIRECTION('',(0.,1.,0.));
#8600 = PCURVE('',#8409,#8601);
#8601 = DEFINITIONAL_REPRESENTATION('',(#8602),#8606);
#8602 = LINE('',#8603,#8604);
#8603 = CARTESIAN_POINT('',(0.,0.));
#8604 = VECTOR('',#8605,1.);
#8605 = DIRECTION('',(0.,-1.));
#8606 = ( GEOMETRIC_REPRESENTATION_CONTEXT(2) 
PARAMETRIC_REPRESENTATION_CONTEXT() REPRESENTATION_CONTEXT('2D SPACE',''
  ) );
#8607 = PCURVE('',#8608,#8613);
#8608 = PLANE('',#8609);
#8609 = AXIS2_PLACEMENT_3D('',#8610,#8611,#8612);
#8610 = CARTESIAN_POINT('',(15.,-28.,-15.));
#8611 = DIRECTION('',(0.,0.,1.));
#8612 = DIRECTION('',(1.,0.,0.));
#8613 = DEFINITIONAL_REPRESENTATION('',(#8614),#8618);
#8614 = LINE('',#8615,#8616);
#8615 = CARTESIAN_POINT('',(0.,0.));
#8616 = VECTOR('',#8617,1.);
#8617 = DIRECTION('',(0.,1.));
#8618 = ( GEOMETRIC_REPRESENTATION_CONTEXT(2) 
PARAMETRIC_REPRESENTATION_CONTEXT() REPRESENTATION_CONTEXT('2D SPACE',''
  ) );
#8619 = ORIENTED_EDGE('',*,*,#8620,.F.);
#8620 = EDGE_CURVE('',#8621,#8593,#8623,.T.);
#8621 = VERTEX_POINT('',#8622);
#8622 = CARTESIAN_POINT('',(15.,28.,-11.));
#8623 = SURFACE_CURVE('',#8624,(#8629,#8640),.PCURVE_S1.);
#8624 = CIRCLE('',#8625,4.);
#8625 = AXIS2_PLACEMENT_3D('',#8626,#8627,#8628);
#8626 = CARTESIAN_POINT('',(15.,24.,-11.));
#8627 = DIRECTION('',(-1.,0.,-0.));
#8628 = DIRECTION('',(-0.,0.,1.));
#8629 = PCURVE('',#8409,#8630);
#8630 = DEFINITIONAL_REPRESENTATION('',(#8631),#8639);
#8631 = ( BOUNDED_CURVE() B_SPLINE_CURVE(2,(#8632,#8633,#8634,#8635,
#8636,#8637,#8638),.UNSPECIFIED.,.T.,.F.) B_SPLINE_CURVE_WITH_KNOTS((1,2
    ,2,2,2,1),(-2.094395102393,0.,2.094395102393,4.188790204786,
6.28318530718,8.377580409573),.UNSPECIFIED.) CURVE() 
GEOMETRIC_REPRESENTATION_ITEM() RATIONAL_B_SPLINE_CURVE((1.,0.5,1.,0.5,
1.,0.5,1.)) REPRESENTATION_ITEM('') );
#8632 = CARTESIAN_POINT('',(8.,-52.));
#8633 = CARTESIAN_POINT('',(8.,-58.92820323027));
#8634 = CARTESIAN_POINT('',(2.,-55.46410161513));
#8635 = CARTESIAN_POINT('',(-4.,-52.));
#8636 = CARTESIAN_POINT('',(2.,-48.53589838486));
#8637 = CARTESIAN_POINT('',(8.,-45.07179676972));
#8638 = CARTESIAN_POINT('',(8.,-52.));
#8639 = ( GEOMETRIC_REPRESENTATION_CONTEXT(2) 
PARAMETRIC_REPRESENTATION_CONTEXT() REPRESENTATION_CONTEXT('2D SPACE',''
  ) );
#8640 = PCURVE('',#8641,#8646);
#8641 = CYLINDRICAL_SURFACE('',#8642,4.);
#8642 = AXIS2_PLACEMENT_3D('',#8643,#8644,#8645);
#8643 = CARTESIAN_POINT('',(15.,24.,-11.));
#8644 = DIRECTION('',(1.,0.,0.));
#8645 = DIRECTION('',(-0.,1.,0.));
#8646 = DEFINITIONAL_REPRESENTATION('',(#8647),#8651);
#8647 = LINE('',#8648,#8649);
#8648 = CARTESIAN_POINT('',(1.570796326795,-0.));
#8649 = VECTOR('',#8650,1.);
#8650 = DIRECTION('',(-1.,0.));
#8651 = ( GEOMETRIC_REPRESENTATION_CONTEXT(2) 
PARAMETRIC_REPRESENTATION_CONTEXT() REPRESENTATION_CONTEXT('2D SPACE',''
  ) );
#8652 = ORIENTED_EDGE('',*,*,#8653,.T.);
#8653 = EDGE_CURVE('',#8621,#8654,#8656,.T.);
#8654 = VERTEX_POINT('',#8655);
#8655 = CARTESIAN_POINT('',(15.,28.,11.));
#8656 = SURFACE_CURVE('',#8657,(#8661,#8668),.PCURVE_S1.);
#8657 = LINE('',#8658,#8659);
#8658 = CARTESIAN_POINT('',(15.,28.,-15.));
#8659 = VECTOR('',#8660,1.);
#8660 = DIRECTION('',(0.,0.,1.));
#8661 = PCURVE('',#8409,#8662);
#8662 = DEFINITIONAL_REPRESENTATION('',(#8663),#8667);
#8663 = LINE('',#8664,#8665);
#8664 = CARTESIAN_POINT('',(0.,-56.));
#8665 = VECTOR('',#8666,1.);
#8666 = DIRECTION('',(1.,0.));
#8667 = ( GEOMETRIC_REPRESENTATION_CONTEXT(2) 
PARAMETRIC_REPRESENTATION_CONTEXT() REPRESENTATION_CONTEXT('2D SPACE',''
  ) );
#8668 = PCURVE('',#8669,#8674);
#8669 = PLANE('',#8670);
#8670 = AXIS2_PLACEMENT_3D('',#8671,#8672,#8673);
#8671 = CARTESIAN_POINT('',(15.,28.,-15.));
#8672 = DIRECTION('',(0.,1.,0.));
#8673 = DIRECTION('',(0.,0.,1.));
#8674 = DEFINITIONAL_REPRESENTATION('',(#8675),#8679);
#8675 = LINE('',#8676,#8677);
#8676 = CARTESIAN_POINT('',(0.,0.));
#8677 = VECTOR('',#8678,1.);
#8678 = DIRECTION('',(1.,0.));
#8679 = ( GEOMETRIC_REPRESENTATION_CONTEXT(2) 
PARAMETRIC_REPRESENTATION_CONTEXT() REPRESENTATION_CONTEXT('2D SPACE',''
  ) );
#8680 = ORIENTED_EDGE('',*,*,#8681,.T.);
#8681 = EDGE_CURVE('',#8654,#8682,#8684,.T.);
#8682 = VERTEX_POINT('',#8683);
#8683 = CARTESIAN_POINT('',(15.,24.,15.));
#8684 = SURFACE_CURVE('',#8685,(#8690,#8697),.PCURVE_S1.);
#8685 = CIRCLE('',#8686,4.);
#8686 = AXIS2_PLACEMENT_3D('',#8687,#8688,#8689);
#8687 = CARTESIAN_POINT('',(15.,24.,11.));
#8688 = DIRECTION('',(1.,0.,0.));
#8689 = DIRECTION('',(-0.,0.,1.));
#8690 = PCURVE('',#8409,#8691);
#8691 = DEFINITIONAL_REPRESENTATION('',(#8692),#8696);
#8692 = CIRCLE('',#8693,4.);
#8693 = AXIS2_PLACEMENT_2D('',#8694,#8695);
#8694 = CARTESIAN_POINT('',(26.,-52.));
#8695 = DIRECTION('',(1.,0.));
#8696 = ( GEOMETRIC_REPRESENTATION_CONTEXT(2) 
PARAMETRIC_REPRESENTATION_CONTEXT() REPRESENTATION_CONTEXT('2D SPACE',''
  ) );
#8697 = PCURVE('',#8698,#8703);
#8698 = CYLINDRICAL_SURFACE('',#8699,4.);
#8699 = AXIS2_PLACEMENT_3D('',#8700,#8701,#8702);
#8700 = CARTESIAN_POINT('',(15.,24.,11.));
#8701 = DIRECTION('',(1.,0.,0.));
#8702 = DIRECTION('',(-0.,1.,0.));
#8703 = DEFINITIONAL_REPRESENTATION('',(#8704),#8708);
#8704 = LINE('',#8705,#8706);
#8705 = CARTESIAN_POINT('',(-4.712388980385,0.));
#8706 = VECTOR('',#8707,1.);
#8707 = DIRECTION('',(1.,0.));
#8708 = ( GEOMETRIC_REPRESENTATION_CONTEXT(2) 
PARAMETRIC_REPRESENTATION_CONTEXT() REPRESENTATION_CONTEXT('2D SPACE',''
  ) );
#8709 = ORIENTED_EDGE('',*,*,#8710,.F.);
#8710 = EDGE_CURVE('',#8711,#8682,#8713,.T.);
#8711 = VERTEX_POINT('',#8712);
#8712 = CARTESIAN_POINT('',(15.,-24.,15.));
#8713 = SURFACE_CURVE('',#8714,(#8718,#8725),.PCURVE_S1.);
#8714 = LINE('',#8715,#8716);
#8715 = CARTESIAN_POINT('',(15.,-28.,15.));
#8716 = VECTOR('',#8717,1.);
#8717 = DIRECTION('',(0.,1.,0.));
#8718 = PCURVE('',#8409,#8719);
#8719 = DEFINITIONAL_REPRESENTATION('',(#8720),#8724);
#8720 = LINE('',#8721,#8722);
#8721 = CARTESIAN_POINT('',(30.,0.));
#8722 = VECTOR('',#8723,1.);
#8723 = DIRECTION('',(0.,-1.));
#8724 = ( GEOMETRIC_REPRESENTATION_CONTEXT(2) 
PARAMETRIC_REPRESENTATION_CONTEXT() REPRESENTATION_CONTEXT('2D SPACE',''
  ) );
#8725 = PCURVE('',#8726,#8731);
#8726 = PLANE('',#8727);
#8727 = AXIS2_PLACEMENT_3D('',#8728,#8729,#8730);
#8728 = CARTESIAN_POINT('',(15.,-28.,15.));
#8729 = DIRECTION('',(0.,0.,1.));
#8730 = DIRECTION('',(1.,0.,0.));
#8731 = DEFINITIONAL_REPRESENTATION('',(#8732),#8736);
#8732 = LINE('',#8733,#8734);
#8733 = CARTESIAN_POINT('',(0.,0.));
#8734 = VECTOR('',#8735,1.);
#8735 = DIRECTION('',(0.,1.));
#8736 = ( GEOMETRIC_REPRESENTATION_CONTEXT(2) 
PARAMETRIC_REPRESENTATION_CONTEXT() REPRESENTATION_CONTEXT('2D SPACE',''
  ) );
#8737 = ORIENTED_EDGE('',*,*,#8738,.F.);
#8738 = EDGE_CURVE('',#8536,#8711,#8739,.T.);
#8739 = SURFACE_CURVE('',#8740,(#8745,#8756),.PCURVE_S1.);
#8740 = CIRCLE('',#8741,4.);
#8741 = AXIS2_PLACEMENT_3D('',#8742,#8743,#8744);
#8742 = CARTESIAN_POINT('',(15.,-24.,11.));
#8743 = DIRECTION('',(-1.,0.,-0.));
#8744 = DIRECTION('',(-0.,0.,1.));
#8745 = PCURVE('',#8409,#8746);
#8746 = DEFINITIONAL_REPRESENTATION('',(#8747),#8755);
#8747 = ( BOUNDED_CURVE() B_SPLINE_CURVE(2,(#8748,#8749,#8750,#8751,
#8752,#8753,#8754),.UNSPECIFIED.,.T.,.F.) B_SPLINE_CURVE_WITH_KNOTS((1,2
    ,2,2,2,1),(-2.094395102393,0.,2.094395102393,4.188790204786,
6.28318530718,8.377580409573),.UNSPECIFIED.) CURVE() 
GEOMETRIC_REPRESENTATION_ITEM() RATIONAL_B_SPLINE_CURVE((1.,0.5,1.,0.5,
1.,0.5,1.)) REPRESENTATION_ITEM('') );
#8748 = CARTESIAN_POINT('',(30.,-4.));
#8749 = CARTESIAN_POINT('',(30.,-10.92820323027));
#8750 = CARTESIAN_POINT('',(24.,-7.464101615138));
#8751 = CARTESIAN_POINT('',(18.,-4.));
#8752 = CARTESIAN_POINT('',(24.,-0.535898384862));
#8753 = CARTESIAN_POINT('',(30.,2.928203230276));
#8754 = CARTESIAN_POINT('',(30.,-4.));
#8755 = ( GEOMETRIC_REPRESENTATION_CONTEXT(2) 
PARAMETRIC_REPRESENTATION_CONTEXT() REPRESENTATION_CONTEXT('2D SPACE',''
  ) );
#8756 = PCURVE('',#8757,#8762);
#8757 = CYLINDRICAL_SURFACE('',#8758,4.);
#8758 = AXIS2_PLACEMENT_3D('',#8759,#8760,#8761);
#8759 = CARTESIAN_POINT('',(15.,-24.,11.));
#8760 = DIRECTION('',(1.,0.,0.));
#8761 = DIRECTION('',(0.,-1.,0.));
#8762 = DEFINITIONAL_REPRESENTATION('',(#8763),#8767);
#8763 = LINE('',#8764,#8765);
#8764 = CARTESIAN_POINT('',(4.712388980385,-0.));
#8765 = VECTOR('',#8766,1.);
#8766 = DIRECTION('',(-1.,0.));
#8767 = ( GEOMETRIC_REPRESENTATION_CONTEXT(2) 
PARAMETRIC_REPRESENTATION_CONTEXT() REPRESENTATION_CONTEXT('2D SPACE',''
  ) );
#8768 = FACE_BOUND('',#8769,.F.);
#8769 = EDGE_LOOP('',(#8770,#8791,#8792,#8793));
#8770 = ORIENTED_EDGE('',*,*,#8771,.F.);
#8771 = EDGE_CURVE('',#8369,#8772,#8774,.T.);
#8772 = VERTEX_POINT('',#8773);
#8773 = CARTESIAN_POINT('',(15.,20.,-12.));
#8774 = SURFACE_CURVE('',#8775,(#8779,#8785),.PCURVE_S1.);
#8775 = LINE('',#8776,#8777);
#8776 = CARTESIAN_POINT('',(15.,20.,-7.5));
#8777 = VECTOR('',#8778,1.);
#8778 = DIRECTION('',(0.,-1.110223024625E-16,-1.));
#8779 = PCURVE('',#8409,#8780);
#8780 = DEFINITIONAL_REPRESENTATION('',(#8781),#8784);
#8781 = B_SPLINE_CURVE_WITH_KNOTS('',1,(#8782,#8783),.UNSPECIFIED.,.F.,
  .F.,(2,2),(-19.5,4.5),.PIECEWISE_BEZIER_KNOTS.);
#8782 = CARTESIAN_POINT('',(27.,-48.));
#8783 = CARTESIAN_POINT('',(3.,-48.));
#8784 = ( GEOMETRIC_REPRESENTATION_CONTEXT(2) 
PARAMETRIC_REPRESENTATION_CONTEXT() REPRESENTATION_CONTEXT('2D SPACE',''
  ) );
#8785 = PCURVE('',#8384,#8786);
#8786 = DEFINITIONAL_REPRESENTATION('',(#8787),#8790);
#8787 = B_SPLINE_CURVE_WITH_KNOTS('',1,(#8788,#8789),.UNSPECIFIED.,.F.,
  .F.,(2,2),(-19.5,4.5),.PIECEWISE_BEZIER_KNOTS.);
#8788 = CARTESIAN_POINT('',(-4.,12.));
#8789 = CARTESIAN_POINT('',(-4.,-12.));
#8790 = ( GEOMETRIC_REPRESENTATION_CONTEXT(2) 
PARAMETRIC_REPRESENTATION_CONTEXT() REPRESENTATION_CONTEXT('2D SPACE',''
  ) );
#8791 = ORIENTED_EDGE('',*,*,#8396,.T.);
#8792 = ORIENTED_EDGE('',*,*,#8448,.T.);
#8793 = ORIENTED_EDGE('',*,*,#8794,.T.);
#8794 = EDGE_CURVE('',#8449,#8772,#8795,.T.);
#8795 = SURFACE_CURVE('',#8796,(#8800,#8806),.PCURVE_S1.);
#8796 = LINE('',#8797,#8798);
#8797 = CARTESIAN_POINT('',(15.,-2.75,-12.));
#8798 = VECTOR('',#8799,1.);
#8799 = DIRECTION('',(0.,-1.,1.110223024625E-16));
#8800 = PCURVE('',#8409,#8801);
#8801 = DEFINITIONAL_REPRESENTATION('',(#8802),#8805);
#8802 = B_SPLINE_CURVE_WITH_KNOTS('',1,(#8803,#8804),.UNSPECIFIED.,.F.,
  .F.,(2,2),(-25.25,-22.75),.PIECEWISE_BEZIER_KNOTS.);
#8803 = CARTESIAN_POINT('',(3.,-50.5));
#8804 = CARTESIAN_POINT('',(3.,-48.));
#8805 = ( GEOMETRIC_REPRESENTATION_CONTEXT(2) 
PARAMETRIC_REPRESENTATION_CONTEXT() REPRESENTATION_CONTEXT('2D SPACE',''
  ) );
#8806 = PCURVE('',#8483,#8807);
#8807 = DEFINITIONAL_REPRESENTATION('',(#8808),#8811);
#8808 = B_SPLINE_CURVE_WITH_KNOTS('',1,(#8809,#8810),.UNSPECIFIED.,.F.,
  .F.,(2,2),(-25.25,-22.75),.PIECEWISE_BEZIER_KNOTS.);
#8809 = CARTESIAN_POINT('',(7.,0.));
#8810 = CARTESIAN_POINT('',(7.,-2.5));
#8811 = ( GEOMETRIC_REPRESENTATION_CONTEXT(2) 
PARAMETRIC_REPRESENTATION_CONTEXT() REPRESENTATION_CONTEXT('2D SPACE',''
  ) );
#8812 = FACE_BOUND('',#8813,.F.);
#8813 = EDGE_LOOP('',(#8814,#8842,#8868,#8894));
#8814 = ORIENTED_EDGE('',*,*,#8815,.F.);
#8815 = EDGE_CURVE('',#8816,#8818,#8820,.T.);
#8816 = VERTEX_POINT('',#8817);
#8817 = CARTESIAN_POINT('',(15.,-22.5,12.));
#8818 = VERTEX_POINT('',#8819);
#8819 = CARTESIAN_POINT('',(15.,-22.5,-12.));
#8820 = SURFACE_CURVE('',#8821,(#8825,#8831),.PCURVE_S1.);
#8821 = LINE('',#8822,#8823);
#8822 = CARTESIAN_POINT('',(15.,-22.5,-7.5));
#8823 = VECTOR('',#8824,1.);
#8824 = DIRECTION('',(0.,-1.110223024625E-16,-1.));
#8825 = PCURVE('',#8409,#8826);
#8826 = DEFINITIONAL_REPRESENTATION('',(#8827),#8830);
#8827 = B_SPLINE_CURVE_WITH_KNOTS('',1,(#8828,#8829),.UNSPECIFIED.,.F.,
  .F.,(2,2),(-19.5,4.5),.PIECEWISE_BEZIER_KNOTS.);
#8828 = CARTESIAN_POINT('',(27.,-5.5));
#8829 = CARTESIAN_POINT('',(3.,-5.5));
#8830 = ( GEOMETRIC_REPRESENTATION_CONTEXT(2) 
PARAMETRIC_REPRESENTATION_CONTEXT() REPRESENTATION_CONTEXT('2D SPACE',''
  ) );
#8831 = PCURVE('',#8832,#8837);
#8832 = PLANE('',#8833);
#8833 = AXIS2_PLACEMENT_3D('',#8834,#8835,#8836);
#8834 = CARTESIAN_POINT('',(11.,-22.5,3.254101968729E-17));
#8835 = DIRECTION('',(-0.,1.,-1.110223024625E-16));
#8836 = DIRECTION('',(-1.,0.,0.));
#8837 = DEFINITIONAL_REPRESENTATION('',(#8838),#8841);
#8838 = B_SPLINE_CURVE_WITH_KNOTS('',1,(#8839,#8840),.UNSPECIFIED.,.F.,
  .F.,(2,2),(-19.5,4.5),.PIECEWISE_BEZIER_KNOTS.);
#8839 = CARTESIAN_POINT('',(-4.,12.));
#8840 = CARTESIAN_POINT('',(-4.,-12.));
#8841 = ( GEOMETRIC_REPRESENTATION_CONTEXT(2) 
PARAMETRIC_REPRESENTATION_CONTEXT() REPRESENTATION_CONTEXT('2D SPACE',''
  ) );
#8842 = ORIENTED_EDGE('',*,*,#8843,.T.);
#8843 = EDGE_CURVE('',#8816,#8844,#8846,.T.);
#8844 = VERTEX_POINT('',#8845);
#8845 = CARTESIAN_POINT('',(15.,-20.,12.));
#8846 = SURFACE_CURVE('',#8847,(#8851,#8857),.PCURVE_S1.);
#8847 = LINE('',#8848,#8849);
#8848 = CARTESIAN_POINT('',(15.,-24.,12.));
#8849 = VECTOR('',#8850,1.);
#8850 = DIRECTION('',(0.,1.,-1.110223024625E-16));
#8851 = PCURVE('',#8409,#8852);
#8852 = DEFINITIONAL_REPRESENTATION('',(#8853),#8856);
#8853 = B_SPLINE_CURVE_WITH_KNOTS('',1,(#8854,#8855),.UNSPECIFIED.,.F.,
  .F.,(2,2),(1.5,4.),.PIECEWISE_BEZIER_KNOTS.);
#8854 = CARTESIAN_POINT('',(27.,-5.5));
#8855 = CARTESIAN_POINT('',(27.,-8.));
#8856 = ( GEOMETRIC_REPRESENTATION_CONTEXT(2) 
PARAMETRIC_REPRESENTATION_CONTEXT() REPRESENTATION_CONTEXT('2D SPACE',''
  ) );
#8857 = PCURVE('',#8858,#8863);
#8858 = PLANE('',#8859);
#8859 = AXIS2_PLACEMENT_3D('',#8860,#8861,#8862);
#8860 = CARTESIAN_POINT('',(0.,-20.,12.));
#8861 = DIRECTION('',(0.,1.110223024625E-16,1.));
#8862 = DIRECTION('',(1.,0.,0.));
#8863 = DEFINITIONAL_REPRESENTATION('',(#8864),#8867);
#8864 = B_SPLINE_CURVE_WITH_KNOTS('',1,(#8865,#8866),.UNSPECIFIED.,.F.,
  .F.,(2,2),(1.5,4.),.PIECEWISE_BEZIER_KNOTS.);
#8865 = CARTESIAN_POINT('',(15.,-2.5));
#8866 = CARTESIAN_POINT('',(15.,0.));
#8867 = ( GEOMETRIC_REPRESENTATION_CONTEXT(2) 
PARAMETRIC_REPRESENTATION_CONTEXT() REPRESENTATION_CONTEXT('2D SPACE',''
  ) );
#8868 = ORIENTED_EDGE('',*,*,#8869,.T.);
#8869 = EDGE_CURVE('',#8844,#8870,#8872,.T.);
#8870 = VERTEX_POINT('',#8871);
#8871 = CARTESIAN_POINT('',(15.,-20.,-12.));
#8872 = SURFACE_CURVE('',#8873,(#8877,#8883),.PCURVE_S1.);
#8873 = LINE('',#8874,#8875);
#8874 = CARTESIAN_POINT('',(15.,-20.,-7.5));
#8875 = VECTOR('',#8876,1.);
#8876 = DIRECTION('',(0.,-1.110223024625E-16,-1.));
#8877 = PCURVE('',#8409,#8878);
#8878 = DEFINITIONAL_REPRESENTATION('',(#8879),#8882);
#8879 = B_SPLINE_CURVE_WITH_KNOTS('',1,(#8880,#8881),.UNSPECIFIED.,.F.,
  .F.,(2,2),(-19.5,4.5),.PIECEWISE_BEZIER_KNOTS.);
#8880 = CARTESIAN_POINT('',(27.,-8.));
#8881 = CARTESIAN_POINT('',(3.,-8.));
#8882 = ( GEOMETRIC_REPRESENTATION_CONTEXT(2) 
PARAMETRIC_REPRESENTATION_CONTEXT() REPRESENTATION_CONTEXT('2D SPACE',''
  ) );
#8883 = PCURVE('',#8884,#8889);
#8884 = PLANE('',#8885);
#8885 = AXIS2_PLACEMENT_3D('',#8886,#8887,#8888);
#8886 = CARTESIAN_POINT('',(11.,-20.,-2.45014736469E-16));
#8887 = DIRECTION('',(-0.,1.,-1.110223024625E-16));
#8888 = DIRECTION('',(-1.,0.,0.));
#8889 = DEFINITIONAL_REPRESENTATION('',(#8890),#8893);
#8890 = B_SPLINE_CURVE_WITH_KNOTS('',1,(#8891,#8892),.UNSPECIFIED.,.F.,
  .F.,(2,2),(-19.5,4.5),.PIECEWISE_BEZIER_KNOTS.);
#8891 = CARTESIAN_POINT('',(-4.,12.));
#8892 = CARTESIAN_POINT('',(-4.,-12.));
#8893 = ( GEOMETRIC_REPRESENTATION_CONTEXT(2) 
PARAMETRIC_REPRESENTATION_CONTEXT() REPRESENTATION_CONTEXT('2D SPACE',''
  ) );
#8894 = ORIENTED_EDGE('',*,*,#8895,.T.);
#8895 = EDGE_CURVE('',#8870,#8818,#8896,.T.);
#8896 = SURFACE_CURVE('',#8897,(#8901,#8907),.PCURVE_S1.);
#8897 = LINE('',#8898,#8899);
#8898 = CARTESIAN_POINT('',(15.,-24.,-12.));
#8899 = VECTOR('',#8900,1.);
#8900 = DIRECTION('',(0.,-1.,1.110223024625E-16));
#8901 = PCURVE('',#8409,#8902);
#8902 = DEFINITIONAL_REPRESENTATION('',(#8903),#8906);
#8903 = B_SPLINE_CURVE_WITH_KNOTS('',1,(#8904,#8905),.UNSPECIFIED.,.F.,
  .F.,(2,2),(-4.,-1.5),.PIECEWISE_BEZIER_KNOTS.);
#8904 = CARTESIAN_POINT('',(3.,-8.));
#8905 = CARTESIAN_POINT('',(3.,-5.5));
#8906 = ( GEOMETRIC_REPRESENTATION_CONTEXT(2) 
PARAMETRIC_REPRESENTATION_CONTEXT() REPRESENTATION_CONTEXT('2D SPACE',''
  ) );
#8907 = PCURVE('',#8908,#8913);
#8908 = PLANE('',#8909);
#8909 = AXIS2_PLACEMENT_3D('',#8910,#8911,#8912);
#8910 = CARTESIAN_POINT('',(22.,-20.,-12.));
#8911 = DIRECTION('',(0.,-1.110223024625E-16,-1.));
#8912 = DIRECTION('',(-1.,0.,0.));
#8913 = DEFINITIONAL_REPRESENTATION('',(#8914),#8917);
#8914 = B_SPLINE_CURVE_WITH_KNOTS('',1,(#8915,#8916),.UNSPECIFIED.,.F.,
  .F.,(2,2),(-4.,-1.5),.PIECEWISE_BEZIER_KNOTS.);
#8915 = CARTESIAN_POINT('',(7.,0.));
#8916 = CARTESIAN_POINT('',(7.,-2.5));
#8917 = ( GEOMETRIC_REPRESENTATION_CONTEXT(2) 
PARAMETRIC_REPRESENTATION_CONTEXT() REPRESENTATION_CONTEXT('2D SPACE',''
  ) );
#8918 = ADVANCED_FACE('',(#8919,#8968),#8384,.F.);
#8919 = FACE_BOUND('',#8920,.F.);
#8920 = EDGE_LOOP('',(#8921,#8945,#8946,#8947));
#8921 = ORIENTED_EDGE('',*,*,#8922,.T.);
#8922 = EDGE_CURVE('',#8923,#8341,#8925,.T.);
#8923 = VERTEX_POINT('',#8924);
#8924 = CARTESIAN_POINT('',(0.,20.,-12.));
#8925 = SURFACE_CURVE('',#8926,(#8931,#8938),.PCURVE_S1.);
#8926 = CIRCLE('',#8927,12.);
#8927 = AXIS2_PLACEMENT_3D('',#8928,#8929,#8930);
#8928 = CARTESIAN_POINT('',(0.,20.,2.775557561563E-16));
#8929 = DIRECTION('',(-0.,1.,-1.110223024625E-16));
#8930 = DIRECTION('',(0.,-1.110223024625E-16,-1.));
#8931 = PCURVE('',#8384,#8932);
#8932 = DEFINITIONAL_REPRESENTATION('',(#8933),#8937);
#8933 = CIRCLE('',#8934,12.);
#8934 = AXIS2_PLACEMENT_2D('',#8935,#8936);
#8935 = CARTESIAN_POINT('',(11.,2.45014736469E-16));
#8936 = DIRECTION('',(-0.,-1.));
#8937 = ( GEOMETRIC_REPRESENTATION_CONTEXT(2) 
PARAMETRIC_REPRESENTATION_CONTEXT() REPRESENTATION_CONTEXT('2D SPACE',''
  ) );
#8938 = PCURVE('',#8356,#8939);
#8939 = DEFINITIONAL_REPRESENTATION('',(#8940),#8944);
#8940 = LINE('',#8941,#8942);
#8941 = CARTESIAN_POINT('',(0.,-2.5));
#8942 = VECTOR('',#8943,1.);
#8943 = DIRECTION('',(1.,0.));
#8944 = ( GEOMETRIC_REPRESENTATION_CONTEXT(2) 
PARAMETRIC_REPRESENTATION_CONTEXT() REPRESENTATION_CONTEXT('2D SPACE',''
  ) );
#8945 = ORIENTED_EDGE('',*,*,#8368,.T.);
#8946 = ORIENTED_EDGE('',*,*,#8771,.T.);
#8947 = ORIENTED_EDGE('',*,*,#8948,.T.);
#8948 = EDGE_CURVE('',#8772,#8923,#8949,.T.);
#8949 = SURFACE_CURVE('',#8950,(#8954,#8961),.PCURVE_S1.);
#8950 = LINE('',#8951,#8952);
#8951 = CARTESIAN_POINT('',(22.,20.,-12.));
#8952 = VECTOR('',#8953,1.);
#8953 = DIRECTION('',(-1.,0.,0.));
#8954 = PCURVE('',#8384,#8955);
#8955 = DEFINITIONAL_REPRESENTATION('',(#8956),#8960);
#8956 = LINE('',#8957,#8958);
#8957 = CARTESIAN_POINT('',(-11.,-12.));
#8958 = VECTOR('',#8959,1.);
#8959 = DIRECTION('',(1.,0.));
#8960 = ( GEOMETRIC_REPRESENTATION_CONTEXT(2) 
PARAMETRIC_REPRESENTATION_CONTEXT() REPRESENTATION_CONTEXT('2D SPACE',''
  ) );
#8961 = PCURVE('',#8483,#8962);
#8962 = DEFINITIONAL_REPRESENTATION('',(#8963),#8967);
#8963 = LINE('',#8964,#8965);
#8964 = CARTESIAN_POINT('',(0.,-2.5));
#8965 = VECTOR('',#8966,1.);
#8966 = DIRECTION('',(1.,0.));
#8967 = ( GEOMETRIC_REPRESENTATION_CONTEXT(2) 
PARAMETRIC_REPRESENTATION_CONTEXT() REPRESENTATION_CONTEXT('2D SPACE',''
  ) );
#8968 = FACE_BOUND('',#8969,.F.);
#8969 = EDGE_LOOP('',(#8970));
#8970 = ORIENTED_EDGE('',*,*,#8971,.T.);
#8971 = EDGE_CURVE('',#8972,#8972,#8974,.T.);
#8972 = VERTEX_POINT('',#8973);
#8973 = CARTESIAN_POINT('',(3.,20.,2.775557561563E-16));
#8974 = SURFACE_CURVE('',#8975,(#8980,#8991),.PCURVE_S1.);
#8975 = CIRCLE('',#8976,3.);
#8976 = AXIS2_PLACEMENT_3D('',#8977,#8978,#8979);
#8977 = CARTESIAN_POINT('',(0.,20.,2.775557561563E-16));
#8978 = DIRECTION('',(0.,-1.,1.110223024625E-16));
#8979 = DIRECTION('',(1.,0.,0.));
#8980 = PCURVE('',#8384,#8981);
#8981 = DEFINITIONAL_REPRESENTATION('',(#8982),#8990);
#8982 = ( BOUNDED_CURVE() B_SPLINE_CURVE(2,(#8983,#8984,#8985,#8986,
#8987,#8988,#8989),.UNSPECIFIED.,.T.,.F.) B_SPLINE_CURVE_WITH_KNOTS((1,2
    ,2,2,2,1),(-2.094395102393,0.,2.094395102393,4.188790204786,
6.28318530718,8.377580409573),.UNSPECIFIED.) CURVE() 
GEOMETRIC_REPRESENTATION_ITEM() RATIONAL_B_SPLINE_CURVE((1.,0.5,1.,0.5,
1.,0.5,1.)) REPRESENTATION_ITEM('') );
#8983 = CARTESIAN_POINT('',(8.,2.45014736469E-16));
#8984 = CARTESIAN_POINT('',(8.,5.196152422707));
#8985 = CARTESIAN_POINT('',(12.5,2.598076211353));
#8986 = CARTESIAN_POINT('',(17.,9.798028159574E-16));
#8987 = CARTESIAN_POINT('',(12.5,-2.598076211353));
#8988 = CARTESIAN_POINT('',(8.,-5.196152422707));
#8989 = CARTESIAN_POINT('',(8.,2.45014736469E-16));
#8990 = ( GEOMETRIC_REPRESENTATION_CONTEXT(2) 
PARAMETRIC_REPRESENTATION_CONTEXT() REPRESENTATION_CONTEXT('2D SPACE',''
  ) );
#8991 = PCURVE('',#8518,#8992);
#8992 = DEFINITIONAL_REPRESENTATION('',(#8993),#8997);
#8993 = LINE('',#8994,#8995);
#8994 = CARTESIAN_POINT('',(-0.,-2.5));
#8995 = VECTOR('',#8996,1.);
#8996 = DIRECTION('',(-1.,0.));
#8997 = ( GEOMETRIC_REPRESENTATION_CONTEXT(2) 
PARAMETRIC_REPRESENTATION_CONTEXT() REPRESENTATION_CONTEXT('2D SPACE',''
  ) );
#8998 = ADVANCED_FACE('',(#8999),#8356,.T.);
#8999 = FACE_BOUND('',#9000,.T.);
#9000 = EDGE_LOOP('',(#9001,#9022,#9023,#9024));
#9001 = ORIENTED_EDGE('',*,*,#9002,.T.);
#9002 = EDGE_CURVE('',#8424,#8923,#9003,.T.);
#9003 = SURFACE_CURVE('',#9004,(#9008,#9015),.PCURVE_S1.);
#9004 = LINE('',#9005,#9006);
#9005 = CARTESIAN_POINT('',(0.,22.5,-12.));
#9006 = VECTOR('',#9007,1.);
#9007 = DIRECTION('',(0.,-1.,1.110223024625E-16));
#9008 = PCURVE('',#8356,#9009);
#9009 = DEFINITIONAL_REPRESENTATION('',(#9010),#9014);
#9010 = LINE('',#9011,#9012);
#9011 = CARTESIAN_POINT('',(0.,0.));
#9012 = VECTOR('',#9013,1.);
#9013 = DIRECTION('',(0.,-1.));
#9014 = ( GEOMETRIC_REPRESENTATION_CONTEXT(2) 
PARAMETRIC_REPRESENTATION_CONTEXT() REPRESENTATION_CONTEXT('2D SPACE',''
  ) );
#9015 = PCURVE('',#8483,#9016);
#9016 = DEFINITIONAL_REPRESENTATION('',(#9017),#9021);
#9017 = LINE('',#9018,#9019);
#9018 = CARTESIAN_POINT('',(22.,0.));
#9019 = VECTOR('',#9020,1.);
#9020 = DIRECTION('',(0.,-1.));
#9021 = ( GEOMETRIC_REPRESENTATION_CONTEXT(2) 
PARAMETRIC_REPRESENTATION_CONTEXT() REPRESENTATION_CONTEXT('2D SPACE',''
  ) );
#9022 = ORIENTED_EDGE('',*,*,#8922,.T.);
#9023 = ORIENTED_EDGE('',*,*,#8340,.F.);
#9024 = ORIENTED_EDGE('',*,*,#8423,.F.);
#9025 = ADVANCED_FACE('',(#9026),#8483,.T.);
#9026 = FACE_BOUND('',#9027,.T.);
#9027 = EDGE_LOOP('',(#9028,#9029,#9030,#9031));
#9028 = ORIENTED_EDGE('',*,*,#8469,.F.);
#9029 = ORIENTED_EDGE('',*,*,#8794,.T.);
#9030 = ORIENTED_EDGE('',*,*,#8948,.T.);
#9031 = ORIENTED_EDGE('',*,*,#9002,.F.);
#9032 = ADVANCED_FACE('',(#9033),#8518,.F.);
#9033 = FACE_BOUND('',#9034,.T.);
#9034 = EDGE_LOOP('',(#9035,#9056,#9057,#9058));
#9035 = ORIENTED_EDGE('',*,*,#9036,.T.);
#9036 = EDGE_CURVE('',#8498,#8972,#9037,.T.);
#9037 = SEAM_CURVE('',#9038,(#9042,#9049),.PCURVE_S1.);
#9038 = LINE('',#9039,#9040);
#9039 = CARTESIAN_POINT('',(3.,22.5,0.));
#9040 = VECTOR('',#9041,1.);
#9041 = DIRECTION('',(0.,-1.,1.110223024625E-16));
#9042 = PCURVE('',#8518,#9043);
#9043 = DEFINITIONAL_REPRESENTATION('',(#9044),#9048);
#9044 = LINE('',#9045,#9046);
#9045 = CARTESIAN_POINT('',(-0.,0.));
#9046 = VECTOR('',#9047,1.);
#9047 = DIRECTION('',(-0.,-1.));
#9048 = ( GEOMETRIC_REPRESENTATION_CONTEXT(2) 
PARAMETRIC_REPRESENTATION_CONTEXT() REPRESENTATION_CONTEXT('2D SPACE',''
  ) );
#9049 = PCURVE('',#8518,#9050);
#9050 = DEFINITIONAL_REPRESENTATION('',(#9051),#9055);
#9051 = LINE('',#9052,#9053);
#9052 = CARTESIAN_POINT('',(-6.28318530718,0.));
#9053 = VECTOR('',#9054,1.);
#9054 = DIRECTION('',(-0.,-1.));
#9055 = ( GEOMETRIC_REPRESENTATION_CONTEXT(2) 
PARAMETRIC_REPRESENTATION_CONTEXT() REPRESENTATION_CONTEXT('2D SPACE',''
  ) );
#9056 = ORIENTED_EDGE('',*,*,#8971,.T.);
#9057 = ORIENTED_EDGE('',*,*,#9036,.F.);
#9058 = ORIENTED_EDGE('',*,*,#8497,.F.);
#9059 = ADVANCED_FACE('',(#9060),#8551,.F.);
#9060 = FACE_BOUND('',#9061,.F.);
#9061 = EDGE_LOOP('',(#9062,#9092,#9113,#9114,#9137,#9165,#9191,#9217));
#9062 = ORIENTED_EDGE('',*,*,#9063,.F.);
#9063 = EDGE_CURVE('',#9064,#9066,#9068,.T.);
#9064 = VERTEX_POINT('',#9065);
#9065 = CARTESIAN_POINT('',(70.,-28.,-11.));
#9066 = VERTEX_POINT('',#9067);
#9067 = CARTESIAN_POINT('',(70.,-28.,-6.));
#9068 = SURFACE_CURVE('',#9069,(#9073,#9080),.PCURVE_S1.);
#9069 = LINE('',#9070,#9071);
#9070 = CARTESIAN_POINT('',(70.,-28.,-15.));
#9071 = VECTOR('',#9072,1.);
#9072 = DIRECTION('',(0.,0.,1.));
#9073 = PCURVE('',#8551,#9074);
#9074 = DEFINITIONAL_REPRESENTATION('',(#9075),#9079);
#9075 = LINE('',#9076,#9077);
#9076 = CARTESIAN_POINT('',(0.,55.));
#9077 = VECTOR('',#9078,1.);
#9078 = DIRECTION('',(1.,0.));
#9079 = ( GEOMETRIC_REPRESENTATION_CONTEXT(2) 
PARAMETRIC_REPRESENTATION_CONTEXT() REPRESENTATION_CONTEXT('2D SPACE',''
  ) );
#9080 = PCURVE('',#9081,#9086);
#9081 = PLANE('',#9082);
#9082 = AXIS2_PLACEMENT_3D('',#9083,#9084,#9085);
#9083 = CARTESIAN_POINT('',(70.,-28.,-15.));
#9084 = DIRECTION('',(1.,0.,0.));
#9085 = DIRECTION('',(0.,0.,1.));
#9086 = DEFINITIONAL_REPRESENTATION('',(#9087),#9091);
#9087 = LINE('',#9088,#9089);
#9088 = CARTESIAN_POINT('',(0.,0.));
#9089 = VECTOR('',#9090,1.);
#9090 = DIRECTION('',(1.,0.));
#9091 = ( GEOMETRIC_REPRESENTATION_CONTEXT(2) 
PARAMETRIC_REPRESENTATION_CONTEXT() REPRESENTATION_CONTEXT('2D SPACE',''
  ) );
#9092 = ORIENTED_EDGE('',*,*,#9093,.F.);
#9093 = EDGE_CURVE('',#8534,#9064,#9094,.T.);
#9094 = SURFACE_CURVE('',#9095,(#9099,#9106),.PCURVE_S1.);
#9095 = LINE('',#9096,#9097);
#9096 = CARTESIAN_POINT('',(15.,-28.,-11.));
#9097 = VECTOR('',#9098,1.);
#9098 = DIRECTION('',(1.,0.,0.));
#9099 = PCURVE('',#8551,#9100);
#9100 = DEFINITIONAL_REPRESENTATION('',(#9101),#9105);
#9101 = LINE('',#9102,#9103);
#9102 = CARTESIAN_POINT('',(4.,0.));
#9103 = VECTOR('',#9104,1.);
#9104 = DIRECTION('',(0.,1.));
#9105 = ( GEOMETRIC_REPRESENTATION_CONTEXT(2) 
PARAMETRIC_REPRESENTATION_CONTEXT() REPRESENTATION_CONTEXT('2D SPACE',''
  ) );
#9106 = PCURVE('',#8580,#9107);
#9107 = DEFINITIONAL_REPRESENTATION('',(#9108),#9112);
#9108 = LINE('',#9109,#9110);
#9109 = CARTESIAN_POINT('',(0.,0.));
#9110 = VECTOR('',#9111,1.);
#9111 = DIRECTION('',(0.,1.));
#9112 = ( GEOMETRIC_REPRESENTATION_CONTEXT(2) 
PARAMETRIC_REPRESENTATION_CONTEXT() REPRESENTATION_CONTEXT('2D SPACE',''
  ) );
#9113 = ORIENTED_EDGE('',*,*,#8533,.T.);
#9114 = ORIENTED_EDGE('',*,*,#9115,.T.);
#9115 = EDGE_CURVE('',#8536,#9116,#9118,.T.);
#9116 = VERTEX_POINT('',#9117);
#9117 = CARTESIAN_POINT('',(70.,-28.,11.));
#9118 = SURFACE_CURVE('',#9119,(#9123,#9130),.PCURVE_S1.);
#9119 = LINE('',#9120,#9121);
#9120 = CARTESIAN_POINT('',(15.,-28.,11.));
#9121 = VECTOR('',#9122,1.);
#9122 = DIRECTION('',(1.,0.,0.));
#9123 = PCURVE('',#8551,#9124);
#9124 = DEFINITIONAL_REPRESENTATION('',(#9125),#9129);
#9125 = LINE('',#9126,#9127);
#9126 = CARTESIAN_POINT('',(26.,0.));
#9127 = VECTOR('',#9128,1.);
#9128 = DIRECTION('',(0.,1.));
#9129 = ( GEOMETRIC_REPRESENTATION_CONTEXT(2) 
PARAMETRIC_REPRESENTATION_CONTEXT() REPRESENTATION_CONTEXT('2D SPACE',''
  ) );
#9130 = PCURVE('',#8757,#9131);
#9131 = DEFINITIONAL_REPRESENTATION('',(#9132),#9136);
#9132 = LINE('',#9133,#9134);
#9133 = CARTESIAN_POINT('',(-0.,0.));
#9134 = VECTOR('',#9135,1.);
#9135 = DIRECTION('',(-0.,1.));
#9136 = ( GEOMETRIC_REPRESENTATION_CONTEXT(2) 
PARAMETRIC_REPRESENTATION_CONTEXT() REPRESENTATION_CONTEXT('2D SPACE',''
  ) );
#9137 = ORIENTED_EDGE('',*,*,#9138,.F.);
#9138 = EDGE_CURVE('',#9139,#9116,#9141,.T.);
#9139 = VERTEX_POINT('',#9140);
#9140 = CARTESIAN_POINT('',(70.,-28.,6.));
#9141 = SURFACE_CURVE('',#9142,(#9146,#9153),.PCURVE_S1.);
#9142 = LINE('',#9143,#9144);
#9143 = CARTESIAN_POINT('',(70.,-28.,-15.));
#9144 = VECTOR('',#9145,1.);
#9145 = DIRECTION('',(0.,0.,1.));
#9146 = PCURVE('',#8551,#9147);
#9147 = DEFINITIONAL_REPRESENTATION('',(#9148),#9152);
#9148 = LINE('',#9149,#9150);
#9149 = CARTESIAN_POINT('',(0.,55.));
#9150 = VECTOR('',#9151,1.);
#9151 = DIRECTION('',(1.,0.));
#9152 = ( GEOMETRIC_REPRESENTATION_CONTEXT(2) 
PARAMETRIC_REPRESENTATION_CONTEXT() REPRESENTATION_CONTEXT('2D SPACE',''
  ) );
#9153 = PCURVE('',#9154,#9159);
#9154 = PLANE('',#9155);
#9155 = AXIS2_PLACEMENT_3D('',#9156,#9157,#9158);
#9156 = CARTESIAN_POINT('',(70.,-28.,-15.));
#9157 = DIRECTION('',(1.,0.,0.));
#9158 = DIRECTION('',(0.,0.,1.));
#9159 = DEFINITIONAL_REPRESENTATION('',(#9160),#9164);
#9160 = LINE('',#9161,#9162);
#9161 = CARTESIAN_POINT('',(0.,0.));
#9162 = VECTOR('',#9163,1.);
#9163 = DIRECTION('',(1.,0.));
#9164 = ( GEOMETRIC_REPRESENTATION_CONTEXT(2) 
PARAMETRIC_REPRESENTATION_CONTEXT() REPRESENTATION_CONTEXT('2D SPACE',''
  ) );
#9165 = ORIENTED_EDGE('',*,*,#9166,.F.);
#9166 = EDGE_CURVE('',#9167,#9139,#9169,.T.);
#9167 = VERTEX_POINT('',#9168);
#9168 = CARTESIAN_POINT('',(69.7,-28.,6.));
#9169 = SURFACE_CURVE('',#9170,(#9174,#9180),.PCURVE_S1.);
#9170 = LINE('',#9171,#9172);
#9171 = CARTESIAN_POINT('',(42.35,-28.,6.));
#9172 = VECTOR('',#9173,1.);
#9173 = DIRECTION('',(1.,0.,0.));
#9174 = PCURVE('',#8551,#9175);
#9175 = DEFINITIONAL_REPRESENTATION('',(#9176),#9179);
#9176 = B_SPLINE_CURVE_WITH_KNOTS('',1,(#9177,#9178),.UNSPECIFIED.,.F.,
  .F.,(2,2),(27.35,27.65),.PIECEWISE_BEZIER_KNOTS.);
#9177 = CARTESIAN_POINT('',(21.,54.7));
#9178 = CARTESIAN_POINT('',(21.,55.));
#9179 = ( GEOMETRIC_REPRESENTATION_CONTEXT(2) 
PARAMETRIC_REPRESENTATION_CONTEXT() REPRESENTATION_CONTEXT('2D SPACE',''
  ) );
#9180 = PCURVE('',#9181,#9186);
#9181 = PLANE('',#9182);
#9182 = AXIS2_PLACEMENT_3D('',#9183,#9184,#9185);
#9183 = CARTESIAN_POINT('',(69.7,-33.,6.));
#9184 = DIRECTION('',(0.,0.,1.));
#9185 = DIRECTION('',(1.,0.,0.));
#9186 = DEFINITIONAL_REPRESENTATION('',(#9187),#9190);
#9187 = B_SPLINE_CURVE_WITH_KNOTS('',1,(#9188,#9189),.UNSPECIFIED.,.F.,
  .F.,(2,2),(27.35,27.65),.PIECEWISE_BEZIER_KNOTS.);
#9188 = CARTESIAN_POINT('',(0.,5.));
#9189 = CARTESIAN_POINT('',(0.3,5.));
#9190 = ( GEOMETRIC_REPRESENTATION_CONTEXT(2) 
PARAMETRIC_REPRESENTATION_CONTEXT() REPRESENTATION_CONTEXT('2D SPACE',''
  ) );
#9191 = ORIENTED_EDGE('',*,*,#9192,.T.);
#9192 = EDGE_CURVE('',#9167,#9193,#9195,.T.);
#9193 = VERTEX_POINT('',#9194);
#9194 = CARTESIAN_POINT('',(69.7,-28.,-6.));
#9195 = SURFACE_CURVE('',#9196,(#9200,#9206),.PCURVE_S1.);
#9196 = LINE('',#9197,#9198);
#9197 = CARTESIAN_POINT('',(69.7,-28.,-10.5));
#9198 = VECTOR('',#9199,1.);
#9199 = DIRECTION('',(0.,0.,-1.));
#9200 = PCURVE('',#8551,#9201);
#9201 = DEFINITIONAL_REPRESENTATION('',(#9202),#9205);
#9202 = B_SPLINE_CURVE_WITH_KNOTS('',1,(#9203,#9204),.UNSPECIFIED.,.F.,
  .F.,(2,2),(-16.5,-4.5),.PIECEWISE_BEZIER_KNOTS.);
#9203 = CARTESIAN_POINT('',(21.,54.7));
#9204 = CARTESIAN_POINT('',(9.,54.7));
#9205 = ( GEOMETRIC_REPRESENTATION_CONTEXT(2) 
PARAMETRIC_REPRESENTATION_CONTEXT() REPRESENTATION_CONTEXT('2D SPACE',''
  ) );
#9206 = PCURVE('',#9207,#9212);
#9207 = PLANE('',#9208);
#9208 = AXIS2_PLACEMENT_3D('',#9209,#9210,#9211);
#9209 = CARTESIAN_POINT('',(69.7,-33.,-6.));
#9210 = DIRECTION('',(1.,0.,0.));
#9211 = DIRECTION('',(0.,0.,1.));
#9212 = DEFINITIONAL_REPRESENTATION('',(#9213),#9216);
#9213 = B_SPLINE_CURVE_WITH_KNOTS('',1,(#9214,#9215),.UNSPECIFIED.,.F.,
  .F.,(2,2),(-16.5,-4.5),.PIECEWISE_BEZIER_KNOTS.);
#9214 = CARTESIAN_POINT('',(12.,-5.));
#9215 = CARTESIAN_POINT('',(0.,-5.));
#9216 = ( GEOMETRIC_REPRESENTATION_CONTEXT(2) 
PARAMETRIC_REPRESENTATION_CONTEXT() REPRESENTATION_CONTEXT('2D SPACE',''
  ) );
#9217 = ORIENTED_EDGE('',*,*,#9218,.T.);
#9218 = EDGE_CURVE('',#9193,#9066,#9219,.T.);
#9219 = SURFACE_CURVE('',#9220,(#9224,#9230),.PCURVE_S1.);
#9220 = LINE('',#9221,#9222);
#9221 = CARTESIAN_POINT('',(42.35,-28.,-6.));
#9222 = VECTOR('',#9223,1.);
#9223 = DIRECTION('',(1.,0.,0.));
#9224 = PCURVE('',#8551,#9225);
#9225 = DEFINITIONAL_REPRESENTATION('',(#9226),#9229);
#9226 = B_SPLINE_CURVE_WITH_KNOTS('',1,(#9227,#9228),.UNSPECIFIED.,.F.,
  .F.,(2,2),(27.35,27.65),.PIECEWISE_BEZIER_KNOTS.);
#9227 = CARTESIAN_POINT('',(9.,54.7));
#9228 = CARTESIAN_POINT('',(9.,55.));
#9229 = ( GEOMETRIC_REPRESENTATION_CONTEXT(2) 
PARAMETRIC_REPRESENTATION_CONTEXT() REPRESENTATION_CONTEXT('2D SPACE',''
  ) );
#9230 = PCURVE('',#9231,#9236);
#9231 = PLANE('',#9232);
#9232 = AXIS2_PLACEMENT_3D('',#9233,#9234,#9235);
#9233 = CARTESIAN_POINT('',(69.7,-33.,-6.));
#9234 = DIRECTION('',(0.,0.,1.));
#9235 = DIRECTION('',(1.,0.,0.));
#9236 = DEFINITIONAL_REPRESENTATION('',(#9237),#9240);
#9237 = B_SPLINE_CURVE_WITH_KNOTS('',1,(#9238,#9239),.UNSPECIFIED.,.F.,
  .F.,(2,2),(27.35,27.65),.PIECEWISE_BEZIER_KNOTS.);
#9238 = CARTESIAN_POINT('',(0.,5.));
#9239 = CARTESIAN_POINT('',(0.3,5.));
#9240 = ( GEOMETRIC_REPRESENTATION_CONTEXT(2) 
PARAMETRIC_REPRESENTATION_CONTEXT() REPRESENTATION_CONTEXT('2D SPACE',''
  ) );
#9241 = ADVANCED_FACE('',(#9242),#8580,.T.);
#9242 = FACE_BOUND('',#9243,.T.);
#9243 = EDGE_LOOP('',(#9244,#9245,#9268,#9290));
#9244 = ORIENTED_EDGE('',*,*,#8563,.T.);
#9245 = ORIENTED_EDGE('',*,*,#9246,.T.);
#9246 = EDGE_CURVE('',#8564,#9247,#9249,.T.);
#9247 = VERTEX_POINT('',#9248);
#9248 = CARTESIAN_POINT('',(70.,-24.,-15.));
#9249 = SURFACE_CURVE('',#9250,(#9254,#9261),.PCURVE_S1.);
#9250 = LINE('',#9251,#9252);
#9251 = CARTESIAN_POINT('',(15.,-24.,-15.));
#9252 = VECTOR('',#9253,1.);
#9253 = DIRECTION('',(1.,0.,0.));
#9254 = PCURVE('',#8580,#9255);
#9255 = DEFINITIONAL_REPRESENTATION('',(#9256),#9260);
#9256 = LINE('',#9257,#9258);
#9257 = CARTESIAN_POINT('',(1.570796326795,0.));
#9258 = VECTOR('',#9259,1.);
#9259 = DIRECTION('',(0.,1.));
#9260 = ( GEOMETRIC_REPRESENTATION_CONTEXT(2) 
PARAMETRIC_REPRESENTATION_CONTEXT() REPRESENTATION_CONTEXT('2D SPACE',''
  ) );
#9261 = PCURVE('',#8608,#9262);
#9262 = DEFINITIONAL_REPRESENTATION('',(#9263),#9267);
#9263 = LINE('',#9264,#9265);
#9264 = CARTESIAN_POINT('',(0.,4.));
#9265 = VECTOR('',#9266,1.);
#9266 = DIRECTION('',(1.,0.));
#9267 = ( GEOMETRIC_REPRESENTATION_CONTEXT(2) 
PARAMETRIC_REPRESENTATION_CONTEXT() REPRESENTATION_CONTEXT('2D SPACE',''
  ) );
#9268 = ORIENTED_EDGE('',*,*,#9269,.F.);
#9269 = EDGE_CURVE('',#9064,#9247,#9270,.T.);
#9270 = SURFACE_CURVE('',#9271,(#9276,#9283),.PCURVE_S1.);
#9271 = CIRCLE('',#9272,4.);
#9272 = AXIS2_PLACEMENT_3D('',#9273,#9274,#9275);
#9273 = CARTESIAN_POINT('',(70.,-24.,-11.));
#9274 = DIRECTION('',(1.,0.,0.));
#9275 = DIRECTION('',(-0.,0.,1.));
#9276 = PCURVE('',#8580,#9277);
#9277 = DEFINITIONAL_REPRESENTATION('',(#9278),#9282);
#9278 = LINE('',#9279,#9280);
#9279 = CARTESIAN_POINT('',(-1.570796326795,55.));
#9280 = VECTOR('',#9281,1.);
#9281 = DIRECTION('',(1.,0.));
#9282 = ( GEOMETRIC_REPRESENTATION_CONTEXT(2) 
PARAMETRIC_REPRESENTATION_CONTEXT() REPRESENTATION_CONTEXT('2D SPACE',''
  ) );
#9283 = PCURVE('',#9081,#9284);
#9284 = DEFINITIONAL_REPRESENTATION('',(#9285),#9289);
#9285 = CIRCLE('',#9286,4.);
#9286 = AXIS2_PLACEMENT_2D('',#9287,#9288);
#9287 = CARTESIAN_POINT('',(4.,-4.));
#9288 = DIRECTION('',(1.,0.));
#9289 = ( GEOMETRIC_REPRESENTATION_CONTEXT(2) 
PARAMETRIC_REPRESENTATION_CONTEXT() REPRESENTATION_CONTEXT('2D SPACE',''
  ) );
#9290 = ORIENTED_EDGE('',*,*,#9093,.F.);
#9291 = ADVANCED_FACE('',(#9292),#8757,.T.);
#9292 = FACE_BOUND('',#9293,.F.);
#9293 = EDGE_LOOP('',(#9294,#9295,#9318,#9344));
#9294 = ORIENTED_EDGE('',*,*,#8738,.T.);
#9295 = ORIENTED_EDGE('',*,*,#9296,.T.);
#9296 = EDGE_CURVE('',#8711,#9297,#9299,.T.);
#9297 = VERTEX_POINT('',#9298);
#9298 = CARTESIAN_POINT('',(70.,-24.,15.));
#9299 = SURFACE_CURVE('',#9300,(#9304,#9311),.PCURVE_S1.);
#9300 = LINE('',#9301,#9302);
#9301 = CARTESIAN_POINT('',(15.,-24.,15.));
#9302 = VECTOR('',#9303,1.);
#9303 = DIRECTION('',(1.,0.,0.));
#9304 = PCURVE('',#8757,#9305);
#9305 = DEFINITIONAL_REPRESENTATION('',(#9306),#9310);
#9306 = LINE('',#9307,#9308);
#9307 = CARTESIAN_POINT('',(-1.570796326795,0.));
#9308 = VECTOR('',#9309,1.);
#9309 = DIRECTION('',(-0.,1.));
#9310 = ( GEOMETRIC_REPRESENTATION_CONTEXT(2) 
PARAMETRIC_REPRESENTATION_CONTEXT() REPRESENTATION_CONTEXT('2D SPACE',''
  ) );
#9311 = PCURVE('',#8726,#9312);
#9312 = DEFINITIONAL_REPRESENTATION('',(#9313),#9317);
#9313 = LINE('',#9314,#9315);
#9314 = CARTESIAN_POINT('',(0.,4.));
#9315 = VECTOR('',#9316,1.);
#9316 = DIRECTION('',(1.,0.));
#9317 = ( GEOMETRIC_REPRESENTATION_CONTEXT(2) 
PARAMETRIC_REPRESENTATION_CONTEXT() REPRESENTATION_CONTEXT('2D SPACE',''
  ) );
#9318 = ORIENTED_EDGE('',*,*,#9319,.F.);
#9319 = EDGE_CURVE('',#9116,#9297,#9320,.T.);
#9320 = SURFACE_CURVE('',#9321,(#9326,#9333),.PCURVE_S1.);
#9321 = CIRCLE('',#9322,4.);
#9322 = AXIS2_PLACEMENT_3D('',#9323,#9324,#9325);
#9323 = CARTESIAN_POINT('',(70.,-24.,11.));
#9324 = DIRECTION('',(-1.,0.,-0.));
#9325 = DIRECTION('',(-0.,0.,1.));
#9326 = PCURVE('',#8757,#9327);
#9327 = DEFINITIONAL_REPRESENTATION('',(#9328),#9332);
#9328 = LINE('',#9329,#9330);
#9329 = CARTESIAN_POINT('',(4.712388980385,55.));
#9330 = VECTOR('',#9331,1.);
#9331 = DIRECTION('',(-1.,0.));
#9332 = ( GEOMETRIC_REPRESENTATION_CONTEXT(2) 
PARAMETRIC_REPRESENTATION_CONTEXT() REPRESENTATION_CONTEXT('2D SPACE',''
  ) );
#9333 = PCURVE('',#9154,#9334);
#9334 = DEFINITIONAL_REPRESENTATION('',(#9335),#9343);
#9335 = ( BOUNDED_CURVE() B_SPLINE_CURVE(2,(#9336,#9337,#9338,#9339,
#9340,#9341,#9342),.UNSPECIFIED.,.T.,.F.) B_SPLINE_CURVE_WITH_KNOTS((1,2
    ,2,2,2,1),(-2.094395102393,0.,2.094395102393,4.188790204786,
6.28318530718,8.377580409573),.UNSPECIFIED.) CURVE() 
GEOMETRIC_REPRESENTATION_ITEM() RATIONAL_B_SPLINE_CURVE((1.,0.5,1.,0.5,
1.,0.5,1.)) REPRESENTATION_ITEM('') );
#9336 = CARTESIAN_POINT('',(30.,-4.));
#9337 = CARTESIAN_POINT('',(30.,-10.92820323027));
#9338 = CARTESIAN_POINT('',(24.,-7.464101615138));
#9339 = CARTESIAN_POINT('',(18.,-4.));
#9340 = CARTESIAN_POINT('',(24.,-0.535898384862));
#9341 = CARTESIAN_POINT('',(30.,2.928203230276));
#9342 = CARTESIAN_POINT('',(30.,-4.));
#9343 = ( GEOMETRIC_REPRESENTATION_CONTEXT(2) 
PARAMETRIC_REPRESENTATION_CONTEXT() REPRESENTATION_CONTEXT('2D SPACE',''
  ) );
#9344 = ORIENTED_EDGE('',*,*,#9115,.F.);
#9345 = ADVANCED_FACE('',(#9346),#8608,.F.);
#9346 = FACE_BOUND('',#9347,.F.);
#9347 = EDGE_LOOP('',(#9348,#9349,#9350,#9373));
#9348 = ORIENTED_EDGE('',*,*,#8592,.F.);
#9349 = ORIENTED_EDGE('',*,*,#9246,.T.);
#9350 = ORIENTED_EDGE('',*,*,#9351,.T.);
#9351 = EDGE_CURVE('',#9247,#9352,#9354,.T.);
#9352 = VERTEX_POINT('',#9353);
#9353 = CARTESIAN_POINT('',(70.,24.,-15.));
#9354 = SURFACE_CURVE('',#9355,(#9359,#9366),.PCURVE_S1.);
#9355 = LINE('',#9356,#9357);
#9356 = CARTESIAN_POINT('',(70.,-28.,-15.));
#9357 = VECTOR('',#9358,1.);
#9358 = DIRECTION('',(0.,1.,0.));
#9359 = PCURVE('',#8608,#9360);
#9360 = DEFINITIONAL_REPRESENTATION('',(#9361),#9365);
#9361 = LINE('',#9362,#9363);
#9362 = CARTESIAN_POINT('',(55.,0.));
#9363 = VECTOR('',#9364,1.);
#9364 = DIRECTION('',(0.,1.));
#9365 = ( GEOMETRIC_REPRESENTATION_CONTEXT(2) 
PARAMETRIC_REPRESENTATION_CONTEXT() REPRESENTATION_CONTEXT('2D SPACE',''
  ) );
#9366 = PCURVE('',#9081,#9367);
#9367 = DEFINITIONAL_REPRESENTATION('',(#9368),#9372);
#9368 = LINE('',#9369,#9370);
#9369 = CARTESIAN_POINT('',(0.,0.));
#9370 = VECTOR('',#9371,1.);
#9371 = DIRECTION('',(0.,-1.));
#9372 = ( GEOMETRIC_REPRESENTATION_CONTEXT(2) 
PARAMETRIC_REPRESENTATION_CONTEXT() REPRESENTATION_CONTEXT('2D SPACE',''
  ) );
#9373 = ORIENTED_EDGE('',*,*,#9374,.F.);
#9374 = EDGE_CURVE('',#8593,#9352,#9375,.T.);
#9375 = SURFACE_CURVE('',#9376,(#9380,#9387),.PCURVE_S1.);
#9376 = LINE('',#9377,#9378);
#9377 = CARTESIAN_POINT('',(15.,24.,-15.));
#9378 = VECTOR('',#9379,1.);
#9379 = DIRECTION('',(1.,0.,0.));
#9380 = PCURVE('',#8608,#9381);
#9381 = DEFINITIONAL_REPRESENTATION('',(#9382),#9386);
#9382 = LINE('',#9383,#9384);
#9383 = CARTESIAN_POINT('',(0.,52.));
#9384 = VECTOR('',#9385,1.);
#9385 = DIRECTION('',(1.,0.));
#9386 = ( GEOMETRIC_REPRESENTATION_CONTEXT(2) 
PARAMETRIC_REPRESENTATION_CONTEXT() REPRESENTATION_CONTEXT('2D SPACE',''
  ) );
#9387 = PCURVE('',#8641,#9388);
#9388 = DEFINITIONAL_REPRESENTATION('',(#9389),#9393);
#9389 = LINE('',#9390,#9391);
#9390 = CARTESIAN_POINT('',(-1.570796326795,0.));
#9391 = VECTOR('',#9392,1.);
#9392 = DIRECTION('',(-0.,1.));
#9393 = ( GEOMETRIC_REPRESENTATION_CONTEXT(2) 
PARAMETRIC_REPRESENTATION_CONTEXT() REPRESENTATION_CONTEXT('2D SPACE',''
  ) );
#9394 = ADVANCED_FACE('',(#9395),#8726,.T.);
#9395 = FACE_BOUND('',#9396,.T.);
#9396 = EDGE_LOOP('',(#9397,#9398,#9399,#9422));
#9397 = ORIENTED_EDGE('',*,*,#8710,.F.);
#9398 = ORIENTED_EDGE('',*,*,#9296,.T.);
#9399 = ORIENTED_EDGE('',*,*,#9400,.T.);
#9400 = EDGE_CURVE('',#9297,#9401,#9403,.T.);
#9401 = VERTEX_POINT('',#9402);
#9402 = CARTESIAN_POINT('',(70.,24.,15.));
#9403 = SURFACE_CURVE('',#9404,(#9408,#9415),.PCURVE_S1.);
#9404 = LINE('',#9405,#9406);
#9405 = CARTESIAN_POINT('',(70.,-28.,15.));
#9406 = VECTOR('',#9407,1.);
#9407 = DIRECTION('',(0.,1.,0.));
#9408 = PCURVE('',#8726,#9409);
#9409 = DEFINITIONAL_REPRESENTATION('',(#9410),#9414);
#9410 = LINE('',#9411,#9412);
#9411 = CARTESIAN_POINT('',(55.,0.));
#9412 = VECTOR('',#9413,1.);
#9413 = DIRECTION('',(0.,1.));
#9414 = ( GEOMETRIC_REPRESENTATION_CONTEXT(2) 
PARAMETRIC_REPRESENTATION_CONTEXT() REPRESENTATION_CONTEXT('2D SPACE',''
  ) );
#9415 = PCURVE('',#9154,#9416);
#9416 = DEFINITIONAL_REPRESENTATION('',(#9417),#9421);
#9417 = LINE('',#9418,#9419);
#9418 = CARTESIAN_POINT('',(30.,0.));
#9419 = VECTOR('',#9420,1.);
#9420 = DIRECTION('',(0.,-1.));
#9421 = ( GEOMETRIC_REPRESENTATION_CONTEXT(2) 
PARAMETRIC_REPRESENTATION_CONTEXT() REPRESENTATION_CONTEXT('2D SPACE',''
  ) );
#9422 = ORIENTED_EDGE('',*,*,#9423,.F.);
#9423 = EDGE_CURVE('',#8682,#9401,#9424,.T.);
#9424 = SURFACE_CURVE('',#9425,(#9429,#9436),.PCURVE_S1.);
#9425 = LINE('',#9426,#9427);
#9426 = CARTESIAN_POINT('',(15.,24.,15.));
#9427 = VECTOR('',#9428,1.);
#9428 = DIRECTION('',(1.,0.,0.));
#9429 = PCURVE('',#8726,#9430);
#9430 = DEFINITIONAL_REPRESENTATION('',(#9431),#9435);
#9431 = LINE('',#9432,#9433);
#9432 = CARTESIAN_POINT('',(0.,52.));
#9433 = VECTOR('',#9434,1.);
#9434 = DIRECTION('',(1.,0.));
#9435 = ( GEOMETRIC_REPRESENTATION_CONTEXT(2) 
PARAMETRIC_REPRESENTATION_CONTEXT() REPRESENTATION_CONTEXT('2D SPACE',''
  ) );
#9436 = PCURVE('',#8698,#9437);
#9437 = DEFINITIONAL_REPRESENTATION('',(#9438),#9442);
#9438 = LINE('',#9439,#9440);
#9439 = CARTESIAN_POINT('',(1.570796326795,0.));
#9440 = VECTOR('',#9441,1.);
#9441 = DIRECTION('',(0.,1.));
#9442 = ( GEOMETRIC_REPRESENTATION_CONTEXT(2) 
PARAMETRIC_REPRESENTATION_CONTEXT() REPRESENTATION_CONTEXT('2D SPACE',''
  ) );
#9443 = ADVANCED_FACE('',(#9444),#8641,.T.);
#9444 = FACE_BOUND('',#9445,.F.);
#9445 = EDGE_LOOP('',(#9446,#9447,#9448,#9476));
#9446 = ORIENTED_EDGE('',*,*,#8620,.T.);
#9447 = ORIENTED_EDGE('',*,*,#9374,.T.);
#9448 = ORIENTED_EDGE('',*,*,#9449,.F.);
#9449 = EDGE_CURVE('',#9450,#9352,#9452,.T.);
#9450 = VERTEX_POINT('',#9451);
#9451 = CARTESIAN_POINT('',(70.,28.,-11.));
#9452 = SURFACE_CURVE('',#9453,(#9458,#9465),.PCURVE_S1.);
#9453 = CIRCLE('',#9454,4.);
#9454 = AXIS2_PLACEMENT_3D('',#9455,#9456,#9457);
#9455 = CARTESIAN_POINT('',(70.,24.,-11.));
#9456 = DIRECTION('',(-1.,0.,-0.));
#9457 = DIRECTION('',(-0.,0.,1.));
#9458 = PCURVE('',#8641,#9459);
#9459 = DEFINITIONAL_REPRESENTATION('',(#9460),#9464);
#9460 = LINE('',#9461,#9462);
#9461 = CARTESIAN_POINT('',(1.570796326795,55.));
#9462 = VECTOR('',#9463,1.);
#9463 = DIRECTION('',(-1.,0.));
#9464 = ( GEOMETRIC_REPRESENTATION_CONTEXT(2) 
PARAMETRIC_REPRESENTATION_CONTEXT() REPRESENTATION_CONTEXT('2D SPACE',''
  ) );
#9465 = PCURVE('',#9081,#9466);
#9466 = DEFINITIONAL_REPRESENTATION('',(#9467),#9475);
#9467 = ( BOUNDED_CURVE() B_SPLINE_CURVE(2,(#9468,#9469,#9470,#9471,
#9472,#9473,#9474),.UNSPECIFIED.,.T.,.F.) B_SPLINE_CURVE_WITH_KNOTS((1,2
    ,2,2,2,1),(-2.094395102393,0.,2.094395102393,4.188790204786,
6.28318530718,8.377580409573),.UNSPECIFIED.) CURVE() 
GEOMETRIC_REPRESENTATION_ITEM() RATIONAL_B_SPLINE_CURVE((1.,0.5,1.,0.5,
1.,0.5,1.)) REPRESENTATION_ITEM('') );
#9468 = CARTESIAN_POINT('',(8.,-52.));
#9469 = CARTESIAN_POINT('',(8.,-58.92820323027));
#9470 = CARTESIAN_POINT('',(2.,-55.46410161513));
#9471 = CARTESIAN_POINT('',(-4.,-52.));
#9472 = CARTESIAN_POINT('',(2.,-48.53589838486));
#9473 = CARTESIAN_POINT('',(8.,-45.07179676972));
#9474 = CARTESIAN_POINT('',(8.,-52.));
#9475 = ( GEOMETRIC_REPRESENTATION_CONTEXT(2) 
PARAMETRIC_REPRESENTATION_CONTEXT() REPRESENTATION_CONTEXT('2D SPACE',''
  ) );
#9476 = ORIENTED_EDGE('',*,*,#9477,.F.);
#9477 = EDGE_CURVE('',#8621,#9450,#9478,.T.);
#9478 = SURFACE_CURVE('',#9479,(#9483,#9490),.PCURVE_S1.);
#9479 = LINE('',#9480,#9481);
#9480 = CARTESIAN_POINT('',(15.,28.,-11.));
#9481 = VECTOR('',#9482,1.);
#9482 = DIRECTION('',(1.,0.,0.));
#9483 = PCURVE('',#8641,#9484);
#9484 = DEFINITIONAL_REPRESENTATION('',(#9485),#9489);
#9485 = LINE('',#9486,#9487);
#9486 = CARTESIAN_POINT('',(-0.,0.));
#9487 = VECTOR('',#9488,1.);
#9488 = DIRECTION('',(-0.,1.));
#9489 = ( GEOMETRIC_REPRESENTATION_CONTEXT(2) 
PARAMETRIC_REPRESENTATION_CONTEXT() REPRESENTATION_CONTEXT('2D SPACE',''
  ) );
#9490 = PCURVE('',#8669,#9491);
#9491 = DEFINITIONAL_REPRESENTATION('',(#9492),#9496);
#9492 = LINE('',#9493,#9494);
#9493 = CARTESIAN_POINT('',(4.,0.));
#9494 = VECTOR('',#9495,1.);
#9495 = DIRECTION('',(0.,1.));
#9496 = ( GEOMETRIC_REPRESENTATION_CONTEXT(2) 
PARAMETRIC_REPRESENTATION_CONTEXT() REPRESENTATION_CONTEXT('2D SPACE',''
  ) );
#9497 = ADVANCED_FACE('',(#9498),#8698,.T.);
#9498 = FACE_BOUND('',#9499,.T.);
#9499 = EDGE_LOOP('',(#9500,#9501,#9502,#9526));
#9500 = ORIENTED_EDGE('',*,*,#8681,.T.);
#9501 = ORIENTED_EDGE('',*,*,#9423,.T.);
#9502 = ORIENTED_EDGE('',*,*,#9503,.F.);
#9503 = EDGE_CURVE('',#9504,#9401,#9506,.T.);
#9504 = VERTEX_POINT('',#9505);
#9505 = CARTESIAN_POINT('',(70.,28.,11.));
#9506 = SURFACE_CURVE('',#9507,(#9512,#9519),.PCURVE_S1.);
#9507 = CIRCLE('',#9508,4.);
#9508 = AXIS2_PLACEMENT_3D('',#9509,#9510,#9511);
#9509 = CARTESIAN_POINT('',(70.,24.,11.));
#9510 = DIRECTION('',(1.,0.,0.));
#9511 = DIRECTION('',(-0.,0.,1.));
#9512 = PCURVE('',#8698,#9513);
#9513 = DEFINITIONAL_REPRESENTATION('',(#9514),#9518);
#9514 = LINE('',#9515,#9516);
#9515 = CARTESIAN_POINT('',(-4.712388980385,55.));
#9516 = VECTOR('',#9517,1.);
#9517 = DIRECTION('',(1.,0.));
#9518 = ( GEOMETRIC_REPRESENTATION_CONTEXT(2) 
PARAMETRIC_REPRESENTATION_CONTEXT() REPRESENTATION_CONTEXT('2D SPACE',''
  ) );
#9519 = PCURVE('',#9154,#9520);
#9520 = DEFINITIONAL_REPRESENTATION('',(#9521),#9525);
#9521 = CIRCLE('',#9522,4.);
#9522 = AXIS2_PLACEMENT_2D('',#9523,#9524);
#9523 = CARTESIAN_POINT('',(26.,-52.));
#9524 = DIRECTION('',(1.,0.));
#9525 = ( GEOMETRIC_REPRESENTATION_CONTEXT(2) 
PARAMETRIC_REPRESENTATION_CONTEXT() REPRESENTATION_CONTEXT('2D SPACE',''
  ) );
#9526 = ORIENTED_EDGE('',*,*,#9527,.F.);
#9527 = EDGE_CURVE('',#8654,#9504,#9528,.T.);
#9528 = SURFACE_CURVE('',#9529,(#9533,#9540),.PCURVE_S1.);
#9529 = LINE('',#9530,#9531);
#9530 = CARTESIAN_POINT('',(15.,28.,11.));
#9531 = VECTOR('',#9532,1.);
#9532 = DIRECTION('',(1.,0.,0.));
#9533 = PCURVE('',#8698,#9534);
#9534 = DEFINITIONAL_REPRESENTATION('',(#9535),#9539);
#9535 = LINE('',#9536,#9537);
#9536 = CARTESIAN_POINT('',(0.,0.));
#9537 = VECTOR('',#9538,1.);
#9538 = DIRECTION('',(0.,1.));
#9539 = ( GEOMETRIC_REPRESENTATION_CONTEXT(2) 
PARAMETRIC_REPRESENTATION_CONTEXT() REPRESENTATION_CONTEXT('2D SPACE',''
  ) );
#9540 = PCURVE('',#8669,#9541);
#9541 = DEFINITIONAL_REPRESENTATION('',(#9542),#9546);
#9542 = LINE('',#9543,#9544);
#9543 = CARTESIAN_POINT('',(26.,0.));
#9544 = VECTOR('',#9545,1.);
#9545 = DIRECTION('',(0.,1.));
#9546 = ( GEOMETRIC_REPRESENTATION_CONTEXT(2) 
PARAMETRIC_REPRESENTATION_CONTEXT() REPRESENTATION_CONTEXT('2D SPACE',''
  ) );
#9547 = ADVANCED_FACE('',(#9548),#8669,.T.);
#9548 = FACE_BOUND('',#9549,.T.);
#9549 = EDGE_LOOP('',(#9550,#9573,#9574,#9575,#9576,#9599,#9620,#9646));
#9550 = ORIENTED_EDGE('',*,*,#9551,.F.);
#9551 = EDGE_CURVE('',#9450,#9552,#9554,.T.);
#9552 = VERTEX_POINT('',#9553);
#9553 = CARTESIAN_POINT('',(70.,28.,-6.));
#9554 = SURFACE_CURVE('',#9555,(#9559,#9566),.PCURVE_S1.);
#9555 = LINE('',#9556,#9557);
#9556 = CARTESIAN_POINT('',(70.,28.,-15.));
#9557 = VECTOR('',#9558,1.);
#9558 = DIRECTION('',(0.,0.,1.));
#9559 = PCURVE('',#8669,#9560);
#9560 = DEFINITIONAL_REPRESENTATION('',(#9561),#9565);
#9561 = LINE('',#9562,#9563);
#9562 = CARTESIAN_POINT('',(0.,55.));
#9563 = VECTOR('',#9564,1.);
#9564 = DIRECTION('',(1.,0.));
#9565 = ( GEOMETRIC_REPRESENTATION_CONTEXT(2) 
PARAMETRIC_REPRESENTATION_CONTEXT() REPRESENTATION_CONTEXT('2D SPACE',''
  ) );
#9566 = PCURVE('',#9081,#9567);
#9567 = DEFINITIONAL_REPRESENTATION('',(#9568),#9572);
#9568 = LINE('',#9569,#9570);
#9569 = CARTESIAN_POINT('',(0.,-56.));
#9570 = VECTOR('',#9571,1.);
#9571 = DIRECTION('',(1.,0.));
#9572 = ( GEOMETRIC_REPRESENTATION_CONTEXT(2) 
PARAMETRIC_REPRESENTATION_CONTEXT() REPRESENTATION_CONTEXT('2D SPACE',''
  ) );
#9573 = ORIENTED_EDGE('',*,*,#9477,.F.);
#9574 = ORIENTED_EDGE('',*,*,#8653,.T.);
#9575 = ORIENTED_EDGE('',*,*,#9527,.T.);
#9576 = ORIENTED_EDGE('',*,*,#9577,.F.);
#9577 = EDGE_CURVE('',#9578,#9504,#9580,.T.);
#9578 = VERTEX_POINT('',#9579);
#9579 = CARTESIAN_POINT('',(70.,28.,6.));
#9580 = SURFACE_CURVE('',#9581,(#9585,#9592),.PCURVE_S1.);
#9581 = LINE('',#9582,#9583);
#9582 = CARTESIAN_POINT('',(70.,28.,-15.));
#9583 = VECTOR('',#9584,1.);
#9584 = DIRECTION('',(0.,0.,1.));
#9585 = PCURVE('',#8669,#9586);
#9586 = DEFINITIONAL_REPRESENTATION('',(#9587),#9591);
#9587 = LINE('',#9588,#9589);
#9588 = CARTESIAN_POINT('',(0.,55.));
#9589 = VECTOR('',#9590,1.);
#9590 = DIRECTION('',(1.,0.));
#9591 = ( GEOMETRIC_REPRESENTATION_CONTEXT(2) 
PARAMETRIC_REPRESENTATION_CONTEXT() REPRESENTATION_CONTEXT('2D SPACE',''
  ) );
#9592 = PCURVE('',#9154,#9593);
#9593 = DEFINITIONAL_REPRESENTATION('',(#9594),#9598);
#9594 = LINE('',#9595,#9596);
#9595 = CARTESIAN_POINT('',(0.,-56.));
#9596 = VECTOR('',#9597,1.);
#9597 = DIRECTION('',(1.,0.));
#9598 = ( GEOMETRIC_REPRESENTATION_CONTEXT(2) 
PARAMETRIC_REPRESENTATION_CONTEXT() REPRESENTATION_CONTEXT('2D SPACE',''
  ) );
#9599 = ORIENTED_EDGE('',*,*,#9600,.F.);
#9600 = EDGE_CURVE('',#9601,#9578,#9603,.T.);
#9601 = VERTEX_POINT('',#9602);
#9602 = CARTESIAN_POINT('',(69.7,28.,6.));
#9603 = SURFACE_CURVE('',#9604,(#9608,#9614),.PCURVE_S1.);
#9604 = LINE('',#9605,#9606);
#9605 = CARTESIAN_POINT('',(42.35,28.,6.));
#9606 = VECTOR('',#9607,1.);
#9607 = DIRECTION('',(1.,0.,0.));
#9608 = PCURVE('',#8669,#9609);
#9609 = DEFINITIONAL_REPRESENTATION('',(#9610),#9613);
#9610 = B_SPLINE_CURVE_WITH_KNOTS('',1,(#9611,#9612),.UNSPECIFIED.,.F.,
  .F.,(2,2),(27.35,27.65),.PIECEWISE_BEZIER_KNOTS.);
#9611 = CARTESIAN_POINT('',(21.,54.7));
#9612 = CARTESIAN_POINT('',(21.,55.));
#9613 = ( GEOMETRIC_REPRESENTATION_CONTEXT(2) 
PARAMETRIC_REPRESENTATION_CONTEXT() REPRESENTATION_CONTEXT('2D SPACE',''
  ) );
#9614 = PCURVE('',#9181,#9615);
#9615 = DEFINITIONAL_REPRESENTATION('',(#9616),#9619);
#9616 = B_SPLINE_CURVE_WITH_KNOTS('',1,(#9617,#9618),.UNSPECIFIED.,.F.,
  .F.,(2,2),(27.35,27.65),.PIECEWISE_BEZIER_KNOTS.);
#9617 = CARTESIAN_POINT('',(0.,61.));
#9618 = CARTESIAN_POINT('',(0.3,61.));
#9619 = ( GEOMETRIC_REPRESENTATION_CONTEXT(2) 
PARAMETRIC_REPRESENTATION_CONTEXT() REPRESENTATION_CONTEXT('2D SPACE',''
  ) );
#9620 = ORIENTED_EDGE('',*,*,#9621,.T.);
#9621 = EDGE_CURVE('',#9601,#9622,#9624,.T.);
#9622 = VERTEX_POINT('',#9623);
#9623 = CARTESIAN_POINT('',(69.7,28.,-6.));
#9624 = SURFACE_CURVE('',#9625,(#9629,#9635),.PCURVE_S1.);
#9625 = LINE('',#9626,#9627);
#9626 = CARTESIAN_POINT('',(69.7,28.,-10.5));
#9627 = VECTOR('',#9628,1.);
#9628 = DIRECTION('',(0.,0.,-1.));
#9629 = PCURVE('',#8669,#9630);
#9630 = DEFINITIONAL_REPRESENTATION('',(#9631),#9634);
#9631 = B_SPLINE_CURVE_WITH_KNOTS('',1,(#9632,#9633),.UNSPECIFIED.,.F.,
  .F.,(2,2),(-16.5,-4.5),.PIECEWISE_BEZIER_KNOTS.);
#9632 = CARTESIAN_POINT('',(21.,54.7));
#9633 = CARTESIAN_POINT('',(9.,54.7));
#9634 = ( GEOMETRIC_REPRESENTATION_CONTEXT(2) 
PARAMETRIC_REPRESENTATION_CONTEXT() REPRESENTATION_CONTEXT('2D SPACE',''
  ) );
#9635 = PCURVE('',#9636,#9641);
#9636 = PLANE('',#9637);
#9637 = AXIS2_PLACEMENT_3D('',#9638,#9639,#9640);
#9638 = CARTESIAN_POINT('',(69.7,-33.,-6.));
#9639 = DIRECTION('',(1.,0.,0.));
#9640 = DIRECTION('',(0.,0.,1.));
#9641 = DEFINITIONAL_REPRESENTATION('',(#9642),#9645);
#9642 = B_SPLINE_CURVE_WITH_KNOTS('',1,(#9643,#9644),.UNSPECIFIED.,.F.,
  .F.,(2,2),(-16.5,-4.5),.PIECEWISE_BEZIER_KNOTS.);
#9643 = CARTESIAN_POINT('',(12.,-61.));
#9644 = CARTESIAN_POINT('',(0.,-61.));
#9645 = ( GEOMETRIC_REPRESENTATION_CONTEXT(2) 
PARAMETRIC_REPRESENTATION_CONTEXT() REPRESENTATION_CONTEXT('2D SPACE',''
  ) );
#9646 = ORIENTED_EDGE('',*,*,#9647,.T.);
#9647 = EDGE_CURVE('',#9622,#9552,#9648,.T.);
#9648 = SURFACE_CURVE('',#9649,(#9653,#9659),.PCURVE_S1.);
#9649 = LINE('',#9650,#9651);
#9650 = CARTESIAN_POINT('',(42.35,28.,-6.));
#9651 = VECTOR('',#9652,1.);
#9652 = DIRECTION('',(1.,0.,0.));
#9653 = PCURVE('',#8669,#9654);
#9654 = DEFINITIONAL_REPRESENTATION('',(#9655),#9658);
#9655 = B_SPLINE_CURVE_WITH_KNOTS('',1,(#9656,#9657),.UNSPECIFIED.,.F.,
  .F.,(2,2),(27.35,27.65),.PIECEWISE_BEZIER_KNOTS.);
#9656 = CARTESIAN_POINT('',(9.,54.7));
#9657 = CARTESIAN_POINT('',(9.,55.));
#9658 = ( GEOMETRIC_REPRESENTATION_CONTEXT(2) 
PARAMETRIC_REPRESENTATION_CONTEXT() REPRESENTATION_CONTEXT('2D SPACE',''
  ) );
#9659 = PCURVE('',#9231,#9660);
#9660 = DEFINITIONAL_REPRESENTATION('',(#9661),#9664);
#9661 = B_SPLINE_CURVE_WITH_KNOTS('',1,(#9662,#9663),.UNSPECIFIED.,.F.,
  .F.,(2,2),(27.35,27.65),.PIECEWISE_BEZIER_KNOTS.);
#9662 = CARTESIAN_POINT('',(0.,61.));
#9663 = CARTESIAN_POINT('',(0.3,61.));
#9664 = ( GEOMETRIC_REPRESENTATION_CONTEXT(2) 
PARAMETRIC_REPRESENTATION_CONTEXT() REPRESENTATION_CONTEXT('2D SPACE',''
  ) );
#9665 = ADVANCED_FACE('',(#9666,#9742),#8832,.F.);
#9666 = FACE_BOUND('',#9667,.F.);
#9667 = EDGE_LOOP('',(#9668,#9699,#9720,#9721));
#9668 = ORIENTED_EDGE('',*,*,#9669,.T.);
#9669 = EDGE_CURVE('',#9670,#9672,#9674,.T.);
#9670 = VERTEX_POINT('',#9671);
#9671 = CARTESIAN_POINT('',(0.,-22.5,-12.));
#9672 = VERTEX_POINT('',#9673);
#9673 = CARTESIAN_POINT('',(0.,-22.5,12.));
#9674 = SURFACE_CURVE('',#9675,(#9680,#9687),.PCURVE_S1.);
#9675 = CIRCLE('',#9676,12.);
#9676 = AXIS2_PLACEMENT_3D('',#9677,#9678,#9679);
#9677 = CARTESIAN_POINT('',(0.,-22.5,2.775557561563E-16));
#9678 = DIRECTION('',(-0.,1.,-1.110223024625E-16));
#9679 = DIRECTION('',(0.,-1.110223024625E-16,-1.));
#9680 = PCURVE('',#8832,#9681);
#9681 = DEFINITIONAL_REPRESENTATION('',(#9682),#9686);
#9682 = CIRCLE('',#9683,12.);
#9683 = AXIS2_PLACEMENT_2D('',#9684,#9685);
#9684 = CARTESIAN_POINT('',(11.,2.45014736469E-16));
#9685 = DIRECTION('',(-0.,-1.));
#9686 = ( GEOMETRIC_REPRESENTATION_CONTEXT(2) 
PARAMETRIC_REPRESENTATION_CONTEXT() REPRESENTATION_CONTEXT('2D SPACE',''
  ) );
#9687 = PCURVE('',#9688,#9693);
#9688 = CYLINDRICAL_SURFACE('',#9689,12.);
#9689 = AXIS2_PLACEMENT_3D('',#9690,#9691,#9692);
#9690 = CARTESIAN_POINT('',(0.,-20.,0.));
#9691 = DIRECTION('',(0.,1.,-1.110223024625E-16));
#9692 = DIRECTION('',(0.,-1.110223024625E-16,-1.));
#9693 = DEFINITIONAL_REPRESENTATION('',(#9694),#9698);
#9694 = LINE('',#9695,#9696);
#9695 = CARTESIAN_POINT('',(0.,-2.5));
#9696 = VECTOR('',#9697,1.);
#9697 = DIRECTION('',(1.,0.));
#9698 = ( GEOMETRIC_REPRESENTATION_CONTEXT(2) 
PARAMETRIC_REPRESENTATION_CONTEXT() REPRESENTATION_CONTEXT('2D SPACE',''
  ) );
#9699 = ORIENTED_EDGE('',*,*,#9700,.T.);
#9700 = EDGE_CURVE('',#9672,#8816,#9701,.T.);
#9701 = SURFACE_CURVE('',#9702,(#9706,#9713),.PCURVE_S1.);
#9702 = LINE('',#9703,#9704);
#9703 = CARTESIAN_POINT('',(0.,-22.5,12.));
#9704 = VECTOR('',#9705,1.);
#9705 = DIRECTION('',(1.,0.,0.));
#9706 = PCURVE('',#8832,#9707);
#9707 = DEFINITIONAL_REPRESENTATION('',(#9708),#9712);
#9708 = LINE('',#9709,#9710);
#9709 = CARTESIAN_POINT('',(11.,12.));
#9710 = VECTOR('',#9711,1.);
#9711 = DIRECTION('',(-1.,0.));
#9712 = ( GEOMETRIC_REPRESENTATION_CONTEXT(2) 
PARAMETRIC_REPRESENTATION_CONTEXT() REPRESENTATION_CONTEXT('2D SPACE',''
  ) );
#9713 = PCURVE('',#8858,#9714);
#9714 = DEFINITIONAL_REPRESENTATION('',(#9715),#9719);
#9715 = LINE('',#9716,#9717);
#9716 = CARTESIAN_POINT('',(0.,-2.5));
#9717 = VECTOR('',#9718,1.);
#9718 = DIRECTION('',(1.,0.));
#9719 = ( GEOMETRIC_REPRESENTATION_CONTEXT(2) 
PARAMETRIC_REPRESENTATION_CONTEXT() REPRESENTATION_CONTEXT('2D SPACE',''
  ) );
#9720 = ORIENTED_EDGE('',*,*,#8815,.T.);
#9721 = ORIENTED_EDGE('',*,*,#9722,.T.);
#9722 = EDGE_CURVE('',#8818,#9670,#9723,.T.);
#9723 = SURFACE_CURVE('',#9724,(#9728,#9735),.PCURVE_S1.);
#9724 = LINE('',#9725,#9726);
#9725 = CARTESIAN_POINT('',(22.,-22.5,-12.));
#9726 = VECTOR('',#9727,1.);
#9727 = DIRECTION('',(-1.,0.,0.));
#9728 = PCURVE('',#8832,#9729);
#9729 = DEFINITIONAL_REPRESENTATION('',(#9730),#9734);
#9730 = LINE('',#9731,#9732);
#9731 = CARTESIAN_POINT('',(-11.,-12.));
#9732 = VECTOR('',#9733,1.);
#9733 = DIRECTION('',(1.,0.));
#9734 = ( GEOMETRIC_REPRESENTATION_CONTEXT(2) 
PARAMETRIC_REPRESENTATION_CONTEXT() REPRESENTATION_CONTEXT('2D SPACE',''
  ) );
#9735 = PCURVE('',#8908,#9736);
#9736 = DEFINITIONAL_REPRESENTATION('',(#9737),#9741);
#9737 = LINE('',#9738,#9739);
#9738 = CARTESIAN_POINT('',(0.,-2.5));
#9739 = VECTOR('',#9740,1.);
#9740 = DIRECTION('',(1.,0.));
#9741 = ( GEOMETRIC_REPRESENTATION_CONTEXT(2) 
PARAMETRIC_REPRESENTATION_CONTEXT() REPRESENTATION_CONTEXT('2D SPACE',''
  ) );
#9742 = FACE_BOUND('',#9743,.F.);
#9743 = EDGE_LOOP('',(#9744));
#9744 = ORIENTED_EDGE('',*,*,#9745,.T.);
#9745 = EDGE_CURVE('',#9746,#9746,#9748,.T.);
#9746 = VERTEX_POINT('',#9747);
#9747 = CARTESIAN_POINT('',(3.,-22.5,2.775557561563E-16));
#9748 = SURFACE_CURVE('',#9749,(#9754,#9765),.PCURVE_S1.);
#9749 = CIRCLE('',#9750,3.);
#9750 = AXIS2_PLACEMENT_3D('',#9751,#9752,#9753);
#9751 = CARTESIAN_POINT('',(0.,-22.5,2.775557561563E-16));
#9752 = DIRECTION('',(0.,-1.,1.110223024625E-16));
#9753 = DIRECTION('',(1.,0.,0.));
#9754 = PCURVE('',#8832,#9755);
#9755 = DEFINITIONAL_REPRESENTATION('',(#9756),#9764);
#9756 = ( BOUNDED_CURVE() B_SPLINE_CURVE(2,(#9757,#9758,#9759,#9760,
#9761,#9762,#9763),.UNSPECIFIED.,.T.,.F.) B_SPLINE_CURVE_WITH_KNOTS((1,2
    ,2,2,2,1),(-2.094395102393,0.,2.094395102393,4.188790204786,
6.28318530718,8.377580409573),.UNSPECIFIED.) CURVE() 
GEOMETRIC_REPRESENTATION_ITEM() RATIONAL_B_SPLINE_CURVE((1.,0.5,1.,0.5,
1.,0.5,1.)) REPRESENTATION_ITEM('') );
#9757 = CARTESIAN_POINT('',(8.,2.45014736469E-16));
#9758 = CARTESIAN_POINT('',(8.,5.196152422707));
#9759 = CARTESIAN_POINT('',(12.5,2.598076211353));
#9760 = CARTESIAN_POINT('',(17.,9.798028159574E-16));
#9761 = CARTESIAN_POINT('',(12.5,-2.598076211353));
#9762 = CARTESIAN_POINT('',(8.,-5.196152422707));
#9763 = CARTESIAN_POINT('',(8.,2.45014736469E-16));
#9764 = ( GEOMETRIC_REPRESENTATION_CONTEXT(2) 
PARAMETRIC_REPRESENTATION_CONTEXT() REPRESENTATION_CONTEXT('2D SPACE',''
  ) );
#9765 = PCURVE('',#9766,#9771);
#9766 = CYLINDRICAL_SURFACE('',#9767,3.);
#9767 = AXIS2_PLACEMENT_3D('',#9768,#9769,#9770);
#9768 = CARTESIAN_POINT('',(0.,-20.,0.));
#9769 = DIRECTION('',(-0.,1.,-1.110223024625E-16));
#9770 = DIRECTION('',(1.,0.,0.));
#9771 = DEFINITIONAL_REPRESENTATION('',(#9772),#9776);
#9772 = LINE('',#9773,#9774);
#9773 = CARTESIAN_POINT('',(-0.,-2.5));
#9774 = VECTOR('',#9775,1.);
#9775 = DIRECTION('',(-1.,0.));
#9776 = ( GEOMETRIC_REPRESENTATION_CONTEXT(2) 
PARAMETRIC_REPRESENTATION_CONTEXT() REPRESENTATION_CONTEXT('2D SPACE',''
  ) );
#9777 = ADVANCED_FACE('',(#9778),#8908,.T.);
#9778 = FACE_BOUND('',#9779,.T.);
#9779 = EDGE_LOOP('',(#9780,#9803,#9804,#9805));
#9780 = ORIENTED_EDGE('',*,*,#9781,.F.);
#9781 = EDGE_CURVE('',#8870,#9782,#9784,.T.);
#9782 = VERTEX_POINT('',#9783);
#9783 = CARTESIAN_POINT('',(0.,-20.,-12.));
#9784 = SURFACE_CURVE('',#9785,(#9789,#9796),.PCURVE_S1.);
#9785 = LINE('',#9786,#9787);
#9786 = CARTESIAN_POINT('',(22.,-20.,-12.));
#9787 = VECTOR('',#9788,1.);
#9788 = DIRECTION('',(-1.,0.,0.));
#9789 = PCURVE('',#8908,#9790);
#9790 = DEFINITIONAL_REPRESENTATION('',(#9791),#9795);
#9791 = LINE('',#9792,#9793);
#9792 = CARTESIAN_POINT('',(0.,0.));
#9793 = VECTOR('',#9794,1.);
#9794 = DIRECTION('',(1.,0.));
#9795 = ( GEOMETRIC_REPRESENTATION_CONTEXT(2) 
PARAMETRIC_REPRESENTATION_CONTEXT() REPRESENTATION_CONTEXT('2D SPACE',''
  ) );
#9796 = PCURVE('',#8884,#9797);
#9797 = DEFINITIONAL_REPRESENTATION('',(#9798),#9802);
#9798 = LINE('',#9799,#9800);
#9799 = CARTESIAN_POINT('',(-11.,-12.));
#9800 = VECTOR('',#9801,1.);
#9801 = DIRECTION('',(1.,0.));
#9802 = ( GEOMETRIC_REPRESENTATION_CONTEXT(2) 
PARAMETRIC_REPRESENTATION_CONTEXT() REPRESENTATION_CONTEXT('2D SPACE',''
  ) );
#9803 = ORIENTED_EDGE('',*,*,#8895,.T.);
#9804 = ORIENTED_EDGE('',*,*,#9722,.T.);
#9805 = ORIENTED_EDGE('',*,*,#9806,.F.);
#9806 = EDGE_CURVE('',#9782,#9670,#9807,.T.);
#9807 = SURFACE_CURVE('',#9808,(#9812,#9819),.PCURVE_S1.);
#9808 = LINE('',#9809,#9810);
#9809 = CARTESIAN_POINT('',(0.,-20.,-12.));
#9810 = VECTOR('',#9811,1.);
#9811 = DIRECTION('',(0.,-1.,1.110223024625E-16));
#9812 = PCURVE('',#8908,#9813);
#9813 = DEFINITIONAL_REPRESENTATION('',(#9814),#9818);
#9814 = LINE('',#9815,#9816);
#9815 = CARTESIAN_POINT('',(22.,0.));
#9816 = VECTOR('',#9817,1.);
#9817 = DIRECTION('',(0.,-1.));
#9818 = ( GEOMETRIC_REPRESENTATION_CONTEXT(2) 
PARAMETRIC_REPRESENTATION_CONTEXT() REPRESENTATION_CONTEXT('2D SPACE',''
  ) );
#9819 = PCURVE('',#9688,#9820);
#9820 = DEFINITIONAL_REPRESENTATION('',(#9821),#9825);
#9821 = LINE('',#9822,#9823);
#9822 = CARTESIAN_POINT('',(0.,0.));
#9823 = VECTOR('',#9824,1.);
#9824 = DIRECTION('',(0.,-1.));
#9825 = ( GEOMETRIC_REPRESENTATION_CONTEXT(2) 
PARAMETRIC_REPRESENTATION_CONTEXT() REPRESENTATION_CONTEXT('2D SPACE',''
  ) );
#9826 = ADVANCED_FACE('',(#9827,#9876),#8884,.T.);
#9827 = FACE_BOUND('',#9828,.T.);
#9828 = EDGE_LOOP('',(#9829,#9853,#9874,#9875));
#9829 = ORIENTED_EDGE('',*,*,#9830,.T.);
#9830 = EDGE_CURVE('',#9782,#9831,#9833,.T.);
#9831 = VERTEX_POINT('',#9832);
#9832 = CARTESIAN_POINT('',(0.,-20.,12.));
#9833 = SURFACE_CURVE('',#9834,(#9839,#9846),.PCURVE_S1.);
#9834 = CIRCLE('',#9835,12.);
#9835 = AXIS2_PLACEMENT_3D('',#9836,#9837,#9838);
#9836 = CARTESIAN_POINT('',(0.,-20.,0.));
#9837 = DIRECTION('',(-0.,1.,-1.110223024625E-16));
#9838 = DIRECTION('',(0.,-1.110223024625E-16,-1.));
#9839 = PCURVE('',#8884,#9840);
#9840 = DEFINITIONAL_REPRESENTATION('',(#9841),#9845);
#9841 = CIRCLE('',#9842,12.);
#9842 = AXIS2_PLACEMENT_2D('',#9843,#9844);
#9843 = CARTESIAN_POINT('',(11.,2.45014736469E-16));
#9844 = DIRECTION('',(-0.,-1.));
#9845 = ( GEOMETRIC_REPRESENTATION_CONTEXT(2) 
PARAMETRIC_REPRESENTATION_CONTEXT() REPRESENTATION_CONTEXT('2D SPACE',''
  ) );
#9846 = PCURVE('',#9688,#9847);
#9847 = DEFINITIONAL_REPRESENTATION('',(#9848),#9852);
#9848 = LINE('',#9849,#9850);
#9849 = CARTESIAN_POINT('',(0.,0.));
#9850 = VECTOR('',#9851,1.);
#9851 = DIRECTION('',(1.,0.));
#9852 = ( GEOMETRIC_REPRESENTATION_CONTEXT(2) 
PARAMETRIC_REPRESENTATION_CONTEXT() REPRESENTATION_CONTEXT('2D SPACE',''
  ) );
#9853 = ORIENTED_EDGE('',*,*,#9854,.T.);
#9854 = EDGE_CURVE('',#9831,#8844,#9855,.T.);
#9855 = SURFACE_CURVE('',#9856,(#9860,#9867),.PCURVE_S1.);
#9856 = LINE('',#9857,#9858);
#9857 = CARTESIAN_POINT('',(0.,-20.,12.));
#9858 = VECTOR('',#9859,1.);
#9859 = DIRECTION('',(1.,0.,0.));
#9860 = PCURVE('',#8884,#9861);
#9861 = DEFINITIONAL_REPRESENTATION('',(#9862),#9866);
#9862 = LINE('',#9863,#9864);
#9863 = CARTESIAN_POINT('',(11.,12.));
#9864 = VECTOR('',#9865,1.);
#9865 = DIRECTION('',(-1.,0.));
#9866 = ( GEOMETRIC_REPRESENTATION_CONTEXT(2) 
PARAMETRIC_REPRESENTATION_CONTEXT() REPRESENTATION_CONTEXT('2D SPACE',''
  ) );
#9867 = PCURVE('',#8858,#9868);
#9868 = DEFINITIONAL_REPRESENTATION('',(#9869),#9873);
#9869 = LINE('',#9870,#9871);
#9870 = CARTESIAN_POINT('',(0.,0.));
#9871 = VECTOR('',#9872,1.);
#9872 = DIRECTION('',(1.,0.));
#9873 = ( GEOMETRIC_REPRESENTATION_CONTEXT(2) 
PARAMETRIC_REPRESENTATION_CONTEXT() REPRESENTATION_CONTEXT('2D SPACE',''
  ) );
#9874 = ORIENTED_EDGE('',*,*,#8869,.T.);
#9875 = ORIENTED_EDGE('',*,*,#9781,.T.);
#9876 = FACE_BOUND('',#9877,.T.);
#9877 = EDGE_LOOP('',(#9878));
#9878 = ORIENTED_EDGE('',*,*,#9879,.T.);
#9879 = EDGE_CURVE('',#9880,#9880,#9882,.T.);
#9880 = VERTEX_POINT('',#9881);
#9881 = CARTESIAN_POINT('',(3.,-20.,0.));
#9882 = SURFACE_CURVE('',#9883,(#9888,#9899),.PCURVE_S1.);
#9883 = CIRCLE('',#9884,3.);
#9884 = AXIS2_PLACEMENT_3D('',#9885,#9886,#9887);
#9885 = CARTESIAN_POINT('',(0.,-20.,0.));
#9886 = DIRECTION('',(0.,-1.,1.110223024625E-16));
#9887 = DIRECTION('',(1.,0.,0.));
#9888 = PCURVE('',#8884,#9889);
#9889 = DEFINITIONAL_REPRESENTATION('',(#9890),#9898);
#9890 = ( BOUNDED_CURVE() B_SPLINE_CURVE(2,(#9891,#9892,#9893,#9894,
#9895,#9896,#9897),.UNSPECIFIED.,.T.,.F.) B_SPLINE_CURVE_WITH_KNOTS((1,2
    ,2,2,2,1),(-2.094395102393,0.,2.094395102393,4.188790204786,
6.28318530718,8.377580409573),.UNSPECIFIED.) CURVE() 
GEOMETRIC_REPRESENTATION_ITEM() RATIONAL_B_SPLINE_CURVE((1.,0.5,1.,0.5,
1.,0.5,1.)) REPRESENTATION_ITEM('') );
#9891 = CARTESIAN_POINT('',(8.,2.45014736469E-16));
#9892 = CARTESIAN_POINT('',(8.,5.196152422707));
#9893 = CARTESIAN_POINT('',(12.5,2.598076211353));
#9894 = CARTESIAN_POINT('',(17.,9.798028159574E-16));
#9895 = CARTESIAN_POINT('',(12.5,-2.598076211353));
#9896 = CARTESIAN_POINT('',(8.,-5.196152422707));
#9897 = CARTESIAN_POINT('',(8.,2.45014736469E-16));
#9898 = ( GEOMETRIC_REPRESENTATION_CONTEXT(2) 
PARAMETRIC_REPRESENTATION_CONTEXT() REPRESENTATION_CONTEXT('2D SPACE',''
  ) );
#9899 = PCURVE('',#9766,#9900);
#9900 = DEFINITIONAL_REPRESENTATION('',(#9901),#9905);
#9901 = LINE('',#9902,#9903);
#9902 = CARTESIAN_POINT('',(-0.,0.));
#9903 = VECTOR('',#9904,1.);
#9904 = DIRECTION('',(-1.,0.));
#9905 = ( GEOMETRIC_REPRESENTATION_CONTEXT(2) 
PARAMETRIC_REPRESENTATION_CONTEXT() REPRESENTATION_CONTEXT('2D SPACE',''
  ) );
#9906 = ADVANCED_FACE('',(#9907),#8858,.T.);
#9907 = FACE_BOUND('',#9908,.T.);
#9908 = EDGE_LOOP('',(#9909,#9910,#9931,#9932));
#9909 = ORIENTED_EDGE('',*,*,#9854,.F.);
#9910 = ORIENTED_EDGE('',*,*,#9911,.T.);
#9911 = EDGE_CURVE('',#9831,#9672,#9912,.T.);
#9912 = SURFACE_CURVE('',#9913,(#9917,#9924),.PCURVE_S1.);
#9913 = LINE('',#9914,#9915);
#9914 = CARTESIAN_POINT('',(0.,-20.,12.));
#9915 = VECTOR('',#9916,1.);
#9916 = DIRECTION('',(0.,-1.,1.110223024625E-16));
#9917 = PCURVE('',#8858,#9918);
#9918 = DEFINITIONAL_REPRESENTATION('',(#9919),#9923);
#9919 = LINE('',#9920,#9921);
#9920 = CARTESIAN_POINT('',(0.,0.));
#9921 = VECTOR('',#9922,1.);
#9922 = DIRECTION('',(0.,-1.));
#9923 = ( GEOMETRIC_REPRESENTATION_CONTEXT(2) 
PARAMETRIC_REPRESENTATION_CONTEXT() REPRESENTATION_CONTEXT('2D SPACE',''
  ) );
#9924 = PCURVE('',#9688,#9925);
#9925 = DEFINITIONAL_REPRESENTATION('',(#9926),#9930);
#9926 = LINE('',#9927,#9928);
#9927 = CARTESIAN_POINT('',(3.14159265359,0.));
#9928 = VECTOR('',#9929,1.);
#9929 = DIRECTION('',(0.,-1.));
#9930 = ( GEOMETRIC_REPRESENTATION_CONTEXT(2) 
PARAMETRIC_REPRESENTATION_CONTEXT() REPRESENTATION_CONTEXT('2D SPACE',''
  ) );
#9931 = ORIENTED_EDGE('',*,*,#9700,.T.);
#9932 = ORIENTED_EDGE('',*,*,#8843,.T.);
#9933 = ADVANCED_FACE('',(#9934),#9081,.T.);
#9934 = FACE_BOUND('',#9935,.T.);
#9935 = EDGE_LOOP('',(#9936,#9937,#9938,#9939,#9940,#9941));
#9936 = ORIENTED_EDGE('',*,*,#9063,.F.);
#9937 = ORIENTED_EDGE('',*,*,#9269,.T.);
#9938 = ORIENTED_EDGE('',*,*,#9351,.T.);
#9939 = ORIENTED_EDGE('',*,*,#9449,.F.);
#9940 = ORIENTED_EDGE('',*,*,#9551,.T.);
#9941 = ORIENTED_EDGE('',*,*,#9942,.T.);
#9942 = EDGE_CURVE('',#9552,#9066,#9943,.T.);
#9943 = SURFACE_CURVE('',#9944,(#9948,#9954),.PCURVE_S1.);
#9944 = LINE('',#9945,#9946);
#9945 = CARTESIAN_POINT('',(70.,-30.5,-6.));
#9946 = VECTOR('',#9947,1.);
#9947 = DIRECTION('',(0.,-1.,0.));
#9948 = PCURVE('',#9081,#9949);
#9949 = DEFINITIONAL_REPRESENTATION('',(#9950),#9953);
#9950 = B_SPLINE_CURVE_WITH_KNOTS('',1,(#9951,#9952),.UNSPECIFIED.,.F.,
  .F.,(2,2),(-58.5,-2.5),.PIECEWISE_BEZIER_KNOTS.);
#9951 = CARTESIAN_POINT('',(9.,-56.));
#9952 = CARTESIAN_POINT('',(9.,0.));
#9953 = ( GEOMETRIC_REPRESENTATION_CONTEXT(2) 
PARAMETRIC_REPRESENTATION_CONTEXT() REPRESENTATION_CONTEXT('2D SPACE',''
  ) );
#9954 = PCURVE('',#9231,#9955);
#9955 = DEFINITIONAL_REPRESENTATION('',(#9956),#9959);
#9956 = B_SPLINE_CURVE_WITH_KNOTS('',1,(#9957,#9958),.UNSPECIFIED.,.F.,
  .F.,(2,2),(-58.5,-2.5),.PIECEWISE_BEZIER_KNOTS.);
#9957 = CARTESIAN_POINT('',(0.3,61.));
#9958 = CARTESIAN_POINT('',(0.3,5.));
#9959 = ( GEOMETRIC_REPRESENTATION_CONTEXT(2) 
PARAMETRIC_REPRESENTATION_CONTEXT() REPRESENTATION_CONTEXT('2D SPACE',''
  ) );
#9960 = ADVANCED_FACE('',(#9961),#9231,.F.);
#9961 = FACE_BOUND('',#9962,.F.);
#9962 = EDGE_LOOP('',(#9963,#9986,#10014,#10042,#10070,#10091,#10092,
    #10093));
#9963 = ORIENTED_EDGE('',*,*,#9964,.F.);
#9964 = EDGE_CURVE('',#9965,#9193,#9967,.T.);
#9965 = VERTEX_POINT('',#9966);
#9966 = CARTESIAN_POINT('',(69.7,-33.,-6.));
#9967 = SURFACE_CURVE('',#9968,(#9972,#9979),.PCURVE_S1.);
#9968 = LINE('',#9969,#9970);
#9969 = CARTESIAN_POINT('',(69.7,-33.,-6.));
#9970 = VECTOR('',#9971,1.);
#9971 = DIRECTION('',(0.,1.,0.));
#9972 = PCURVE('',#9231,#9973);
#9973 = DEFINITIONAL_REPRESENTATION('',(#9974),#9978);
#9974 = LINE('',#9975,#9976);
#9975 = CARTESIAN_POINT('',(0.,0.));
#9976 = VECTOR('',#9977,1.);
#9977 = DIRECTION('',(0.,1.));
#9978 = ( GEOMETRIC_REPRESENTATION_CONTEXT(2) 
PARAMETRIC_REPRESENTATION_CONTEXT() REPRESENTATION_CONTEXT('2D SPACE',''
  ) );
#9979 = PCURVE('',#9207,#9980);
#9980 = DEFINITIONAL_REPRESENTATION('',(#9981),#9985);
#9981 = LINE('',#9982,#9983);
#9982 = CARTESIAN_POINT('',(0.,0.));
#9983 = VECTOR('',#9984,1.);
#9984 = DIRECTION('',(0.,-1.));
#9985 = ( GEOMETRIC_REPRESENTATION_CONTEXT(2) 
PARAMETRIC_REPRESENTATION_CONTEXT() REPRESENTATION_CONTEXT('2D SPACE',''
  ) );
#9986 = ORIENTED_EDGE('',*,*,#9987,.T.);
#9987 = EDGE_CURVE('',#9965,#9988,#9990,.T.);
#9988 = VERTEX_POINT('',#9989);
#9989 = CARTESIAN_POINT('',(77.7,-33.,-6.));
#9990 = SURFACE_CURVE('',#9991,(#9995,#10002),.PCURVE_S1.);
#9991 = LINE('',#9992,#9993);
#9992 = CARTESIAN_POINT('',(69.7,-33.,-6.));
#9993 = VECTOR('',#9994,1.);
#9994 = DIRECTION('',(1.,0.,0.));
#9995 = PCURVE('',#9231,#9996);
#9996 = DEFINITIONAL_REPRESENTATION('',(#9997),#10001);
#9997 = LINE('',#9998,#9999);
#9998 = CARTESIAN_POINT('',(0.,0.));
#9999 = VECTOR('',#10000,1.);
#10000 = DIRECTION('',(1.,0.));
#10001 = ( GEOMETRIC_REPRESENTATION_CONTEXT(2) 
PARAMETRIC_REPRESENTATION_CONTEXT() REPRESENTATION_CONTEXT('2D SPACE',''
  ) );
#10002 = PCURVE('',#10003,#10008);
#10003 = PLANE('',#10004);
#10004 = AXIS2_PLACEMENT_3D('',#10005,#10006,#10007);
#10005 = CARTESIAN_POINT('',(69.7,-33.,-6.));
#10006 = DIRECTION('',(0.,1.,0.));
#10007 = DIRECTION('',(0.,0.,1.));
#10008 = DEFINITIONAL_REPRESENTATION('',(#10009),#10013);
#10009 = LINE('',#10010,#10011);
#10010 = CARTESIAN_POINT('',(0.,0.));
#10011 = VECTOR('',#10012,1.);
#10012 = DIRECTION('',(0.,1.));
#10013 = ( GEOMETRIC_REPRESENTATION_CONTEXT(2) 
PARAMETRIC_REPRESENTATION_CONTEXT() REPRESENTATION_CONTEXT('2D SPACE',''
  ) );
#10014 = ORIENTED_EDGE('',*,*,#10015,.T.);
#10015 = EDGE_CURVE('',#9988,#10016,#10018,.T.);
#10016 = VERTEX_POINT('',#10017);
#10017 = CARTESIAN_POINT('',(77.7,33.,-6.));
#10018 = SURFACE_CURVE('',#10019,(#10023,#10030),.PCURVE_S1.);
#10019 = LINE('',#10020,#10021);
#10020 = CARTESIAN_POINT('',(77.7,-33.,-6.));
#10021 = VECTOR('',#10022,1.);
#10022 = DIRECTION('',(0.,1.,0.));
#10023 = PCURVE('',#9231,#10024);
#10024 = DEFINITIONAL_REPRESENTATION('',(#10025),#10029);
#10025 = LINE('',#10026,#10027);
#10026 = CARTESIAN_POINT('',(8.,0.));
#10027 = VECTOR('',#10028,1.);
#10028 = DIRECTION('',(0.,1.));
#10029 = ( GEOMETRIC_REPRESENTATION_CONTEXT(2) 
PARAMETRIC_REPRESENTATION_CONTEXT() REPRESENTATION_CONTEXT('2D SPACE',''
  ) );
#10030 = PCURVE('',#10031,#10036);
#10031 = PLANE('',#10032);
#10032 = AXIS2_PLACEMENT_3D('',#10033,#10034,#10035);
#10033 = CARTESIAN_POINT('',(77.7,-33.,-6.));
#10034 = DIRECTION('',(1.,0.,0.));
#10035 = DIRECTION('',(0.,0.,1.));
#10036 = DEFINITIONAL_REPRESENTATION('',(#10037),#10041);
#10037 = LINE('',#10038,#10039);
#10038 = CARTESIAN_POINT('',(0.,0.));
#10039 = VECTOR('',#10040,1.);
#10040 = DIRECTION('',(0.,-1.));
#10041 = ( GEOMETRIC_REPRESENTATION_CONTEXT(2) 
PARAMETRIC_REPRESENTATION_CONTEXT() REPRESENTATION_CONTEXT('2D SPACE',''
  ) );
#10042 = ORIENTED_EDGE('',*,*,#10043,.F.);
#10043 = EDGE_CURVE('',#10044,#10016,#10046,.T.);
#10044 = VERTEX_POINT('',#10045);
#10045 = CARTESIAN_POINT('',(69.7,33.,-6.));
#10046 = SURFACE_CURVE('',#10047,(#10051,#10058),.PCURVE_S1.);
#10047 = LINE('',#10048,#10049);
#10048 = CARTESIAN_POINT('',(69.7,33.,-6.));
#10049 = VECTOR('',#10050,1.);
#10050 = DIRECTION('',(1.,0.,0.));
#10051 = PCURVE('',#9231,#10052);
#10052 = DEFINITIONAL_REPRESENTATION('',(#10053),#10057);
#10053 = LINE('',#10054,#10055);
#10054 = CARTESIAN_POINT('',(0.,66.));
#10055 = VECTOR('',#10056,1.);
#10056 = DIRECTION('',(1.,0.));
#10057 = ( GEOMETRIC_REPRESENTATION_CONTEXT(2) 
PARAMETRIC_REPRESENTATION_CONTEXT() REPRESENTATION_CONTEXT('2D SPACE',''
  ) );
#10058 = PCURVE('',#10059,#10064);
#10059 = PLANE('',#10060);
#10060 = AXIS2_PLACEMENT_3D('',#10061,#10062,#10063);
#10061 = CARTESIAN_POINT('',(69.7,33.,-6.));
#10062 = DIRECTION('',(0.,1.,0.));
#10063 = DIRECTION('',(0.,0.,1.));
#10064 = DEFINITIONAL_REPRESENTATION('',(#10065),#10069);
#10065 = LINE('',#10066,#10067);
#10066 = CARTESIAN_POINT('',(0.,0.));
#10067 = VECTOR('',#10068,1.);
#10068 = DIRECTION('',(0.,1.));
#10069 = ( GEOMETRIC_REPRESENTATION_CONTEXT(2) 
PARAMETRIC_REPRESENTATION_CONTEXT() REPRESENTATION_CONTEXT('2D SPACE',''
  ) );
#10070 = ORIENTED_EDGE('',*,*,#10071,.F.);
#10071 = EDGE_CURVE('',#9622,#10044,#10072,.T.);
#10072 = SURFACE_CURVE('',#10073,(#10077,#10084),.PCURVE_S1.);
#10073 = LINE('',#10074,#10075);
#10074 = CARTESIAN_POINT('',(69.7,-33.,-6.));
#10075 = VECTOR('',#10076,1.);
#10076 = DIRECTION('',(0.,1.,0.));
#10077 = PCURVE('',#9231,#10078);
#10078 = DEFINITIONAL_REPRESENTATION('',(#10079),#10083);
#10079 = LINE('',#10080,#10081);
#10080 = CARTESIAN_POINT('',(0.,0.));
#10081 = VECTOR('',#10082,1.);
#10082 = DIRECTION('',(0.,1.));
#10083 = ( GEOMETRIC_REPRESENTATION_CONTEXT(2) 
PARAMETRIC_REPRESENTATION_CONTEXT() REPRESENTATION_CONTEXT('2D SPACE',''
  ) );
#10084 = PCURVE('',#9636,#10085);
#10085 = DEFINITIONAL_REPRESENTATION('',(#10086),#10090);
#10086 = LINE('',#10087,#10088);
#10087 = CARTESIAN_POINT('',(0.,0.));
#10088 = VECTOR('',#10089,1.);
#10089 = DIRECTION('',(0.,-1.));
#10090 = ( GEOMETRIC_REPRESENTATION_CONTEXT(2) 
PARAMETRIC_REPRESENTATION_CONTEXT() REPRESENTATION_CONTEXT('2D SPACE',''
  ) );
#10091 = ORIENTED_EDGE('',*,*,#9647,.T.);
#10092 = ORIENTED_EDGE('',*,*,#9942,.T.);
#10093 = ORIENTED_EDGE('',*,*,#9218,.F.);
#10094 = ADVANCED_FACE('',(#10095),#9207,.F.);
#10095 = FACE_BOUND('',#10096,.F.);
#10096 = EDGE_LOOP('',(#10097,#10120,#10141,#10142));
#10097 = ORIENTED_EDGE('',*,*,#10098,.F.);
#10098 = EDGE_CURVE('',#10099,#9167,#10101,.T.);
#10099 = VERTEX_POINT('',#10100);
#10100 = CARTESIAN_POINT('',(69.7,-33.,6.));
#10101 = SURFACE_CURVE('',#10102,(#10106,#10113),.PCURVE_S1.);
#10102 = LINE('',#10103,#10104);
#10103 = CARTESIAN_POINT('',(69.7,-33.,6.));
#10104 = VECTOR('',#10105,1.);
#10105 = DIRECTION('',(0.,1.,0.));
#10106 = PCURVE('',#9207,#10107);
#10107 = DEFINITIONAL_REPRESENTATION('',(#10108),#10112);
#10108 = LINE('',#10109,#10110);
#10109 = CARTESIAN_POINT('',(12.,0.));
#10110 = VECTOR('',#10111,1.);
#10111 = DIRECTION('',(0.,-1.));
#10112 = ( GEOMETRIC_REPRESENTATION_CONTEXT(2) 
PARAMETRIC_REPRESENTATION_CONTEXT() REPRESENTATION_CONTEXT('2D SPACE',''
  ) );
#10113 = PCURVE('',#9181,#10114);
#10114 = DEFINITIONAL_REPRESENTATION('',(#10115),#10119);
#10115 = LINE('',#10116,#10117);
#10116 = CARTESIAN_POINT('',(0.,0.));
#10117 = VECTOR('',#10118,1.);
#10118 = DIRECTION('',(0.,1.));
#10119 = ( GEOMETRIC_REPRESENTATION_CONTEXT(2) 
PARAMETRIC_REPRESENTATION_CONTEXT() REPRESENTATION_CONTEXT('2D SPACE',''
  ) );
#10120 = ORIENTED_EDGE('',*,*,#10121,.F.);
#10121 = EDGE_CURVE('',#9965,#10099,#10122,.T.);
#10122 = SURFACE_CURVE('',#10123,(#10127,#10134),.PCURVE_S1.);
#10123 = LINE('',#10124,#10125);
#10124 = CARTESIAN_POINT('',(69.7,-33.,-6.));
#10125 = VECTOR('',#10126,1.);
#10126 = DIRECTION('',(0.,0.,1.));
#10127 = PCURVE('',#9207,#10128);
#10128 = DEFINITIONAL_REPRESENTATION('',(#10129),#10133);
#10129 = LINE('',#10130,#10131);
#10130 = CARTESIAN_POINT('',(0.,0.));
#10131 = VECTOR('',#10132,1.);
#10132 = DIRECTION('',(1.,0.));
#10133 = ( GEOMETRIC_REPRESENTATION_CONTEXT(2) 
PARAMETRIC_REPRESENTATION_CONTEXT() REPRESENTATION_CONTEXT('2D SPACE',''
  ) );
#10134 = PCURVE('',#10003,#10135);
#10135 = DEFINITIONAL_REPRESENTATION('',(#10136),#10140);
#10136 = LINE('',#10137,#10138);
#10137 = CARTESIAN_POINT('',(0.,0.));
#10138 = VECTOR('',#10139,1.);
#10139 = DIRECTION('',(1.,0.));
#10140 = ( GEOMETRIC_REPRESENTATION_CONTEXT(2) 
PARAMETRIC_REPRESENTATION_CONTEXT() REPRESENTATION_CONTEXT('2D SPACE',''
  ) );
#10141 = ORIENTED_EDGE('',*,*,#9964,.T.);
#10142 = ORIENTED_EDGE('',*,*,#9192,.F.);
#10143 = ADVANCED_FACE('',(#10144),#9181,.T.);
#10144 = FACE_BOUND('',#10145,.T.);
#10145 = EDGE_LOOP('',(#10146,#10147,#10170,#10193,#10216,#10237,#10238,
    #10257));
#10146 = ORIENTED_EDGE('',*,*,#10098,.F.);
#10147 = ORIENTED_EDGE('',*,*,#10148,.T.);
#10148 = EDGE_CURVE('',#10099,#10149,#10151,.T.);
#10149 = VERTEX_POINT('',#10150);
#10150 = CARTESIAN_POINT('',(77.7,-33.,6.));
#10151 = SURFACE_CURVE('',#10152,(#10156,#10163),.PCURVE_S1.);
#10152 = LINE('',#10153,#10154);
#10153 = CARTESIAN_POINT('',(69.7,-33.,6.));
#10154 = VECTOR('',#10155,1.);
#10155 = DIRECTION('',(1.,0.,0.));
#10156 = PCURVE('',#9181,#10157);
#10157 = DEFINITIONAL_REPRESENTATION('',(#10158),#10162);
#10158 = LINE('',#10159,#10160);
#10159 = CARTESIAN_POINT('',(0.,0.));
#10160 = VECTOR('',#10161,1.);
#10161 = DIRECTION('',(1.,0.));
#10162 = ( GEOMETRIC_REPRESENTATION_CONTEXT(2) 
PARAMETRIC_REPRESENTATION_CONTEXT() REPRESENTATION_CONTEXT('2D SPACE',''
  ) );
#10163 = PCURVE('',#10003,#10164);
#10164 = DEFINITIONAL_REPRESENTATION('',(#10165),#10169);
#10165 = LINE('',#10166,#10167);
#10166 = CARTESIAN_POINT('',(12.,0.));
#10167 = VECTOR('',#10168,1.);
#10168 = DIRECTION('',(0.,1.));
#10169 = ( GEOMETRIC_REPRESENTATION_CONTEXT(2) 
PARAMETRIC_REPRESENTATION_CONTEXT() REPRESENTATION_CONTEXT('2D SPACE',''
  ) );
#10170 = ORIENTED_EDGE('',*,*,#10171,.T.);
#10171 = EDGE_CURVE('',#10149,#10172,#10174,.T.);
#10172 = VERTEX_POINT('',#10173);
#10173 = CARTESIAN_POINT('',(77.7,33.,6.));
#10174 = SURFACE_CURVE('',#10175,(#10179,#10186),.PCURVE_S1.);
#10175 = LINE('',#10176,#10177);
#10176 = CARTESIAN_POINT('',(77.7,-33.,6.));
#10177 = VECTOR('',#10178,1.);
#10178 = DIRECTION('',(0.,1.,0.));
#10179 = PCURVE('',#9181,#10180);
#10180 = DEFINITIONAL_REPRESENTATION('',(#10181),#10185);
#10181 = LINE('',#10182,#10183);
#10182 = CARTESIAN_POINT('',(8.,0.));
#10183 = VECTOR('',#10184,1.);
#10184 = DIRECTION('',(0.,1.));
#10185 = ( GEOMETRIC_REPRESENTATION_CONTEXT(2) 
PARAMETRIC_REPRESENTATION_CONTEXT() REPRESENTATION_CONTEXT('2D SPACE',''
  ) );
#10186 = PCURVE('',#10031,#10187);
#10187 = DEFINITIONAL_REPRESENTATION('',(#10188),#10192);
#10188 = LINE('',#10189,#10190);
#10189 = CARTESIAN_POINT('',(12.,0.));
#10190 = VECTOR('',#10191,1.);
#10191 = DIRECTION('',(0.,-1.));
#10192 = ( GEOMETRIC_REPRESENTATION_CONTEXT(2) 
PARAMETRIC_REPRESENTATION_CONTEXT() REPRESENTATION_CONTEXT('2D SPACE',''
  ) );
#10193 = ORIENTED_EDGE('',*,*,#10194,.F.);
#10194 = EDGE_CURVE('',#10195,#10172,#10197,.T.);
#10195 = VERTEX_POINT('',#10196);
#10196 = CARTESIAN_POINT('',(69.7,33.,6.));
#10197 = SURFACE_CURVE('',#10198,(#10202,#10209),.PCURVE_S1.);
#10198 = LINE('',#10199,#10200);
#10199 = CARTESIAN_POINT('',(69.7,33.,6.));
#10200 = VECTOR('',#10201,1.);
#10201 = DIRECTION('',(1.,0.,0.));
#10202 = PCURVE('',#9181,#10203);
#10203 = DEFINITIONAL_REPRESENTATION('',(#10204),#10208);
#10204 = LINE('',#10205,#10206);
#10205 = CARTESIAN_POINT('',(0.,66.));
#10206 = VECTOR('',#10207,1.);
#10207 = DIRECTION('',(1.,0.));
#10208 = ( GEOMETRIC_REPRESENTATION_CONTEXT(2) 
PARAMETRIC_REPRESENTATION_CONTEXT() REPRESENTATION_CONTEXT('2D SPACE',''
  ) );
#10209 = PCURVE('',#10059,#10210);
#10210 = DEFINITIONAL_REPRESENTATION('',(#10211),#10215);
#10211 = LINE('',#10212,#10213);
#10212 = CARTESIAN_POINT('',(12.,0.));
#10213 = VECTOR('',#10214,1.);
#10214 = DIRECTION('',(0.,1.));
#10215 = ( GEOMETRIC_REPRESENTATION_CONTEXT(2) 
PARAMETRIC_REPRESENTATION_CONTEXT() REPRESENTATION_CONTEXT('2D SPACE',''
  ) );
#10216 = ORIENTED_EDGE('',*,*,#10217,.F.);
#10217 = EDGE_CURVE('',#9601,#10195,#10218,.T.);
#10218 = SURFACE_CURVE('',#10219,(#10223,#10230),.PCURVE_S1.);
#10219 = LINE('',#10220,#10221);
#10220 = CARTESIAN_POINT('',(69.7,-33.,6.));
#10221 = VECTOR('',#10222,1.);
#10222 = DIRECTION('',(0.,1.,0.));
#10223 = PCURVE('',#9181,#10224);
#10224 = DEFINITIONAL_REPRESENTATION('',(#10225),#10229);
#10225 = LINE('',#10226,#10227);
#10226 = CARTESIAN_POINT('',(0.,0.));
#10227 = VECTOR('',#10228,1.);
#10228 = DIRECTION('',(0.,1.));
#10229 = ( GEOMETRIC_REPRESENTATION_CONTEXT(2) 
PARAMETRIC_REPRESENTATION_CONTEXT() REPRESENTATION_CONTEXT('2D SPACE',''
  ) );
#10230 = PCURVE('',#9636,#10231);
#10231 = DEFINITIONAL_REPRESENTATION('',(#10232),#10236);
#10232 = LINE('',#10233,#10234);
#10233 = CARTESIAN_POINT('',(12.,0.));
#10234 = VECTOR('',#10235,1.);
#10235 = DIRECTION('',(0.,-1.));
#10236 = ( GEOMETRIC_REPRESENTATION_CONTEXT(2) 
PARAMETRIC_REPRESENTATION_CONTEXT() REPRESENTATION_CONTEXT('2D SPACE',''
  ) );
#10237 = ORIENTED_EDGE('',*,*,#9600,.T.);
#10238 = ORIENTED_EDGE('',*,*,#10239,.T.);
#10239 = EDGE_CURVE('',#9578,#9139,#10240,.T.);
#10240 = SURFACE_CURVE('',#10241,(#10245,#10251),.PCURVE_S1.);
#10241 = LINE('',#10242,#10243);
#10242 = CARTESIAN_POINT('',(70.,-30.5,6.));
#10243 = VECTOR('',#10244,1.);
#10244 = DIRECTION('',(0.,-1.,0.));
#10245 = PCURVE('',#9181,#10246);
#10246 = DEFINITIONAL_REPRESENTATION('',(#10247),#10250);
#10247 = B_SPLINE_CURVE_WITH_KNOTS('',1,(#10248,#10249),.UNSPECIFIED.,
  .F.,.F.,(2,2),(-58.5,-2.5),.PIECEWISE_BEZIER_KNOTS.);
#10248 = CARTESIAN_POINT('',(0.3,61.));
#10249 = CARTESIAN_POINT('',(0.3,5.));
#10250 = ( GEOMETRIC_REPRESENTATION_CONTEXT(2) 
PARAMETRIC_REPRESENTATION_CONTEXT() REPRESENTATION_CONTEXT('2D SPACE',''
  ) );
#10251 = PCURVE('',#9154,#10252);
#10252 = DEFINITIONAL_REPRESENTATION('',(#10253),#10256);
#10253 = B_SPLINE_CURVE_WITH_KNOTS('',1,(#10254,#10255),.UNSPECIFIED.,
  .F.,.F.,(2,2),(-58.5,-2.5),.PIECEWISE_BEZIER_KNOTS.);
#10254 = CARTESIAN_POINT('',(21.,-56.));
#10255 = CARTESIAN_POINT('',(21.,0.));
#10256 = ( GEOMETRIC_REPRESENTATION_CONTEXT(2) 
PARAMETRIC_REPRESENTATION_CONTEXT() REPRESENTATION_CONTEXT('2D SPACE',''
  ) );
#10257 = ORIENTED_EDGE('',*,*,#9166,.F.);
#10258 = ADVANCED_FACE('',(#10259),#9154,.T.);
#10259 = FACE_BOUND('',#10260,.T.);
#10260 = EDGE_LOOP('',(#10261,#10262,#10263,#10264,#10265,#10266));
#10261 = ORIENTED_EDGE('',*,*,#9138,.F.);
#10262 = ORIENTED_EDGE('',*,*,#10239,.F.);
#10263 = ORIENTED_EDGE('',*,*,#9577,.T.);
#10264 = ORIENTED_EDGE('',*,*,#9503,.T.);
#10265 = ORIENTED_EDGE('',*,*,#9400,.F.);
#10266 = ORIENTED_EDGE('',*,*,#9319,.F.);
#10267 = ADVANCED_FACE('',(#10268),#9636,.F.);
#10268 = FACE_BOUND('',#10269,.F.);
#10269 = EDGE_LOOP('',(#10270,#10271,#10272,#10273));
#10270 = ORIENTED_EDGE('',*,*,#10217,.F.);
#10271 = ORIENTED_EDGE('',*,*,#9621,.T.);
#10272 = ORIENTED_EDGE('',*,*,#10071,.T.);
#10273 = ORIENTED_EDGE('',*,*,#10274,.T.);
#10274 = EDGE_CURVE('',#10044,#10195,#10275,.T.);
#10275 = SURFACE_CURVE('',#10276,(#10280,#10287),.PCURVE_S1.);
#10276 = LINE('',#10277,#10278);
#10277 = CARTESIAN_POINT('',(69.7,33.,-6.));
#10278 = VECTOR('',#10279,1.);
#10279 = DIRECTION('',(0.,0.,1.));
#10280 = PCURVE('',#9636,#10281);
#10281 = DEFINITIONAL_REPRESENTATION('',(#10282),#10286);
#10282 = LINE('',#10283,#10284);
#10283 = CARTESIAN_POINT('',(0.,-66.));
#10284 = VECTOR('',#10285,1.);
#10285 = DIRECTION('',(1.,0.));
#10286 = ( GEOMETRIC_REPRESENTATION_CONTEXT(2) 
PARAMETRIC_REPRESENTATION_CONTEXT() REPRESENTATION_CONTEXT('2D SPACE',''
  ) );
#10287 = PCURVE('',#10059,#10288);
#10288 = DEFINITIONAL_REPRESENTATION('',(#10289),#10293);
#10289 = LINE('',#10290,#10291);
#10290 = CARTESIAN_POINT('',(0.,0.));
#10291 = VECTOR('',#10292,1.);
#10292 = DIRECTION('',(1.,0.));
#10293 = ( GEOMETRIC_REPRESENTATION_CONTEXT(2) 
PARAMETRIC_REPRESENTATION_CONTEXT() REPRESENTATION_CONTEXT('2D SPACE',''
  ) );
#10294 = ADVANCED_FACE('',(#10295),#9688,.T.);
#10295 = FACE_BOUND('',#10296,.T.);
#10296 = EDGE_LOOP('',(#10297,#10298,#10299,#10300));
#10297 = ORIENTED_EDGE('',*,*,#9806,.T.);
#10298 = ORIENTED_EDGE('',*,*,#9669,.T.);
#10299 = ORIENTED_EDGE('',*,*,#9911,.F.);
#10300 = ORIENTED_EDGE('',*,*,#9830,.F.);
#10301 = ADVANCED_FACE('',(#10302),#9766,.F.);
#10302 = FACE_BOUND('',#10303,.T.);
#10303 = EDGE_LOOP('',(#10304,#10325,#10326,#10327));
#10304 = ORIENTED_EDGE('',*,*,#10305,.T.);
#10305 = EDGE_CURVE('',#9880,#9746,#10306,.T.);
#10306 = SEAM_CURVE('',#10307,(#10311,#10318),.PCURVE_S1.);
#10307 = LINE('',#10308,#10309);
#10308 = CARTESIAN_POINT('',(3.,-20.,0.));
#10309 = VECTOR('',#10310,1.);
#10310 = DIRECTION('',(0.,-1.,1.110223024625E-16));
#10311 = PCURVE('',#9766,#10312);
#10312 = DEFINITIONAL_REPRESENTATION('',(#10313),#10317);
#10313 = LINE('',#10314,#10315);
#10314 = CARTESIAN_POINT('',(-0.,0.));
#10315 = VECTOR('',#10316,1.);
#10316 = DIRECTION('',(-0.,-1.));
#10317 = ( GEOMETRIC_REPRESENTATION_CONTEXT(2) 
PARAMETRIC_REPRESENTATION_CONTEXT() REPRESENTATION_CONTEXT('2D SPACE',''
  ) );
#10318 = PCURVE('',#9766,#10319);
#10319 = DEFINITIONAL_REPRESENTATION('',(#10320),#10324);
#10320 = LINE('',#10321,#10322);
#10321 = CARTESIAN_POINT('',(-6.28318530718,0.));
#10322 = VECTOR('',#10323,1.);
#10323 = DIRECTION('',(-0.,-1.));
#10324 = ( GEOMETRIC_REPRESENTATION_CONTEXT(2) 
PARAMETRIC_REPRESENTATION_CONTEXT() REPRESENTATION_CONTEXT('2D SPACE',''
  ) );
#10325 = ORIENTED_EDGE('',*,*,#9745,.T.);
#10326 = ORIENTED_EDGE('',*,*,#10305,.F.);
#10327 = ORIENTED_EDGE('',*,*,#9879,.F.);
#10328 = ADVANCED_FACE('',(#10329),#10059,.T.);
#10329 = FACE_BOUND('',#10330,.T.);
#10330 = EDGE_LOOP('',(#10331,#10332,#10333,#10334));
#10331 = ORIENTED_EDGE('',*,*,#10043,.F.);
#10332 = ORIENTED_EDGE('',*,*,#10274,.T.);
#10333 = ORIENTED_EDGE('',*,*,#10194,.T.);
#10334 = ORIENTED_EDGE('',*,*,#10335,.F.);
#10335 = EDGE_CURVE('',#10016,#10172,#10336,.T.);
#10336 = SURFACE_CURVE('',#10337,(#10341,#10348),.PCURVE_S1.);
#10337 = LINE('',#10338,#10339);
#10338 = CARTESIAN_POINT('',(77.7,33.,-6.));
#10339 = VECTOR('',#10340,1.);
#10340 = DIRECTION('',(0.,0.,1.));
#10341 = PCURVE('',#10059,#10342);
#10342 = DEFINITIONAL_REPRESENTATION('',(#10343),#10347);
#10343 = LINE('',#10344,#10345);
#10344 = CARTESIAN_POINT('',(0.,8.));
#10345 = VECTOR('',#10346,1.);
#10346 = DIRECTION('',(1.,0.));
#10347 = ( GEOMETRIC_REPRESENTATION_CONTEXT(2) 
PARAMETRIC_REPRESENTATION_CONTEXT() REPRESENTATION_CONTEXT('2D SPACE',''
  ) );
#10348 = PCURVE('',#10031,#10349);
#10349 = DEFINITIONAL_REPRESENTATION('',(#10350),#10354);
#10350 = LINE('',#10351,#10352);
#10351 = CARTESIAN_POINT('',(0.,-66.));
#10352 = VECTOR('',#10353,1.);
#10353 = DIRECTION('',(1.,0.));
#10354 = ( GEOMETRIC_REPRESENTATION_CONTEXT(2) 
PARAMETRIC_REPRESENTATION_CONTEXT() REPRESENTATION_CONTEXT('2D SPACE',''
  ) );
#10355 = ADVANCED_FACE('',(#10356),#10031,.T.);
#10356 = FACE_BOUND('',#10357,.T.);
#10357 = EDGE_LOOP('',(#10358,#10379,#10380,#10381));
#10358 = ORIENTED_EDGE('',*,*,#10359,.F.);
#10359 = EDGE_CURVE('',#9988,#10149,#10360,.T.);
#10360 = SURFACE_CURVE('',#10361,(#10365,#10372),.PCURVE_S1.);
#10361 = LINE('',#10362,#10363);
#10362 = CARTESIAN_POINT('',(77.7,-33.,-6.));
#10363 = VECTOR('',#10364,1.);
#10364 = DIRECTION('',(0.,0.,1.));
#10365 = PCURVE('',#10031,#10366);
#10366 = DEFINITIONAL_REPRESENTATION('',(#10367),#10371);
#10367 = LINE('',#10368,#10369);
#10368 = CARTESIAN_POINT('',(0.,0.));
#10369 = VECTOR('',#10370,1.);
#10370 = DIRECTION('',(1.,0.));
#10371 = ( GEOMETRIC_REPRESENTATION_CONTEXT(2) 
PARAMETRIC_REPRESENTATION_CONTEXT() REPRESENTATION_CONTEXT('2D SPACE',''
  ) );
#10372 = PCURVE('',#10003,#10373);
#10373 = DEFINITIONAL_REPRESENTATION('',(#10374),#10378);
#10374 = LINE('',#10375,#10376);
#10375 = CARTESIAN_POINT('',(0.,8.));
#10376 = VECTOR('',#10377,1.);
#10377 = DIRECTION('',(1.,0.));
#10378 = ( GEOMETRIC_REPRESENTATION_CONTEXT(2) 
PARAMETRIC_REPRESENTATION_CONTEXT() REPRESENTATION_CONTEXT('2D SPACE',''
  ) );
#10379 = ORIENTED_EDGE('',*,*,#10015,.T.);
#10380 = ORIENTED_EDGE('',*,*,#10335,.T.);
#10381 = ORIENTED_EDGE('',*,*,#10171,.F.);
#10382 = ADVANCED_FACE('',(#10383),#10003,.F.);
#10383 = FACE_BOUND('',#10384,.F.);
#10384 = EDGE_LOOP('',(#10385,#10386,#10387,#10388));
#10385 = ORIENTED_EDGE('',*,*,#9987,.F.);
#10386 = ORIENTED_EDGE('',*,*,#10121,.T.);
#10387 = ORIENTED_EDGE('',*,*,#10148,.T.);
#10388 = ORIENTED_EDGE('',*,*,#10359,.F.);
#10389 = ( GEOMETRIC_REPRESENTATION_CONTEXT(3) 
GLOBAL_UNCERTAINTY_ASSIGNED_CONTEXT((#10393)) 
GLOBAL_UNIT_ASSIGNED_CONTEXT((#10390,#10391,#10392)) 
REPRESENTATION_CONTEXT('Context #1',
  '3D Context with UNIT and UNCERTAINTY') );
#10390 = ( LENGTH_UNIT() NAMED_UNIT(*) SI_UNIT(.MILLI.,.METRE.) );
#10391 = ( NAMED_UNIT(*) PLANE_ANGLE_UNIT() SI_UNIT($,.RADIAN.) );
#10392 = ( NAMED_UNIT(*) SI_UNIT($,.STERADIAN.) SOLID_ANGLE_UNIT() );
#10393 = UNCERTAINTY_MEASURE_WITH_UNIT(LENGTH_MEASURE(1.E-07),#10390,
  'distance_accuracy_value','confusion accuracy');
#10394 = CONTEXT_DEPENDENT_SHAPE_REPRESENTATION(#10395,#10397);
#10395 = ( REPRESENTATION_RELATIONSHIP('','',#8298,#10) 
REPRESENTATION_RELATIONSHIP_WITH_TRANSFORMATION(#10396) 
SHAPE_REPRESENTATION_RELATIONSHIP() );
#10396 = ITEM_DEFINED_TRANSFORMATION('','',#11,#47);
#10397 = PRODUCT_DEFINITION_SHAPE('Placement','Placement of an item',
  #10398);
#10398 = NEXT_ASSEMBLY_USAGE_OCCURRENCE('39','OMX_Gripper_Body-1','',#5,
  #8293,$);
#10399 = PRODUCT_RELATED_PRODUCT_CATEGORY('part',$,(#8295));
#10400 = SHAPE_DEFINITION_REPRESENTATION(#10401,#10407);
#10401 = PRODUCT_DEFINITION_SHAPE('','',#10402);
#10402 = PRODUCT_DEFINITION('design','',#10403,#10406);
#10403 = PRODUCT_DEFINITION_FORMATION('','',#10404);
#10404 = PRODUCT('OMX_Gripper_Finger-1','OMX_Gripper_Finger-1','',(
    #10405));
#10405 = PRODUCT_CONTEXT('',#2,'mechanical');
#10406 = PRODUCT_DEFINITION_CONTEXT('part definition',#2,'design');
#10407 = ADVANCED_BREP_SHAPE_REPRESENTATION('',(#11,#10408),#11060);
#10408 = MANIFOLD_SOLID_BREP('',#10409);
#10409 = CLOSED_SHELL('',(#10410,#10530,#10606,#10769,#10818,#10845,
    #10852,#10928,#10977,#11026,#11053));
#10410 = ADVANCED_FACE('',(#10411),#10425,.F.);
#10411 = FACE_BOUND('',#10412,.F.);
#10412 = EDGE_LOOP('',(#10413,#10448,#10476,#10504));
#10413 = ORIENTED_EDGE('',*,*,#10414,.F.);
#10414 = EDGE_CURVE('',#10415,#10417,#10419,.T.);
#10415 = VERTEX_POINT('',#10416);
#10416 = CARTESIAN_POINT('',(-6.,-4.,-11.));
#10417 = VERTEX_POINT('',#10418);
#10418 = CARTESIAN_POINT('',(-6.,4.,-11.));
#10419 = SURFACE_CURVE('',#10420,(#10424,#10436),.PCURVE_S1.);
#10420 = LINE('',#10421,#10422);
#10421 = CARTESIAN_POINT('',(-6.,-4.,-11.));
#10422 = VECTOR('',#10423,1.);
#10423 = DIRECTION('',(0.,1.,0.));
#10424 = PCURVE('',#10425,#10430);
#10425 = PLANE('',#10426);
#10426 = AXIS2_PLACEMENT_3D('',#10427,#10428,#10429);
#10427 = CARTESIAN_POINT('',(-6.,4.,-11.));
#10428 = DIRECTION('',(-7.974522228289E-02,0.,0.996815278536));
#10429 = DIRECTION('',(0.996815278536,0.,7.974522228289E-02));
#10430 = DEFINITIONAL_REPRESENTATION('',(#10431),#10435);
#10431 = LINE('',#10432,#10433);
#10432 = CARTESIAN_POINT('',(0.,-8.));
#10433 = VECTOR('',#10434,1.);
#10434 = DIRECTION('',(0.,1.));
#10435 = ( GEOMETRIC_REPRESENTATION_CONTEXT(2) 
PARAMETRIC_REPRESENTATION_CONTEXT() REPRESENTATION_CONTEXT('2D SPACE',''
  ) );
#10436 = PCURVE('',#10437,#10442);
#10437 = PLANE('',#10438);
#10438 = AXIS2_PLACEMENT_3D('',#10439,#10440,#10441);
#10439 = CARTESIAN_POINT('',(-6.,4.,11.));
#10440 = DIRECTION('',(1.,0.,0.));
#10441 = DIRECTION('',(0.,0.,-1.));
#10442 = DEFINITIONAL_REPRESENTATION('',(#10443),#10447);
#10443 = LINE('',#10444,#10445);
#10444 = CARTESIAN_POINT('',(22.,-8.));
#10445 = VECTOR('',#10446,1.);
#10446 = DIRECTION('',(0.,1.));
#10447 = ( GEOMETRIC_REPRESENTATION_CONTEXT(2) 
PARAMETRIC_REPRESENTATION_CONTEXT() REPRESENTATION_CONTEXT('2D SPACE',''
  ) );
#10448 = ORIENTED_EDGE('',*,*,#10449,.T.);
#10449 = EDGE_CURVE('',#10415,#10450,#10452,.T.);
#10450 = VERTEX_POINT('',#10451);
#10451 = CARTESIAN_POINT('',(44.,-4.,-7.));
#10452 = SURFACE_CURVE('',#10453,(#10457,#10464),.PCURVE_S1.);
#10453 = LINE('',#10454,#10455);
#10454 = CARTESIAN_POINT('',(-6.,-4.,-11.));
#10455 = VECTOR('',#10456,1.);
#10456 = DIRECTION('',(0.996815278536,0.,7.974522228289E-02));
#10457 = PCURVE('',#10425,#10458);
#10458 = DEFINITIONAL_REPRESENTATION('',(#10459),#10463);
#10459 = LINE('',#10460,#10461);
#10460 = CARTESIAN_POINT('',(0.,-8.));
#10461 = VECTOR('',#10462,1.);
#10462 = DIRECTION('',(1.,0.));
#10463 = ( GEOMETRIC_REPRESENTATION_CONTEXT(2) 
PARAMETRIC_REPRESENTATION_CONTEXT() REPRESENTATION_CONTEXT('2D SPACE',''
  ) );
#10464 = PCURVE('',#10465,#10470);
#10465 = PLANE('',#10466);
#10466 = AXIS2_PLACEMENT_3D('',#10467,#10468,#10469);
#10467 = CARTESIAN_POINT('',(17.532858356937,-4.,0.));
#10468 = DIRECTION('',(-0.,-1.,-0.));
#10469 = DIRECTION('',(0.,0.,-1.));
#10470 = DEFINITIONAL_REPRESENTATION('',(#10471),#10475);
#10471 = LINE('',#10472,#10473);
#10472 = CARTESIAN_POINT('',(11.,-23.53285835693));
#10473 = VECTOR('',#10474,1.);
#10474 = DIRECTION('',(-7.974522228289E-02,0.996815278536));
#10475 = ( GEOMETRIC_REPRESENTATION_CONTEXT(2) 
PARAMETRIC_REPRESENTATION_CONTEXT() REPRESENTATION_CONTEXT('2D SPACE',''
  ) );
#10476 = ORIENTED_EDGE('',*,*,#10477,.F.);
#10477 = EDGE_CURVE('',#10478,#10450,#10480,.T.);
#10478 = VERTEX_POINT('',#10479);
#10479 = CARTESIAN_POINT('',(44.,4.,-7.));
#10480 = SURFACE_CURVE('',#10481,(#10485,#10492),.PCURVE_S1.);
#10481 = LINE('',#10482,#10483);
#10482 = CARTESIAN_POINT('',(44.,4.,-7.));
#10483 = VECTOR('',#10484,1.);
#10484 = DIRECTION('',(0.,-1.,0.));
#10485 = PCURVE('',#10425,#10486);
#10486 = DEFINITIONAL_REPRESENTATION('',(#10487),#10491);
#10487 = LINE('',#10488,#10489);
#10488 = CARTESIAN_POINT('',(50.159744815938,0.));
#10489 = VECTOR('',#10490,1.);
#10490 = DIRECTION('',(0.,-1.));
#10491 = ( GEOMETRIC_REPRESENTATION_CONTEXT(2) 
PARAMETRIC_REPRESENTATION_CONTEXT() REPRESENTATION_CONTEXT('2D SPACE',''
  ) );
#10492 = PCURVE('',#10493,#10498);
#10493 = PLANE('',#10494);
#10494 = AXIS2_PLACEMENT_3D('',#10495,#10496,#10497);
#10495 = CARTESIAN_POINT('',(44.,4.,-7.));
#10496 = DIRECTION('',(-1.,0.,0.));
#10497 = DIRECTION('',(0.,0.,1.));
#10498 = DEFINITIONAL_REPRESENTATION('',(#10499),#10503);
#10499 = LINE('',#10500,#10501);
#10500 = CARTESIAN_POINT('',(0.,0.));
#10501 = VECTOR('',#10502,1.);
#10502 = DIRECTION('',(0.,-1.));
#10503 = ( GEOMETRIC_REPRESENTATION_CONTEXT(2) 
PARAMETRIC_REPRESENTATION_CONTEXT() REPRESENTATION_CONTEXT('2D SPACE',''
  ) );
#10504 = ORIENTED_EDGE('',*,*,#10505,.F.);
#10505 = EDGE_CURVE('',#10417,#10478,#10506,.T.);
#10506 = SURFACE_CURVE('',#10507,(#10511,#10518),.PCURVE_S1.);
#10507 = LINE('',#10508,#10509);
#10508 = CARTESIAN_POINT('',(-6.,4.,-11.));
#10509 = VECTOR('',#10510,1.);
#10510 = DIRECTION('',(0.996815278536,0.,7.974522228289E-02));
#10511 = PCURVE('',#10425,#10512);
#10512 = DEFINITIONAL_REPRESENTATION('',(#10513),#10517);
#10513 = LINE('',#10514,#10515);
#10514 = CARTESIAN_POINT('',(0.,0.));
#10515 = VECTOR('',#10516,1.);
#10516 = DIRECTION('',(1.,0.));
#10517 = ( GEOMETRIC_REPRESENTATION_CONTEXT(2) 
PARAMETRIC_REPRESENTATION_CONTEXT() REPRESENTATION_CONTEXT('2D SPACE',''
  ) );
#10518 = PCURVE('',#10519,#10524);
#10519 = PLANE('',#10520);
#10520 = AXIS2_PLACEMENT_3D('',#10521,#10522,#10523);
#10521 = CARTESIAN_POINT('',(17.532858356937,4.,0.));
#10522 = DIRECTION('',(-0.,-1.,-0.));
#10523 = DIRECTION('',(0.,0.,-1.));
#10524 = DEFINITIONAL_REPRESENTATION('',(#10525),#10529);
#10525 = LINE('',#10526,#10527);
#10526 = CARTESIAN_POINT('',(11.,-23.53285835693));
#10527 = VECTOR('',#10528,1.);
#10528 = DIRECTION('',(-7.974522228289E-02,0.996815278536));
#10529 = ( GEOMETRIC_REPRESENTATION_CONTEXT(2) 
PARAMETRIC_REPRESENTATION_CONTEXT() REPRESENTATION_CONTEXT('2D SPACE',''
  ) );
#10530 = ADVANCED_FACE('',(#10531),#10437,.F.);
#10531 = FACE_BOUND('',#10532,.F.);
#10532 = EDGE_LOOP('',(#10533,#10563,#10584,#10585));
#10533 = ORIENTED_EDGE('',*,*,#10534,.F.);
#10534 = EDGE_CURVE('',#10535,#10537,#10539,.T.);
#10535 = VERTEX_POINT('',#10536);
#10536 = CARTESIAN_POINT('',(-6.,-4.,11.));
#10537 = VERTEX_POINT('',#10538);
#10538 = CARTESIAN_POINT('',(-6.,4.,11.));
#10539 = SURFACE_CURVE('',#10540,(#10544,#10551),.PCURVE_S1.);
#10540 = LINE('',#10541,#10542);
#10541 = CARTESIAN_POINT('',(-6.,-4.,11.));
#10542 = VECTOR('',#10543,1.);
#10543 = DIRECTION('',(0.,1.,0.));
#10544 = PCURVE('',#10437,#10545);
#10545 = DEFINITIONAL_REPRESENTATION('',(#10546),#10550);
#10546 = LINE('',#10547,#10548);
#10547 = CARTESIAN_POINT('',(0.,-8.));
#10548 = VECTOR('',#10549,1.);
#10549 = DIRECTION('',(0.,1.));
#10550 = ( GEOMETRIC_REPRESENTATION_CONTEXT(2) 
PARAMETRIC_REPRESENTATION_CONTEXT() REPRESENTATION_CONTEXT('2D SPACE',''
  ) );
#10551 = PCURVE('',#10552,#10557);
#10552 = PLANE('',#10553);
#10553 = AXIS2_PLACEMENT_3D('',#10554,#10555,#10556);
#10554 = CARTESIAN_POINT('',(44.,4.,7.));
#10555 = DIRECTION('',(-7.974522228289E-02,-0.,-0.996815278536));
#10556 = DIRECTION('',(-0.996815278536,0.,7.974522228289E-02));
#10557 = DEFINITIONAL_REPRESENTATION('',(#10558),#10562);
#10558 = LINE('',#10559,#10560);
#10559 = CARTESIAN_POINT('',(50.159744815938,-8.));
#10560 = VECTOR('',#10561,1.);
#10561 = DIRECTION('',(0.,1.));
#10562 = ( GEOMETRIC_REPRESENTATION_CONTEXT(2) 
PARAMETRIC_REPRESENTATION_CONTEXT() REPRESENTATION_CONTEXT('2D SPACE',''
  ) );
#10563 = ORIENTED_EDGE('',*,*,#10564,.T.);
#10564 = EDGE_CURVE('',#10535,#10415,#10565,.T.);
#10565 = SURFACE_CURVE('',#10566,(#10570,#10577),.PCURVE_S1.);
#10566 = LINE('',#10567,#10568);
#10567 = CARTESIAN_POINT('',(-6.,-4.,11.));
#10568 = VECTOR('',#10569,1.);
#10569 = DIRECTION('',(0.,0.,-1.));
#10570 = PCURVE('',#10437,#10571);
#10571 = DEFINITIONAL_REPRESENTATION('',(#10572),#10576);
#10572 = LINE('',#10573,#10574);
#10573 = CARTESIAN_POINT('',(0.,-8.));
#10574 = VECTOR('',#10575,1.);
#10575 = DIRECTION('',(1.,0.));
#10576 = ( GEOMETRIC_REPRESENTATION_CONTEXT(2) 
PARAMETRIC_REPRESENTATION_CONTEXT() REPRESENTATION_CONTEXT('2D SPACE',''
  ) );
#10577 = PCURVE('',#10465,#10578);
#10578 = DEFINITIONAL_REPRESENTATION('',(#10579),#10583);
#10579 = LINE('',#10580,#10581);
#10580 = CARTESIAN_POINT('',(-11.,-23.53285835693));
#10581 = VECTOR('',#10582,1.);
#10582 = DIRECTION('',(1.,0.));
#10583 = ( GEOMETRIC_REPRESENTATION_CONTEXT(2) 
PARAMETRIC_REPRESENTATION_CONTEXT() REPRESENTATION_CONTEXT('2D SPACE',''
  ) );
#10584 = ORIENTED_EDGE('',*,*,#10414,.T.);
#10585 = ORIENTED_EDGE('',*,*,#10586,.F.);
#10586 = EDGE_CURVE('',#10537,#10417,#10587,.T.);
#10587 = SURFACE_CURVE('',#10588,(#10592,#10599),.PCURVE_S1.);
#10588 = LINE('',#10589,#10590);
#10589 = CARTESIAN_POINT('',(-6.,4.,11.));
#10590 = VECTOR('',#10591,1.);
#10591 = DIRECTION('',(0.,0.,-1.));
#10592 = PCURVE('',#10437,#10593);
#10593 = DEFINITIONAL_REPRESENTATION('',(#10594),#10598);
#10594 = LINE('',#10595,#10596);
#10595 = CARTESIAN_POINT('',(0.,0.));
#10596 = VECTOR('',#10597,1.);
#10597 = DIRECTION('',(1.,0.));
#10598 = ( GEOMETRIC_REPRESENTATION_CONTEXT(2) 
PARAMETRIC_REPRESENTATION_CONTEXT() REPRESENTATION_CONTEXT('2D SPACE',''
  ) );
#10599 = PCURVE('',#10519,#10600);
#10600 = DEFINITIONAL_REPRESENTATION('',(#10601),#10605);
#10601 = LINE('',#10602,#10603);
#10602 = CARTESIAN_POINT('',(-11.,-23.53285835693));
#10603 = VECTOR('',#10604,1.);
#10604 = DIRECTION('',(1.,0.));
#10605 = ( GEOMETRIC_REPRESENTATION_CONTEXT(2) 
PARAMETRIC_REPRESENTATION_CONTEXT() REPRESENTATION_CONTEXT('2D SPACE',''
  ) );
#10606 = ADVANCED_FACE('',(#10607,#10655),#10465,.T.);
#10607 = FACE_BOUND('',#10608,.T.);
#10608 = EDGE_LOOP('',(#10609,#10610,#10633,#10654));
#10609 = ORIENTED_EDGE('',*,*,#10449,.T.);
#10610 = ORIENTED_EDGE('',*,*,#10611,.T.);
#10611 = EDGE_CURVE('',#10450,#10612,#10614,.T.);
#10612 = VERTEX_POINT('',#10613);
#10613 = CARTESIAN_POINT('',(44.,-4.,7.));
#10614 = SURFACE_CURVE('',#10615,(#10619,#10626),.PCURVE_S1.);
#10615 = LINE('',#10616,#10617);
#10616 = CARTESIAN_POINT('',(44.,-4.,-7.));
#10617 = VECTOR('',#10618,1.);
#10618 = DIRECTION('',(0.,0.,1.));
#10619 = PCURVE('',#10465,#10620);
#10620 = DEFINITIONAL_REPRESENTATION('',(#10621),#10625);
#10621 = LINE('',#10622,#10623);
#10622 = CARTESIAN_POINT('',(7.,26.467141643063));
#10623 = VECTOR('',#10624,1.);
#10624 = DIRECTION('',(-1.,0.));
#10625 = ( GEOMETRIC_REPRESENTATION_CONTEXT(2) 
PARAMETRIC_REPRESENTATION_CONTEXT() REPRESENTATION_CONTEXT('2D SPACE',''
  ) );
#10626 = PCURVE('',#10493,#10627);
#10627 = DEFINITIONAL_REPRESENTATION('',(#10628),#10632);
#10628 = LINE('',#10629,#10630);
#10629 = CARTESIAN_POINT('',(0.,-8.));
#10630 = VECTOR('',#10631,1.);
#10631 = DIRECTION('',(1.,0.));
#10632 = ( GEOMETRIC_REPRESENTATION_CONTEXT(2) 
PARAMETRIC_REPRESENTATION_CONTEXT() REPRESENTATION_CONTEXT('2D SPACE',''
  ) );
#10633 = ORIENTED_EDGE('',*,*,#10634,.T.);
#10634 = EDGE_CURVE('',#10612,#10535,#10635,.T.);
#10635 = SURFACE_CURVE('',#10636,(#10640,#10647),.PCURVE_S1.);
#10636 = LINE('',#10637,#10638);
#10637 = CARTESIAN_POINT('',(44.,-4.,7.));
#10638 = VECTOR('',#10639,1.);
#10639 = DIRECTION('',(-0.996815278536,0.,7.974522228289E-02));
#10640 = PCURVE('',#10465,#10641);
#10641 = DEFINITIONAL_REPRESENTATION('',(#10642),#10646);
#10642 = LINE('',#10643,#10644);
#10643 = CARTESIAN_POINT('',(-7.,26.467141643063));
#10644 = VECTOR('',#10645,1.);
#10645 = DIRECTION('',(-7.974522228289E-02,-0.996815278536));
#10646 = ( GEOMETRIC_REPRESENTATION_CONTEXT(2) 
PARAMETRIC_REPRESENTATION_CONTEXT() REPRESENTATION_CONTEXT('2D SPACE',''
  ) );
#10647 = PCURVE('',#10552,#10648);
#10648 = DEFINITIONAL_REPRESENTATION('',(#10649),#10653);
#10649 = LINE('',#10650,#10651);
#10650 = CARTESIAN_POINT('',(0.,-8.));
#10651 = VECTOR('',#10652,1.);
#10652 = DIRECTION('',(1.,0.));
#10653 = ( GEOMETRIC_REPRESENTATION_CONTEXT(2) 
PARAMETRIC_REPRESENTATION_CONTEXT() REPRESENTATION_CONTEXT('2D SPACE',''
  ) );
#10654 = ORIENTED_EDGE('',*,*,#10564,.T.);
#10655 = FACE_BOUND('',#10656,.T.);
#10656 = EDGE_LOOP('',(#10657,#10687,#10715,#10743));
#10657 = ORIENTED_EDGE('',*,*,#10658,.T.);
#10658 = EDGE_CURVE('',#10659,#10661,#10663,.T.);
#10659 = VERTEX_POINT('',#10660);
#10660 = CARTESIAN_POINT('',(12.,-4.,-6.));
#10661 = VERTEX_POINT('',#10662);
#10662 = CARTESIAN_POINT('',(12.,-4.,6.));
#10663 = SURFACE_CURVE('',#10664,(#10668,#10675),.PCURVE_S1.);
#10664 = LINE('',#10665,#10666);
#10665 = CARTESIAN_POINT('',(12.,-4.,-6.));
#10666 = VECTOR('',#10667,1.);
#10667 = DIRECTION('',(0.,0.,1.));
#10668 = PCURVE('',#10465,#10669);
#10669 = DEFINITIONAL_REPRESENTATION('',(#10670),#10674);
#10670 = LINE('',#10671,#10672);
#10671 = CARTESIAN_POINT('',(6.,-5.532858356937));
#10672 = VECTOR('',#10673,1.);
#10673 = DIRECTION('',(-1.,0.));
#10674 = ( GEOMETRIC_REPRESENTATION_CONTEXT(2) 
PARAMETRIC_REPRESENTATION_CONTEXT() REPRESENTATION_CONTEXT('2D SPACE',''
  ) );
#10675 = PCURVE('',#10676,#10681);
#10676 = PLANE('',#10677);
#10677 = AXIS2_PLACEMENT_3D('',#10678,#10679,#10680);
#10678 = CARTESIAN_POINT('',(12.,-5.5,-6.));
#10679 = DIRECTION('',(1.,0.,0.));
#10680 = DIRECTION('',(0.,0.,1.));
#10681 = DEFINITIONAL_REPRESENTATION('',(#10682),#10686);
#10682 = LINE('',#10683,#10684);
#10683 = CARTESIAN_POINT('',(0.,-1.5));
#10684 = VECTOR('',#10685,1.);
#10685 = DIRECTION('',(1.,0.));
#10686 = ( GEOMETRIC_REPRESENTATION_CONTEXT(2) 
PARAMETRIC_REPRESENTATION_CONTEXT() REPRESENTATION_CONTEXT('2D SPACE',''
  ) );
#10687 = ORIENTED_EDGE('',*,*,#10688,.T.);
#10688 = EDGE_CURVE('',#10661,#10689,#10691,.T.);
#10689 = VERTEX_POINT('',#10690);
#10690 = CARTESIAN_POINT('',(42.,-4.,6.));
#10691 = SURFACE_CURVE('',#10692,(#10696,#10703),.PCURVE_S1.);
#10692 = LINE('',#10693,#10694);
#10693 = CARTESIAN_POINT('',(12.,-4.,6.));
#10694 = VECTOR('',#10695,1.);
#10695 = DIRECTION('',(1.,0.,0.));
#10696 = PCURVE('',#10465,#10697);
#10697 = DEFINITIONAL_REPRESENTATION('',(#10698),#10702);
#10698 = LINE('',#10699,#10700);
#10699 = CARTESIAN_POINT('',(-6.,-5.532858356937));
#10700 = VECTOR('',#10701,1.);
#10701 = DIRECTION('',(0.,1.));
#10702 = ( GEOMETRIC_REPRESENTATION_CONTEXT(2) 
PARAMETRIC_REPRESENTATION_CONTEXT() REPRESENTATION_CONTEXT('2D SPACE',''
  ) );
#10703 = PCURVE('',#10704,#10709);
#10704 = PLANE('',#10705);
#10705 = AXIS2_PLACEMENT_3D('',#10706,#10707,#10708);
#10706 = CARTESIAN_POINT('',(12.,-5.5,6.));
#10707 = DIRECTION('',(0.,0.,1.));
#10708 = DIRECTION('',(1.,0.,0.));
#10709 = DEFINITIONAL_REPRESENTATION('',(#10710),#10714);
#10710 = LINE('',#10711,#10712);
#10711 = CARTESIAN_POINT('',(0.,1.5));
#10712 = VECTOR('',#10713,1.);
#10713 = DIRECTION('',(1.,0.));
#10714 = ( GEOMETRIC_REPRESENTATION_CONTEXT(2) 
PARAMETRIC_REPRESENTATION_CONTEXT() REPRESENTATION_CONTEXT('2D SPACE',''
  ) );
#10715 = ORIENTED_EDGE('',*,*,#10716,.F.);
#10716 = EDGE_CURVE('',#10717,#10689,#10719,.T.);
#10717 = VERTEX_POINT('',#10718);
#10718 = CARTESIAN_POINT('',(42.,-4.,-6.));
#10719 = SURFACE_CURVE('',#10720,(#10724,#10731),.PCURVE_S1.);
#10720 = LINE('',#10721,#10722);
#10721 = CARTESIAN_POINT('',(42.,-4.,-6.));
#10722 = VECTOR('',#10723,1.);
#10723 = DIRECTION('',(0.,0.,1.));
#10724 = PCURVE('',#10465,#10725);
#10725 = DEFINITIONAL_REPRESENTATION('',(#10726),#10730);
#10726 = LINE('',#10727,#10728);
#10727 = CARTESIAN_POINT('',(6.,24.467141643063));
#10728 = VECTOR('',#10729,1.);
#10729 = DIRECTION('',(-1.,0.));
#10730 = ( GEOMETRIC_REPRESENTATION_CONTEXT(2) 
PARAMETRIC_REPRESENTATION_CONTEXT() REPRESENTATION_CONTEXT('2D SPACE',''
  ) );
#10731 = PCURVE('',#10732,#10737);
#10732 = PLANE('',#10733);
#10733 = AXIS2_PLACEMENT_3D('',#10734,#10735,#10736);
#10734 = CARTESIAN_POINT('',(42.,-5.5,-6.));
#10735 = DIRECTION('',(1.,0.,0.));
#10736 = DIRECTION('',(0.,0.,1.));
#10737 = DEFINITIONAL_REPRESENTATION('',(#10738),#10742);
#10738 = LINE('',#10739,#10740);
#10739 = CARTESIAN_POINT('',(0.,-1.5));
#10740 = VECTOR('',#10741,1.);
#10741 = DIRECTION('',(1.,0.));
#10742 = ( GEOMETRIC_REPRESENTATION_CONTEXT(2) 
PARAMETRIC_REPRESENTATION_CONTEXT() REPRESENTATION_CONTEXT('2D SPACE',''
  ) );
#10743 = ORIENTED_EDGE('',*,*,#10744,.F.);
#10744 = EDGE_CURVE('',#10659,#10717,#10745,.T.);
#10745 = SURFACE_CURVE('',#10746,(#10750,#10757),.PCURVE_S1.);
#10746 = LINE('',#10747,#10748);
#10747 = CARTESIAN_POINT('',(12.,-4.,-6.));
#10748 = VECTOR('',#10749,1.);
#10749 = DIRECTION('',(1.,0.,0.));
#10750 = PCURVE('',#10465,#10751);
#10751 = DEFINITIONAL_REPRESENTATION('',(#10752),#10756);
#10752 = LINE('',#10753,#10754);
#10753 = CARTESIAN_POINT('',(6.,-5.532858356937));
#10754 = VECTOR('',#10755,1.);
#10755 = DIRECTION('',(0.,1.));
#10756 = ( GEOMETRIC_REPRESENTATION_CONTEXT(2) 
PARAMETRIC_REPRESENTATION_CONTEXT() REPRESENTATION_CONTEXT('2D SPACE',''
  ) );
#10757 = PCURVE('',#10758,#10763);
#10758 = PLANE('',#10759);
#10759 = AXIS2_PLACEMENT_3D('',#10760,#10761,#10762);
#10760 = CARTESIAN_POINT('',(12.,-5.5,-6.));
#10761 = DIRECTION('',(0.,0.,1.));
#10762 = DIRECTION('',(1.,0.,0.));
#10763 = DEFINITIONAL_REPRESENTATION('',(#10764),#10768);
#10764 = LINE('',#10765,#10766);
#10765 = CARTESIAN_POINT('',(0.,1.5));
#10766 = VECTOR('',#10767,1.);
#10767 = DIRECTION('',(1.,0.));
#10768 = ( GEOMETRIC_REPRESENTATION_CONTEXT(2) 
PARAMETRIC_REPRESENTATION_CONTEXT() REPRESENTATION_CONTEXT('2D SPACE',''
  ) );
#10769 = ADVANCED_FACE('',(#10770),#10493,.F.);
#10770 = FACE_BOUND('',#10771,.F.);
#10771 = EDGE_LOOP('',(#10772,#10773,#10774,#10797));
#10772 = ORIENTED_EDGE('',*,*,#10477,.T.);
#10773 = ORIENTED_EDGE('',*,*,#10611,.T.);
#10774 = ORIENTED_EDGE('',*,*,#10775,.F.);
#10775 = EDGE_CURVE('',#10776,#10612,#10778,.T.);
#10776 = VERTEX_POINT('',#10777);
#10777 = CARTESIAN_POINT('',(44.,4.,7.));
#10778 = SURFACE_CURVE('',#10779,(#10783,#10790),.PCURVE_S1.);
#10779 = LINE('',#10780,#10781);
#10780 = CARTESIAN_POINT('',(44.,4.,7.));
#10781 = VECTOR('',#10782,1.);
#10782 = DIRECTION('',(0.,-1.,0.));
#10783 = PCURVE('',#10493,#10784);
#10784 = DEFINITIONAL_REPRESENTATION('',(#10785),#10789);
#10785 = LINE('',#10786,#10787);
#10786 = CARTESIAN_POINT('',(14.,0.));
#10787 = VECTOR('',#10788,1.);
#10788 = DIRECTION('',(0.,-1.));
#10789 = ( GEOMETRIC_REPRESENTATION_CONTEXT(2) 
PARAMETRIC_REPRESENTATION_CONTEXT() REPRESENTATION_CONTEXT('2D SPACE',''
  ) );
#10790 = PCURVE('',#10552,#10791);
#10791 = DEFINITIONAL_REPRESENTATION('',(#10792),#10796);
#10792 = LINE('',#10793,#10794);
#10793 = CARTESIAN_POINT('',(0.,0.));
#10794 = VECTOR('',#10795,1.);
#10795 = DIRECTION('',(0.,-1.));
#10796 = ( GEOMETRIC_REPRESENTATION_CONTEXT(2) 
PARAMETRIC_REPRESENTATION_CONTEXT() REPRESENTATION_CONTEXT('2D SPACE',''
  ) );
#10797 = ORIENTED_EDGE('',*,*,#10798,.F.);
#10798 = EDGE_CURVE('',#10478,#10776,#10799,.T.);
#10799 = SURFACE_CURVE('',#10800,(#10804,#10811),.PCURVE_S1.);
#10800 = LINE('',#10801,#10802);
#10801 = CARTESIAN_POINT('',(44.,4.,-7.));
#10802 = VECTOR('',#10803,1.);
#10803 = DIRECTION('',(0.,0.,1.));
#10804 = PCURVE('',#10493,#10805);
#10805 = DEFINITIONAL_REPRESENTATION('',(#10806),#10810);
#10806 = LINE('',#10807,#10808);
#10807 = CARTESIAN_POINT('',(0.,0.));
#10808 = VECTOR('',#10809,1.);
#10809 = DIRECTION('',(1.,0.));
#10810 = ( GEOMETRIC_REPRESENTATION_CONTEXT(2) 
PARAMETRIC_REPRESENTATION_CONTEXT() REPRESENTATION_CONTEXT('2D SPACE',''
  ) );
#10811 = PCURVE('',#10519,#10812);
#10812 = DEFINITIONAL_REPRESENTATION('',(#10813),#10817);
#10813 = LINE('',#10814,#10815);
#10814 = CARTESIAN_POINT('',(7.,26.467141643063));
#10815 = VECTOR('',#10816,1.);
#10816 = DIRECTION('',(-1.,0.));
#10817 = ( GEOMETRIC_REPRESENTATION_CONTEXT(2) 
PARAMETRIC_REPRESENTATION_CONTEXT() REPRESENTATION_CONTEXT('2D SPACE',''
  ) );
#10818 = ADVANCED_FACE('',(#10819),#10519,.F.);
#10819 = FACE_BOUND('',#10820,.F.);
#10820 = EDGE_LOOP('',(#10821,#10822,#10823,#10844));
#10821 = ORIENTED_EDGE('',*,*,#10505,.T.);
#10822 = ORIENTED_EDGE('',*,*,#10798,.T.);
#10823 = ORIENTED_EDGE('',*,*,#10824,.T.);
#10824 = EDGE_CURVE('',#10776,#10537,#10825,.T.);
#10825 = SURFACE_CURVE('',#10826,(#10830,#10837),.PCURVE_S1.);
#10826 = LINE('',#10827,#10828);
#10827 = CARTESIAN_POINT('',(44.,4.,7.));
#10828 = VECTOR('',#10829,1.);
#10829 = DIRECTION('',(-0.996815278536,0.,7.974522228289E-02));
#10830 = PCURVE('',#10519,#10831);
#10831 = DEFINITIONAL_REPRESENTATION('',(#10832),#10836);
#10832 = LINE('',#10833,#10834);
#10833 = CARTESIAN_POINT('',(-7.,26.467141643063));
#10834 = VECTOR('',#10835,1.);
#10835 = DIRECTION('',(-7.974522228289E-02,-0.996815278536));
#10836 = ( GEOMETRIC_REPRESENTATION_CONTEXT(2) 
PARAMETRIC_REPRESENTATION_CONTEXT() REPRESENTATION_CONTEXT('2D SPACE',''
  ) );
#10837 = PCURVE('',#10552,#10838);
#10838 = DEFINITIONAL_REPRESENTATION('',(#10839),#10843);
#10839 = LINE('',#10840,#10841);
#10840 = CARTESIAN_POINT('',(0.,0.));
#10841 = VECTOR('',#10842,1.);
#10842 = DIRECTION('',(1.,0.));
#10843 = ( GEOMETRIC_REPRESENTATION_CONTEXT(2) 
PARAMETRIC_REPRESENTATION_CONTEXT() REPRESENTATION_CONTEXT('2D SPACE',''
  ) );
#10844 = ORIENTED_EDGE('',*,*,#10586,.T.);
#10845 = ADVANCED_FACE('',(#10846),#10552,.F.);
#10846 = FACE_BOUND('',#10847,.F.);
#10847 = EDGE_LOOP('',(#10848,#10849,#10850,#10851));
#10848 = ORIENTED_EDGE('',*,*,#10775,.T.);
#10849 = ORIENTED_EDGE('',*,*,#10634,.T.);
#10850 = ORIENTED_EDGE('',*,*,#10534,.T.);
#10851 = ORIENTED_EDGE('',*,*,#10824,.F.);
#10852 = ADVANCED_FACE('',(#10853),#10676,.F.);
#10853 = FACE_BOUND('',#10854,.F.);
#10854 = EDGE_LOOP('',(#10855,#10885,#10906,#10907));
#10855 = ORIENTED_EDGE('',*,*,#10856,.F.);
#10856 = EDGE_CURVE('',#10857,#10859,#10861,.T.);
#10857 = VERTEX_POINT('',#10858);
#10858 = CARTESIAN_POINT('',(12.,-5.5,-6.));
#10859 = VERTEX_POINT('',#10860);
#10860 = CARTESIAN_POINT('',(12.,-5.5,6.));
#10861 = SURFACE_CURVE('',#10862,(#10866,#10873),.PCURVE_S1.);
#10862 = LINE('',#10863,#10864);
#10863 = CARTESIAN_POINT('',(12.,-5.5,-6.));
#10864 = VECTOR('',#10865,1.);
#10865 = DIRECTION('',(0.,0.,1.));
#10866 = PCURVE('',#10676,#10867);
#10867 = DEFINITIONAL_REPRESENTATION('',(#10868),#10872);
#10868 = LINE('',#10869,#10870);
#10869 = CARTESIAN_POINT('',(0.,0.));
#10870 = VECTOR('',#10871,1.);
#10871 = DIRECTION('',(1.,0.));
#10872 = ( GEOMETRIC_REPRESENTATION_CONTEXT(2) 
PARAMETRIC_REPRESENTATION_CONTEXT() REPRESENTATION_CONTEXT('2D SPACE',''
  ) );
#10873 = PCURVE('',#10874,#10879);
#10874 = PLANE('',#10875);
#10875 = AXIS2_PLACEMENT_3D('',#10876,#10877,#10878);
#10876 = CARTESIAN_POINT('',(12.,-5.5,-6.));
#10877 = DIRECTION('',(0.,1.,0.));
#10878 = DIRECTION('',(0.,0.,1.));
#10879 = DEFINITIONAL_REPRESENTATION('',(#10880),#10884);
#10880 = LINE('',#10881,#10882);
#10881 = CARTESIAN_POINT('',(0.,0.));
#10882 = VECTOR('',#10883,1.);
#10883 = DIRECTION('',(1.,0.));
#10884 = ( GEOMETRIC_REPRESENTATION_CONTEXT(2) 
PARAMETRIC_REPRESENTATION_CONTEXT() REPRESENTATION_CONTEXT('2D SPACE',''
  ) );
#10885 = ORIENTED_EDGE('',*,*,#10886,.T.);
#10886 = EDGE_CURVE('',#10857,#10659,#10887,.T.);
#10887 = SURFACE_CURVE('',#10888,(#10892,#10899),.PCURVE_S1.);
#10888 = LINE('',#10889,#10890);
#10889 = CARTESIAN_POINT('',(12.,-5.5,-6.));
#10890 = VECTOR('',#10891,1.);
#10891 = DIRECTION('',(0.,1.,0.));
#10892 = PCURVE('',#10676,#10893);
#10893 = DEFINITIONAL_REPRESENTATION('',(#10894),#10898);
#10894 = LINE('',#10895,#10896);
#10895 = CARTESIAN_POINT('',(0.,0.));
#10896 = VECTOR('',#10897,1.);
#10897 = DIRECTION('',(0.,-1.));
#10898 = ( GEOMETRIC_REPRESENTATION_CONTEXT(2) 
PARAMETRIC_REPRESENTATION_CONTEXT() REPRESENTATION_CONTEXT('2D SPACE',''
  ) );
#10899 = PCURVE('',#10758,#10900);
#10900 = DEFINITIONAL_REPRESENTATION('',(#10901),#10905);
#10901 = LINE('',#10902,#10903);
#10902 = CARTESIAN_POINT('',(0.,0.));
#10903 = VECTOR('',#10904,1.);
#10904 = DIRECTION('',(0.,1.));
#10905 = ( GEOMETRIC_REPRESENTATION_CONTEXT(2) 
PARAMETRIC_REPRESENTATION_CONTEXT() REPRESENTATION_CONTEXT('2D SPACE',''
  ) );
#10906 = ORIENTED_EDGE('',*,*,#10658,.T.);
#10907 = ORIENTED_EDGE('',*,*,#10908,.F.);
#10908 = EDGE_CURVE('',#10859,#10661,#10909,.T.);
#10909 = SURFACE_CURVE('',#10910,(#10914,#10921),.PCURVE_S1.);
#10910 = LINE('',#10911,#10912);
#10911 = CARTESIAN_POINT('',(12.,-5.5,6.));
#10912 = VECTOR('',#10913,1.);
#10913 = DIRECTION('',(0.,1.,0.));
#10914 = PCURVE('',#10676,#10915);
#10915 = DEFINITIONAL_REPRESENTATION('',(#10916),#10920);
#10916 = LINE('',#10917,#10918);
#10917 = CARTESIAN_POINT('',(12.,0.));
#10918 = VECTOR('',#10919,1.);
#10919 = DIRECTION('',(0.,-1.));
#10920 = ( GEOMETRIC_REPRESENTATION_CONTEXT(2) 
PARAMETRIC_REPRESENTATION_CONTEXT() REPRESENTATION_CONTEXT('2D SPACE',''
  ) );
#10921 = PCURVE('',#10704,#10922);
#10922 = DEFINITIONAL_REPRESENTATION('',(#10923),#10927);
#10923 = LINE('',#10924,#10925);
#10924 = CARTESIAN_POINT('',(0.,0.));
#10925 = VECTOR('',#10926,1.);
#10926 = DIRECTION('',(0.,1.));
#10927 = ( GEOMETRIC_REPRESENTATION_CONTEXT(2) 
PARAMETRIC_REPRESENTATION_CONTEXT() REPRESENTATION_CONTEXT('2D SPACE',''
  ) );
#10928 = ADVANCED_FACE('',(#10929),#10758,.F.);
#10929 = FACE_BOUND('',#10930,.F.);
#10930 = EDGE_LOOP('',(#10931,#10932,#10955,#10976));
#10931 = ORIENTED_EDGE('',*,*,#10886,.F.);
#10932 = ORIENTED_EDGE('',*,*,#10933,.T.);
#10933 = EDGE_CURVE('',#10857,#10934,#10936,.T.);
#10934 = VERTEX_POINT('',#10935);
#10935 = CARTESIAN_POINT('',(42.,-5.5,-6.));
#10936 = SURFACE_CURVE('',#10937,(#10941,#10948),.PCURVE_S1.);
#10937 = LINE('',#10938,#10939);
#10938 = CARTESIAN_POINT('',(12.,-5.5,-6.));
#10939 = VECTOR('',#10940,1.);
#10940 = DIRECTION('',(1.,0.,0.));
#10941 = PCURVE('',#10758,#10942);
#10942 = DEFINITIONAL_REPRESENTATION('',(#10943),#10947);
#10943 = LINE('',#10944,#10945);
#10944 = CARTESIAN_POINT('',(0.,0.));
#10945 = VECTOR('',#10946,1.);
#10946 = DIRECTION('',(1.,0.));
#10947 = ( GEOMETRIC_REPRESENTATION_CONTEXT(2) 
PARAMETRIC_REPRESENTATION_CONTEXT() REPRESENTATION_CONTEXT('2D SPACE',''
  ) );
#10948 = PCURVE('',#10874,#10949);
#10949 = DEFINITIONAL_REPRESENTATION('',(#10950),#10954);
#10950 = LINE('',#10951,#10952);
#10951 = CARTESIAN_POINT('',(0.,0.));
#10952 = VECTOR('',#10953,1.);
#10953 = DIRECTION('',(0.,1.));
#10954 = ( GEOMETRIC_REPRESENTATION_CONTEXT(2) 
PARAMETRIC_REPRESENTATION_CONTEXT() REPRESENTATION_CONTEXT('2D SPACE',''
  ) );
#10955 = ORIENTED_EDGE('',*,*,#10956,.T.);
#10956 = EDGE_CURVE('',#10934,#10717,#10957,.T.);
#10957 = SURFACE_CURVE('',#10958,(#10962,#10969),.PCURVE_S1.);
#10958 = LINE('',#10959,#10960);
#10959 = CARTESIAN_POINT('',(42.,-5.5,-6.));
#10960 = VECTOR('',#10961,1.);
#10961 = DIRECTION('',(0.,1.,0.));
#10962 = PCURVE('',#10758,#10963);
#10963 = DEFINITIONAL_REPRESENTATION('',(#10964),#10968);
#10964 = LINE('',#10965,#10966);
#10965 = CARTESIAN_POINT('',(30.,0.));
#10966 = VECTOR('',#10967,1.);
#10967 = DIRECTION('',(0.,1.));
#10968 = ( GEOMETRIC_REPRESENTATION_CONTEXT(2) 
PARAMETRIC_REPRESENTATION_CONTEXT() REPRESENTATION_CONTEXT('2D SPACE',''
  ) );
#10969 = PCURVE('',#10732,#10970);
#10970 = DEFINITIONAL_REPRESENTATION('',(#10971),#10975);
#10971 = LINE('',#10972,#10973);
#10972 = CARTESIAN_POINT('',(0.,0.));
#10973 = VECTOR('',#10974,1.);
#10974 = DIRECTION('',(0.,-1.));
#10975 = ( GEOMETRIC_REPRESENTATION_CONTEXT(2) 
PARAMETRIC_REPRESENTATION_CONTEXT() REPRESENTATION_CONTEXT('2D SPACE',''
  ) );
#10976 = ORIENTED_EDGE('',*,*,#10744,.F.);
#10977 = ADVANCED_FACE('',(#10978),#10732,.T.);
#10978 = FACE_BOUND('',#10979,.T.);
#10979 = EDGE_LOOP('',(#10980,#11003,#11004,#11005));
#10980 = ORIENTED_EDGE('',*,*,#10981,.F.);
#10981 = EDGE_CURVE('',#10934,#10982,#10984,.T.);
#10982 = VERTEX_POINT('',#10983);
#10983 = CARTESIAN_POINT('',(42.,-5.5,6.));
#10984 = SURFACE_CURVE('',#10985,(#10989,#10996),.PCURVE_S1.);
#10985 = LINE('',#10986,#10987);
#10986 = CARTESIAN_POINT('',(42.,-5.5,-6.));
#10987 = VECTOR('',#10988,1.);
#10988 = DIRECTION('',(0.,0.,1.));
#10989 = PCURVE('',#10732,#10990);
#10990 = DEFINITIONAL_REPRESENTATION('',(#10991),#10995);
#10991 = LINE('',#10992,#10993);
#10992 = CARTESIAN_POINT('',(0.,0.));
#10993 = VECTOR('',#10994,1.);
#10994 = DIRECTION('',(1.,0.));
#10995 = ( GEOMETRIC_REPRESENTATION_CONTEXT(2) 
PARAMETRIC_REPRESENTATION_CONTEXT() REPRESENTATION_CONTEXT('2D SPACE',''
  ) );
#10996 = PCURVE('',#10874,#10997);
#10997 = DEFINITIONAL_REPRESENTATION('',(#10998),#11002);
#10998 = LINE('',#10999,#11000);
#10999 = CARTESIAN_POINT('',(0.,30.));
#11000 = VECTOR('',#11001,1.);
#11001 = DIRECTION('',(1.,0.));
#11002 = ( GEOMETRIC_REPRESENTATION_CONTEXT(2) 
PARAMETRIC_REPRESENTATION_CONTEXT() REPRESENTATION_CONTEXT('2D SPACE',''
  ) );
#11003 = ORIENTED_EDGE('',*,*,#10956,.T.);
#11004 = ORIENTED_EDGE('',*,*,#10716,.T.);
#11005 = ORIENTED_EDGE('',*,*,#11006,.F.);
#11006 = EDGE_CURVE('',#10982,#10689,#11007,.T.);
#11007 = SURFACE_CURVE('',#11008,(#11012,#11019),.PCURVE_S1.);
#11008 = LINE('',#11009,#11010);
#11009 = CARTESIAN_POINT('',(42.,-5.5,6.));
#11010 = VECTOR('',#11011,1.);
#11011 = DIRECTION('',(0.,1.,0.));
#11012 = PCURVE('',#10732,#11013);
#11013 = DEFINITIONAL_REPRESENTATION('',(#11014),#11018);
#11014 = LINE('',#11015,#11016);
#11015 = CARTESIAN_POINT('',(12.,0.));
#11016 = VECTOR('',#11017,1.);
#11017 = DIRECTION('',(0.,-1.));
#11018 = ( GEOMETRIC_REPRESENTATION_CONTEXT(2) 
PARAMETRIC_REPRESENTATION_CONTEXT() REPRESENTATION_CONTEXT('2D SPACE',''
  ) );
#11019 = PCURVE('',#10704,#11020);
#11020 = DEFINITIONAL_REPRESENTATION('',(#11021),#11025);
#11021 = LINE('',#11022,#11023);
#11022 = CARTESIAN_POINT('',(30.,0.));
#11023 = VECTOR('',#11024,1.);
#11024 = DIRECTION('',(0.,1.));
#11025 = ( GEOMETRIC_REPRESENTATION_CONTEXT(2) 
PARAMETRIC_REPRESENTATION_CONTEXT() REPRESENTATION_CONTEXT('2D SPACE',''
  ) );
#11026 = ADVANCED_FACE('',(#11027),#10704,.T.);
#11027 = FACE_BOUND('',#11028,.T.);
#11028 = EDGE_LOOP('',(#11029,#11030,#11051,#11052));
#11029 = ORIENTED_EDGE('',*,*,#10908,.F.);
#11030 = ORIENTED_EDGE('',*,*,#11031,.T.);
#11031 = EDGE_CURVE('',#10859,#10982,#11032,.T.);
#11032 = SURFACE_CURVE('',#11033,(#11037,#11044),.PCURVE_S1.);
#11033 = LINE('',#11034,#11035);
#11034 = CARTESIAN_POINT('',(12.,-5.5,6.));
#11035 = VECTOR('',#11036,1.);
#11036 = DIRECTION('',(1.,0.,0.));
#11037 = PCURVE('',#10704,#11038);
#11038 = DEFINITIONAL_REPRESENTATION('',(#11039),#11043);
#11039 = LINE('',#11040,#11041);
#11040 = CARTESIAN_POINT('',(0.,0.));
#11041 = VECTOR('',#11042,1.);
#11042 = DIRECTION('',(1.,0.));
#11043 = ( GEOMETRIC_REPRESENTATION_CONTEXT(2) 
PARAMETRIC_REPRESENTATION_CONTEXT() REPRESENTATION_CONTEXT('2D SPACE',''
  ) );
#11044 = PCURVE('',#10874,#11045);
#11045 = DEFINITIONAL_REPRESENTATION('',(#11046),#11050);
#11046 = LINE('',#11047,#11048);
#11047 = CARTESIAN_POINT('',(12.,0.));
#11048 = VECTOR('',#11049,1.);
#11049 = DIRECTION('',(0.,1.));
#11050 = ( GEOMETRIC_REPRESENTATION_CONTEXT(2) 
PARAMETRIC_REPRESENTATION_CONTEXT() REPRESENTATION_CONTEXT('2D SPACE',''
  ) );
#11051 = ORIENTED_EDGE('',*,*,#11006,.T.);
#11052 = ORIENTED_EDGE('',*,*,#10688,.F.);
#11053 = ADVANCED_FACE('',(#11054),#10874,.F.);
#11054 = FACE_BOUND('',#11055,.F.);
#11055 = EDGE_LOOP('',(#11056,#11057,#11058,#11059));
#11056 = ORIENTED_EDGE('',*,*,#10933,.F.);
#11057 = ORIENTED_EDGE('',*,*,#10856,.T.);
#11058 = ORIENTED_EDGE('',*,*,#11031,.T.);
#11059 = ORIENTED_EDGE('',*,*,#10981,.F.);
#11060 = ( GEOMETRIC_REPRESENTATION_CONTEXT(3) 
GLOBAL_UNCERTAINTY_ASSIGNED_CONTEXT((#11064)) 
GLOBAL_UNIT_ASSIGNED_CONTEXT((#11061,#11062,#11063)) 
REPRESENTATION_CONTEXT('Context #1',
  '3D Context with UNIT and UNCERTAINTY') );
#11061 = ( LENGTH_UNIT() NAMED_UNIT(*) SI_UNIT(.MILLI.,.METRE.) );
#11062 = ( NAMED_UNIT(*) PLANE_ANGLE_UNIT() SI_UNIT($,.RADIAN.) );
#11063 = ( NAMED_UNIT(*) SI_UNIT($,.STERADIAN.) SOLID_ANGLE_UNIT() );
#11064 = UNCERTAINTY_MEASURE_WITH_UNIT(LENGTH_MEASURE(1.E-07),#11061,
  'distance_accuracy_value','confusion accuracy');
#11065 = CONTEXT_DEPENDENT_SHAPE_REPRESENTATION(#11066,#11068);
#11066 = ( REPRESENTATION_RELATIONSHIP('','',#10407,#10) 
REPRESENTATION_RELATIONSHIP_WITH_TRANSFORMATION(#11067) 
SHAPE_REPRESENTATION_RELATIONSHIP() );
#11067 = ITEM_DEFINED_TRANSFORMATION('','',#11,#51);
#11068 = PRODUCT_DEFINITION_SHAPE('Placement','Placement of an item',
  #11069);
#11069 = NEXT_ASSEMBLY_USAGE_OCCURRENCE('40','OMX_Gripper_Finger-1','',
  #5,#10402,$);
#11070 = PRODUCT_RELATED_PRODUCT_CATEGORY('part',$,(#10404));
#11071 = CONTEXT_DEPENDENT_SHAPE_REPRESENTATION(#11072,#11074);
#11072 = ( REPRESENTATION_RELATIONSHIP('','',#10407,#10) 
REPRESENTATION_RELATIONSHIP_WITH_TRANSFORMATION(#11073) 
SHAPE_REPRESENTATION_RELATIONSHIP() );
#11073 = ITEM_DEFINED_TRANSFORMATION('','',#11,#55);
#11074 = PRODUCT_DEFINITION_SHAPE('Placement','Placement of an item',
  #11075);
#11075 = NEXT_ASSEMBLY_USAGE_OCCURRENCE('41','OMX_Gripper_Finger-2','',
  #5,#10402,$);
#11076 = MECHANICAL_DESIGN_GEOMETRIC_PRESENTATION_REPRESENTATION('',(
    #11077),#11060);
#11077 = STYLED_ITEM('color',(#11078),#10408);
#11078 = PRESENTATION_STYLE_ASSIGNMENT((#11079));
#11079 = SURFACE_STYLE_USAGE(.BOTH.,#11080);
#11080 = SURFACE_SIDE_STYLE('',(#11081));
#11081 = SURFACE_STYLE_FILL_AREA(#11082);
#11082 = FILL_AREA_STYLE('',(#11083));
#11083 = FILL_AREA_STYLE_COLOUR('',#11084);
#11084 = COLOUR_RGB('',0.899999998185,0.899999998185,0.899999998185);
#11085 = MECHANICAL_DESIGN_GEOMETRIC_PRESENTATION_REPRESENTATION('',(
    #11086),#4875);
#11086 = STYLED_ITEM('color',(#11087),#3581);
#11087 = PRESENTATION_STYLE_ASSIGNMENT((#11088));
#11088 = SURFACE_STYLE_USAGE(.BOTH.,#11089);
#11089 = SURFACE_SIDE_STYLE('',(#11090));
#11090 = SURFACE_STYLE_FILL_AREA(#11091);
#11091 = FILL_AREA_STYLE('',(#11092));
#11092 = FILL_AREA_STYLE_COLOUR('',#11093);
#11093 = COLOUR_RGB('',0.819999987296,0.819999987296,0.850000012718);
#11094 = MECHANICAL_DESIGN_GEOMETRIC_PRESENTATION_REPRESENTATION('',(
    #11095),#10389);
#11095 = STYLED_ITEM('color',(#11096),#8299);
#11096 = PRESENTATION_STYLE_ASSIGNMENT((#11097));
#11097 = SURFACE_STYLE_USAGE(.BOTH.,#11098);
#11098 = SURFACE_SIDE_STYLE('',(#11099));
#11099 = SURFACE_STYLE_FILL_AREA(#11100);
#11100 = FILL_AREA_STYLE('',(#11101));
#11101 = FILL_AREA_STYLE_COLOUR('',#11084);
#11102 = MECHANICAL_DESIGN_GEOMETRIC_PRESENTATION_REPRESENTATION('',(
    #11103),#1091);
#11103 = STYLED_ITEM('color',(#11104),#73);
#11104 = PRESENTATION_STYLE_ASSIGNMENT((#11105));
#11105 = SURFACE_STYLE_USAGE(.BOTH.,#11106);
#11106 = SURFACE_SIDE_STYLE('',(#11107));
#11107 = SURFACE_STYLE_FILL_AREA(#11108);
#11108 = FILL_AREA_STYLE('',(#11109));
#11109 = FILL_AREA_STYLE_COLOUR('',#11093);
#11110 = MECHANICAL_DESIGN_GEOMETRIC_PRESENTATION_REPRESENTATION('',(
    #11111),#3562);
#11111 = STYLED_ITEM('color',(#11112),#1110);
#11112 = PRESENTATION_STYLE_ASSIGNMENT((#11113));
#11113 = SURFACE_STYLE_USAGE(.BOTH.,#11114);
#11114 = SURFACE_SIDE_STYLE('',(#11115));
#11115 = SURFACE_STYLE_FILL_AREA(#11116);
#11116 = FILL_AREA_STYLE('',(#11117));
#11117 = FILL_AREA_STYLE_COLOUR('',#11118);
#11118 = COLOUR_RGB('',7.999999887273E-02,7.999999887273E-02,
  7.999999887273E-02);
#11119 = MECHANICAL_DESIGN_GEOMETRIC_PRESENTATION_REPRESENTATION('',(
    #11120,#11127),#6575);
#11120 = STYLED_ITEM('color',(#11121),#4899);
#11121 = PRESENTATION_STYLE_ASSIGNMENT((#11122));
#11122 = SURFACE_STYLE_USAGE(.BOTH.,#11123);
#11123 = SURFACE_SIDE_STYLE('',(#11124));
#11124 = SURFACE_STYLE_FILL_AREA(#11125);
#11125 = FILL_AREA_STYLE('',(#11126));
#11126 = FILL_AREA_STYLE_COLOUR('',#11093);
#11127 = STYLED_ITEM('color',(#11128),#5737);
#11128 = PRESENTATION_STYLE_ASSIGNMENT((#11129));
#11129 = SURFACE_STYLE_USAGE(.BOTH.,#11130);
#11130 = SURFACE_SIDE_STYLE('',(#11131));
#11131 = SURFACE_STYLE_FILL_AREA(#11132);
#11132 = FILL_AREA_STYLE('',(#11133));
#11133 = FILL_AREA_STYLE_COLOUR('',#11093);
#11134 = MECHANICAL_DESIGN_GEOMETRIC_PRESENTATION_REPRESENTATION('',(
    #11135,#11142),#8275);
#11135 = STYLED_ITEM('color',(#11136),#6599);
#11136 = PRESENTATION_STYLE_ASSIGNMENT((#11137));
#11137 = SURFACE_STYLE_USAGE(.BOTH.,#11138);
#11138 = SURFACE_SIDE_STYLE('',(#11139));
#11139 = SURFACE_STYLE_FILL_AREA(#11140);
#11140 = FILL_AREA_STYLE('',(#11141));
#11141 = FILL_AREA_STYLE_COLOUR('',#11093);
#11142 = STYLED_ITEM('color',(#11143),#7437);
#11143 = PRESENTATION_STYLE_ASSIGNMENT((#11144));
#11144 = SURFACE_STYLE_USAGE(.BOTH.,#11145);
#11145 = SURFACE_SIDE_STYLE('',(#11146));
#11146 = SURFACE_STYLE_FILL_AREA(#11147);
#11147 = FILL_AREA_STYLE('',(#11148));
#11148 = FILL_AREA_STYLE_COLOUR('',#11093);
ENDSEC;
END-ISO-10303-21;
